"Open","High","Low","Close","Volume","Date","Emiten"
109.093574523926,109.093574523926,106.197288513184,109.093574523926,104098,"2007-01-02","BKSL"
111.989860534668,115.851585388184,106.197288513184,111.989860534668,2129103,"2007-01-03","BKSL"
115.851585388184,115.851585388184,111.024436950684,115.851585388184,492008,"2007-01-04","BKSL"
111.989860534668,111.989860534668,111.989860534668,111.989860534668,189552,"2007-01-05","BKSL"
106.197288513184,108.128143310547,106.197288513184,106.197288513184,331976,"2007-01-08","BKSL"
106.197288513184,106.197288513184,106.197288513184,106.197288513184,310742,"2007-01-09","BKSL"
106.197288513184,111.989860534668,106.197288513184,111.989860534668,310742,"2007-01-10","BKSL"
101.370132446289,101.370132446289,97.508415222168,101.370132446289,336637,"2007-01-11","BKSL"
96.5429840087891,96.5429840087891,96.5429840087891,96.5429840087891,10875,"2007-01-12","BKSL"
99.4392776489258,99.4392776489258,99.4392776489258,99.4392776489258,10875,"2007-01-15","BKSL"
99.4392776489258,99.4392776489258,99.4392776489258,99.4392776489258,3,"2007-01-16","BKSL"
99.4392776489258,99.4392776489258,99.4392776489258,99.4392776489258,3,"2007-01-17","BKSL"
96.5429840087891,96.5429840087891,96.5429840087891,96.5429840087891,25895,"2007-01-18","BKSL"
96.5429840087891,96.5429840087891,96.5429840087891,96.5429840087891,3,"2007-01-19","BKSL"
96.5429840087891,96.5429840087891,96.5429840087891,96.5429840087891,3,"2007-01-22","BKSL"
92.681266784668,92.681266784668,92.681266784668,92.681266784668,5179,"2007-01-23","BKSL"
92.681266784668,92.681266784668,92.681266784668,92.681266784668,0,"2007-01-24","BKSL"
96.5429840087891,96.5429840087891,96.5429840087891,96.5429840087891,16055,"2007-01-25","BKSL"
96.5429840087891,96.5429840087891,96.5429840087891,96.5429840087891,33663,"2007-01-26","BKSL"
96.5429840087891,96.5429840087891,96.5429840087891,96.5429840087891,129476,"2007-01-29","BKSL"
96.5429840087891,96.5429840087891,96.5429840087891,96.5429840087891,0,"2007-01-30","BKSL"
108.128143310547,108.128143310547,96.5429840087891,108.128143310547,681561,"2007-01-31","BKSL"
130.333038330078,130.333038330078,108.128143310547,130.333038330078,3116228,"2007-02-01","BKSL"
172.811950683594,173.777374267578,130.333038330078,172.811950683594,3048383,"2007-02-02","BKSL"
159.295928955078,183.431671142578,149.641632080078,159.295928955078,2225951,"2007-02-05","BKSL"
169.915649414062,170.881088256836,158.330490112305,169.915649414062,2963446,"2007-02-06","BKSL"
186.32795715332,188.258819580078,170.881088256836,186.32795715332,4736232,"2007-02-07","BKSL"
185.362533569336,192.120544433594,183.431671142578,185.362533569336,4206416,"2007-02-08","BKSL"
193.085968017578,193.085968017578,183.431671142578,193.085968017578,4934071,"2007-02-09","BKSL"
193.085968017578,193.085968017578,193.085968017578,193.085968017578,0,"2007-02-12","BKSL"
217.221725463867,231.703170776367,193.085968017578,217.221725463867,11150473,"2007-02-13","BKSL"
226.876022338867,241.357467651367,217.221725463867,226.876022338867,11239034,"2007-02-14","BKSL"
226.876022338867,226.876022338867,226.876022338867,226.876022338867,0,"2007-02-15","BKSL"
226.876022338867,226.876022338867,226.876022338867,226.876022338867,0,"2007-02-16","BKSL"
226.876022338867,226.876022338867,226.876022338867,226.876022338867,0,"2007-02-19","BKSL"
226.876022338867,226.876022338867,226.876022338867,226.876022338867,0,"2007-02-20","BKSL"
222.048873901367,231.703170776367,212.394577026367,222.048873901367,15840094,"2007-02-21","BKSL"
222.048873901367,236.530319213867,222.048873901367,222.048873901367,21431385,"2007-02-22","BKSL"
217.221725463867,222.048873901367,217.221725463867,217.221725463867,17210468,"2007-02-23","BKSL"
226.876022338867,226.876022338867,207.567413330078,226.876022338867,20856512,"2007-02-26","BKSL"
217.221725463867,226.876022338867,217.221725463867,217.221725463867,26220444,"2007-02-27","BKSL"
217.221725463867,217.221725463867,212.394577026367,217.221725463867,21607991,"2007-02-28","BKSL"
207.567413330078,236.530319213867,207.567413330078,207.567413330078,27192550,"2007-03-01","BKSL"
222.048873901367,226.876022338867,207.567413330078,222.048873901367,26220444,"2007-03-02","BKSL"
217.221725463867,222.048873901367,212.394577026367,217.221725463867,12397068,"2007-03-05","BKSL"
217.221725463867,222.048873901367,217.221725463867,217.221725463867,26035552,"2007-03-06","BKSL"
222.048873901367,241.357467651367,217.221725463867,222.048873901367,31459561,"2007-03-07","BKSL"
231.703170776367,231.703170776367,226.876022338867,231.703170776367,31344068,"2007-03-08","BKSL"
226.876022338867,231.703170776367,226.876022338867,226.876022338867,33791165,"2007-03-09","BKSL"
226.876022338867,231.703170776367,222.048873901367,226.876022338867,31727835,"2007-03-12","BKSL"
231.703170776367,236.530319213867,226.876022338867,231.703170776367,31584376,"2007-03-13","BKSL"
231.703170776367,231.703170776367,222.048873901367,231.703170776367,32534730,"2007-03-14","BKSL"
231.703170776367,231.703170776367,231.703170776367,231.703170776367,31701422,"2007-03-15","BKSL"
231.703170776367,231.703170776367,231.703170776367,231.703170776367,31639273,"2007-03-16","BKSL"
226.876022338867,236.530319213867,222.048873901367,226.876022338867,31493742,"2007-03-20","BKSL"
231.703170776367,231.703170776367,226.876022338867,231.703170776367,31759945,"2007-03-21","BKSL"
236.530319213867,236.530319213867,226.876022338867,236.530319213867,36514304,"2007-03-22","BKSL"
231.703170776367,236.530319213867,231.703170776367,231.703170776367,36326823,"2007-03-23","BKSL"
231.703170776367,231.703170776367,231.703170776367,231.703170776367,31149336,"2007-03-26","BKSL"
231.703170776367,231.703170776367,231.703170776367,231.703170776367,33118407,"2007-03-27","BKSL"
226.876022338867,231.703170776367,226.876022338867,226.876022338867,32301155,"2007-03-28","BKSL"
231.703170776367,231.703170776367,226.876022338867,231.703170776367,42050180,"2007-03-29","BKSL"
236.530319213867,236.530319213867,231.703170776367,236.530319213867,37623654,"2007-03-30","BKSL"
236.530319213867,241.357467651367,231.703170776367,236.530319213867,39028728,"2007-04-02","BKSL"
236.530319213867,241.357467651367,236.530319213867,236.530319213867,52133771,"2007-04-03","BKSL"
236.530319213867,241.357467651367,236.530319213867,236.530319213867,52710198,"2007-04-04","BKSL"
231.703170776367,236.530319213867,226.876022338867,231.703170776367,39787457,"2007-04-05","BKSL"
231.703170776367,236.530319213867,231.703170776367,231.703170776367,42962727,"2007-04-09","BKSL"
231.703170776367,236.530319213867,231.703170776367,231.703170776367,42252163,"2007-04-10","BKSL"
231.703170776367,236.530319213867,231.703170776367,231.703170776367,42014962,"2007-04-11","BKSL"
231.703170776367,236.530319213867,231.703170776367,231.703170776367,41595978,"2007-04-12","BKSL"
231.703170776367,241.357467651367,231.703170776367,231.703170776367,39408352,"2007-04-13","BKSL"
231.703170776367,236.530319213867,231.703170776367,231.703170776367,42830661,"2007-04-16","BKSL"
236.530319213867,236.530319213867,231.703170776367,236.530319213867,39115218,"2007-04-17","BKSL"
231.703170776367,241.357467651367,231.703170776367,231.703170776367,39021995,"2007-04-18","BKSL"
241.357467651367,241.357467651367,236.530319213867,241.357467651367,23406671,"2007-04-19","BKSL"
241.357467651367,241.357467651367,241.357467651367,241.357467651367,54634730,"2007-04-20","BKSL"
289.628967285156,313.764709472656,270.320373535156,289.628967285156,59215073,"2007-04-23","BKSL"
299.283264160156,313.764709472656,284.801818847656,299.283264160156,52678606,"2007-04-24","BKSL"
299.283264160156,304.110412597656,294.456115722656,299.283264160156,52341451,"2007-04-25","BKSL"
304.110412597656,313.764709472656,304.110412597656,304.110412597656,52801867,"2007-04-26","BKSL"
318.591857910156,333.073303222656,308.937561035156,318.591857910156,35829117,"2007-04-27","BKSL"
323.419006347656,342.727600097656,323.419006347656,323.419006347656,13754494,"2007-04-30","BKSL"
328.246154785156,352.381896972656,328.246154785156,328.246154785156,25055160,"2007-05-01","BKSL"
337.900451660156,347.554748535156,333.073303222656,337.900451660156,28108204,"2007-05-02","BKSL"
381.344787597656,453.752044677734,342.727600097656,381.344787597656,236141441,"2007-05-03","BKSL"
439.270599365234,473.060638427734,386.171936035156,439.270599365234,146280952,"2007-05-04","BKSL"
419.961975097656,458.579193115234,395.826232910156,419.961975097656,42537528,"2007-05-07","BKSL"
405.480529785156,429.616302490234,400.653381347656,405.480529785156,27193068,"2007-05-08","BKSL"
390.999084472656,415.134826660156,390.999084472656,390.999084472656,38437282,"2007-05-09","BKSL"
415.134826660156,419.961975097656,395.826232910156,415.134826660156,22581132,"2007-05-10","BKSL"
415.134826660156,444.097747802734,405.480529785156,415.134826660156,23650086,"2007-05-11","BKSL"
419.961975097656,434.443450927734,415.134826660156,419.961975097656,21172433,"2007-05-14","BKSL"
419.961975097656,424.789154052734,405.480529785156,419.961975097656,15146102,"2007-05-15","BKSL"
419.961975097656,429.616302490234,410.307678222656,419.961975097656,24518093,"2007-05-16","BKSL"
419.961975097656,419.961975097656,415.134826660156,419.961975097656,18867243,"2007-05-21","BKSL"
419.961975097656,419.961975097656,410.307678222656,419.961975097656,14848825,"2007-05-22","BKSL"
429.616302490234,444.097747802734,419.961975097656,429.616302490234,54843445,"2007-05-23","BKSL"
415.134826660156,434.443450927734,415.134826660156,415.134826660156,12570566,"2007-05-24","BKSL"
410.307678222656,415.134826660156,410.307678222656,410.307678222656,4459153,"2007-05-25","BKSL"
419.961975097656,424.789154052734,410.307678222656,419.961975097656,14006714,"2007-05-28","BKSL"
439.270599365234,444.097747802734,419.961975097656,439.270599365234,53460641,"2007-05-29","BKSL"
453.752044677734,497.196380615234,439.270599365234,453.752044677734,92677373,"2007-05-30","BKSL"
453.752044677734,453.752044677734,453.752044677734,453.752044677734,57120669,"2007-05-31","BKSL"
506.850677490234,511.677825927734,473.060638427734,506.850677490234,95748022,"2007-06-04","BKSL"
521.332153320312,569.603637695312,511.677825927734,521.332153320312,109357503,"2007-06-05","BKSL"
550.295043945312,579.257934570312,521.332153320312,550.295043945312,91537462,"2007-06-06","BKSL"
608.220825195312,617.875122070312,530.986450195312,608.220825195312,154279975,"2007-06-07","BKSL"
502.023529052734,598.566528320312,463.406341552734,502.023529052734,376920695,"2007-06-08","BKSL"
502.023529052734,521.332153320312,492.369232177734,502.023529052734,48009184,"2007-06-11","BKSL"
502.023529052734,511.677825927734,482.714935302734,502.023529052734,39522290,"2007-06-12","BKSL"
482.714935302734,492.369232177734,473.060638427734,482.714935302734,32805593,"2007-06-13","BKSL"
482.714935302734,492.369232177734,453.752044677734,482.714935302734,55950724,"2007-06-14","BKSL"
482.714935302734,482.714935302734,463.406341552734,482.714935302734,30912136,"2007-06-15","BKSL"
473.060638427734,492.369232177734,463.406341552734,473.060638427734,14240806,"2007-06-18","BKSL"
497.196380615234,497.196380615234,473.060638427734,497.196380615234,41763779,"2007-06-19","BKSL"
530.986450195312,550.295043945312,502.023529052734,530.986450195312,104174842,"2007-06-20","BKSL"
521.332153320312,530.986450195312,511.677825927734,521.332153320312,35894373,"2007-06-21","BKSL"
511.677825927734,521.332153320312,502.023529052734,511.677825927734,21160004,"2007-06-22","BKSL"
492.369232177734,511.677825927734,482.714935302734,492.369232177734,17322335,"2007-06-25","BKSL"
511.677825927734,511.677825927734,482.714935302734,511.677825927734,33286208,"2007-06-26","BKSL"
502.023529052734,502.023529052734,482.714935302734,502.023529052734,20445814,"2007-06-27","BKSL"
492.369232177734,502.023529052734,482.714935302734,492.369232177734,15995983,"2007-06-28","BKSL"
492.369232177734,521.332153320312,492.369232177734,511.677825927734,30962891,"2007-06-29","BKSL"
521.332153320312,521.332153320312,502.023529052734,521.332153320312,16590019,"2007-07-02","BKSL"
521.332153320312,521.332153320312,502.023529052734,521.332153320312,19298657,"2007-07-03","BKSL"
521.332153320312,521.332153320312,511.677825927734,521.332153320312,8475499,"2007-07-04","BKSL"
530.986450195312,530.986450195312,511.677825927734,530.986450195312,10376724,"2007-07-05","BKSL"
521.332153320312,521.332153320312,511.677825927734,521.332153320312,13492953,"2007-07-06","BKSL"
502.023529052734,521.332153320312,502.023529052734,502.023529052734,9542899,"2007-07-09","BKSL"
502.023529052734,511.677825927734,502.023529052734,502.023529052734,5330785,"2007-07-10","BKSL"
511.677825927734,511.677825927734,492.369232177734,511.677825927734,4094031,"2007-07-11","BKSL"
502.023529052734,511.677825927734,502.023529052734,502.023529052734,10772921,"2007-07-12","BKSL"
521.332153320312,530.986450195312,511.677825927734,521.332153320312,26417247,"2007-07-13","BKSL"
511.677825927734,530.986450195312,511.677825927734,511.677825927734,9734523,"2007-07-16","BKSL"
511.677825927734,521.332153320312,502.023529052734,511.677825927734,54810817,"2007-07-17","BKSL"
511.677825927734,511.677825927734,502.023529052734,511.677825927734,2795127,"2007-07-18","BKSL"
521.332153320312,530.986450195312,511.677825927734,521.332153320312,17072705,"2007-07-19","BKSL"
550.295043945312,559.949340820312,530.986450195312,550.295043945312,87479166,"2007-07-20","BKSL"
550.295043945312,550.295043945312,550.295043945312,550.295043945312,14182801,"2007-07-23","BKSL"
550.295043945312,550.295043945312,550.295043945312,550.295043945312,60637237,"2007-07-24","BKSL"
550.295043945312,550.295043945312,550.295043945312,550.295043945312,65003168,"2007-07-25","BKSL"
550.295043945312,550.295043945312,550.295043945312,550.295043945312,52519610,"2007-07-26","BKSL"
550.295043945312,550.295043945312,550.295043945312,550.295043945312,22246048,"2007-07-27","BKSL"
550.295043945312,550.295043945312,550.295043945312,550.295043945312,7878873,"2007-07-30","BKSL"
550.295043945312,550.295043945312,550.295043945312,550.295043945312,27670575,"2007-07-31","BKSL"
521.332153320312,559.949340820312,511.677825927734,521.332153320312,34979236,"2007-08-01","BKSL"
530.986450195312,540.640747070312,502.023529052734,530.986450195312,47883333,"2007-08-02","BKSL"
530.986450195312,540.640747070312,521.332153320312,530.986450195312,29799161,"2007-08-03","BKSL"
588.912231445312,598.566528320312,569.603637695312,588.912231445312,65003168,"2007-08-06","BKSL"
521.332153320312,530.986450195312,502.023529052734,521.332153320312,18104370,"2007-08-07","BKSL"
550.295043945312,550.295043945312,521.332153320312,550.295043945312,31352873,"2007-08-08","BKSL"
550.295043945312,550.295043945312,540.640747070312,550.295043945312,10615996,"2007-08-09","BKSL"
550.295043945312,550.295043945312,550.295043945312,550.295043945312,19689674,"2007-08-10","BKSL"
530.986450195312,530.986450195312,511.677825927734,530.986450195312,17292297,"2007-08-13","BKSL"
511.677825927734,521.332153320312,502.023529052734,511.677825927734,7185400,"2007-08-14","BKSL"
511.677825927734,511.677825927734,511.677825927734,511.677825927734,11637821,"2007-08-15","BKSL"
434.443450927734,434.443450927734,400.653381347656,434.443450927734,6071388,"2007-08-16","BKSL"
506.850677490234,506.850677490234,444.097747802734,506.850677490234,39549739,"2007-08-20","BKSL"
502.023529052734,502.023529052734,463.406341552734,502.023529052734,24843855,"2007-08-21","BKSL"
521.332153320312,521.332153320312,492.369232177734,521.332153320312,33020523,"2007-08-22","BKSL"
521.332153320312,540.640747070312,502.023529052734,521.332153320312,26806711,"2007-08-23","BKSL"
521.332153320312,521.332153320312,511.677825927734,521.332153320312,22221707,"2007-08-24","BKSL"
530.986450195312,540.640747070312,521.332153320312,530.986450195312,24359615,"2007-08-27","BKSL"
521.332153320312,530.986450195312,511.677825927734,521.332153320312,3253990,"2007-08-28","BKSL"
511.677825927734,511.677825927734,492.369232177734,511.677825927734,707974,"2007-08-29","BKSL"
511.677825927734,530.986450195312,511.677825927734,511.677825927734,25699432,"2007-08-30","BKSL"
521.332153320312,530.986450195312,511.677825927734,521.332153320312,21204543,"2007-08-31","BKSL"
511.677825927734,530.986450195312,511.677825927734,511.677825927734,16589501,"2007-09-03","BKSL"
521.332153320312,530.986450195312,502.023529052734,521.332153320312,16423254,"2007-09-04","BKSL"
521.332153320312,521.332153320312,521.332153320312,521.332153320312,10734078,"2007-09-05","BKSL"
521.332153320312,521.332153320312,502.023529052734,521.332153320312,11054143,"2007-09-06","BKSL"
521.332153320312,521.332153320312,511.677825927734,521.332153320312,2333675,"2007-09-07","BKSL"
521.332153320312,521.332153320312,521.332153320312,521.332153320312,19663261,"2007-09-10","BKSL"
511.677825927734,521.332153320312,511.677825927734,511.677825927734,14083363,"2007-09-11","BKSL"
521.332153320312,521.332153320312,511.677825927734,521.332153320312,13650913,"2007-09-12","BKSL"
521.332153320312,521.332153320312,511.677825927734,521.332153320312,2360606,"2007-09-13","BKSL"
511.677825927734,521.332153320312,511.677825927734,511.677825927734,12648769,"2007-09-14","BKSL"
540.640747070312,550.295043945312,521.332153320312,540.640747070312,36462514,"2007-09-17","BKSL"
540.640747070312,540.640747070312,540.640747070312,540.640747070312,18129747,"2007-09-18","BKSL"
579.257934570312,588.912231445312,550.295043945312,579.257934570312,66272551,"2007-09-19","BKSL"
579.257934570312,579.257934570312,579.257934570312,579.257934570312,20295622,"2007-09-20","BKSL"
530.986450195312,550.295043945312,530.986450195312,530.986450195312,16771285,"2007-09-21","BKSL"
530.986450195312,530.986450195312,530.986450195312,530.986450195312,21439154,"2007-09-24","BKSL"
540.640747070312,569.603637695312,540.640747070312,540.640747070312,24113610,"2007-09-25","BKSL"
540.640747070312,540.640747070312,540.640747070312,540.640747070312,10800888,"2007-09-26","BKSL"
550.295043945312,550.295043945312,540.640747070312,550.295043945312,4171198,"2007-09-27","BKSL"
550.295043945312,550.295043945312,540.640747070312,550.295043945312,5873031,"2007-09-28","BKSL"
550.295043945312,550.295043945312,540.640747070312,550.295043945312,3879101,"2007-10-01","BKSL"
550.295043945312,550.295043945312,550.295043945312,550.295043945312,43580586,"2007-10-02","BKSL"
540.640747070312,550.295043945312,540.640747070312,540.640747070312,3406772,"2007-10-03","BKSL"
540.640747070312,540.640747070312,540.640747070312,540.640747070312,4930446,"2007-10-04","BKSL"
540.640747070312,540.640747070312,540.640747070312,540.640747070312,16405645,"2007-10-05","BKSL"
540.640747070312,579.257934570312,540.640747070312,540.640747070312,10642927,"2007-10-08","BKSL"
550.295043945312,569.603637695312,550.295043945312,550.295043945312,13225714,"2007-10-09","BKSL"
540.640747070312,550.295043945312,540.640747070312,540.640747070312,11348830,"2007-10-10","BKSL"
540.640747070312,550.295043945312,540.640747070312,540.640747070312,15008858,"2007-10-11","BKSL"
540.640747070312,540.640747070312,530.986450195312,540.640747070312,11630052,"2007-10-17","BKSL"
530.986450195312,540.640747070312,530.986450195312,530.986450195312,2302601,"2007-10-18","BKSL"
521.332153320312,521.332153320312,511.677825927734,521.332153320312,802233,"2007-10-19","BKSL"
521.332153320312,521.332153320312,521.332153320312,521.332153320312,908921,"2007-10-22","BKSL"
521.332153320312,530.986450195312,511.677825927734,521.332153320312,4904550,"2007-10-23","BKSL"
502.023529052734,521.332153320312,492.369232177734,502.023529052734,5859048,"2007-10-24","BKSL"
502.023529052734,502.023529052734,502.023529052734,502.023529052734,2357499,"2007-10-25","BKSL"
502.023529052734,502.023529052734,502.023529052734,502.023529052734,215965,"2007-10-26","BKSL"
502.023529052734,502.023529052734,492.369232177734,502.023529052734,726619,"2007-10-29","BKSL"
502.023529052734,502.023529052734,492.369232177734,492.369232177734,249629,"2007-10-30","BKSL"
511.677825927734,511.677825927734,492.369232177734,511.677825927734,1235718,"2007-10-31","BKSL"
521.332153320312,540.640747070312,511.677825927734,521.332153320312,20110730,"2007-11-01","BKSL"
521.332153320312,521.332153320312,492.369232177734,521.332153320312,4853796,"2007-11-02","BKSL"
521.332153320312,521.332153320312,521.332153320312,521.332153320312,12420891,"2007-11-05","BKSL"
492.369232177734,511.677825927734,473.060638427734,492.369232177734,15906385,"2007-11-06","BKSL"
482.714935302734,492.369232177734,473.060638427734,482.714935302734,17378269,"2007-11-07","BKSL"
482.714935302734,482.714935302734,473.060638427734,482.714935302734,4936661,"2007-11-08","BKSL"
482.714935302734,482.714935302734,473.060638427734,482.714935302734,17994056,"2007-11-09","BKSL"
502.023529052734,502.023529052734,482.714935302734,502.023529052734,10035943,"2007-11-12","BKSL"
482.714935302734,502.023529052734,473.060638427734,482.714935302734,6155289,"2007-11-13","BKSL"
521.332153320312,521.332153320312,492.369232177734,521.332153320312,23864498,"2007-11-14","BKSL"
521.332153320312,530.986450195312,511.677825927734,521.332153320312,15437164,"2007-11-15","BKSL"
521.332153320312,521.332153320312,521.332153320312,521.332153320312,5908766,"2007-11-16","BKSL"
521.332153320312,530.986450195312,492.369232177734,502.023529052734,5731643,"2007-11-19","BKSL"
502.023529052734,502.023529052734,482.714935302734,492.369232177734,4462778,"2007-11-20","BKSL"
492.369232177734,492.369232177734,492.369232177734,492.369232177734,5821241,"2007-11-21","BKSL"
473.060638427734,492.369232177734,473.060638427734,473.060638427734,5586112,"2007-11-22","BKSL"
492.369232177734,492.369232177734,473.060638427734,492.369232177734,9163275,"2007-11-23","BKSL"
492.369232177734,492.369232177734,492.369232177734,492.369232177734,14951888,"2007-11-26","BKSL"
540.640747070312,540.640747070312,511.677825927734,540.640747070312,34668494,"2007-11-27","BKSL"
550.295043945312,559.949340820312,540.640747070312,550.295043945312,49487799,"2007-11-28","BKSL"
588.912231445312,608.220825195312,559.949340820312,588.912231445312,52171578,"2007-11-29","BKSL"
588.912231445312,588.912231445312,588.912231445312,588.912231445312,24789475,"2007-11-30","BKSL"
646.838012695312,666.146606445312,569.603637695312,646.838012695312,169832641,"2007-12-03","BKSL"
656.492309570312,675.800903320312,627.529418945312,656.492309570312,64073530,"2007-12-04","BKSL"
646.838012695312,656.492309570312,637.183715820312,646.838012695312,16704993,"2007-12-05","BKSL"
656.492309570312,666.146606445312,646.838012695312,656.492309570312,39146292,"2007-12-06","BKSL"
666.146606445312,675.800903320312,646.838012695312,666.146606445312,50718339,"2007-12-07","BKSL"
666.146606445312,666.146606445312,666.146606445312,666.146606445312,22407634,"2007-12-10","BKSL"
743.380981445312,743.380981445312,675.800903320312,743.380981445312,130729844,"2007-12-11","BKSL"
724.072387695312,772.343872070312,704.763793945312,724.072387695312,29644825,"2007-12-12","BKSL"
695.109497070312,743.380981445312,695.109497070312,695.109497070312,32165464,"2007-12-13","BKSL"
695.109497070312,695.109497070312,695.109497070312,695.109497070312,9241479,"2007-12-14","BKSL"
675.800903320312,695.109497070312,666.146606445312,675.800903320312,16436719,"2007-12-17","BKSL"
675.800903320312,675.800903320312,675.800903320312,675.800903320312,7180739,"2007-12-18","BKSL"
666.146606445312,695.109497070312,666.146606445312,666.146606445312,7717287,"2007-12-19","BKSL"
666.146606445312,666.146606445312,666.146606445312,666.146606445312,8895519,"2007-12-26","BKSL"
666.146606445312,675.800903320312,656.492309570312,656.492309570312,10136417,"2007-12-27","BKSL"
656.492309570312,656.492309570312,637.183715820312,637.183715820312,10288681,"2007-12-28","BKSL"
637.183715820312,637.183715820312,637.183715820312,637.183715820312,0,"2007-12-31","BKSL"
646.838012695312,656.492309570312,637.183715820312,646.838012695312,4558591,"2008-01-02","BKSL"
637.183715820312,656.492309570312,637.183715820312,637.183715820312,14507009,"2008-01-03","BKSL"
685.455200195312,695.109497070312,637.183715820312,685.455200195312,27173905,"2008-01-04","BKSL"
675.800903320312,685.455200195312,656.492309570312,675.800903320312,9060730,"2008-01-07","BKSL"
666.146606445312,685.455200195312,666.146606445312,666.146606445312,9334701,"2008-01-08","BKSL"
675.800903320312,685.455200195312,666.146606445312,675.800903320312,14211286,"2008-01-09","BKSL"
733.726684570312,733.726684570312,685.455200195312,733.726684570312,43264665,"2008-01-14","BKSL"
695.109497070312,753.035278320312,695.109497070312,695.109497070312,50295730,"2008-01-15","BKSL"
656.492309570312,695.109497070312,656.492309570312,656.492309570312,19991094,"2008-01-16","BKSL"
695.109497070312,695.109497070312,656.492309570312,695.109497070312,39353454,"2008-01-17","BKSL"
685.455200195312,685.455200195312,666.146606445312,685.455200195312,14246503,"2008-01-18","BKSL"
646.838012695312,695.109497070312,646.838012695312,646.838012695312,18569966,"2008-01-21","BKSL"
579.257934570312,627.529418945312,569.603637695312,579.257934570312,15441308,"2008-01-22","BKSL"
627.529418945312,637.183715820312,588.912231445312,627.529418945312,30308778,"2008-01-23","BKSL"
627.529418945312,646.838012695312,608.220825195312,627.529418945312,18737249,"2008-01-24","BKSL"
656.492309570312,656.492309570312,637.183715820312,656.492309570312,17917925,"2008-01-25","BKSL"
656.492309570312,656.492309570312,627.529418945312,656.492309570312,23765579,"2008-01-28","BKSL"
695.109497070312,695.109497070312,656.492309570312,695.109497070312,64322642,"2008-01-29","BKSL"
695.109497070312,704.763793945312,675.800903320312,695.109497070312,32639864,"2008-01-30","BKSL"
695.109497070312,695.109497070312,675.800903320312,695.109497070312,10626354,"2008-01-31","BKSL"
685.455200195312,704.763793945312,666.146606445312,685.455200195312,12568494,"2008-02-01","BKSL"
685.455200195312,685.455200195312,666.146606445312,666.146606445312,41334955,"2008-02-04","BKSL"
666.146606445312,666.146606445312,666.146606445312,666.146606445312,17948999,"2008-02-05","BKSL"
666.146606445312,666.146606445312,637.183715820312,666.146606445312,8975276,"2008-02-06","BKSL"
666.146606445312,666.146606445312,646.838012695312,656.492309570312,8685250,"2008-02-11","BKSL"
666.146606445312,666.146606445312,646.838012695312,666.146606445312,11651286,"2008-02-12","BKSL"
666.146606445312,704.763793945312,666.146606445312,704.763793945312,42628679,"2008-02-13","BKSL"
714.418090820312,714.418090820312,685.455200195312,714.418090820312,29936923,"2008-02-14","BKSL"
704.763793945312,714.418090820312,695.109497070312,704.763793945312,15717350,"2008-02-15","BKSL"
704.763793945312,724.072387695312,704.763793945312,704.763793945312,15460470,"2008-02-18","BKSL"
704.763793945312,714.418090820312,704.763793945312,714.418090820312,10093949,"2008-02-19","BKSL"
704.763793945312,714.418090820312,685.455200195312,685.455200195312,11735187,"2008-02-20","BKSL"
695.109497070312,714.418090820312,695.109497070312,714.418090820312,13218982,"2008-02-21","BKSL"
685.455200195312,704.763793945312,675.800903320312,685.455200195312,23616422,"2008-02-22","BKSL"
695.109497070312,695.109497070312,685.455200195312,695.109497070312,14747316,"2008-02-25","BKSL"
685.455200195312,704.763793945312,675.800903320312,685.455200195312,14902687,"2008-02-26","BKSL"
685.455200195312,695.109497070312,685.455200195312,685.455200195312,10836105,"2008-02-27","BKSL"
695.109497070312,695.109497070312,675.800903320312,695.109497070312,12744064,"2008-02-28","BKSL"
695.109497070312,733.726684570312,695.109497070312,724.072387695312,131707647,"2008-02-29","BKSL"
704.763793945312,704.763793945312,675.800903320312,675.800903320312,18758483,"2008-03-03","BKSL"
675.800903320312,695.109497070312,666.146606445312,675.800903320312,8882571,"2008-03-04","BKSL"
675.800903320312,685.455200195312,666.146606445312,685.455200195312,11392334,"2008-03-05","BKSL"
685.455200195312,685.455200195312,675.800903320312,675.800903320312,10139524,"2008-03-06","BKSL"
666.146606445312,675.800903320312,656.492309570312,666.146606445312,15439236,"2008-03-10","BKSL"
656.492309570312,666.146606445312,646.838012695312,656.492309570312,10687467,"2008-03-11","BKSL"
675.800903320312,685.455200195312,666.146606445312,675.800903320312,12692273,"2008-03-12","BKSL"
675.800903320312,675.800903320312,627.529418945312,637.183715820312,11834106,"2008-03-13","BKSL"
637.183715820312,666.146606445312,617.875122070312,617.875122070312,9619549,"2008-03-14","BKSL"
598.566528320312,598.566528320312,550.295043945312,598.566528320312,12592318,"2008-03-17","BKSL"
588.912231445312,608.220825195312,550.295043945312,588.912231445312,12318864,"2008-03-18","BKSL"
617.875122070312,617.875122070312,588.912231445312,598.566528320312,11559099,"2008-03-19","BKSL"
608.220825195312,608.220825195312,588.912231445312,598.566528320312,6515232,"2008-03-24","BKSL"
617.875122070312,617.875122070312,598.566528320312,608.220825195312,10203226,"2008-03-25","BKSL"
588.912231445312,608.220825195312,588.912231445312,588.912231445312,7812582,"2008-03-26","BKSL"
598.566528320312,598.566528320312,569.603637695312,579.257934570312,7974685,"2008-03-27","BKSL"
569.603637695312,579.257934570312,540.640747070312,569.603637695312,29439735,"2008-03-28","BKSL"
550.295043945312,569.603637695312,540.640747070312,550.295043945312,8732897,"2008-03-31","BKSL"
550.295043945312,559.949340820312,530.986450195312,559.949340820312,13114883,"2008-04-01","BKSL"
550.295043945312,569.603637695312,530.986450195312,550.295043945312,8976830,"2008-04-02","BKSL"
559.949340820312,559.949340820312,521.332153320312,559.949340820312,12187835,"2008-04-03","BKSL"
559.949340820312,559.949340820312,559.949340820312,559.949340820312,33977092,"2008-04-04","BKSL"
559.949340820312,559.949340820312,559.949340820312,559.949340820312,15404536,"2008-04-07","BKSL"
569.603637695312,579.257934570312,559.949340820312,569.603637695312,4271672,"2008-04-08","BKSL"
559.949340820312,569.603637695312,540.640747070312,559.949340820312,7913573,"2008-04-09","BKSL"
569.603637695312,579.257934570312,559.949340820312,569.603637695312,13414231,"2008-04-10","BKSL"
579.257934570312,588.912231445312,569.603637695312,579.257934570312,16266329,"2008-04-11","BKSL"
550.295043945312,579.257934570312,550.295043945312,579.257934570312,14294150,"2008-04-14","BKSL"
598.566528320312,598.566528320312,559.949340820312,598.566528320312,14041931,"2008-04-15","BKSL"
598.566528320312,608.220825195312,588.912231445312,608.220825195312,11150991,"2008-04-16","BKSL"
617.875122070312,627.529418945312,588.912231445312,617.875122070312,11621248,"2008-04-17","BKSL"
617.875122070312,627.529418945312,608.220825195312,627.529418945312,9272035,"2008-04-18","BKSL"
627.529418945312,637.183715820312,617.875122070312,637.183715820312,13286827,"2008-04-21","BKSL"
617.875122070312,617.875122070312,579.257934570312,598.566528320312,7464032,"2008-04-22","BKSL"
579.257934570312,579.257934570312,559.949340820312,579.257934570312,6792311,"2008-04-23","BKSL"
579.257934570312,588.912231445312,559.949340820312,579.257934570312,16379750,"2008-04-24","BKSL"
569.603637695312,579.257934570312,559.949340820312,569.603637695312,9513896,"2008-04-25","BKSL"
569.603637695312,579.257934570312,569.603637695312,579.257934570312,11809247,"2008-04-28","BKSL"
579.257934570312,579.257934570312,579.257934570312,579.257934570312,28750923,"2008-04-29","BKSL"
579.257934570312,579.257934570312,579.257934570312,579.257934570312,7238744,"2008-04-30","BKSL"
579.257934570312,579.257934570312,579.257934570312,579.257934570312,28337118,"2008-05-05","BKSL"
579.257934570312,579.257934570312,579.257934570312,579.257934570312,14395659,"2008-05-06","BKSL"
579.257934570312,579.257934570312,579.257934570312,579.257934570312,6766415,"2008-05-07","BKSL"
579.257934570312,579.257934570312,579.257934570312,579.257934570312,5999917,"2008-05-08","BKSL"
579.257934570312,579.257934570312,579.257934570312,579.257934570312,7662389,"2008-05-09","BKSL"
579.257934570312,579.257934570312,579.257934570312,579.257934570312,7773739,"2008-05-12","BKSL"
579.257934570312,579.257934570312,579.257934570312,579.257934570312,10061839,"2008-05-13","BKSL"
579.257934570312,579.257934570312,579.257934570312,579.257934570312,8199456,"2008-05-14","BKSL"
579.257934570312,579.257934570312,579.257934570312,579.257934570312,8314431,"2008-05-15","BKSL"
579.257934570312,579.257934570312,579.257934570312,579.257934570312,9213512,"2008-05-16","BKSL"
579.257934570312,579.257934570312,579.257934570312,579.257934570312,8696126,"2008-05-21","BKSL"
579.257934570312,579.257934570312,579.257934570312,579.257934570312,5925857,"2008-05-22","BKSL"
579.257934570312,579.257934570312,579.257934570312,579.257934570312,7133609,"2008-05-23","BKSL"
579.257934570312,579.257934570312,579.257934570312,579.257934570312,9964473,"2008-05-26","BKSL"
579.257934570312,579.257934570312,579.257934570312,579.257934570312,12981781,"2008-05-27","BKSL"
579.257934570312,579.257934570312,579.257934570312,579.257934570312,6620366,"2008-05-28","BKSL"
579.257934570312,579.257934570312,579.257934570312,579.257934570312,5566432,"2008-05-29","BKSL"
579.257934570312,579.257934570312,579.257934570312,579.257934570312,11011675,"2008-05-30","BKSL"
579.257934570312,579.257934570312,579.257934570312,579.257934570312,6796454,"2008-06-02","BKSL"
569.603637695312,569.603637695312,559.949340820312,569.603637695312,8700787,"2008-06-03","BKSL"
559.949340820312,559.949340820312,550.295043945312,559.949340820312,4775074,"2008-06-04","BKSL"
559.949340820312,569.603637695312,559.949340820312,559.949340820312,6947164,"2008-06-05","BKSL"
559.949340820312,569.603637695312,550.295043945312,559.949340820312,6749325,"2008-06-06","BKSL"
569.603637695312,569.603637695312,550.295043945312,569.603637695312,8037870,"2008-06-09","BKSL"
579.257934570312,579.257934570312,550.295043945312,579.257934570312,7995402,"2008-06-10","BKSL"
559.949340820312,569.603637695312,559.949340820312,559.949340820312,8590991,"2008-06-11","BKSL"
559.949340820312,559.949340820312,559.949340820312,559.949340820312,5800524,"2008-06-12","BKSL"
569.603637695312,569.603637695312,550.295043945312,559.949340820312,5455082,"2008-06-13","BKSL"
559.949340820312,569.603637695312,559.949340820312,559.949340820312,11565832,"2008-06-16","BKSL"
559.949340820312,569.603637695312,559.949340820312,559.949340820312,7229940,"2008-06-17","BKSL"
559.949340820312,559.949340820312,550.295043945312,559.949340820312,4559109,"2008-06-18","BKSL"
550.295043945312,569.603637695312,550.295043945312,550.295043945312,6944056,"2008-06-19","BKSL"
550.295043945312,550.295043945312,540.640747070312,550.295043945312,6015455,"2008-06-20","BKSL"
550.295043945312,550.295043945312,540.640747070312,550.295043945312,5685032,"2008-06-23","BKSL"
550.295043945312,550.295043945312,540.640747070312,550.295043945312,6766415,"2008-06-24","BKSL"
550.295043945312,550.295043945312,540.640747070312,550.295043945312,7675855,"2008-06-25","BKSL"
550.295043945312,559.949340820312,540.640747070312,550.295043945312,6673193,"2008-06-26","BKSL"
550.295043945312,559.949340820312,540.640747070312,550.295043945312,6627099,"2008-06-27","BKSL"
550.295043945312,550.295043945312,540.640747070312,550.295043945312,5705230,"2008-06-30","BKSL"
559.949340820312,559.949340820312,550.295043945312,559.949340820312,7140860,"2008-07-01","BKSL"
559.949340820312,559.949340820312,550.295043945312,559.949340820312,5215293,"2008-07-02","BKSL"
530.986450195312,550.295043945312,530.986450195312,530.986450195312,6535430,"2008-07-03","BKSL"
550.295043945312,550.295043945312,521.332153320312,550.295043945312,5601649,"2008-07-04","BKSL"
540.640747070312,540.640747070312,530.986450195312,540.640747070312,5767379,"2008-07-07","BKSL"
540.640747070312,540.640747070312,521.332153320312,540.640747070312,5945538,"2008-07-08","BKSL"
540.640747070312,540.640747070312,530.986450195312,540.640747070312,6392489,"2008-07-09","BKSL"
530.986450195312,540.640747070312,530.986450195312,530.986450195312,5740448,"2008-07-10","BKSL"
540.640747070312,550.295043945312,530.986450195312,540.640747070312,8136272,"2008-07-11","BKSL"
540.640747070312,550.295043945312,530.986450195312,540.640747070312,5767896,"2008-07-14","BKSL"
521.332153320312,550.295043945312,521.332153320312,521.332153320312,5524999,"2008-07-15","BKSL"
540.640747070312,550.295043945312,530.986450195312,540.640747070312,7062657,"2008-07-16","BKSL"
540.640747070312,540.640747070312,530.986450195312,540.640747070312,5079602,"2008-07-17","BKSL"
530.986450195312,540.640747070312,521.332153320312,530.986450195312,3387092,"2008-07-18","BKSL"
540.640747070312,550.295043945312,530.986450195312,540.640747070312,8298375,"2008-07-21","BKSL"
530.986450195312,550.295043945312,530.986450195312,530.986450195312,6424599,"2008-07-22","BKSL"
540.640747070312,550.295043945312,530.986450195312,540.640747070312,7706411,"2008-07-23","BKSL"
540.640747070312,540.640747070312,530.986450195312,540.640747070312,6526626,"2008-07-24","BKSL"
530.986450195312,540.640747070312,530.986450195312,530.986450195312,5912910,"2008-07-25","BKSL"
530.986450195312,540.640747070312,521.332153320312,530.986450195312,6243850,"2008-07-28","BKSL"
530.986450195312,530.986450195312,521.332153320312,530.986450195312,5321463,"2008-07-29","BKSL"
521.332153320312,530.986450195312,511.677825927734,521.332153320312,4241115,"2008-07-31","BKSL"
502.023529052734,511.677825927734,502.023529052734,502.023529052734,1841666,"2008-08-01","BKSL"
482.714935302734,492.369232177734,473.060638427734,482.714935302734,765980,"2008-08-04","BKSL"
482.714935302734,482.714935302734,473.060638427734,482.714935302734,50754,"2008-08-05","BKSL"
482.714935302734,482.714935302734,473.060638427734,482.714935302734,4499032,"2008-08-06","BKSL"
453.752044677734,473.060638427734,453.752044677734,453.752044677734,2093885,"2008-08-07","BKSL"
463.406341552734,463.406341552734,439.270599365234,463.406341552734,2494225,"2008-08-08","BKSL"
458.579193115234,463.406341552734,444.097747802734,458.579193115234,2800824,"2008-08-11","BKSL"
463.406341552734,463.406341552734,439.270599365234,463.406341552734,675346,"2008-08-12","BKSL"
439.270599365234,453.752044677734,434.443450927734,439.270599365234,743710,"2008-08-13","BKSL"
434.443450927734,434.443450927734,390.999084472656,434.443450927734,298312,"2008-08-14","BKSL"
424.789154052734,424.789154052734,390.999084472656,424.789154052734,720922,"2008-08-15","BKSL"
463.406341552734,463.406341552734,395.826232910156,463.406341552734,1885170,"2008-08-19","BKSL"
434.443450927734,434.443450927734,415.134826660156,434.443450927734,218037,"2008-08-20","BKSL"
419.961975097656,419.961975097656,415.134826660156,419.961975097656,227877,"2008-08-21","BKSL"
419.961975097656,419.961975097656,400.653381347656,419.961975097656,10875,"2008-08-22","BKSL"
419.961975097656,419.961975097656,419.961975097656,419.961975097656,2,"2008-08-25","BKSL"
419.961975097656,419.961975097656,419.961975097656,419.961975097656,2,"2008-08-26","BKSL"
419.961975097656,419.961975097656,419.961975097656,419.961975097656,3,"2008-08-27","BKSL"
419.961975097656,419.961975097656,419.961975097656,419.961975097656,2,"2008-08-28","BKSL"
424.789154052734,424.789154052734,386.171936035156,424.789154052734,210269,"2008-08-29","BKSL"
419.961975097656,419.961975097656,395.826232910156,419.961975097656,1553,"2008-09-01","BKSL"
419.961975097656,419.961975097656,395.826232910156,419.961975097656,53862,"2008-09-02","BKSL"
434.443450927734,434.443450927734,395.826232910156,434.443450927734,492526,"2008-09-03","BKSL"
434.443450927734,434.443450927734,395.826232910156,434.443450927734,463006,"2008-09-04","BKSL"
434.443450927734,434.443450927734,434.443450927734,434.443450927734,0,"2008-09-05","BKSL"
434.443450927734,434.443450927734,434.443450927734,434.443450927734,0,"2008-09-08","BKSL"
434.443450927734,434.443450927734,434.443450927734,434.443450927734,0,"2008-09-09","BKSL"
434.443450927734,434.443450927734,434.443450927734,434.443450927734,0,"2008-09-10","BKSL"
434.443450927734,434.443450927734,434.443450927734,434.443450927734,0,"2008-09-11","BKSL"
434.443450927734,434.443450927734,434.443450927734,434.443450927734,0,"2008-09-12","BKSL"
434.443450927734,434.443450927734,434.443450927734,434.443450927734,0,"2008-09-15","BKSL"
434.443450927734,434.443450927734,434.443450927734,434.443450927734,0,"2008-09-16","BKSL"
434.443450927734,434.443450927734,434.443450927734,434.443450927734,0,"2008-09-17","BKSL"
434.443450927734,434.443450927734,434.443450927734,434.443450927734,0,"2008-09-18","BKSL"
434.443450927734,434.443450927734,434.443450927734,434.443450927734,0,"2008-09-19","BKSL"
434.443450927734,434.443450927734,434.443450927734,434.443450927734,0,"2008-09-22","BKSL"
434.443450927734,434.443450927734,434.443450927734,434.443450927734,0,"2008-09-23","BKSL"
434.443450927734,434.443450927734,434.443450927734,434.443450927734,0,"2008-09-24","BKSL"
434.443450927734,434.443450927734,434.443450927734,434.443450927734,0,"2008-09-25","BKSL"
434.443450927734,434.443450927734,434.443450927734,434.443450927734,0,"2008-09-26","BKSL"
434.443450927734,434.443450927734,434.443450927734,434.443450927734,0,"2008-10-06","BKSL"
434.443450927734,434.443450927734,434.443450927734,434.443450927734,0,"2008-10-07","BKSL"
434.443450927734,434.443450927734,434.443450927734,434.443450927734,0,"2008-10-08","BKSL"
434.443450927734,434.443450927734,434.443450927734,434.443450927734,0,"2008-10-09","BKSL"
434.443450927734,434.443450927734,434.443450927734,434.443450927734,0,"2008-10-10","BKSL"
434.443450927734,434.443450927734,434.443450927734,434.443450927734,0,"2008-10-13","BKSL"
434.443450927734,434.443450927734,434.443450927734,434.443450927734,0,"2008-10-14","BKSL"
434.443450927734,434.443450927734,434.443450927734,434.443450927734,0,"2008-10-15","BKSL"
434.443450927734,434.443450927734,434.443450927734,434.443450927734,0,"2008-10-16","BKSL"
434.443450927734,434.443450927734,434.443450927734,434.443450927734,0,"2008-10-17","BKSL"
434.443450927734,434.443450927734,434.443450927734,434.443450927734,0,"2008-10-20","BKSL"
434.443450927734,434.443450927734,434.443450927734,434.443450927734,0,"2008-10-21","BKSL"
434.443450927734,434.443450927734,434.443450927734,434.443450927734,0,"2008-10-22","BKSL"
434.443450927734,434.443450927734,434.443450927734,434.443450927734,0,"2008-10-23","BKSL"
434.443450927734,434.443450927734,434.443450927734,434.443450927734,0,"2008-10-24","BKSL"
434.443450927734,434.443450927734,434.443450927734,434.443450927734,0,"2008-10-27","BKSL"
434.443450927734,434.443450927734,434.443450927734,434.443450927734,0,"2008-10-28","BKSL"
434.443450927734,434.443450927734,434.443450927734,434.443450927734,0,"2008-10-29","BKSL"
434.443450927734,434.443450927734,434.443450927734,434.443450927734,0,"2008-10-30","BKSL"
434.443450927734,434.443450927734,434.443450927734,434.443450927734,0,"2008-10-31","BKSL"
434.443450927734,434.443450927734,434.443450927734,434.443450927734,0,"2008-11-03","BKSL"
434.443450927734,434.443450927734,434.443450927734,434.443450927734,0,"2008-11-04","BKSL"
434.443450927734,434.443450927734,434.443450927734,434.443450927734,0,"2008-11-05","BKSL"
434.443450927734,434.443450927734,434.443450927734,434.443450927734,0,"2008-11-06","BKSL"
434.443450927734,434.443450927734,434.443450927734,434.443450927734,0,"2008-11-07","BKSL"
434.443450927734,434.443450927734,434.443450927734,434.443450927734,0,"2008-11-10","BKSL"
434.443450927734,434.443450927734,434.443450927734,434.443450927734,0,"2008-11-11","BKSL"
434.443450927734,434.443450927734,434.443450927734,434.443450927734,0,"2008-11-12","BKSL"
434.443450927734,434.443450927734,434.443450927734,434.443450927734,0,"2008-11-13","BKSL"
434.443450927734,434.443450927734,434.443450927734,434.443450927734,0,"2008-11-14","BKSL"
434.443450927734,434.443450927734,434.443450927734,434.443450927734,0,"2008-11-17","BKSL"
434.443450927734,434.443450927734,434.443450927734,434.443450927734,0,"2008-11-18","BKSL"
434.443450927734,434.443450927734,434.443450927734,434.443450927734,0,"2008-11-19","BKSL"
434.443450927734,434.443450927734,434.443450927734,434.443450927734,0,"2008-11-20","BKSL"
434.443450927734,434.443450927734,434.443450927734,434.443450927734,0,"2008-11-21","BKSL"
434.443450927734,434.443450927734,434.443450927734,434.443450927734,0,"2008-11-24","BKSL"
434.443450927734,434.443450927734,434.443450927734,434.443450927734,0,"2008-11-25","BKSL"
434.443450927734,434.443450927734,434.443450927734,434.443450927734,0,"2008-11-26","BKSL"
434.443450927734,434.443450927734,434.443450927734,434.443450927734,0,"2008-11-27","BKSL"
434.443450927734,434.443450927734,434.443450927734,434.443450927734,0,"2008-11-28","BKSL"
434.443450927734,434.443450927734,434.443450927734,434.443450927734,0,"2008-12-01","BKSL"
434.443450927734,434.443450927734,434.443450927734,434.443450927734,0,"2008-12-02","BKSL"
434.443450927734,434.443450927734,434.443450927734,434.443450927734,0,"2008-12-03","BKSL"
434.443450927734,434.443450927734,434.443450927734,434.443450927734,0,"2008-12-04","BKSL"
434.443450927734,434.443450927734,434.443450927734,434.443450927734,0,"2008-12-05","BKSL"
434.443450927734,434.443450927734,434.443450927734,434.443450927734,0,"2008-12-09","BKSL"
434.443450927734,434.443450927734,434.443450927734,434.443450927734,0,"2008-12-10","BKSL"
434.443450927734,434.443450927734,434.443450927734,434.443450927734,0,"2008-12-11","BKSL"
434.443450927734,434.443450927734,434.443450927734,434.443450927734,0,"2008-12-12","BKSL"
434.443450927734,434.443450927734,434.443450927734,434.443450927734,0,"2008-12-15","BKSL"
434.443450927734,434.443450927734,434.443450927734,434.443450927734,0,"2008-12-16","BKSL"
434.443450927734,434.443450927734,434.443450927734,434.443450927734,0,"2008-12-17","BKSL"
434.443450927734,434.443450927734,434.443450927734,434.443450927734,0,"2008-12-18","BKSL"
434.443450927734,434.443450927734,434.443450927734,434.443450927734,0,"2008-12-19","BKSL"
434.443450927734,434.443450927734,434.443450927734,434.443450927734,0,"2008-12-22","BKSL"
434.443450927734,434.443450927734,434.443450927734,434.443450927734,0,"2008-12-23","BKSL"
434.443450927734,434.443450927734,434.443450927734,434.443450927734,0,"2008-12-24","BKSL"
434.443450927734,434.443450927734,434.443450927734,434.443450927734,0,"2008-12-30","BKSL"
434.443450927734,434.443450927734,434.443450927734,434.443450927734,0,"2008-12-31","BKSL"
434.443450927734,434.443450927734,434.443450927734,434.443450927734,0,"2009-01-05","BKSL"
434.443450927734,434.443450927734,434.443450927734,434.443450927734,0,"2009-01-06","BKSL"
434.443450927734,434.443450927734,434.443450927734,434.443450927734,0,"2009-01-07","BKSL"
434.443450927734,434.443450927734,434.443450927734,434.443450927734,0,"2009-01-08","BKSL"
434.443450927734,434.443450927734,434.443450927734,434.443450927734,0,"2009-01-09","BKSL"
434.443450927734,434.443450927734,434.443450927734,434.443450927734,0,"2009-01-12","BKSL"
434.443450927734,434.443450927734,434.443450927734,434.443450927734,0,"2009-01-13","BKSL"
434.443450927734,434.443450927734,434.443450927734,434.443450927734,0,"2009-01-14","BKSL"
434.443450927734,434.443450927734,434.443450927734,434.443450927734,0,"2009-01-15","BKSL"
434.443450927734,434.443450927734,434.443450927734,434.443450927734,0,"2009-01-16","BKSL"
434.443450927734,434.443450927734,434.443450927734,434.443450927734,0,"2009-01-19","BKSL"
434.443450927734,434.443450927734,434.443450927734,434.443450927734,0,"2009-01-20","BKSL"
434.443450927734,434.443450927734,434.443450927734,434.443450927734,0,"2009-01-21","BKSL"
434.443450927734,434.443450927734,434.443450927734,434.443450927734,0,"2009-01-22","BKSL"
434.443450927734,434.443450927734,434.443450927734,434.443450927734,0,"2009-01-23","BKSL"
434.443450927734,434.443450927734,434.443450927734,434.443450927734,0,"2009-01-27","BKSL"
434.443450927734,434.443450927734,434.443450927734,434.443450927734,0,"2009-01-28","BKSL"
434.443450927734,434.443450927734,434.443450927734,434.443450927734,0,"2009-01-29","BKSL"
434.443450927734,434.443450927734,434.443450927734,434.443450927734,0,"2009-01-30","BKSL"
434.443450927734,434.443450927734,434.443450927734,434.443450927734,0,"2009-02-02","BKSL"
434.443450927734,434.443450927734,434.443450927734,434.443450927734,0,"2009-02-03","BKSL"
434.443450927734,434.443450927734,434.443450927734,434.443450927734,0,"2009-02-04","BKSL"
434.443450927734,434.443450927734,434.443450927734,434.443450927734,0,"2009-02-05","BKSL"
434.443450927734,434.443450927734,434.443450927734,434.443450927734,0,"2009-02-06","BKSL"
434.443450927734,434.443450927734,434.443450927734,434.443450927734,0,"2009-02-09","BKSL"
434.443450927734,434.443450927734,434.443450927734,434.443450927734,0,"2009-02-10","BKSL"
434.443450927734,434.443450927734,434.443450927734,434.443450927734,0,"2009-02-11","BKSL"
434.443450927734,434.443450927734,434.443450927734,434.443450927734,0,"2009-02-12","BKSL"
434.443450927734,434.443450927734,434.443450927734,434.443450927734,0,"2009-02-13","BKSL"
434.443450927734,434.443450927734,434.443450927734,434.443450927734,0,"2009-02-16","BKSL"
434.443450927734,434.443450927734,434.443450927734,434.443450927734,0,"2009-02-17","BKSL"
434.443450927734,434.443450927734,434.443450927734,434.443450927734,0,"2009-02-18","BKSL"
434.443450927734,434.443450927734,434.443450927734,434.443450927734,0,"2009-02-19","BKSL"
434.443450927734,434.443450927734,434.443450927734,434.443450927734,0,"2009-02-20","BKSL"
434.443450927734,434.443450927734,434.443450927734,434.443450927734,0,"2009-02-23","BKSL"
434.443450927734,434.443450927734,434.443450927734,434.443450927734,0,"2009-02-24","BKSL"
434.443450927734,434.443450927734,434.443450927734,434.443450927734,0,"2009-02-25","BKSL"
434.443450927734,434.443450927734,434.443450927734,434.443450927734,0,"2009-02-26","BKSL"
434.443450927734,434.443450927734,434.443450927734,434.443450927734,0,"2009-02-27","BKSL"
434.443450927734,434.443450927734,434.443450927734,434.443450927734,0,"2009-03-02","BKSL"
434.443450927734,434.443450927734,434.443450927734,434.443450927734,0,"2009-03-03","BKSL"
434.443450927734,434.443450927734,434.443450927734,434.443450927734,0,"2009-03-04","BKSL"
434.443450927734,434.443450927734,434.443450927734,434.443450927734,0,"2009-03-05","BKSL"
434.443450927734,434.443450927734,434.443450927734,434.443450927734,0,"2009-03-06","BKSL"
434.443450927734,434.443450927734,434.443450927734,434.443450927734,0,"2009-03-10","BKSL"
434.443450927734,434.443450927734,434.443450927734,434.443450927734,0,"2009-03-11","BKSL"
434.443450927734,434.443450927734,434.443450927734,434.443450927734,0,"2009-03-12","BKSL"
434.443450927734,434.443450927734,434.443450927734,434.443450927734,0,"2009-03-13","BKSL"
434.443450927734,434.443450927734,434.443450927734,434.443450927734,0,"2009-03-16","BKSL"
434.443450927734,434.443450927734,434.443450927734,434.443450927734,0,"2009-03-17","BKSL"
434.443450927734,434.443450927734,434.443450927734,434.443450927734,0,"2009-03-18","BKSL"
434.443450927734,434.443450927734,434.443450927734,434.443450927734,0,"2009-03-19","BKSL"
434.443450927734,434.443450927734,434.443450927734,434.443450927734,0,"2009-03-20","BKSL"
434.443450927734,434.443450927734,434.443450927734,434.443450927734,0,"2009-03-23","BKSL"
434.443450927734,434.443450927734,434.443450927734,434.443450927734,0,"2009-03-24","BKSL"
434.443450927734,434.443450927734,434.443450927734,434.443450927734,0,"2009-03-25","BKSL"
434.443450927734,434.443450927734,434.443450927734,434.443450927734,0,"2009-03-27","BKSL"
434.443450927734,434.443450927734,434.443450927734,434.443450927734,0,"2009-03-30","BKSL"
434.443450927734,434.443450927734,434.443450927734,434.443450927734,0,"2009-03-31","BKSL"
434.443450927734,434.443450927734,434.443450927734,434.443450927734,0,"2009-04-01","BKSL"
434.443450927734,434.443450927734,434.443450927734,434.443450927734,0,"2009-04-02","BKSL"
434.443450927734,434.443450927734,434.443450927734,434.443450927734,0,"2009-04-03","BKSL"
434.443450927734,434.443450927734,434.443450927734,434.443450927734,0,"2009-04-06","BKSL"
434.443450927734,434.443450927734,434.443450927734,434.443450927734,0,"2009-04-07","BKSL"
434.443450927734,434.443450927734,434.443450927734,434.443450927734,0,"2009-04-08","BKSL"
434.443450927734,434.443450927734,434.443450927734,434.443450927734,0,"2009-04-09","BKSL"
434.443450927734,434.443450927734,434.443450927734,434.443450927734,0,"2009-04-13","BKSL"
434.443450927734,434.443450927734,434.443450927734,434.443450927734,0,"2009-04-14","BKSL"
434.443450927734,434.443450927734,434.443450927734,434.443450927734,0,"2009-04-15","BKSL"
434.443450927734,434.443450927734,434.443450927734,434.443450927734,0,"2009-04-16","BKSL"
434.443450927734,434.443450927734,434.443450927734,434.443450927734,0,"2009-04-17","BKSL"
434.443450927734,434.443450927734,434.443450927734,434.443450927734,0,"2009-04-20","BKSL"
434.443450927734,434.443450927734,434.443450927734,434.443450927734,0,"2009-04-22","BKSL"
434.443450927734,434.443450927734,434.443450927734,434.443450927734,0,"2009-04-23","BKSL"
434.443450927734,434.443450927734,434.443450927734,434.443450927734,0,"2009-04-24","BKSL"
434.443450927734,434.443450927734,434.443450927734,434.443450927734,0,"2009-04-27","BKSL"
434.443450927734,434.443450927734,434.443450927734,434.443450927734,0,"2009-04-28","BKSL"
434.443450927734,434.443450927734,434.443450927734,434.443450927734,0,"2009-04-29","BKSL"
434.443450927734,434.443450927734,434.443450927734,434.443450927734,0,"2009-04-30","BKSL"
434.443450927734,434.443450927734,434.443450927734,434.443450927734,0,"2009-05-01","BKSL"
434.443450927734,434.443450927734,434.443450927734,434.443450927734,0,"2009-05-04","BKSL"
434.443450927734,434.443450927734,434.443450927734,434.443450927734,0,"2009-05-05","BKSL"
434.443450927734,434.443450927734,434.443450927734,434.443450927734,0,"2009-05-06","BKSL"
434.443450927734,434.443450927734,434.443450927734,434.443450927734,0,"2009-05-07","BKSL"
434.443450927734,434.443450927734,434.443450927734,434.443450927734,0,"2009-05-08","BKSL"
434.443450927734,434.443450927734,434.443450927734,434.443450927734,0,"2009-05-11","BKSL"
434.443450927734,434.443450927734,434.443450927734,434.443450927734,0,"2009-05-12","BKSL"
434.443450927734,434.443450927734,434.443450927734,434.443450927734,0,"2009-05-13","BKSL"
434.443450927734,434.443450927734,434.443450927734,434.443450927734,0,"2009-05-14","BKSL"
434.443450927734,434.443450927734,434.443450927734,434.443450927734,0,"2009-05-15","BKSL"
434.443450927734,434.443450927734,434.443450927734,434.443450927734,0,"2009-05-18","BKSL"
434.443450927734,434.443450927734,434.443450927734,434.443450927734,0,"2009-05-19","BKSL"
434.443450927734,434.443450927734,434.443450927734,434.443450927734,0,"2009-05-20","BKSL"
434.443450927734,434.443450927734,434.443450927734,434.443450927734,0,"2009-05-21","BKSL"
434.443450927734,434.443450927734,434.443450927734,434.443450927734,0,"2009-05-22","BKSL"
434.443450927734,434.443450927734,434.443450927734,434.443450927734,0,"2009-05-25","BKSL"
434.443450927734,434.443450927734,434.443450927734,434.443450927734,0,"2009-05-26","BKSL"
434.443450927734,434.443450927734,434.443450927734,434.443450927734,0,"2009-05-27","BKSL"
434.443450927734,434.443450927734,434.443450927734,434.443450927734,0,"2009-05-28","BKSL"
434.443450927734,434.443450927734,434.443450927734,434.443450927734,0,"2009-05-29","BKSL"
434.443450927734,434.443450927734,434.443450927734,434.443450927734,0,"2009-06-01","BKSL"
434.443450927734,434.443450927734,434.443450927734,434.443450927734,0,"2009-06-02","BKSL"
434.443450927734,434.443450927734,434.443450927734,434.443450927734,0,"2009-06-03","BKSL"
434.443450927734,434.443450927734,434.443450927734,434.443450927734,0,"2009-06-04","BKSL"
434.443450927734,434.443450927734,434.443450927734,434.443450927734,0,"2009-06-05","BKSL"
434.443450927734,434.443450927734,434.443450927734,434.443450927734,0,"2009-06-08","BKSL"
434.443450927734,434.443450927734,434.443450927734,434.443450927734,0,"2009-06-09","BKSL"
434.443450927734,434.443450927734,434.443450927734,434.443450927734,0,"2009-06-10","BKSL"
434.443450927734,434.443450927734,434.443450927734,434.443450927734,0,"2009-06-11","BKSL"
434.443450927734,434.443450927734,434.443450927734,434.443450927734,0,"2009-06-12","BKSL"
434.443450927734,434.443450927734,434.443450927734,434.443450927734,0,"2009-06-15","BKSL"
434.443450927734,434.443450927734,434.443450927734,434.443450927734,0,"2009-06-16","BKSL"
434.443450927734,434.443450927734,434.443450927734,434.443450927734,0,"2009-06-17","BKSL"
434.443450927734,434.443450927734,434.443450927734,434.443450927734,0,"2009-06-18","BKSL"
434.443450927734,434.443450927734,434.443450927734,434.443450927734,0,"2009-06-19","BKSL"
434.443450927734,434.443450927734,434.443450927734,434.443450927734,0,"2009-06-22","BKSL"
434.443450927734,434.443450927734,434.443450927734,434.443450927734,0,"2009-06-23","BKSL"
434.443450927734,434.443450927734,434.443450927734,434.443450927734,0,"2009-06-24","BKSL"
434.443450927734,434.443450927734,434.443450927734,434.443450927734,0,"2009-06-25","BKSL"
434.443450927734,434.443450927734,434.443450927734,434.443450927734,0,"2009-06-26","BKSL"
434.443450927734,434.443450927734,434.443450927734,434.443450927734,0,"2009-06-29","BKSL"
434.443450927734,434.443450927734,434.443450927734,434.443450927734,0,"2009-06-30","BKSL"
434.443450927734,434.443450927734,434.443450927734,434.443450927734,0,"2009-07-01","BKSL"
434.443450927734,434.443450927734,434.443450927734,434.443450927734,0,"2009-07-02","BKSL"
434.443450927734,434.443450927734,434.443450927734,434.443450927734,0,"2009-07-03","BKSL"
434.443450927734,434.443450927734,434.443450927734,434.443450927734,0,"2009-07-06","BKSL"
434.443450927734,434.443450927734,434.443450927734,434.443450927734,0,"2009-07-07","BKSL"
434.443450927734,434.443450927734,434.443450927734,434.443450927734,0,"2009-07-08","BKSL"
434.443450927734,434.443450927734,434.443450927734,434.443450927734,0,"2009-07-09","BKSL"
434.443450927734,434.443450927734,434.443450927734,434.443450927734,0,"2009-07-10","BKSL"
434.443450927734,434.443450927734,434.443450927734,434.443450927734,0,"2009-07-13","BKSL"
434.443450927734,434.443450927734,434.443450927734,434.443450927734,0,"2009-07-14","BKSL"
434.443450927734,434.443450927734,434.443450927734,434.443450927734,0,"2009-07-15","BKSL"
434.443450927734,434.443450927734,434.443450927734,434.443450927734,0,"2009-07-16","BKSL"
434.443450927734,434.443450927734,434.443450927734,434.443450927734,0,"2009-07-17","BKSL"
434.443450927734,434.443450927734,434.443450927734,434.443450927734,0,"2009-07-20","BKSL"
434.443450927734,434.443450927734,434.443450927734,434.443450927734,0,"2009-07-21","BKSL"
434.443450927734,434.443450927734,434.443450927734,434.443450927734,0,"2009-07-22","BKSL"
434.443450927734,434.443450927734,434.443450927734,434.443450927734,0,"2009-07-23","BKSL"
434.443450927734,434.443450927734,434.443450927734,434.443450927734,0,"2009-07-24","BKSL"
434.443450927734,434.443450927734,434.443450927734,434.443450927734,0,"2009-07-27","BKSL"
434.443450927734,434.443450927734,434.443450927734,434.443450927734,0,"2009-07-28","BKSL"
434.443450927734,434.443450927734,434.443450927734,434.443450927734,0,"2009-07-29","BKSL"
434.443450927734,434.443450927734,434.443450927734,434.443450927734,0,"2009-07-30","BKSL"
434.443450927734,434.443450927734,434.443450927734,434.443450927734,0,"2009-07-31","BKSL"
434.443450927734,434.443450927734,434.443450927734,434.443450927734,0,"2009-08-03","BKSL"
434.443450927734,434.443450927734,434.443450927734,434.443450927734,0,"2009-08-04","BKSL"
434.443450927734,434.443450927734,434.443450927734,434.443450927734,0,"2009-08-05","BKSL"
434.443450927734,434.443450927734,434.443450927734,434.443450927734,0,"2009-08-06","BKSL"
434.443450927734,434.443450927734,434.443450927734,434.443450927734,0,"2009-08-07","BKSL"
434.443450927734,434.443450927734,434.443450927734,434.443450927734,0,"2009-08-10","BKSL"
434.443450927734,434.443450927734,434.443450927734,434.443450927734,0,"2009-08-11","BKSL"
434.443450927734,434.443450927734,434.443450927734,434.443450927734,0,"2009-08-12","BKSL"
434.443450927734,434.443450927734,434.443450927734,434.443450927734,0,"2009-08-13","BKSL"
434.443450927734,434.443450927734,434.443450927734,434.443450927734,0,"2009-08-14","BKSL"
434.443450927734,434.443450927734,434.443450927734,434.443450927734,0,"2009-08-18","BKSL"
434.443450927734,434.443450927734,434.443450927734,434.443450927734,0,"2009-08-19","BKSL"
434.443450927734,434.443450927734,434.443450927734,434.443450927734,0,"2009-08-20","BKSL"
434.443450927734,434.443450927734,434.443450927734,434.443450927734,0,"2009-08-21","BKSL"
434.443450927734,434.443450927734,434.443450927734,434.443450927734,0,"2009-08-24","BKSL"
434.443450927734,434.443450927734,434.443450927734,434.443450927734,0,"2009-08-25","BKSL"
434.443450927734,434.443450927734,434.443450927734,434.443450927734,0,"2009-08-26","BKSL"
434.443450927734,434.443450927734,434.443450927734,434.443450927734,0,"2009-08-27","BKSL"
434.443450927734,434.443450927734,434.443450927734,434.443450927734,0,"2009-08-28","BKSL"
434.443450927734,434.443450927734,434.443450927734,434.443450927734,0,"2009-08-31","BKSL"
434.443450927734,434.443450927734,434.443450927734,434.443450927734,0,"2009-09-01","BKSL"
434.443450927734,434.443450927734,434.443450927734,434.443450927734,0,"2009-09-02","BKSL"
434.443450927734,434.443450927734,434.443450927734,434.443450927734,0,"2009-09-03","BKSL"
434.443450927734,434.443450927734,434.443450927734,434.443450927734,0,"2009-09-04","BKSL"
434.443450927734,434.443450927734,434.443450927734,434.443450927734,0,"2009-09-07","BKSL"
434.443450927734,434.443450927734,434.443450927734,434.443450927734,0,"2009-09-08","BKSL"
434.443450927734,434.443450927734,434.443450927734,434.443450927734,0,"2009-09-09","BKSL"
434.443450927734,434.443450927734,434.443450927734,434.443450927734,0,"2009-09-10","BKSL"
434.443450927734,434.443450927734,434.443450927734,434.443450927734,0,"2009-09-11","BKSL"
434.443450927734,434.443450927734,434.443450927734,434.443450927734,0,"2009-09-14","BKSL"
434.443450927734,434.443450927734,434.443450927734,434.443450927734,0,"2009-09-15","BKSL"
434.443450927734,434.443450927734,434.443450927734,434.443450927734,0,"2009-09-16","BKSL"
434.443450927734,434.443450927734,434.443450927734,434.443450927734,0,"2009-09-17","BKSL"
434.443450927734,434.443450927734,434.443450927734,434.443450927734,0,"2009-09-24","BKSL"
434.443450927734,434.443450927734,434.443450927734,434.443450927734,0,"2009-09-25","BKSL"
434.443450927734,434.443450927734,434.443450927734,434.443450927734,0,"2009-09-28","BKSL"
434.443450927734,434.443450927734,434.443450927734,434.443450927734,0,"2009-09-29","BKSL"
434.443450927734,434.443450927734,434.443450927734,434.443450927734,0,"2009-09-30","BKSL"
434.443450927734,434.443450927734,434.443450927734,434.443450927734,0,"2009-10-01","BKSL"
434.443450927734,434.443450927734,434.443450927734,434.443450927734,0,"2009-10-02","BKSL"
434.443450927734,434.443450927734,434.443450927734,434.443450927734,0,"2009-10-05","BKSL"
434.443450927734,434.443450927734,434.443450927734,434.443450927734,0,"2009-10-06","BKSL"
434.443450927734,434.443450927734,434.443450927734,434.443450927734,0,"2009-10-07","BKSL"
434.443450927734,434.443450927734,434.443450927734,434.443450927734,0,"2009-10-08","BKSL"
434.443450927734,434.443450927734,434.443450927734,434.443450927734,0,"2009-10-09","BKSL"
434.443450927734,434.443450927734,434.443450927734,434.443450927734,0,"2009-10-12","BKSL"
434.443450927734,434.443450927734,434.443450927734,434.443450927734,0,"2009-10-13","BKSL"
434.443450927734,434.443450927734,434.443450927734,434.443450927734,0,"2009-10-14","BKSL"
434.443450927734,434.443450927734,434.443450927734,434.443450927734,0,"2009-10-15","BKSL"
434.443450927734,434.443450927734,434.443450927734,434.443450927734,0,"2009-10-16","BKSL"
434.443450927734,434.443450927734,434.443450927734,434.443450927734,0,"2009-10-19","BKSL"
434.443450927734,434.443450927734,434.443450927734,434.443450927734,0,"2009-10-20","BKSL"
434.443450927734,434.443450927734,434.443450927734,434.443450927734,0,"2009-10-21","BKSL"
434.443450927734,434.443450927734,434.443450927734,434.443450927734,0,"2009-10-22","BKSL"
434.443450927734,434.443450927734,434.443450927734,434.443450927734,0,"2009-10-23","BKSL"
434.443450927734,434.443450927734,434.443450927734,434.443450927734,0,"2009-10-26","BKSL"
434.443450927734,434.443450927734,434.443450927734,434.443450927734,0,"2009-10-27","BKSL"
434.443450927734,434.443450927734,434.443450927734,434.443450927734,0,"2009-10-28","BKSL"
434.443450927734,434.443450927734,434.443450927734,434.443450927734,0,"2009-10-29","BKSL"
434.443450927734,434.443450927734,434.443450927734,434.443450927734,0,"2009-10-30","BKSL"
434.443450927734,434.443450927734,434.443450927734,434.443450927734,0,"2009-11-02","BKSL"
434.443450927734,434.443450927734,434.443450927734,434.443450927734,0,"2009-11-03","BKSL"
434.443450927734,434.443450927734,434.443450927734,434.443450927734,0,"2009-11-04","BKSL"
434.443450927734,434.443450927734,434.443450927734,434.443450927734,0,"2009-11-05","BKSL"
434.443450927734,434.443450927734,434.443450927734,434.443450927734,0,"2009-11-06","BKSL"
434.443450927734,434.443450927734,434.443450927734,434.443450927734,0,"2009-11-09","BKSL"
434.443450927734,434.443450927734,434.443450927734,434.443450927734,0,"2009-11-10","BKSL"
434.443450927734,434.443450927734,434.443450927734,434.443450927734,0,"2009-11-11","BKSL"
434.443450927734,434.443450927734,434.443450927734,434.443450927734,0,"2009-11-12","BKSL"
434.443450927734,434.443450927734,434.443450927734,434.443450927734,0,"2009-11-13","BKSL"
434.443450927734,434.443450927734,434.443450927734,434.443450927734,0,"2009-11-16","BKSL"
434.443450927734,434.443450927734,434.443450927734,434.443450927734,0,"2009-11-17","BKSL"
434.443450927734,434.443450927734,434.443450927734,434.443450927734,0,"2009-11-18","BKSL"
434.443450927734,434.443450927734,434.443450927734,434.443450927734,0,"2009-11-19","BKSL"
434.443450927734,434.443450927734,434.443450927734,434.443450927734,0,"2009-11-20","BKSL"
434.443450927734,434.443450927734,434.443450927734,434.443450927734,0,"2009-11-23","BKSL"
434.443450927734,434.443450927734,434.443450927734,434.443450927734,0,"2009-11-24","BKSL"
434.443450927734,434.443450927734,434.443450927734,434.443450927734,0,"2009-11-25","BKSL"
434.443450927734,434.443450927734,434.443450927734,434.443450927734,0,"2009-11-26","BKSL"
434.443450927734,434.443450927734,434.443450927734,434.443450927734,0,"2009-11-30","BKSL"
434.443450927734,434.443450927734,434.443450927734,434.443450927734,0,"2009-12-01","BKSL"
434.443450927734,434.443450927734,434.443450927734,434.443450927734,0,"2009-12-02","BKSL"
434.443450927734,434.443450927734,434.443450927734,434.443450927734,0,"2009-12-03","BKSL"
434.443450927734,434.443450927734,434.443450927734,434.443450927734,0,"2009-12-04","BKSL"
434.443450927734,434.443450927734,434.443450927734,434.443450927734,0,"2009-12-07","BKSL"
434.443450927734,434.443450927734,434.443450927734,434.443450927734,0,"2009-12-08","BKSL"
434.443450927734,434.443450927734,434.443450927734,434.443450927734,0,"2009-12-09","BKSL"
434.443450927734,434.443450927734,434.443450927734,434.443450927734,0,"2009-12-10","BKSL"
434.443450927734,434.443450927734,434.443450927734,434.443450927734,0,"2009-12-11","BKSL"
434.443450927734,434.443450927734,434.443450927734,434.443450927734,0,"2009-12-14","BKSL"
434.443450927734,434.443450927734,434.443450927734,434.443450927734,0,"2009-12-15","BKSL"
434.443450927734,434.443450927734,434.443450927734,434.443450927734,0,"2009-12-16","BKSL"
434.443450927734,434.443450927734,434.443450927734,434.443450927734,0,"2009-12-17","BKSL"
434.443450927734,434.443450927734,434.443450927734,434.443450927734,0,"2009-12-21","BKSL"
434.443450927734,434.443450927734,434.443450927734,434.443450927734,0,"2009-12-22","BKSL"
434.443450927734,434.443450927734,434.443450927734,434.443450927734,0,"2009-12-23","BKSL"
434.443450927734,434.443450927734,434.443450927734,434.443450927734,0,"2009-12-28","BKSL"
434.443450927734,434.443450927734,434.443450927734,434.443450927734,0,"2009-12-29","BKSL"
434.443450927734,434.443450927734,434.443450927734,434.443450927734,0,"2009-12-30","BKSL"
434.443450927734,434.443450927734,434.443450927734,434.443450927734,0,"2010-01-04","BKSL"
434.443450927734,434.443450927734,434.443450927734,434.443450927734,0,"2010-01-05","BKSL"
434.443450927734,434.443450927734,434.443450927734,434.443450927734,0,"2010-01-06","BKSL"
434.443450927734,434.443450927734,434.443450927734,434.443450927734,0,"2010-01-07","BKSL"
434.443450927734,434.443450927734,434.443450927734,434.443450927734,0,"2010-01-08","BKSL"
434.443450927734,434.443450927734,434.443450927734,434.443450927734,0,"2010-01-11","BKSL"
434.443450927734,434.443450927734,434.443450927734,434.443450927734,0,"2010-01-12","BKSL"
434.443450927734,434.443450927734,434.443450927734,434.443450927734,0,"2010-01-13","BKSL"
434.443450927734,434.443450927734,434.443450927734,434.443450927734,0,"2010-01-14","BKSL"
434.443450927734,434.443450927734,434.443450927734,434.443450927734,0,"2010-01-15","BKSL"
434.443450927734,434.443450927734,434.443450927734,434.443450927734,0,"2010-01-18","BKSL"
434.443450927734,434.443450927734,434.443450927734,434.443450927734,0,"2010-01-19","BKSL"
434.443450927734,434.443450927734,434.443450927734,434.443450927734,0,"2010-01-20","BKSL"
434.443450927734,434.443450927734,434.443450927734,434.443450927734,0,"2010-01-21","BKSL"
434.443450927734,434.443450927734,434.443450927734,434.443450927734,0,"2010-01-22","BKSL"
434.443450927734,434.443450927734,434.443450927734,434.443450927734,0,"2010-01-25","BKSL"
434.443450927734,434.443450927734,434.443450927734,434.443450927734,0,"2010-01-26","BKSL"
434.443450927734,434.443450927734,434.443450927734,434.443450927734,0,"2010-01-27","BKSL"
434.443450927734,434.443450927734,434.443450927734,434.443450927734,0,"2010-01-28","BKSL"
434.443450927734,434.443450927734,434.443450927734,434.443450927734,0,"2010-01-29","BKSL"
434.443450927734,434.443450927734,434.443450927734,434.443450927734,0,"2010-02-01","BKSL"
434.443450927734,434.443450927734,434.443450927734,434.443450927734,0,"2010-02-02","BKSL"
434.443450927734,434.443450927734,434.443450927734,434.443450927734,0,"2010-02-03","BKSL"
434.443450927734,434.443450927734,434.443450927734,434.443450927734,0,"2010-02-04","BKSL"
434.443450927734,434.443450927734,434.443450927734,434.443450927734,0,"2010-02-05","BKSL"
434.443450927734,434.443450927734,434.443450927734,434.443450927734,0,"2010-02-08","BKSL"
434.443450927734,434.443450927734,434.443450927734,434.443450927734,0,"2010-02-09","BKSL"
434.443450927734,434.443450927734,434.443450927734,434.443450927734,0,"2010-02-10","BKSL"
434.443450927734,434.443450927734,434.443450927734,434.443450927734,0,"2010-02-11","BKSL"
434.443450927734,434.443450927734,434.443450927734,434.443450927734,0,"2010-02-12","BKSL"
434.443450927734,434.443450927734,434.443450927734,434.443450927734,0,"2010-02-15","BKSL"
434.443450927734,434.443450927734,434.443450927734,434.443450927734,0,"2010-02-16","BKSL"
434.443450927734,434.443450927734,434.443450927734,434.443450927734,0,"2010-02-17","BKSL"
434.443450927734,434.443450927734,434.443450927734,434.443450927734,0,"2010-02-18","BKSL"
434.443450927734,434.443450927734,434.443450927734,434.443450927734,0,"2010-02-19","BKSL"
434.443450927734,434.443450927734,434.443450927734,434.443450927734,0,"2010-02-22","BKSL"
434.443450927734,434.443450927734,434.443450927734,434.443450927734,0,"2010-02-23","BKSL"
434.443450927734,434.443450927734,434.443450927734,434.443450927734,0,"2010-02-24","BKSL"
434.443450927734,434.443450927734,434.443450927734,434.443450927734,0,"2010-02-25","BKSL"
434.443450927734,434.443450927734,434.443450927734,434.443450927734,0,"2010-03-01","BKSL"
434.443450927734,434.443450927734,434.443450927734,434.443450927734,0,"2010-03-02","BKSL"
434.443450927734,434.443450927734,434.443450927734,434.443450927734,0,"2010-03-03","BKSL"
434.443450927734,434.443450927734,434.443450927734,434.443450927734,0,"2010-03-04","BKSL"
434.443450927734,434.443450927734,434.443450927734,434.443450927734,0,"2010-03-05","BKSL"
434.443450927734,434.443450927734,434.443450927734,434.443450927734,0,"2010-03-08","BKSL"
434.443450927734,434.443450927734,434.443450927734,434.443450927734,0,"2010-03-09","BKSL"
434.443450927734,434.443450927734,434.443450927734,434.443450927734,0,"2010-03-10","BKSL"
434.443450927734,434.443450927734,434.443450927734,434.443450927734,0,"2010-03-11","BKSL"
434.443450927734,434.443450927734,434.443450927734,434.443450927734,0,"2010-03-12","BKSL"
434.443450927734,434.443450927734,434.443450927734,434.443450927734,0,"2010-03-15","BKSL"
434.443450927734,434.443450927734,434.443450927734,434.443450927734,0,"2010-03-17","BKSL"
434.443450927734,434.443450927734,434.443450927734,434.443450927734,0,"2010-03-18","BKSL"
434.443450927734,434.443450927734,434.443450927734,434.443450927734,0,"2010-03-19","BKSL"
434.443450927734,434.443450927734,434.443450927734,434.443450927734,0,"2010-03-22","BKSL"
434.443450927734,434.443450927734,434.443450927734,434.443450927734,0,"2010-03-23","BKSL"
434.443450927734,434.443450927734,434.443450927734,434.443450927734,0,"2010-03-24","BKSL"
434.443450927734,434.443450927734,434.443450927734,434.443450927734,0,"2010-03-25","BKSL"
434.443450927734,434.443450927734,434.443450927734,434.443450927734,0,"2010-03-26","BKSL"
434.443450927734,434.443450927734,434.443450927734,434.443450927734,0,"2010-03-29","BKSL"
434.443450927734,434.443450927734,434.443450927734,434.443450927734,0,"2010-03-30","BKSL"
434.443450927734,434.443450927734,434.443450927734,434.443450927734,0,"2010-03-31","BKSL"
434.443450927734,434.443450927734,434.443450927734,434.443450927734,0,"2010-04-01","BKSL"
434.443450927734,434.443450927734,434.443450927734,434.443450927734,0,"2010-04-05","BKSL"
434.443450927734,434.443450927734,434.443450927734,434.443450927734,0,"2010-04-06","BKSL"
434.443450927734,434.443450927734,434.443450927734,434.443450927734,0,"2010-04-07","BKSL"
434.443450927734,434.443450927734,434.443450927734,434.443450927734,0,"2010-04-08","BKSL"
434.443450927734,434.443450927734,434.443450927734,434.443450927734,0,"2010-04-09","BKSL"
434.443450927734,434.443450927734,434.443450927734,434.443450927734,0,"2010-04-12","BKSL"
434.443450927734,434.443450927734,434.443450927734,434.443450927734,0,"2010-04-13","BKSL"
434.443450927734,434.443450927734,434.443450927734,434.443450927734,0,"2010-04-14","BKSL"
434.443450927734,434.443450927734,434.443450927734,434.443450927734,0,"2010-04-15","BKSL"
434.443450927734,434.443450927734,434.443450927734,434.443450927734,0,"2010-04-16","BKSL"
434.443450927734,434.443450927734,434.443450927734,434.443450927734,0,"2010-04-19","BKSL"
434.443450927734,434.443450927734,434.443450927734,434.443450927734,0,"2010-04-20","BKSL"
434.443450927734,434.443450927734,434.443450927734,434.443450927734,0,"2010-04-21","BKSL"
434.443450927734,434.443450927734,434.443450927734,434.443450927734,0,"2010-04-22","BKSL"
434.443450927734,434.443450927734,434.443450927734,434.443450927734,0,"2010-04-23","BKSL"
434.443450927734,434.443450927734,434.443450927734,434.443450927734,0,"2010-04-26","BKSL"
434.443450927734,434.443450927734,434.443450927734,434.443450927734,0,"2010-04-27","BKSL"
434.443450927734,434.443450927734,434.443450927734,434.443450927734,0,"2010-04-28","BKSL"
434.443450927734,434.443450927734,434.443450927734,434.443450927734,0,"2010-04-29","BKSL"
434.443450927734,434.443450927734,434.443450927734,434.443450927734,0,"2010-04-30","BKSL"
434.443450927734,434.443450927734,434.443450927734,434.443450927734,0,"2010-05-03","BKSL"
434.443450927734,434.443450927734,434.443450927734,434.443450927734,0,"2010-05-04","BKSL"
434.443450927734,434.443450927734,434.443450927734,434.443450927734,0,"2010-05-05","BKSL"
434.443450927734,434.443450927734,434.443450927734,434.443450927734,0,"2010-05-06","BKSL"
434.443450927734,434.443450927734,434.443450927734,434.443450927734,0,"2010-05-07","BKSL"
434.443450927734,434.443450927734,434.443450927734,434.443450927734,0,"2010-05-10","BKSL"
434.443450927734,434.443450927734,434.443450927734,434.443450927734,0,"2010-05-11","BKSL"
434.443450927734,434.443450927734,434.443450927734,434.443450927734,0,"2010-05-12","BKSL"
434.443450927734,434.443450927734,434.443450927734,434.443450927734,0,"2010-05-14","BKSL"
434.443450927734,434.443450927734,434.443450927734,434.443450927734,0,"2010-05-17","BKSL"
434.443450927734,434.443450927734,434.443450927734,434.443450927734,0,"2010-05-18","BKSL"
434.443450927734,434.443450927734,434.443450927734,434.443450927734,0,"2010-05-19","BKSL"
434.443450927734,434.443450927734,434.443450927734,434.443450927734,0,"2010-05-20","BKSL"
434.443450927734,434.443450927734,434.443450927734,434.443450927734,0,"2010-05-21","BKSL"
434.443450927734,434.443450927734,434.443450927734,434.443450927734,0,"2010-05-24","BKSL"
434.443450927734,434.443450927734,434.443450927734,434.443450927734,0,"2010-05-25","BKSL"
434.443450927734,434.443450927734,434.443450927734,434.443450927734,0,"2010-05-26","BKSL"
434.443450927734,434.443450927734,434.443450927734,434.443450927734,0,"2010-05-27","BKSL"
434.443450927734,434.443450927734,434.443450927734,434.443450927734,0,"2010-05-31","BKSL"
434.443450927734,434.443450927734,434.443450927734,434.443450927734,0,"2010-06-01","BKSL"
434.443450927734,434.443450927734,434.443450927734,434.443450927734,0,"2010-06-02","BKSL"
434.443450927734,434.443450927734,434.443450927734,434.443450927734,0,"2010-06-03","BKSL"
434.443450927734,434.443450927734,434.443450927734,434.443450927734,0,"2010-06-04","BKSL"
434.443450927734,434.443450927734,434.443450927734,434.443450927734,0,"2010-06-07","BKSL"
434.443450927734,434.443450927734,434.443450927734,434.443450927734,0,"2010-06-08","BKSL"
434.443450927734,434.443450927734,434.443450927734,434.443450927734,0,"2010-06-09","BKSL"
434.443450927734,434.443450927734,434.443450927734,434.443450927734,0,"2010-06-10","BKSL"
434.443450927734,434.443450927734,434.443450927734,434.443450927734,0,"2010-06-11","BKSL"
434.443450927734,434.443450927734,434.443450927734,434.443450927734,0,"2010-06-14","BKSL"
434.443450927734,434.443450927734,434.443450927734,434.443450927734,0,"2010-06-15","BKSL"
434.443450927734,434.443450927734,434.443450927734,434.443450927734,0,"2010-06-16","BKSL"
434.443450927734,434.443450927734,434.443450927734,434.443450927734,0,"2010-06-17","BKSL"
434.443450927734,434.443450927734,434.443450927734,434.443450927734,0,"2010-06-18","BKSL"
434.443450927734,434.443450927734,434.443450927734,434.443450927734,0,"2010-06-21","BKSL"
434.443450927734,434.443450927734,434.443450927734,434.443450927734,0,"2010-06-22","BKSL"
434.443450927734,434.443450927734,434.443450927734,434.443450927734,0,"2010-06-23","BKSL"
434.443450927734,434.443450927734,434.443450927734,434.443450927734,0,"2010-06-24","BKSL"
434.443450927734,434.443450927734,434.443450927734,434.443450927734,0,"2010-06-25","BKSL"
434.443450927734,434.443450927734,434.443450927734,434.443450927734,0,"2010-06-28","BKSL"
434.443450927734,434.443450927734,434.443450927734,434.443450927734,0,"2010-06-29","BKSL"
434.443450927734,434.443450927734,434.443450927734,434.443450927734,0,"2010-06-30","BKSL"
434.443450927734,434.443450927734,434.443450927734,434.443450927734,0,"2010-07-01","BKSL"
434.443450927734,434.443450927734,434.443450927734,434.443450927734,0,"2010-07-02","BKSL"
434.443450927734,434.443450927734,434.443450927734,434.443450927734,0,"2010-07-05","BKSL"
434.443450927734,434.443450927734,434.443450927734,434.443450927734,0,"2010-07-06","BKSL"
434.443450927734,434.443450927734,434.443450927734,434.443450927734,0,"2010-07-07","BKSL"
434.443450927734,434.443450927734,434.443450927734,434.443450927734,0,"2010-07-08","BKSL"
434.443450927734,434.443450927734,434.443450927734,434.443450927734,0,"2010-07-09","BKSL"
434.443450927734,434.443450927734,434.443450927734,434.443450927734,0,"2010-07-12","BKSL"
434.443450927734,434.443450927734,434.443450927734,434.443450927734,0,"2010-07-13","BKSL"
434.443450927734,434.443450927734,434.443450927734,434.443450927734,0,"2010-07-14","BKSL"
434.443450927734,434.443450927734,434.443450927734,434.443450927734,0,"2010-07-15","BKSL"
434.443450927734,434.443450927734,434.443450927734,434.443450927734,0,"2010-07-16","BKSL"
434.443450927734,434.443450927734,434.443450927734,434.443450927734,0,"2010-07-19","BKSL"
434.443450927734,434.443450927734,434.443450927734,434.443450927734,0,"2010-07-20","BKSL"
434.443450927734,434.443450927734,434.443450927734,434.443450927734,0,"2010-07-21","BKSL"
434.443450927734,434.443450927734,434.443450927734,434.443450927734,0,"2010-07-22","BKSL"
434.443450927734,434.443450927734,434.443450927734,434.443450927734,0,"2010-07-23","BKSL"
434.443450927734,434.443450927734,434.443450927734,434.443450927734,0,"2010-07-26","BKSL"
434.443450927734,434.443450927734,434.443450927734,434.443450927734,0,"2010-07-27","BKSL"
434.443450927734,434.443450927734,434.443450927734,434.443450927734,0,"2010-07-28","BKSL"
434.443450927734,434.443450927734,434.443450927734,434.443450927734,0,"2010-07-29","BKSL"
434.443450927734,434.443450927734,434.443450927734,434.443450927734,0,"2010-07-30","BKSL"
434.443450927734,434.443450927734,434.443450927734,434.443450927734,0,"2010-08-02","BKSL"
434.443450927734,434.443450927734,434.443450927734,434.443450927734,0,"2010-08-03","BKSL"
434.443450927734,434.443450927734,434.443450927734,434.443450927734,0,"2010-08-04","BKSL"
434.443450927734,434.443450927734,434.443450927734,434.443450927734,0,"2010-08-05","BKSL"
434.443450927734,434.443450927734,434.443450927734,434.443450927734,0,"2010-08-06","BKSL"
434.443450927734,434.443450927734,434.443450927734,434.443450927734,0,"2010-08-09","BKSL"
434.443450927734,434.443450927734,434.443450927734,434.443450927734,0,"2010-08-10","BKSL"
434.443450927734,434.443450927734,434.443450927734,434.443450927734,0,"2010-08-11","BKSL"
434.443450927734,434.443450927734,434.443450927734,434.443450927734,0,"2010-08-12","BKSL"
434.443450927734,434.443450927734,434.443450927734,434.443450927734,0,"2010-08-13","BKSL"
434.443450927734,434.443450927734,434.443450927734,434.443450927734,0,"2010-08-16","BKSL"
434.443450927734,434.443450927734,434.443450927734,434.443450927734,0,"2010-08-18","BKSL"
434.443450927734,434.443450927734,434.443450927734,434.443450927734,0,"2010-08-19","BKSL"
434.443450927734,434.443450927734,434.443450927734,434.443450927734,0,"2010-08-20","BKSL"
434.443450927734,434.443450927734,434.443450927734,434.443450927734,0,"2010-08-23","BKSL"
434.443450927734,434.443450927734,434.443450927734,434.443450927734,0,"2010-08-24","BKSL"
434.443450927734,434.443450927734,434.443450927734,434.443450927734,0,"2010-08-25","BKSL"
434.443450927734,434.443450927734,434.443450927734,434.443450927734,0,"2010-08-26","BKSL"
434.443450927734,434.443450927734,434.443450927734,434.443450927734,0,"2010-08-27","BKSL"
434.443450927734,434.443450927734,434.443450927734,434.443450927734,0,"2010-08-30","BKSL"
434.443450927734,434.443450927734,434.443450927734,434.443450927734,0,"2010-08-31","BKSL"
434.443450927734,434.443450927734,434.443450927734,434.443450927734,0,"2010-09-01","BKSL"
434.443450927734,434.443450927734,434.443450927734,434.443450927734,0,"2010-09-02","BKSL"
434.443450927734,434.443450927734,434.443450927734,434.443450927734,0,"2010-09-03","BKSL"
434.443450927734,434.443450927734,434.443450927734,434.443450927734,0,"2010-09-06","BKSL"
434.443450927734,434.443450927734,434.443450927734,434.443450927734,0,"2010-09-07","BKSL"
434.443450927734,434.443450927734,434.443450927734,434.443450927734,0,"2010-09-15","BKSL"
434.443450927734,434.443450927734,434.443450927734,434.443450927734,0,"2010-09-16","BKSL"
434.443450927734,434.443450927734,434.443450927734,434.443450927734,0,"2010-09-17","BKSL"
434.443450927734,434.443450927734,434.443450927734,434.443450927734,0,"2010-09-20","BKSL"
434.443450927734,434.443450927734,434.443450927734,434.443450927734,0,"2010-09-21","BKSL"
434.443450927734,434.443450927734,434.443450927734,434.443450927734,0,"2010-09-22","BKSL"
434.443450927734,434.443450927734,434.443450927734,434.443450927734,0,"2010-09-23","BKSL"
434.443450927734,434.443450927734,434.443450927734,434.443450927734,0,"2010-09-24","BKSL"
434.443450927734,434.443450927734,434.443450927734,434.443450927734,0,"2010-09-27","BKSL"
434.443450927734,434.443450927734,434.443450927734,434.443450927734,0,"2010-09-28","BKSL"
434.443450927734,434.443450927734,434.443450927734,434.443450927734,0,"2010-09-29","BKSL"
434.443450927734,434.443450927734,434.443450927734,434.443450927734,0,"2010-09-30","BKSL"
434.443450927734,434.443450927734,434.443450927734,434.443450927734,0,"2010-10-01","BKSL"
434.443450927734,434.443450927734,434.443450927734,434.443450927734,0,"2010-10-04","BKSL"
434.443450927734,434.443450927734,434.443450927734,434.443450927734,0,"2010-10-05","BKSL"
434.443450927734,434.443450927734,434.443450927734,434.443450927734,0,"2010-10-06","BKSL"
434.443450927734,434.443450927734,434.443450927734,434.443450927734,0,"2010-10-07","BKSL"
434.443450927734,434.443450927734,434.443450927734,434.443450927734,0,"2010-10-08","BKSL"
434.443450927734,434.443450927734,434.443450927734,434.443450927734,0,"2010-10-11","BKSL"
434.443450927734,434.443450927734,434.443450927734,434.443450927734,0,"2010-10-12","BKSL"
434.443450927734,434.443450927734,434.443450927734,434.443450927734,0,"2010-10-13","BKSL"
434.443450927734,434.443450927734,434.443450927734,434.443450927734,0,"2010-10-14","BKSL"
434.443450927734,434.443450927734,434.443450927734,434.443450927734,0,"2010-10-15","BKSL"
434.443450927734,434.443450927734,434.443450927734,434.443450927734,0,"2010-10-18","BKSL"
434.443450927734,434.443450927734,434.443450927734,434.443450927734,0,"2010-10-19","BKSL"
434.443450927734,434.443450927734,434.443450927734,434.443450927734,0,"2010-10-20","BKSL"
434.443450927734,434.443450927734,434.443450927734,434.443450927734,0,"2010-10-21","BKSL"
434.443450927734,434.443450927734,434.443450927734,434.443450927734,0,"2010-10-22","BKSL"
434.443450927734,434.443450927734,434.443450927734,434.443450927734,0,"2010-10-25","BKSL"
434.443450927734,434.443450927734,434.443450927734,434.443450927734,0,"2010-10-26","BKSL"
434.443450927734,434.443450927734,434.443450927734,434.443450927734,0,"2010-10-27","BKSL"
434.443450927734,434.443450927734,434.443450927734,434.443450927734,0,"2010-10-28","BKSL"
434.443450927734,434.443450927734,434.443450927734,434.443450927734,0,"2010-10-29","BKSL"
434.443450927734,434.443450927734,434.443450927734,434.443450927734,0,"2010-11-01","BKSL"
434.443450927734,434.443450927734,434.443450927734,434.443450927734,0,"2010-11-02","BKSL"
434.443450927734,434.443450927734,434.443450927734,434.443450927734,0,"2010-11-03","BKSL"
434.443450927734,434.443450927734,434.443450927734,434.443450927734,0,"2010-11-04","BKSL"
434.443450927734,434.443450927734,434.443450927734,434.443450927734,0,"2010-11-05","BKSL"
434.443450927734,434.443450927734,434.443450927734,434.443450927734,0,"2010-11-08","BKSL"
434.443450927734,434.443450927734,434.443450927734,434.443450927734,0,"2010-11-09","BKSL"
434.443450927734,434.443450927734,434.443450927734,434.443450927734,0,"2010-11-10","BKSL"
434.443450927734,434.443450927734,434.443450927734,434.443450927734,0,"2010-11-11","BKSL"
434.443450927734,434.443450927734,434.443450927734,434.443450927734,0,"2010-11-12","BKSL"
434.443450927734,434.443450927734,434.443450927734,434.443450927734,0,"2010-11-15","BKSL"
434.443450927734,434.443450927734,434.443450927734,434.443450927734,0,"2010-11-16","BKSL"
434.443450927734,434.443450927734,434.443450927734,434.443450927734,0,"2010-11-18","BKSL"
434.443450927734,434.443450927734,434.443450927734,434.443450927734,0,"2010-11-19","BKSL"
434.443450927734,434.443450927734,434.443450927734,434.443450927734,0,"2010-11-22","BKSL"
434.443450927734,434.443450927734,434.443450927734,434.443450927734,0,"2010-11-23","BKSL"
434.443450927734,434.443450927734,434.443450927734,434.443450927734,0,"2010-11-24","BKSL"
434.443450927734,434.443450927734,434.443450927734,434.443450927734,0,"2010-11-25","BKSL"
434.443450927734,434.443450927734,434.443450927734,434.443450927734,0,"2010-11-26","BKSL"
434.443450927734,434.443450927734,434.443450927734,434.443450927734,0,"2010-11-29","BKSL"
434.443450927734,434.443450927734,434.443450927734,434.443450927734,0,"2010-11-30","BKSL"
434.443450927734,434.443450927734,434.443450927734,434.443450927734,0,"2010-12-01","BKSL"
434.443450927734,434.443450927734,434.443450927734,434.443450927734,0,"2010-12-02","BKSL"
434.443450927734,434.443450927734,434.443450927734,434.443450927734,0,"2010-12-03","BKSL"
434.443450927734,434.443450927734,434.443450927734,434.443450927734,0,"2010-12-06","BKSL"
434.443450927734,434.443450927734,434.443450927734,434.443450927734,0,"2010-12-08","BKSL"
434.443450927734,434.443450927734,434.443450927734,434.443450927734,0,"2010-12-09","BKSL"
434.443450927734,434.443450927734,434.443450927734,434.443450927734,0,"2010-12-10","BKSL"
434.443450927734,434.443450927734,434.443450927734,434.443450927734,0,"2010-12-13","BKSL"
434.443450927734,434.443450927734,434.443450927734,434.443450927734,0,"2010-12-14","BKSL"
434.443450927734,434.443450927734,434.443450927734,434.443450927734,0,"2010-12-15","BKSL"
434.443450927734,434.443450927734,434.443450927734,434.443450927734,0,"2010-12-16","BKSL"
434.443450927734,434.443450927734,434.443450927734,434.443450927734,0,"2010-12-17","BKSL"
434.443450927734,434.443450927734,434.443450927734,434.443450927734,0,"2010-12-20","BKSL"
434.443450927734,434.443450927734,434.443450927734,434.443450927734,0,"2010-12-21","BKSL"
434.443450927734,434.443450927734,434.443450927734,434.443450927734,0,"2010-12-22","BKSL"
434.443450927734,434.443450927734,434.443450927734,434.443450927734,0,"2010-12-23","BKSL"
434.443450927734,434.443450927734,434.443450927734,434.443450927734,0,"2010-12-27","BKSL"
434.443450927734,434.443450927734,434.443450927734,434.443450927734,0,"2010-12-28","BKSL"
434.443450927734,434.443450927734,434.443450927734,434.443450927734,0,"2010-12-29","BKSL"
434.443450927734,434.443450927734,434.443450927734,434.443450927734,0,"2010-12-30","BKSL"
434.443450927734,434.443450927734,434.443450927734,434.443450927734,0,"2011-01-03","BKSL"
434.443450927734,434.443450927734,434.443450927734,434.443450927734,0,"2011-01-04","BKSL"
434.443450927734,434.443450927734,434.443450927734,434.443450927734,0,"2011-01-05","BKSL"
434.443450927734,434.443450927734,434.443450927734,434.443450927734,0,"2011-01-06","BKSL"
434.443450927734,434.443450927734,434.443450927734,434.443450927734,0,"2011-01-07","BKSL"
434.443450927734,434.443450927734,434.443450927734,434.443450927734,0,"2011-01-10","BKSL"
434.443450927734,434.443450927734,434.443450927734,434.443450927734,0,"2011-01-11","BKSL"
434.443450927734,434.443450927734,434.443450927734,434.443450927734,0,"2011-01-12","BKSL"
434.443450927734,434.443450927734,434.443450927734,434.443450927734,0,"2011-01-13","BKSL"
434.443450927734,434.443450927734,434.443450927734,434.443450927734,0,"2011-01-14","BKSL"
434.443450927734,434.443450927734,434.443450927734,434.443450927734,0,"2011-01-17","BKSL"
434.443450927734,434.443450927734,434.443450927734,434.443450927734,0,"2011-01-18","BKSL"
434.443450927734,434.443450927734,434.443450927734,434.443450927734,0,"2011-01-19","BKSL"
434.443450927734,434.443450927734,434.443450927734,434.443450927734,0,"2011-01-20","BKSL"
434.443450927734,434.443450927734,434.443450927734,434.443450927734,0,"2011-01-21","BKSL"
434.443450927734,434.443450927734,434.443450927734,434.443450927734,0,"2011-01-24","BKSL"
434.443450927734,434.443450927734,434.443450927734,434.443450927734,0,"2011-01-25","BKSL"
434.443450927734,434.443450927734,434.443450927734,434.443450927734,0,"2011-01-26","BKSL"
434.443450927734,434.443450927734,434.443450927734,434.443450927734,0,"2011-01-27","BKSL"
434.443450927734,434.443450927734,434.443450927734,434.443450927734,0,"2011-01-28","BKSL"
434.443450927734,434.443450927734,434.443450927734,434.443450927734,0,"2011-01-31","BKSL"
434.443450927734,434.443450927734,434.443450927734,434.443450927734,0,"2011-02-01","BKSL"
434.443450927734,434.443450927734,434.443450927734,434.443450927734,0,"2011-02-02","BKSL"
434.443450927734,434.443450927734,434.443450927734,434.443450927734,0,"2011-02-04","BKSL"
434.443450927734,434.443450927734,434.443450927734,434.443450927734,0,"2011-02-07","BKSL"
434.443450927734,434.443450927734,434.443450927734,434.443450927734,0,"2011-02-08","BKSL"
434.443450927734,434.443450927734,434.443450927734,434.443450927734,0,"2011-02-09","BKSL"
434.443450927734,434.443450927734,434.443450927734,434.443450927734,0,"2011-02-10","BKSL"
434.443450927734,434.443450927734,434.443450927734,434.443450927734,0,"2011-02-11","BKSL"
434.443450927734,434.443450927734,434.443450927734,434.443450927734,0,"2011-02-14","BKSL"
434.443450927734,434.443450927734,434.443450927734,434.443450927734,0,"2011-02-16","BKSL"
434.443450927734,434.443450927734,434.443450927734,434.443450927734,0,"2011-02-17","BKSL"
434.443450927734,434.443450927734,434.443450927734,434.443450927734,0,"2011-02-18","BKSL"
434.443450927734,434.443450927734,434.443450927734,434.443450927734,0,"2011-02-21","BKSL"
434.443450927734,434.443450927734,434.443450927734,434.443450927734,0,"2011-02-22","BKSL"
434.443450927734,434.443450927734,434.443450927734,434.443450927734,0,"2011-02-23","BKSL"
434.443450927734,434.443450927734,434.443450927734,434.443450927734,0,"2011-02-24","BKSL"
434.443450927734,434.443450927734,434.443450927734,434.443450927734,0,"2011-02-25","BKSL"
434.443450927734,434.443450927734,434.443450927734,434.443450927734,0,"2011-02-28","BKSL"
434.443450927734,434.443450927734,434.443450927734,434.443450927734,0,"2011-03-01","BKSL"
434.443450927734,434.443450927734,434.443450927734,434.443450927734,0,"2011-03-02","BKSL"
434.443450927734,434.443450927734,434.443450927734,434.443450927734,0,"2011-03-03","BKSL"
434.443450927734,434.443450927734,434.443450927734,434.443450927734,0,"2011-03-04","BKSL"
434.443450927734,434.443450927734,434.443450927734,434.443450927734,0,"2011-03-07","BKSL"
434.443450927734,434.443450927734,434.443450927734,434.443450927734,0,"2011-03-08","BKSL"
434.443450927734,434.443450927734,434.443450927734,434.443450927734,0,"2011-03-09","BKSL"
434.443450927734,434.443450927734,434.443450927734,434.443450927734,0,"2011-03-10","BKSL"
434.443450927734,434.443450927734,434.443450927734,434.443450927734,0,"2011-03-11","BKSL"
434.443450927734,434.443450927734,434.443450927734,434.443450927734,0,"2011-03-14","BKSL"
434.443450927734,434.443450927734,434.443450927734,434.443450927734,0,"2011-03-15","BKSL"
434.443450927734,434.443450927734,434.443450927734,434.443450927734,0,"2011-03-16","BKSL"
434.443450927734,434.443450927734,434.443450927734,434.443450927734,0,"2011-03-17","BKSL"
434.443450927734,434.443450927734,434.443450927734,434.443450927734,0,"2011-03-18","BKSL"
434.443450927734,434.443450927734,434.443450927734,434.443450927734,0,"2011-03-21","BKSL"
434.443450927734,434.443450927734,434.443450927734,434.443450927734,0,"2011-03-22","BKSL"
434.443450927734,434.443450927734,434.443450927734,434.443450927734,0,"2011-03-23","BKSL"
434.443450927734,434.443450927734,434.443450927734,434.443450927734,0,"2011-03-24","BKSL"
434.443450927734,434.443450927734,434.443450927734,434.443450927734,0,"2011-03-25","BKSL"
434.443450927734,434.443450927734,434.443450927734,434.443450927734,0,"2011-03-28","BKSL"
434.443450927734,434.443450927734,434.443450927734,434.443450927734,0,"2011-03-29","BKSL"
434.443450927734,434.443450927734,434.443450927734,434.443450927734,0,"2011-03-30","BKSL"
434.443450927734,434.443450927734,434.443450927734,434.443450927734,0,"2011-03-31","BKSL"
434.443450927734,434.443450927734,434.443450927734,434.443450927734,0,"2011-04-01","BKSL"
434.443450927734,434.443450927734,434.443450927734,434.443450927734,0,"2011-04-04","BKSL"
434.443450927734,434.443450927734,434.443450927734,434.443450927734,0,"2011-04-05","BKSL"
434.443450927734,434.443450927734,434.443450927734,434.443450927734,0,"2011-04-06","BKSL"
434.443450927734,434.443450927734,434.443450927734,434.443450927734,0,"2011-04-07","BKSL"
434.443450927734,434.443450927734,434.443450927734,434.443450927734,0,"2011-04-08","BKSL"
434.443450927734,434.443450927734,434.443450927734,434.443450927734,0,"2011-04-11","BKSL"
434.443450927734,434.443450927734,434.443450927734,434.443450927734,0,"2011-04-12","BKSL"
434.443450927734,434.443450927734,434.443450927734,434.443450927734,0,"2011-04-13","BKSL"
434.443450927734,434.443450927734,434.443450927734,434.443450927734,0,"2011-04-14","BKSL"
434.443450927734,434.443450927734,434.443450927734,434.443450927734,0,"2011-04-15","BKSL"
434.443450927734,434.443450927734,434.443450927734,434.443450927734,0,"2011-04-18","BKSL"
434.443450927734,434.443450927734,434.443450927734,434.443450927734,0,"2011-04-19","BKSL"
434.443450927734,434.443450927734,434.443450927734,434.443450927734,0,"2011-04-20","BKSL"
434.443450927734,434.443450927734,434.443450927734,434.443450927734,0,"2011-04-21","BKSL"
434.443450927734,434.443450927734,434.443450927734,434.443450927734,0,"2011-04-25","BKSL"
434.443450927734,434.443450927734,434.443450927734,434.443450927734,0,"2011-04-26","BKSL"
434.443450927734,434.443450927734,434.443450927734,434.443450927734,0,"2011-04-27","BKSL"
434.443450927734,434.443450927734,434.443450927734,434.443450927734,0,"2011-04-28","BKSL"
434.443450927734,434.443450927734,434.443450927734,434.443450927734,0,"2011-04-29","BKSL"
434.443450927734,434.443450927734,434.443450927734,434.443450927734,0,"2011-05-02","BKSL"
434.443450927734,434.443450927734,434.443450927734,434.443450927734,0,"2011-05-03","BKSL"
434.443450927734,434.443450927734,434.443450927734,434.443450927734,0,"2011-05-04","BKSL"
434.443450927734,434.443450927734,434.443450927734,434.443450927734,0,"2011-05-05","BKSL"
434.443450927734,434.443450927734,434.443450927734,434.443450927734,0,"2011-05-06","BKSL"
434.443450927734,434.443450927734,434.443450927734,434.443450927734,0,"2011-05-09","BKSL"
434.443450927734,434.443450927734,434.443450927734,434.443450927734,0,"2011-05-10","BKSL"
434.443450927734,434.443450927734,434.443450927734,434.443450927734,0,"2011-05-11","BKSL"
434.443450927734,434.443450927734,434.443450927734,434.443450927734,0,"2011-05-12","BKSL"
434.443450927734,434.443450927734,434.443450927734,434.443450927734,0,"2011-05-13","BKSL"
434.443450927734,434.443450927734,434.443450927734,434.443450927734,0,"2011-05-16","BKSL"
434.443450927734,434.443450927734,434.443450927734,434.443450927734,0,"2011-05-18","BKSL"
434.443450927734,434.443450927734,434.443450927734,434.443450927734,0,"2011-05-19","BKSL"
434.443450927734,434.443450927734,434.443450927734,434.443450927734,0,"2011-05-20","BKSL"
434.443450927734,434.443450927734,434.443450927734,434.443450927734,0,"2011-05-23","BKSL"
434.443450927734,434.443450927734,434.443450927734,434.443450927734,0,"2011-05-24","BKSL"
434.443450927734,434.443450927734,434.443450927734,434.443450927734,0,"2011-05-25","BKSL"
434.443450927734,434.443450927734,434.443450927734,434.443450927734,0,"2011-05-26","BKSL"
434.443450927734,434.443450927734,434.443450927734,434.443450927734,0,"2011-05-27","BKSL"
434.443450927734,434.443450927734,434.443450927734,434.443450927734,0,"2011-05-30","BKSL"
434.443450927734,434.443450927734,434.443450927734,434.443450927734,0,"2011-05-31","BKSL"
434.443450927734,434.443450927734,434.443450927734,434.443450927734,0,"2011-06-01","BKSL"
434.443450927734,434.443450927734,434.443450927734,434.443450927734,0,"2011-06-03","BKSL"
434.443450927734,434.443450927734,434.443450927734,434.443450927734,0,"2011-06-06","BKSL"
434.443450927734,434.443450927734,434.443450927734,434.443450927734,0,"2011-06-07","BKSL"
434.443450927734,434.443450927734,434.443450927734,434.443450927734,0,"2011-06-08","BKSL"
434.443450927734,434.443450927734,434.443450927734,434.443450927734,0,"2011-06-09","BKSL"
434.443450927734,434.443450927734,434.443450927734,434.443450927734,0,"2011-06-10","BKSL"
434.443450927734,434.443450927734,434.443450927734,434.443450927734,0,"2011-06-13","BKSL"
434.443450927734,434.443450927734,434.443450927734,434.443450927734,0,"2011-06-14","BKSL"
434.443450927734,434.443450927734,434.443450927734,434.443450927734,0,"2011-06-15","BKSL"
434.443450927734,434.443450927734,434.443450927734,434.443450927734,0,"2011-06-16","BKSL"
434.443450927734,434.443450927734,434.443450927734,434.443450927734,0,"2011-06-17","BKSL"
434.443450927734,434.443450927734,434.443450927734,434.443450927734,0,"2011-06-20","BKSL"
434.443450927734,434.443450927734,434.443450927734,434.443450927734,0,"2011-06-21","BKSL"
434.443450927734,434.443450927734,434.443450927734,434.443450927734,0,"2011-06-22","BKSL"
434.443450927734,434.443450927734,434.443450927734,434.443450927734,0,"2011-06-23","BKSL"
434.443450927734,434.443450927734,434.443450927734,434.443450927734,0,"2011-06-24","BKSL"
434.443450927734,434.443450927734,434.443450927734,434.443450927734,0,"2011-06-27","BKSL"
434.443450927734,434.443450927734,434.443450927734,434.443450927734,0,"2011-06-28","BKSL"
434.443450927734,434.443450927734,434.443450927734,434.443450927734,0,"2011-06-30","BKSL"
434.443450927734,434.443450927734,434.443450927734,434.443450927734,0,"2011-07-01","BKSL"
434.443450927734,434.443450927734,434.443450927734,434.443450927734,0,"2011-07-04","BKSL"
434.443450927734,434.443450927734,434.443450927734,434.443450927734,0,"2011-07-05","BKSL"
434.443450927734,434.443450927734,434.443450927734,434.443450927734,0,"2011-07-06","BKSL"
434.443450927734,434.443450927734,434.443450927734,434.443450927734,0,"2011-07-07","BKSL"
434.443450927734,434.443450927734,434.443450927734,434.443450927734,0,"2011-07-08","BKSL"
434.443450927734,434.443450927734,434.443450927734,434.443450927734,0,"2011-07-11","BKSL"
434.443450927734,434.443450927734,434.443450927734,434.443450927734,0,"2011-07-12","BKSL"
434.443450927734,434.443450927734,434.443450927734,434.443450927734,0,"2011-07-13","BKSL"
434.443450927734,434.443450927734,434.443450927734,434.443450927734,0,"2011-07-14","BKSL"
434.443450927734,434.443450927734,434.443450927734,434.443450927734,0,"2011-07-15","BKSL"
434.443450927734,434.443450927734,434.443450927734,434.443450927734,0,"2011-07-18","BKSL"
434.443450927734,434.443450927734,434.443450927734,434.443450927734,0,"2011-07-19","BKSL"
434.443450927734,434.443450927734,434.443450927734,434.443450927734,0,"2011-07-20","BKSL"
434.443450927734,434.443450927734,434.443450927734,434.443450927734,0,"2011-07-21","BKSL"
434.443450927734,434.443450927734,434.443450927734,434.443450927734,0,"2011-07-22","BKSL"
434.443450927734,434.443450927734,434.443450927734,434.443450927734,0,"2011-07-25","BKSL"
434.443450927734,434.443450927734,434.443450927734,434.443450927734,0,"2011-07-26","BKSL"
434.443450927734,434.443450927734,434.443450927734,434.443450927734,0,"2011-07-27","BKSL"
434.443450927734,434.443450927734,434.443450927734,434.443450927734,0,"2011-07-28","BKSL"
434.443450927734,434.443450927734,434.443450927734,434.443450927734,0,"2011-07-29","BKSL"
434.443450927734,434.443450927734,434.443450927734,434.443450927734,0,"2011-08-01","BKSL"
434.443450927734,434.443450927734,434.443450927734,434.443450927734,0,"2011-08-02","BKSL"
434.443450927734,434.443450927734,434.443450927734,434.443450927734,0,"2011-08-03","BKSL"
434.443450927734,434.443450927734,434.443450927734,434.443450927734,0,"2011-08-04","BKSL"
434.443450927734,434.443450927734,434.443450927734,434.443450927734,0,"2011-08-05","BKSL"
434.443450927734,434.443450927734,434.443450927734,434.443450927734,0,"2011-08-08","BKSL"
434.443450927734,434.443450927734,434.443450927734,434.443450927734,0,"2011-08-09","BKSL"
434.443450927734,434.443450927734,434.443450927734,434.443450927734,0,"2011-08-10","BKSL"
434.443450927734,434.443450927734,434.443450927734,434.443450927734,0,"2011-08-11","BKSL"
434.443450927734,434.443450927734,434.443450927734,434.443450927734,0,"2011-08-12","BKSL"
434.443450927734,434.443450927734,434.443450927734,434.443450927734,0,"2011-08-15","BKSL"
434.443450927734,434.443450927734,434.443450927734,434.443450927734,0,"2011-08-16","BKSL"
434.443450927734,434.443450927734,434.443450927734,434.443450927734,0,"2011-08-18","BKSL"
434.443450927734,434.443450927734,434.443450927734,434.443450927734,0,"2011-08-19","BKSL"
434.443450927734,434.443450927734,434.443450927734,434.443450927734,0,"2011-08-22","BKSL"
434.443450927734,434.443450927734,434.443450927734,434.443450927734,0,"2011-08-23","BKSL"
434.443450927734,434.443450927734,434.443450927734,434.443450927734,0,"2011-08-24","BKSL"
434.443450927734,434.443450927734,434.443450927734,434.443450927734,0,"2011-08-25","BKSL"
434.443450927734,434.443450927734,434.443450927734,434.443450927734,0,"2011-08-26","BKSL"
434.443450927734,434.443450927734,434.443450927734,434.443450927734,0,"2011-09-05","BKSL"
434.443450927734,434.443450927734,434.443450927734,434.443450927734,0,"2011-09-06","BKSL"
434.443450927734,434.443450927734,434.443450927734,434.443450927734,0,"2011-09-07","BKSL"
434.443450927734,434.443450927734,434.443450927734,434.443450927734,0,"2011-09-08","BKSL"
434.443450927734,434.443450927734,434.443450927734,434.443450927734,0,"2011-09-09","BKSL"
434.443450927734,434.443450927734,434.443450927734,434.443450927734,0,"2011-09-12","BKSL"
434.443450927734,434.443450927734,434.443450927734,434.443450927734,0,"2011-09-13","BKSL"
434.443450927734,434.443450927734,434.443450927734,434.443450927734,0,"2011-09-14","BKSL"
434.443450927734,434.443450927734,434.443450927734,434.443450927734,0,"2011-09-15","BKSL"
434.443450927734,434.443450927734,434.443450927734,434.443450927734,0,"2011-09-16","BKSL"
434.443450927734,434.443450927734,434.443450927734,434.443450927734,0,"2011-09-19","BKSL"
434.443450927734,434.443450927734,434.443450927734,434.443450927734,0,"2011-09-20","BKSL"
434.443450927734,434.443450927734,434.443450927734,434.443450927734,0,"2011-09-21","BKSL"
434.443450927734,434.443450927734,434.443450927734,434.443450927734,0,"2011-09-22","BKSL"
434.443450927734,434.443450927734,434.443450927734,434.443450927734,0,"2011-09-23","BKSL"
434.443450927734,434.443450927734,434.443450927734,434.443450927734,0,"2011-09-26","BKSL"
434.443450927734,434.443450927734,434.443450927734,434.443450927734,0,"2011-09-27","BKSL"
434.443450927734,434.443450927734,434.443450927734,434.443450927734,0,"2011-09-28","BKSL"
434.443450927734,434.443450927734,434.443450927734,434.443450927734,0,"2011-09-29","BKSL"
434.443450927734,434.443450927734,434.443450927734,434.443450927734,0,"2011-09-30","BKSL"
434.443450927734,434.443450927734,434.443450927734,434.443450927734,0,"2011-10-03","BKSL"
434.443450927734,434.443450927734,434.443450927734,434.443450927734,0,"2011-10-04","BKSL"
434.443450927734,434.443450927734,434.443450927734,434.443450927734,0,"2011-10-05","BKSL"
434.443450927734,434.443450927734,434.443450927734,434.443450927734,0,"2011-10-06","BKSL"
434.443450927734,434.443450927734,434.443450927734,434.443450927734,0,"2011-10-07","BKSL"
434.443450927734,434.443450927734,434.443450927734,434.443450927734,0,"2011-10-10","BKSL"
434.443450927734,434.443450927734,434.443450927734,434.443450927734,0,"2011-10-11","BKSL"
434.443450927734,434.443450927734,434.443450927734,434.443450927734,0,"2011-10-12","BKSL"
434.443450927734,434.443450927734,434.443450927734,434.443450927734,0,"2011-10-13","BKSL"
434.443450927734,434.443450927734,434.443450927734,434.443450927734,0,"2011-10-14","BKSL"
434.443450927734,434.443450927734,434.443450927734,434.443450927734,0,"2011-10-17","BKSL"
434.443450927734,434.443450927734,434.443450927734,434.443450927734,0,"2011-10-18","BKSL"
434.443450927734,434.443450927734,434.443450927734,434.443450927734,0,"2011-10-19","BKSL"
434.443450927734,434.443450927734,434.443450927734,434.443450927734,0,"2011-10-20","BKSL"
434.443450927734,434.443450927734,434.443450927734,434.443450927734,0,"2011-10-21","BKSL"
434.443450927734,434.443450927734,434.443450927734,434.443450927734,0,"2011-10-24","BKSL"
434.443450927734,434.443450927734,434.443450927734,434.443450927734,0,"2011-10-25","BKSL"
434.443450927734,434.443450927734,434.443450927734,434.443450927734,0,"2011-10-26","BKSL"
434.443450927734,434.443450927734,434.443450927734,434.443450927734,0,"2011-10-27","BKSL"
434.443450927734,434.443450927734,434.443450927734,434.443450927734,0,"2011-10-28","BKSL"
434.443450927734,434.443450927734,434.443450927734,434.443450927734,0,"2011-10-31","BKSL"
434.443450927734,434.443450927734,434.443450927734,434.443450927734,0,"2011-11-01","BKSL"
434.443450927734,434.443450927734,434.443450927734,434.443450927734,0,"2011-11-02","BKSL"
434.443450927734,434.443450927734,434.443450927734,434.443450927734,0,"2011-11-03","BKSL"
434.443450927734,434.443450927734,434.443450927734,434.443450927734,0,"2011-11-04","BKSL"
434.443450927734,434.443450927734,434.443450927734,434.443450927734,0,"2011-11-07","BKSL"
434.443450927734,434.443450927734,434.443450927734,434.443450927734,0,"2011-11-08","BKSL"
434.443450927734,434.443450927734,434.443450927734,434.443450927734,0,"2011-11-09","BKSL"
434.443450927734,434.443450927734,434.443450927734,434.443450927734,0,"2011-11-10","BKSL"
434.443450927734,434.443450927734,434.443450927734,434.443450927734,0,"2011-11-11","BKSL"
434.443450927734,434.443450927734,434.443450927734,434.443450927734,0,"2011-11-14","BKSL"
434.443450927734,434.443450927734,434.443450927734,434.443450927734,0,"2011-11-15","BKSL"
434.443450927734,434.443450927734,434.443450927734,434.443450927734,0,"2011-11-16","BKSL"
434.443450927734,434.443450927734,434.443450927734,434.443450927734,0,"2011-11-17","BKSL"
434.443450927734,434.443450927734,434.443450927734,434.443450927734,0,"2011-11-18","BKSL"
434.443450927734,434.443450927734,434.443450927734,434.443450927734,0,"2011-11-21","BKSL"
434.443450927734,434.443450927734,434.443450927734,434.443450927734,0,"2011-11-22","BKSL"
434.443450927734,434.443450927734,434.443450927734,434.443450927734,0,"2011-11-23","BKSL"
434.443450927734,434.443450927734,434.443450927734,434.443450927734,0,"2011-11-24","BKSL"
434.443450927734,434.443450927734,434.443450927734,434.443450927734,0,"2011-11-25","BKSL"
434.443450927734,434.443450927734,434.443450927734,434.443450927734,0,"2011-11-28","BKSL"
434.443450927734,434.443450927734,434.443450927734,434.443450927734,0,"2011-11-29","BKSL"
434.443450927734,434.443450927734,434.443450927734,434.443450927734,0,"2011-11-30","BKSL"
434.443450927734,434.443450927734,434.443450927734,434.443450927734,0,"2011-12-01","BKSL"
434.443450927734,434.443450927734,434.443450927734,434.443450927734,0,"2011-12-02","BKSL"
434.443450927734,434.443450927734,434.443450927734,434.443450927734,0,"2011-12-05","BKSL"
434.443450927734,434.443450927734,434.443450927734,434.443450927734,0,"2011-12-06","BKSL"
434.443450927734,434.443450927734,434.443450927734,434.443450927734,0,"2011-12-07","BKSL"
434.443450927734,434.443450927734,434.443450927734,434.443450927734,0,"2011-12-08","BKSL"
434.443450927734,434.443450927734,434.443450927734,434.443450927734,0,"2011-12-09","BKSL"
434.443450927734,434.443450927734,434.443450927734,434.443450927734,0,"2011-12-12","BKSL"
434.443450927734,434.443450927734,434.443450927734,434.443450927734,0,"2011-12-13","BKSL"
434.443450927734,434.443450927734,434.443450927734,434.443450927734,0,"2011-12-14","BKSL"
434.443450927734,434.443450927734,434.443450927734,434.443450927734,0,"2011-12-15","BKSL"
434.443450927734,434.443450927734,434.443450927734,434.443450927734,0,"2011-12-16","BKSL"
434.443450927734,434.443450927734,434.443450927734,434.443450927734,0,"2011-12-19","BKSL"
434.443450927734,434.443450927734,434.443450927734,434.443450927734,0,"2011-12-20","BKSL"
434.443450927734,434.443450927734,434.443450927734,434.443450927734,0,"2011-12-21","BKSL"
434.443450927734,434.443450927734,434.443450927734,434.443450927734,0,"2011-12-22","BKSL"
434.443450927734,434.443450927734,434.443450927734,434.443450927734,0,"2011-12-23","BKSL"
434.443450927734,434.443450927734,434.443450927734,434.443450927734,0,"2011-12-27","BKSL"
434.443450927734,434.443450927734,434.443450927734,434.443450927734,0,"2011-12-28","BKSL"
434.443450927734,434.443450927734,434.443450927734,434.443450927734,0,"2011-12-29","BKSL"
434.443450927734,434.443450927734,434.443450927734,434.443450927734,0,"2011-12-30","BKSL"
434.443450927734,434.443450927734,434.443450927734,434.443450927734,0,"2012-01-02","BKSL"
434.443450927734,434.443450927734,434.443450927734,434.443450927734,0,"2012-01-03","BKSL"
434.443450927734,434.443450927734,434.443450927734,434.443450927734,0,"2012-01-04","BKSL"
434.443450927734,434.443450927734,434.443450927734,434.443450927734,0,"2012-01-05","BKSL"
434.443450927734,434.443450927734,434.443450927734,434.443450927734,0,"2012-01-06","BKSL"
434.443450927734,434.443450927734,434.443450927734,434.443450927734,0,"2012-01-09","BKSL"
434.443450927734,434.443450927734,434.443450927734,434.443450927734,0,"2012-01-10","BKSL"
434.443450927734,434.443450927734,434.443450927734,434.443450927734,0,"2012-01-11","BKSL"
434.443450927734,434.443450927734,434.443450927734,434.443450927734,0,"2012-01-12","BKSL"
434.443450927734,434.443450927734,434.443450927734,434.443450927734,0,"2012-01-13","BKSL"
434.443450927734,434.443450927734,434.443450927734,434.443450927734,0,"2012-01-16","BKSL"
434.443450927734,434.443450927734,434.443450927734,434.443450927734,0,"2012-01-17","BKSL"
434.443450927734,434.443450927734,434.443450927734,434.443450927734,0,"2012-01-18","BKSL"
434.443450927734,434.443450927734,434.443450927734,434.443450927734,0,"2012-01-19","BKSL"
434.443450927734,434.443450927734,434.443450927734,434.443450927734,0,"2012-01-20","BKSL"
434.443450927734,434.443450927734,434.443450927734,434.443450927734,0,"2012-01-24","BKSL"
434.443450927734,434.443450927734,434.443450927734,434.443450927734,0,"2012-01-25","BKSL"
434.443450927734,434.443450927734,434.443450927734,434.443450927734,0,"2012-01-26","BKSL"
434.443450927734,434.443450927734,434.443450927734,434.443450927734,0,"2012-01-27","BKSL"
434.443450927734,434.443450927734,434.443450927734,434.443450927734,0,"2012-01-30","BKSL"
434.443450927734,434.443450927734,434.443450927734,434.443450927734,0,"2012-01-31","BKSL"
434.443450927734,434.443450927734,434.443450927734,434.443450927734,0,"2012-02-01","BKSL"
434.443450927734,434.443450927734,434.443450927734,434.443450927734,0,"2012-02-02","BKSL"
434.443450927734,434.443450927734,434.443450927734,434.443450927734,0,"2012-02-03","BKSL"
434.443450927734,434.443450927734,434.443450927734,434.443450927734,0,"2012-02-06","BKSL"
434.443450927734,434.443450927734,434.443450927734,434.443450927734,0,"2012-02-07","BKSL"
434.443450927734,434.443450927734,434.443450927734,434.443450927734,0,"2012-02-08","BKSL"
434.443450927734,434.443450927734,434.443450927734,434.443450927734,0,"2012-02-09","BKSL"
434.443450927734,434.443450927734,434.443450927734,434.443450927734,0,"2012-02-10","BKSL"
434.443450927734,434.443450927734,434.443450927734,434.443450927734,0,"2012-02-13","BKSL"
434.443450927734,434.443450927734,434.443450927734,434.443450927734,0,"2012-02-14","BKSL"
434.443450927734,434.443450927734,434.443450927734,434.443450927734,0,"2012-02-15","BKSL"
434.443450927734,434.443450927734,434.443450927734,434.443450927734,0,"2012-02-16","BKSL"
434.443450927734,434.443450927734,434.443450927734,434.443450927734,0,"2012-02-17","BKSL"
434.443450927734,434.443450927734,434.443450927734,434.443450927734,0,"2012-02-20","BKSL"
434.443450927734,434.443450927734,434.443450927734,434.443450927734,0,"2012-02-21","BKSL"
434.443450927734,434.443450927734,434.443450927734,434.443450927734,0,"2012-02-22","BKSL"
434.443450927734,434.443450927734,434.443450927734,434.443450927734,0,"2012-02-23","BKSL"
434.443450927734,434.443450927734,434.443450927734,434.443450927734,0,"2012-02-24","BKSL"
434.443450927734,434.443450927734,434.443450927734,434.443450927734,0,"2012-02-27","BKSL"
434.443450927734,434.443450927734,434.443450927734,434.443450927734,0,"2012-02-28","BKSL"
434.443450927734,434.443450927734,434.443450927734,434.443450927734,0,"2012-02-29","BKSL"
434.443450927734,434.443450927734,434.443450927734,434.443450927734,0,"2012-03-01","BKSL"
434.443450927734,434.443450927734,434.443450927734,434.443450927734,0,"2012-03-02","BKSL"
434.443450927734,434.443450927734,434.443450927734,434.443450927734,0,"2012-03-05","BKSL"
434.443450927734,434.443450927734,434.443450927734,434.443450927734,0,"2012-03-06","BKSL"
434.443450927734,434.443450927734,434.443450927734,434.443450927734,0,"2012-03-07","BKSL"
434.443450927734,434.443450927734,434.443450927734,434.443450927734,0,"2012-03-08","BKSL"
434.443450927734,434.443450927734,434.443450927734,434.443450927734,0,"2012-03-09","BKSL"
434.443450927734,434.443450927734,434.443450927734,434.443450927734,0,"2012-03-12","BKSL"
434.443450927734,434.443450927734,434.443450927734,434.443450927734,0,"2012-03-13","BKSL"
434.443450927734,434.443450927734,434.443450927734,434.443450927734,0,"2012-03-14","BKSL"
434.443450927734,434.443450927734,434.443450927734,434.443450927734,0,"2012-03-15","BKSL"
434.443450927734,434.443450927734,434.443450927734,434.443450927734,0,"2012-03-16","BKSL"
434.443450927734,434.443450927734,434.443450927734,434.443450927734,0,"2012-03-19","BKSL"
434.443450927734,434.443450927734,434.443450927734,434.443450927734,0,"2012-03-20","BKSL"
434.443450927734,434.443450927734,434.443450927734,434.443450927734,0,"2012-03-21","BKSL"
434.443450927734,434.443450927734,434.443450927734,434.443450927734,0,"2012-03-22","BKSL"
434.443450927734,434.443450927734,434.443450927734,434.443450927734,0,"2012-03-26","BKSL"
434.443450927734,434.443450927734,434.443450927734,434.443450927734,0,"2012-03-27","BKSL"
434.443450927734,434.443450927734,434.443450927734,434.443450927734,0,"2012-03-28","BKSL"
434.443450927734,434.443450927734,434.443450927734,434.443450927734,0,"2012-03-29","BKSL"
434.443450927734,434.443450927734,434.443450927734,434.443450927734,0,"2012-03-30","BKSL"
434.443450927734,434.443450927734,434.443450927734,434.443450927734,0,"2012-04-02","BKSL"
434.443450927734,434.443450927734,434.443450927734,434.443450927734,0,"2012-04-03","BKSL"
434.443450927734,434.443450927734,434.443450927734,434.443450927734,0,"2012-04-04","BKSL"
434.443450927734,434.443450927734,434.443450927734,434.443450927734,0,"2012-04-05","BKSL"
434.443450927734,434.443450927734,434.443450927734,434.443450927734,0,"2012-04-09","BKSL"
434.443450927734,434.443450927734,434.443450927734,434.443450927734,0,"2012-04-10","BKSL"
434.443450927734,434.443450927734,434.443450927734,434.443450927734,0,"2012-04-11","BKSL"
434.443450927734,434.443450927734,434.443450927734,434.443450927734,0,"2012-04-12","BKSL"
434.443450927734,434.443450927734,434.443450927734,434.443450927734,0,"2012-04-13","BKSL"
434.443450927734,434.443450927734,434.443450927734,434.443450927734,0,"2012-04-16","BKSL"
434.443450927734,434.443450927734,434.443450927734,434.443450927734,0,"2012-04-17","BKSL"
434.443450927734,434.443450927734,434.443450927734,434.443450927734,0,"2012-04-18","BKSL"
434.443450927734,434.443450927734,434.443450927734,434.443450927734,0,"2012-04-19","BKSL"
434.443450927734,434.443450927734,434.443450927734,434.443450927734,0,"2012-04-20","BKSL"
434.443450927734,434.443450927734,434.443450927734,434.443450927734,0,"2012-04-23","BKSL"
434.443450927734,434.443450927734,434.443450927734,434.443450927734,0,"2012-04-24","BKSL"
434.443450927734,434.443450927734,434.443450927734,434.443450927734,0,"2012-04-25","BKSL"
434.443450927734,434.443450927734,434.443450927734,434.443450927734,0,"2012-04-26","BKSL"
434.443450927734,434.443450927734,434.443450927734,434.443450927734,0,"2012-04-27","BKSL"
434.443450927734,434.443450927734,434.443450927734,434.443450927734,0,"2012-04-30","BKSL"
434.443450927734,434.443450927734,434.443450927734,434.443450927734,0,"2012-05-01","BKSL"
434.443450927734,434.443450927734,434.443450927734,434.443450927734,0,"2012-05-02","BKSL"
434.443450927734,434.443450927734,434.443450927734,434.443450927734,0,"2012-05-03","BKSL"
434.443450927734,434.443450927734,434.443450927734,434.443450927734,0,"2012-05-04","BKSL"
434.443450927734,434.443450927734,434.443450927734,434.443450927734,0,"2012-05-07","BKSL"
434.443450927734,434.443450927734,434.443450927734,434.443450927734,0,"2012-05-08","BKSL"
434.443450927734,434.443450927734,434.443450927734,434.443450927734,0,"2012-05-09","BKSL"
434.443450927734,434.443450927734,434.443450927734,434.443450927734,0,"2012-05-10","BKSL"
434.443450927734,434.443450927734,434.443450927734,434.443450927734,0,"2012-05-11","BKSL"
434.443450927734,434.443450927734,434.443450927734,434.443450927734,0,"2012-05-14","BKSL"
434.443450927734,434.443450927734,434.443450927734,434.443450927734,0,"2012-05-15","BKSL"
434.443450927734,434.443450927734,434.443450927734,434.443450927734,0,"2012-05-16","BKSL"
434.443450927734,434.443450927734,434.443450927734,434.443450927734,0,"2012-05-21","BKSL"
434.443450927734,434.443450927734,434.443450927734,434.443450927734,0,"2012-05-22","BKSL"
434.443450927734,434.443450927734,434.443450927734,434.443450927734,0,"2012-05-23","BKSL"
434.443450927734,434.443450927734,434.443450927734,434.443450927734,0,"2012-05-24","BKSL"
434.443450927734,434.443450927734,434.443450927734,434.443450927734,0,"2012-05-25","BKSL"
434.443450927734,434.443450927734,434.443450927734,434.443450927734,0,"2012-05-28","BKSL"
434.443450927734,434.443450927734,434.443450927734,434.443450927734,0,"2012-05-29","BKSL"
434.443450927734,434.443450927734,434.443450927734,434.443450927734,0,"2012-05-30","BKSL"
434.443450927734,434.443450927734,434.443450927734,434.443450927734,0,"2012-05-31","BKSL"
434.443450927734,434.443450927734,434.443450927734,434.443450927734,0,"2012-06-01","BKSL"
434.443450927734,434.443450927734,434.443450927734,434.443450927734,0,"2012-06-04","BKSL"
434.443450927734,434.443450927734,434.443450927734,434.443450927734,0,"2012-06-05","BKSL"
434.443450927734,434.443450927734,434.443450927734,434.443450927734,0,"2012-06-06","BKSL"
434.443450927734,434.443450927734,434.443450927734,434.443450927734,0,"2012-06-07","BKSL"
434.443450927734,434.443450927734,434.443450927734,434.443450927734,0,"2012-06-08","BKSL"
434.443450927734,434.443450927734,434.443450927734,434.443450927734,0,"2012-06-11","BKSL"
434.443450927734,434.443450927734,434.443450927734,434.443450927734,0,"2012-06-12","BKSL"
434.443450927734,434.443450927734,434.443450927734,434.443450927734,0,"2012-06-13","BKSL"
434.443450927734,434.443450927734,434.443450927734,434.443450927734,0,"2012-06-14","BKSL"
434.443450927734,434.443450927734,434.443450927734,434.443450927734,0,"2012-06-15","BKSL"
434.443450927734,434.443450927734,434.443450927734,434.443450927734,0,"2012-06-18","BKSL"
434.443450927734,434.443450927734,434.443450927734,434.443450927734,0,"2012-06-19","BKSL"
434.443450927734,434.443450927734,434.443450927734,434.443450927734,0,"2012-06-20","BKSL"
434.443450927734,434.443450927734,434.443450927734,434.443450927734,0,"2012-06-21","BKSL"
434.443450927734,434.443450927734,434.443450927734,434.443450927734,0,"2012-06-22","BKSL"
434.443450927734,434.443450927734,434.443450927734,434.443450927734,0,"2012-06-25","BKSL"
434.443450927734,434.443450927734,434.443450927734,434.443450927734,0,"2012-06-26","BKSL"
434.443450927734,434.443450927734,434.443450927734,434.443450927734,0,"2012-06-27","BKSL"
434.443450927734,434.443450927734,434.443450927734,434.443450927734,0,"2012-06-28","BKSL"
434.443450927734,434.443450927734,434.443450927734,434.443450927734,0,"2012-06-29","BKSL"
434.443450927734,434.443450927734,434.443450927734,434.443450927734,0,"2012-07-02","BKSL"
434.443450927734,434.443450927734,434.443450927734,434.443450927734,0,"2012-07-03","BKSL"
434.443450927734,434.443450927734,434.443450927734,434.443450927734,0,"2012-07-04","BKSL"
434.443450927734,434.443450927734,434.443450927734,434.443450927734,0,"2012-07-05","BKSL"
434.443450927734,434.443450927734,434.443450927734,434.443450927734,0,"2012-07-06","BKSL"
434.443450927734,434.443450927734,434.443450927734,434.443450927734,0,"2012-07-09","BKSL"
434.443450927734,434.443450927734,434.443450927734,434.443450927734,0,"2012-07-10","BKSL"
434.443450927734,434.443450927734,434.443450927734,434.443450927734,0,"2012-07-11","BKSL"
434.443450927734,434.443450927734,434.443450927734,434.443450927734,0,"2012-07-12","BKSL"
434.443450927734,434.443450927734,434.443450927734,434.443450927734,0,"2012-07-13","BKSL"
434.443450927734,434.443450927734,434.443450927734,434.443450927734,0,"2012-07-16","BKSL"
434.443450927734,434.443450927734,434.443450927734,434.443450927734,0,"2012-07-17","BKSL"
434.443450927734,434.443450927734,434.443450927734,434.443450927734,0,"2012-07-18","BKSL"
434.443450927734,434.443450927734,434.443450927734,434.443450927734,0,"2012-07-19","BKSL"
434.443450927734,434.443450927734,434.443450927734,434.443450927734,0,"2012-07-20","BKSL"
434.443450927734,434.443450927734,434.443450927734,434.443450927734,0,"2012-07-23","BKSL"
434.443450927734,434.443450927734,434.443450927734,434.443450927734,0,"2012-07-24","BKSL"
434.443450927734,434.443450927734,434.443450927734,434.443450927734,0,"2012-07-25","BKSL"
434.443450927734,434.443450927734,434.443450927734,434.443450927734,0,"2012-07-26","BKSL"
434.443450927734,434.443450927734,434.443450927734,434.443450927734,0,"2012-07-27","BKSL"
434.443450927734,434.443450927734,434.443450927734,434.443450927734,0,"2012-07-30","BKSL"
434.443450927734,434.443450927734,434.443450927734,434.443450927734,0,"2012-07-31","BKSL"
434.443450927734,434.443450927734,434.443450927734,434.443450927734,0,"2012-08-01","BKSL"
434.443450927734,434.443450927734,434.443450927734,434.443450927734,0,"2012-08-02","BKSL"
434.443450927734,434.443450927734,434.443450927734,434.443450927734,0,"2012-08-03","BKSL"
434.443450927734,434.443450927734,434.443450927734,434.443450927734,0,"2012-08-06","BKSL"
434.443450927734,434.443450927734,434.443450927734,434.443450927734,0,"2012-08-07","BKSL"
434.443450927734,434.443450927734,434.443450927734,434.443450927734,0,"2012-08-08","BKSL"
434.443450927734,434.443450927734,434.443450927734,434.443450927734,0,"2012-08-09","BKSL"
434.443450927734,434.443450927734,434.443450927734,434.443450927734,0,"2012-08-10","BKSL"
434.443450927734,434.443450927734,434.443450927734,434.443450927734,0,"2012-08-13","BKSL"
434.443450927734,434.443450927734,434.443450927734,434.443450927734,0,"2012-08-14","BKSL"
434.443450927734,434.443450927734,434.443450927734,434.443450927734,0,"2012-08-15","BKSL"
434.443450927734,434.443450927734,434.443450927734,434.443450927734,0,"2012-08-16","BKSL"
434.443450927734,434.443450927734,434.443450927734,434.443450927734,0,"2012-08-23","BKSL"
434.443450927734,434.443450927734,434.443450927734,434.443450927734,0,"2012-08-24","BKSL"
434.443450927734,434.443450927734,434.443450927734,434.443450927734,0,"2012-08-27","BKSL"
434.443450927734,434.443450927734,434.443450927734,434.443450927734,0,"2012-08-28","BKSL"
434.443450927734,434.443450927734,434.443450927734,434.443450927734,0,"2012-08-29","BKSL"
434.443450927734,434.443450927734,434.443450927734,434.443450927734,0,"2012-08-30","BKSL"
434.443450927734,434.443450927734,434.443450927734,434.443450927734,0,"2012-08-31","BKSL"
434.443450927734,434.443450927734,434.443450927734,434.443450927734,0,"2012-09-03","BKSL"
434.443450927734,434.443450927734,434.443450927734,434.443450927734,0,"2012-09-04","BKSL"
434.443450927734,434.443450927734,434.443450927734,434.443450927734,0,"2012-09-05","BKSL"
434.443450927734,434.443450927734,434.443450927734,434.443450927734,0,"2012-09-06","BKSL"
434.443450927734,434.443450927734,434.443450927734,434.443450927734,0,"2012-09-07","BKSL"
434.443450927734,434.443450927734,434.443450927734,434.443450927734,0,"2012-09-10","BKSL"
434.443450927734,434.443450927734,434.443450927734,434.443450927734,0,"2012-09-11","BKSL"
434.443450927734,434.443450927734,434.443450927734,434.443450927734,0,"2012-09-12","BKSL"
434.443450927734,434.443450927734,434.443450927734,434.443450927734,0,"2012-09-13","BKSL"
434.443450927734,434.443450927734,434.443450927734,434.443450927734,0,"2012-09-14","BKSL"
434.443450927734,434.443450927734,434.443450927734,434.443450927734,0,"2012-09-17","BKSL"
434.443450927734,434.443450927734,434.443450927734,434.443450927734,0,"2012-09-18","BKSL"
434.443450927734,434.443450927734,434.443450927734,434.443450927734,0,"2012-09-19","BKSL"
434.443450927734,434.443450927734,434.443450927734,434.443450927734,0,"2012-09-20","BKSL"
434.443450927734,434.443450927734,434.443450927734,434.443450927734,0,"2012-09-21","BKSL"
434.443450927734,434.443450927734,434.443450927734,434.443450927734,0,"2012-09-24","BKSL"
434.443450927734,434.443450927734,434.443450927734,434.443450927734,0,"2012-09-25","BKSL"
434.443450927734,434.443450927734,434.443450927734,434.443450927734,0,"2012-09-26","BKSL"
434.443450927734,434.443450927734,434.443450927734,434.443450927734,0,"2012-09-27","BKSL"
434.443450927734,434.443450927734,434.443450927734,434.443450927734,0,"2012-09-28","BKSL"
434.443450927734,434.443450927734,434.443450927734,434.443450927734,0,"2012-10-01","BKSL"
434.443450927734,434.443450927734,434.443450927734,434.443450927734,0,"2012-10-02","BKSL"
434.443450927734,434.443450927734,434.443450927734,434.443450927734,0,"2012-10-03","BKSL"
434.443450927734,434.443450927734,434.443450927734,434.443450927734,0,"2012-10-04","BKSL"
434.443450927734,434.443450927734,434.443450927734,434.443450927734,0,"2012-10-05","BKSL"
434.443450927734,434.443450927734,434.443450927734,434.443450927734,0,"2012-10-08","BKSL"
434.443450927734,434.443450927734,434.443450927734,434.443450927734,0,"2012-10-09","BKSL"
434.443450927734,434.443450927734,434.443450927734,434.443450927734,0,"2012-10-10","BKSL"
434.443450927734,434.443450927734,434.443450927734,434.443450927734,0,"2012-10-11","BKSL"
434.443450927734,434.443450927734,434.443450927734,434.443450927734,0,"2012-10-12","BKSL"
434.443450927734,434.443450927734,434.443450927734,434.443450927734,0,"2012-10-15","BKSL"
434.443450927734,434.443450927734,434.443450927734,434.443450927734,0,"2012-10-16","BKSL"
434.443450927734,434.443450927734,434.443450927734,434.443450927734,0,"2012-10-17","BKSL"
434.443450927734,434.443450927734,434.443450927734,434.443450927734,0,"2012-10-18","BKSL"
434.443450927734,434.443450927734,434.443450927734,434.443450927734,0,"2012-10-19","BKSL"
434.443450927734,434.443450927734,434.443450927734,434.443450927734,0,"2012-10-22","BKSL"
434.443450927734,434.443450927734,434.443450927734,434.443450927734,0,"2012-10-23","BKSL"
434.443450927734,434.443450927734,434.443450927734,434.443450927734,0,"2012-10-24","BKSL"
434.443450927734,434.443450927734,434.443450927734,434.443450927734,0,"2012-10-25","BKSL"
434.443450927734,434.443450927734,434.443450927734,434.443450927734,0,"2012-10-29","BKSL"
434.443450927734,434.443450927734,434.443450927734,434.443450927734,0,"2012-10-30","BKSL"
434.443450927734,434.443450927734,434.443450927734,434.443450927734,0,"2012-10-31","BKSL"
434.443450927734,434.443450927734,434.443450927734,434.443450927734,0,"2012-11-01","BKSL"
434.443450927734,434.443450927734,434.443450927734,434.443450927734,0,"2012-11-02","BKSL"
434.443450927734,434.443450927734,434.443450927734,434.443450927734,0,"2012-11-05","BKSL"
434.443450927734,434.443450927734,434.443450927734,434.443450927734,0,"2012-11-06","BKSL"
434.443450927734,434.443450927734,434.443450927734,434.443450927734,0,"2012-11-07","BKSL"
434.443450927734,434.443450927734,434.443450927734,434.443450927734,0,"2012-11-08","BKSL"
434.443450927734,434.443450927734,434.443450927734,434.443450927734,0,"2012-11-09","BKSL"
434.443450927734,434.443450927734,434.443450927734,434.443450927734,0,"2012-11-12","BKSL"
434.443450927734,434.443450927734,434.443450927734,434.443450927734,0,"2012-11-13","BKSL"
434.443450927734,434.443450927734,434.443450927734,434.443450927734,0,"2012-11-14","BKSL"
434.443450927734,434.443450927734,434.443450927734,434.443450927734,0,"2012-11-19","BKSL"
434.443450927734,434.443450927734,434.443450927734,434.443450927734,0,"2012-11-20","BKSL"
434.443450927734,434.443450927734,434.443450927734,434.443450927734,0,"2012-11-21","BKSL"
434.443450927734,434.443450927734,434.443450927734,434.443450927734,0,"2012-11-22","BKSL"
434.443450927734,434.443450927734,434.443450927734,434.443450927734,0,"2012-11-23","BKSL"
434.443450927734,434.443450927734,434.443450927734,434.443450927734,0,"2012-11-26","BKSL"
434.443450927734,434.443450927734,434.443450927734,434.443450927734,0,"2012-11-27","BKSL"
434.443450927734,434.443450927734,434.443450927734,434.443450927734,0,"2012-11-28","BKSL"
434.443450927734,434.443450927734,434.443450927734,434.443450927734,0,"2012-11-29","BKSL"
434.443450927734,434.443450927734,434.443450927734,434.443450927734,0,"2012-11-30","BKSL"
434.443450927734,434.443450927734,434.443450927734,434.443450927734,0,"2012-12-03","BKSL"
434.443450927734,434.443450927734,434.443450927734,434.443450927734,0,"2012-12-04","BKSL"
434.443450927734,434.443450927734,434.443450927734,434.443450927734,0,"2012-12-05","BKSL"
434.443450927734,434.443450927734,434.443450927734,434.443450927734,0,"2012-12-06","BKSL"
434.443450927734,434.443450927734,434.443450927734,434.443450927734,0,"2012-12-07","BKSL"
434.443450927734,434.443450927734,434.443450927734,434.443450927734,0,"2012-12-10","BKSL"
434.443450927734,434.443450927734,434.443450927734,434.443450927734,0,"2012-12-11","BKSL"
434.443450927734,434.443450927734,434.443450927734,434.443450927734,0,"2012-12-12","BKSL"
434.443450927734,434.443450927734,434.443450927734,434.443450927734,0,"2012-12-13","BKSL"
434.443450927734,434.443450927734,434.443450927734,434.443450927734,0,"2012-12-14","BKSL"
434.443450927734,434.443450927734,434.443450927734,434.443450927734,0,"2012-12-17","BKSL"
434.443450927734,434.443450927734,434.443450927734,434.443450927734,0,"2012-12-18","BKSL"
434.443450927734,434.443450927734,434.443450927734,434.443450927734,0,"2012-12-19","BKSL"
434.443450927734,434.443450927734,434.443450927734,434.443450927734,0,"2012-12-20","BKSL"
434.443450927734,434.443450927734,434.443450927734,434.443450927734,0,"2012-12-21","BKSL"
434.443450927734,434.443450927734,434.443450927734,434.443450927734,0,"2012-12-26","BKSL"
434.443450927734,434.443450927734,434.443450927734,434.443450927734,0,"2012-12-27","BKSL"
434.443450927734,434.443450927734,434.443450927734,434.443450927734,0,"2012-12-28","BKSL"
434.443450927734,434.443450927734,434.443450927734,434.443450927734,0,"2013-01-02","BKSL"
434.443450927734,434.443450927734,434.443450927734,434.443450927734,0,"2013-01-03","BKSL"
434.443450927734,434.443450927734,434.443450927734,434.443450927734,0,"2013-01-04","BKSL"
434.443450927734,434.443450927734,434.443450927734,434.443450927734,0,"2013-01-07","BKSL"
434.443450927734,434.443450927734,434.443450927734,434.443450927734,0,"2013-01-08","BKSL"
434.443450927734,434.443450927734,434.443450927734,434.443450927734,0,"2013-01-09","BKSL"
434.443450927734,434.443450927734,434.443450927734,434.443450927734,0,"2013-01-10","BKSL"
434.443450927734,434.443450927734,434.443450927734,434.443450927734,0,"2013-01-11","BKSL"
434.443450927734,434.443450927734,434.443450927734,434.443450927734,0,"2013-01-14","BKSL"
434.443450927734,434.443450927734,434.443450927734,434.443450927734,0,"2013-01-15","BKSL"
434.443450927734,434.443450927734,434.443450927734,434.443450927734,0,"2013-01-16","BKSL"
434.443450927734,434.443450927734,434.443450927734,434.443450927734,0,"2013-01-17","BKSL"
434.443450927734,434.443450927734,434.443450927734,434.443450927734,0,"2013-01-18","BKSL"
434.443450927734,434.443450927734,434.443450927734,434.443450927734,0,"2013-01-21","BKSL"
434.443450927734,434.443450927734,434.443450927734,434.443450927734,0,"2013-01-22","BKSL"
434.443450927734,434.443450927734,434.443450927734,434.443450927734,0,"2013-01-23","BKSL"
434.443450927734,434.443450927734,434.443450927734,434.443450927734,0,"2013-01-25","BKSL"
434.443450927734,434.443450927734,434.443450927734,434.443450927734,0,"2013-01-28","BKSL"
434.443450927734,434.443450927734,434.443450927734,434.443450927734,0,"2013-01-29","BKSL"
434.443450927734,434.443450927734,434.443450927734,434.443450927734,0,"2013-01-30","BKSL"
434.443450927734,434.443450927734,434.443450927734,434.443450927734,0,"2013-01-31","BKSL"
434.443450927734,434.443450927734,434.443450927734,434.443450927734,0,"2013-02-01","BKSL"
434.443450927734,434.443450927734,434.443450927734,434.443450927734,0,"2013-02-04","BKSL"
434.443450927734,434.443450927734,434.443450927734,434.443450927734,0,"2013-02-05","BKSL"
434.443450927734,434.443450927734,434.443450927734,434.443450927734,0,"2013-02-06","BKSL"
434.443450927734,434.443450927734,434.443450927734,434.443450927734,0,"2013-02-07","BKSL"
434.443450927734,434.443450927734,434.443450927734,434.443450927734,0,"2013-02-08","BKSL"
434.443450927734,434.443450927734,434.443450927734,434.443450927734,0,"2013-02-11","BKSL"
434.443450927734,434.443450927734,434.443450927734,434.443450927734,0,"2013-02-12","BKSL"
434.443450927734,434.443450927734,434.443450927734,434.443450927734,0,"2013-02-13","BKSL"
434.443450927734,434.443450927734,434.443450927734,434.443450927734,0,"2013-02-14","BKSL"
434.443450927734,434.443450927734,434.443450927734,434.443450927734,0,"2013-02-15","BKSL"
434.443450927734,434.443450927734,434.443450927734,434.443450927734,0,"2013-02-18","BKSL"
434.443450927734,434.443450927734,434.443450927734,434.443450927734,0,"2013-02-19","BKSL"
434.443450927734,434.443450927734,434.443450927734,434.443450927734,0,"2013-02-20","BKSL"
434.443450927734,434.443450927734,434.443450927734,434.443450927734,0,"2013-02-21","BKSL"
434.443450927734,434.443450927734,434.443450927734,434.443450927734,0,"2013-02-22","BKSL"
434.443450927734,434.443450927734,434.443450927734,434.443450927734,0,"2013-02-25","BKSL"
434.443450927734,434.443450927734,434.443450927734,434.443450927734,0,"2013-02-26","BKSL"
434.443450927734,434.443450927734,434.443450927734,434.443450927734,0,"2013-02-27","BKSL"
434.443450927734,434.443450927734,434.443450927734,434.443450927734,0,"2013-02-28","BKSL"
434.443450927734,434.443450927734,434.443450927734,434.443450927734,0,"2013-03-01","BKSL"
434.443450927734,434.443450927734,434.443450927734,434.443450927734,0,"2013-03-04","BKSL"
434.443450927734,434.443450927734,434.443450927734,434.443450927734,0,"2013-03-05","BKSL"
434.443450927734,434.443450927734,434.443450927734,434.443450927734,0,"2013-03-06","BKSL"
434.443450927734,434.443450927734,434.443450927734,434.443450927734,0,"2013-03-07","BKSL"
434.443450927734,434.443450927734,434.443450927734,434.443450927734,0,"2013-03-08","BKSL"
434.443450927734,434.443450927734,434.443450927734,434.443450927734,0,"2013-03-11","BKSL"
434.443450927734,434.443450927734,434.443450927734,434.443450927734,0,"2013-03-13","BKSL"
434.443450927734,434.443450927734,434.443450927734,434.443450927734,0,"2013-03-14","BKSL"
434.443450927734,434.443450927734,434.443450927734,434.443450927734,0,"2013-03-15","BKSL"
434.443450927734,434.443450927734,434.443450927734,434.443450927734,0,"2013-03-18","BKSL"
434.443450927734,434.443450927734,434.443450927734,434.443450927734,0,"2013-03-19","BKSL"
434.443450927734,434.443450927734,434.443450927734,434.443450927734,0,"2013-03-20","BKSL"
434.443450927734,434.443450927734,434.443450927734,434.443450927734,0,"2013-03-21","BKSL"
434.443450927734,434.443450927734,434.443450927734,434.443450927734,0,"2013-03-22","BKSL"
434.443450927734,434.443450927734,434.443450927734,434.443450927734,0,"2013-03-25","BKSL"
434.443450927734,434.443450927734,434.443450927734,434.443450927734,0,"2013-03-26","BKSL"
434.443450927734,434.443450927734,434.443450927734,434.443450927734,0,"2013-03-27","BKSL"
434.443450927734,434.443450927734,434.443450927734,434.443450927734,0,"2013-03-28","BKSL"
434.443450927734,434.443450927734,434.443450927734,434.443450927734,0,"2013-04-01","BKSL"
434.443450927734,434.443450927734,434.443450927734,434.443450927734,0,"2013-04-02","BKSL"
434.443450927734,434.443450927734,434.443450927734,434.443450927734,0,"2013-04-03","BKSL"
434.443450927734,434.443450927734,434.443450927734,434.443450927734,0,"2013-04-04","BKSL"
434.443450927734,434.443450927734,434.443450927734,434.443450927734,0,"2013-04-05","BKSL"
434.443450927734,434.443450927734,434.443450927734,434.443450927734,0,"2013-04-08","BKSL"
434.443450927734,434.443450927734,434.443450927734,434.443450927734,0,"2013-04-09","BKSL"
434.443450927734,434.443450927734,434.443450927734,434.443450927734,0,"2013-04-10","BKSL"
434.443450927734,434.443450927734,434.443450927734,434.443450927734,0,"2013-04-11","BKSL"
434.443450927734,434.443450927734,434.443450927734,434.443450927734,0,"2013-04-12","BKSL"
434.443450927734,434.443450927734,434.443450927734,434.443450927734,0,"2013-04-15","BKSL"
434.443450927734,434.443450927734,434.443450927734,434.443450927734,0,"2013-04-16","BKSL"
434.443450927734,434.443450927734,434.443450927734,434.443450927734,0,"2013-04-17","BKSL"
434.443450927734,434.443450927734,434.443450927734,434.443450927734,0,"2013-04-18","BKSL"
434.443450927734,434.443450927734,434.443450927734,434.443450927734,0,"2013-04-19","BKSL"
434.443450927734,434.443450927734,434.443450927734,434.443450927734,0,"2013-04-22","BKSL"
434.443450927734,434.443450927734,434.443450927734,434.443450927734,0,"2013-04-23","BKSL"
434.443450927734,434.443450927734,434.443450927734,434.443450927734,0,"2013-04-24","BKSL"
434.443450927734,434.443450927734,434.443450927734,434.443450927734,0,"2013-04-25","BKSL"
434.443450927734,434.443450927734,434.443450927734,434.443450927734,0,"2013-04-26","BKSL"
434.443450927734,434.443450927734,434.443450927734,434.443450927734,0,"2013-04-29","BKSL"
434.443450927734,434.443450927734,434.443450927734,434.443450927734,0,"2013-04-30","BKSL"
434.443450927734,434.443450927734,434.443450927734,434.443450927734,0,"2013-05-01","BKSL"
434.443450927734,434.443450927734,434.443450927734,434.443450927734,0,"2013-05-02","BKSL"
434.443450927734,434.443450927734,434.443450927734,434.443450927734,0,"2013-05-03","BKSL"
434.443450927734,434.443450927734,434.443450927734,434.443450927734,0,"2013-05-06","BKSL"
434.443450927734,434.443450927734,434.443450927734,434.443450927734,0,"2013-05-07","BKSL"
434.443450927734,434.443450927734,434.443450927734,434.443450927734,0,"2013-05-08","BKSL"
434.443450927734,434.443450927734,434.443450927734,434.443450927734,0,"2013-05-10","BKSL"
434.443450927734,434.443450927734,434.443450927734,434.443450927734,0,"2013-05-13","BKSL"
434.443450927734,434.443450927734,434.443450927734,434.443450927734,0,"2013-05-14","BKSL"
434.443450927734,434.443450927734,434.443450927734,434.443450927734,0,"2013-05-15","BKSL"
434.443450927734,434.443450927734,434.443450927734,434.443450927734,0,"2013-05-16","BKSL"
434.443450927734,434.443450927734,434.443450927734,434.443450927734,0,"2013-05-17","BKSL"
434.443450927734,434.443450927734,434.443450927734,434.443450927734,0,"2013-05-20","BKSL"
434.443450927734,434.443450927734,434.443450927734,434.443450927734,0,"2013-05-21","BKSL"
434.443450927734,434.443450927734,434.443450927734,434.443450927734,0,"2013-05-22","BKSL"
434.443450927734,434.443450927734,434.443450927734,434.443450927734,0,"2013-05-23","BKSL"
434.443450927734,434.443450927734,434.443450927734,434.443450927734,0,"2013-05-24","BKSL"
434.443450927734,434.443450927734,434.443450927734,434.443450927734,0,"2013-05-27","BKSL"
434.443450927734,434.443450927734,434.443450927734,434.443450927734,0,"2013-05-28","BKSL"
434.443450927734,434.443450927734,434.443450927734,434.443450927734,0,"2013-05-29","BKSL"
434.443450927734,434.443450927734,434.443450927734,434.443450927734,0,"2013-05-30","BKSL"
434.443450927734,434.443450927734,434.443450927734,434.443450927734,0,"2013-05-31","BKSL"
434.443450927734,434.443450927734,434.443450927734,434.443450927734,0,"2013-06-03","BKSL"
434.443450927734,434.443450927734,434.443450927734,434.443450927734,0,"2013-06-04","BKSL"
434.443450927734,434.443450927734,434.443450927734,434.443450927734,0,"2013-06-05","BKSL"
434.443450927734,434.443450927734,434.443450927734,434.443450927734,0,"2013-06-07","BKSL"
434.443450927734,434.443450927734,434.443450927734,434.443450927734,0,"2013-06-10","BKSL"
434.443450927734,434.443450927734,434.443450927734,434.443450927734,0,"2013-06-11","BKSL"
434.443450927734,434.443450927734,434.443450927734,434.443450927734,0,"2013-06-12","BKSL"
434.443450927734,434.443450927734,434.443450927734,434.443450927734,0,"2013-06-13","BKSL"
434.443450927734,434.443450927734,434.443450927734,434.443450927734,0,"2013-06-14","BKSL"
434.443450927734,434.443450927734,434.443450927734,434.443450927734,0,"2013-06-17","BKSL"
434.443450927734,434.443450927734,434.443450927734,434.443450927734,0,"2013-06-18","BKSL"
434.443450927734,434.443450927734,434.443450927734,434.443450927734,0,"2013-06-19","BKSL"
434.443450927734,434.443450927734,434.443450927734,434.443450927734,0,"2013-06-20","BKSL"
434.443450927734,434.443450927734,434.443450927734,434.443450927734,0,"2013-06-21","BKSL"
434.443450927734,434.443450927734,434.443450927734,434.443450927734,0,"2013-06-24","BKSL"
434.443450927734,434.443450927734,434.443450927734,434.443450927734,0,"2013-06-25","BKSL"
434.443450927734,434.443450927734,434.443450927734,434.443450927734,0,"2013-06-26","BKSL"
434.443450927734,434.443450927734,434.443450927734,434.443450927734,0,"2013-06-27","BKSL"
434.443450927734,434.443450927734,434.443450927734,434.443450927734,0,"2013-06-28","BKSL"
434.443450927734,434.443450927734,434.443450927734,434.443450927734,0,"2013-07-01","BKSL"
434.443450927734,434.443450927734,434.443450927734,434.443450927734,0,"2013-07-02","BKSL"
434.443450927734,434.443450927734,434.443450927734,434.443450927734,0,"2013-07-03","BKSL"
434.443450927734,434.443450927734,434.443450927734,434.443450927734,0,"2013-07-04","BKSL"
434.443450927734,434.443450927734,434.443450927734,434.443450927734,0,"2013-07-05","BKSL"
434.443450927734,434.443450927734,434.443450927734,434.443450927734,0,"2013-07-08","BKSL"
434.443450927734,434.443450927734,434.443450927734,434.443450927734,0,"2013-07-09","BKSL"
434.443450927734,434.443450927734,434.443450927734,434.443450927734,0,"2013-07-10","BKSL"
434.443450927734,434.443450927734,434.443450927734,434.443450927734,0,"2013-07-11","BKSL"
434.443450927734,434.443450927734,434.443450927734,434.443450927734,0,"2013-07-12","BKSL"
434.443450927734,434.443450927734,434.443450927734,434.443450927734,0,"2013-07-15","BKSL"
434.443450927734,434.443450927734,434.443450927734,434.443450927734,0,"2013-07-16","BKSL"
434.443450927734,434.443450927734,434.443450927734,434.443450927734,0,"2013-07-17","BKSL"
434.443450927734,434.443450927734,434.443450927734,434.443450927734,0,"2013-07-18","BKSL"
434.443450927734,434.443450927734,434.443450927734,434.443450927734,0,"2013-07-19","BKSL"
434.443450927734,434.443450927734,434.443450927734,434.443450927734,0,"2013-07-22","BKSL"
434.443450927734,434.443450927734,434.443450927734,434.443450927734,0,"2013-07-23","BKSL"
434.443450927734,434.443450927734,434.443450927734,434.443450927734,0,"2013-07-24","BKSL"
434.443450927734,434.443450927734,434.443450927734,434.443450927734,0,"2013-07-25","BKSL"
434.443450927734,434.443450927734,434.443450927734,434.443450927734,0,"2013-07-26","BKSL"
434.443450927734,434.443450927734,434.443450927734,434.443450927734,0,"2013-07-29","BKSL"
434.443450927734,434.443450927734,434.443450927734,434.443450927734,0,"2013-07-30","BKSL"
434.443450927734,434.443450927734,434.443450927734,434.443450927734,0,"2013-07-31","BKSL"
434.443450927734,434.443450927734,434.443450927734,434.443450927734,0,"2013-08-01","BKSL"
434.443450927734,434.443450927734,434.443450927734,434.443450927734,0,"2013-08-02","BKSL"
434.443450927734,434.443450927734,434.443450927734,434.443450927734,0,"2013-08-12","BKSL"
434.443450927734,434.443450927734,434.443450927734,434.443450927734,0,"2013-08-13","BKSL"
434.443450927734,434.443450927734,434.443450927734,434.443450927734,0,"2013-08-14","BKSL"
434.443450927734,434.443450927734,434.443450927734,434.443450927734,0,"2013-08-15","BKSL"
434.443450927734,434.443450927734,434.443450927734,434.443450927734,0,"2013-08-16","BKSL"
434.443450927734,434.443450927734,434.443450927734,434.443450927734,0,"2013-08-19","BKSL"
434.443450927734,434.443450927734,434.443450927734,434.443450927734,0,"2013-08-20","BKSL"
434.443450927734,434.443450927734,434.443450927734,434.443450927734,0,"2013-08-21","BKSL"
434.443450927734,434.443450927734,434.443450927734,434.443450927734,0,"2013-08-22","BKSL"
434.443450927734,434.443450927734,434.443450927734,434.443450927734,0,"2013-08-23","BKSL"
434.443450927734,434.443450927734,434.443450927734,434.443450927734,0,"2013-08-26","BKSL"
434.443450927734,434.443450927734,434.443450927734,434.443450927734,0,"2013-08-27","BKSL"
434.443450927734,434.443450927734,434.443450927734,434.443450927734,0,"2013-08-28","BKSL"
434.443450927734,434.443450927734,434.443450927734,434.443450927734,0,"2013-08-29","BKSL"
434.443450927734,434.443450927734,434.443450927734,434.443450927734,0,"2013-08-30","BKSL"
434.443450927734,434.443450927734,434.443450927734,434.443450927734,0,"2013-09-02","BKSL"
434.443450927734,434.443450927734,434.443450927734,434.443450927734,0,"2013-09-03","BKSL"
434.443450927734,434.443450927734,434.443450927734,434.443450927734,0,"2013-09-04","BKSL"
434.443450927734,434.443450927734,434.443450927734,434.443450927734,0,"2013-09-05","BKSL"
434.443450927734,434.443450927734,434.443450927734,434.443450927734,0,"2013-09-06","BKSL"
434.443450927734,434.443450927734,434.443450927734,434.443450927734,0,"2013-09-09","BKSL"
434.443450927734,434.443450927734,434.443450927734,434.443450927734,0,"2013-09-10","BKSL"
434.443450927734,434.443450927734,434.443450927734,434.443450927734,0,"2013-09-11","BKSL"
434.443450927734,434.443450927734,434.443450927734,434.443450927734,0,"2013-09-12","BKSL"
434.443450927734,434.443450927734,434.443450927734,434.443450927734,0,"2013-09-13","BKSL"
434.443450927734,434.443450927734,434.443450927734,434.443450927734,0,"2013-09-16","BKSL"
434.443450927734,434.443450927734,434.443450927734,434.443450927734,0,"2013-09-17","BKSL"
434.443450927734,434.443450927734,434.443450927734,434.443450927734,0,"2013-09-18","BKSL"
434.443450927734,434.443450927734,434.443450927734,434.443450927734,0,"2013-09-19","BKSL"
434.443450927734,434.443450927734,434.443450927734,434.443450927734,0,"2013-09-20","BKSL"
434.443450927734,434.443450927734,434.443450927734,434.443450927734,0,"2013-09-23","BKSL"
434.443450927734,434.443450927734,434.443450927734,434.443450927734,0,"2013-09-24","BKSL"
434.443450927734,434.443450927734,434.443450927734,434.443450927734,0,"2013-09-25","BKSL"
434.443450927734,434.443450927734,434.443450927734,434.443450927734,0,"2013-09-26","BKSL"
434.443450927734,434.443450927734,434.443450927734,434.443450927734,0,"2013-09-27","BKSL"
434.443450927734,434.443450927734,434.443450927734,434.443450927734,0,"2013-09-30","BKSL"
434.443450927734,434.443450927734,434.443450927734,434.443450927734,0,"2013-10-01","BKSL"
434.443450927734,434.443450927734,434.443450927734,434.443450927734,0,"2013-10-02","BKSL"
434.443450927734,434.443450927734,434.443450927734,434.443450927734,0,"2013-10-03","BKSL"
434.443450927734,434.443450927734,434.443450927734,434.443450927734,0,"2013-10-04","BKSL"
434.443450927734,434.443450927734,434.443450927734,434.443450927734,0,"2013-10-07","BKSL"
434.443450927734,434.443450927734,434.443450927734,434.443450927734,0,"2013-10-08","BKSL"
434.443450927734,434.443450927734,434.443450927734,434.443450927734,0,"2013-10-09","BKSL"
434.443450927734,434.443450927734,434.443450927734,434.443450927734,0,"2013-10-10","BKSL"
434.443450927734,434.443450927734,434.443450927734,434.443450927734,0,"2013-10-11","BKSL"
434.443450927734,434.443450927734,434.443450927734,434.443450927734,0,"2013-10-16","BKSL"
434.443450927734,434.443450927734,434.443450927734,434.443450927734,0,"2013-10-17","BKSL"
434.443450927734,434.443450927734,434.443450927734,434.443450927734,0,"2013-10-18","BKSL"
434.443450927734,434.443450927734,434.443450927734,434.443450927734,0,"2013-10-21","BKSL"
434.443450927734,434.443450927734,434.443450927734,434.443450927734,0,"2013-10-22","BKSL"
434.443450927734,434.443450927734,434.443450927734,434.443450927734,0,"2013-10-23","BKSL"
434.443450927734,434.443450927734,434.443450927734,434.443450927734,0,"2013-10-24","BKSL"
434.443450927734,434.443450927734,434.443450927734,434.443450927734,0,"2013-10-25","BKSL"
434.443450927734,434.443450927734,434.443450927734,434.443450927734,0,"2013-10-28","BKSL"
434.443450927734,434.443450927734,434.443450927734,434.443450927734,0,"2013-10-29","BKSL"
434.443450927734,434.443450927734,434.443450927734,434.443450927734,0,"2013-10-30","BKSL"
434.443450927734,434.443450927734,434.443450927734,434.443450927734,0,"2013-10-31","BKSL"
434.443450927734,434.443450927734,434.443450927734,434.443450927734,0,"2013-11-01","BKSL"
434.443450927734,434.443450927734,434.443450927734,434.443450927734,0,"2013-11-04","BKSL"
434.443450927734,434.443450927734,434.443450927734,434.443450927734,0,"2013-11-06","BKSL"
434.443450927734,434.443450927734,434.443450927734,434.443450927734,0,"2013-11-07","BKSL"
434.443450927734,434.443450927734,434.443450927734,434.443450927734,0,"2013-11-08","BKSL"
434.443450927734,434.443450927734,434.443450927734,434.443450927734,0,"2013-11-11","BKSL"
434.443450927734,434.443450927734,434.443450927734,434.443450927734,0,"2013-11-12","BKSL"
434.443450927734,434.443450927734,434.443450927734,434.443450927734,0,"2013-11-13","BKSL"
434.443450927734,434.443450927734,434.443450927734,434.443450927734,0,"2013-11-14","BKSL"
434.443450927734,434.443450927734,434.443450927734,434.443450927734,0,"2013-11-15","BKSL"
434.443450927734,434.443450927734,434.443450927734,434.443450927734,0,"2013-11-18","BKSL"
434.443450927734,434.443450927734,434.443450927734,434.443450927734,0,"2013-11-19","BKSL"
434.443450927734,434.443450927734,434.443450927734,434.443450927734,0,"2013-11-20","BKSL"
434.443450927734,434.443450927734,434.443450927734,434.443450927734,0,"2013-11-21","BKSL"
434.443450927734,434.443450927734,434.443450927734,434.443450927734,0,"2013-11-22","BKSL"
434.443450927734,434.443450927734,434.443450927734,434.443450927734,0,"2013-11-25","BKSL"
434.443450927734,434.443450927734,434.443450927734,434.443450927734,0,"2013-11-26","BKSL"
434.443450927734,434.443450927734,434.443450927734,434.443450927734,0,"2013-11-27","BKSL"
434.443450927734,434.443450927734,434.443450927734,434.443450927734,0,"2013-11-28","BKSL"
434.443450927734,434.443450927734,434.443450927734,434.443450927734,0,"2013-11-29","BKSL"
434.443450927734,434.443450927734,434.443450927734,434.443450927734,0,"2013-12-02","BKSL"
434.443450927734,434.443450927734,434.443450927734,434.443450927734,0,"2013-12-03","BKSL"
434.443450927734,434.443450927734,434.443450927734,434.443450927734,0,"2013-12-04","BKSL"
434.443450927734,434.443450927734,434.443450927734,434.443450927734,0,"2013-12-05","BKSL"
434.443450927734,434.443450927734,434.443450927734,434.443450927734,0,"2013-12-06","BKSL"
434.443450927734,434.443450927734,434.443450927734,434.443450927734,0,"2013-12-09","BKSL"
434.443450927734,434.443450927734,434.443450927734,434.443450927734,0,"2013-12-10","BKSL"
434.443450927734,434.443450927734,434.443450927734,434.443450927734,0,"2013-12-11","BKSL"
434.443450927734,434.443450927734,434.443450927734,434.443450927734,0,"2013-12-12","BKSL"
434.443450927734,434.443450927734,434.443450927734,434.443450927734,0,"2013-12-13","BKSL"
434.443450927734,434.443450927734,434.443450927734,434.443450927734,0,"2013-12-16","BKSL"
434.443450927734,434.443450927734,434.443450927734,434.443450927734,0,"2013-12-17","BKSL"
434.443450927734,434.443450927734,434.443450927734,434.443450927734,0,"2013-12-18","BKSL"
434.443450927734,434.443450927734,434.443450927734,434.443450927734,0,"2013-12-19","BKSL"
434.443450927734,434.443450927734,434.443450927734,434.443450927734,0,"2013-12-20","BKSL"
434.443450927734,434.443450927734,434.443450927734,434.443450927734,0,"2013-12-23","BKSL"
434.443450927734,434.443450927734,434.443450927734,434.443450927734,0,"2013-12-24","BKSL"
434.443450927734,434.443450927734,434.443450927734,434.443450927734,0,"2013-12-27","BKSL"
434.443450927734,434.443450927734,434.443450927734,434.443450927734,0,"2013-12-30","BKSL"
434.443450927734,434.443450927734,434.443450927734,434.443450927734,0,"2014-01-02","BKSL"
434.443450927734,434.443450927734,434.443450927734,434.443450927734,0,"2014-01-03","BKSL"
434.443450927734,434.443450927734,434.443450927734,434.443450927734,0,"2014-01-06","BKSL"
434.443450927734,434.443450927734,434.443450927734,434.443450927734,0,"2014-01-07","BKSL"
434.443450927734,434.443450927734,434.443450927734,434.443450927734,0,"2014-01-08","BKSL"
434.443450927734,434.443450927734,434.443450927734,434.443450927734,0,"2014-01-09","BKSL"
434.443450927734,434.443450927734,434.443450927734,434.443450927734,0,"2014-01-10","BKSL"
434.443450927734,434.443450927734,434.443450927734,434.443450927734,0,"2014-01-13","BKSL"
434.443450927734,434.443450927734,434.443450927734,434.443450927734,0,"2014-01-15","BKSL"
434.443450927734,434.443450927734,434.443450927734,434.443450927734,0,"2014-01-16","BKSL"
434.443450927734,434.443450927734,434.443450927734,434.443450927734,0,"2014-01-17","BKSL"
434.443450927734,434.443450927734,434.443450927734,434.443450927734,0,"2014-01-20","BKSL"
434.443450927734,434.443450927734,434.443450927734,434.443450927734,0,"2014-01-21","BKSL"
434.443450927734,434.443450927734,434.443450927734,434.443450927734,0,"2014-01-22","BKSL"
434.443450927734,434.443450927734,434.443450927734,434.443450927734,0,"2014-01-23","BKSL"
434.443450927734,434.443450927734,434.443450927734,434.443450927734,0,"2014-01-24","BKSL"
434.443450927734,434.443450927734,434.443450927734,434.443450927734,0,"2014-01-27","BKSL"
434.443450927734,434.443450927734,434.443450927734,434.443450927734,0,"2014-01-28","BKSL"
434.443450927734,434.443450927734,434.443450927734,434.443450927734,0,"2014-01-29","BKSL"
434.443450927734,434.443450927734,434.443450927734,434.443450927734,0,"2014-01-30","BKSL"
434.443450927734,434.443450927734,434.443450927734,434.443450927734,0,"2014-02-03","BKSL"
434.443450927734,434.443450927734,434.443450927734,434.443450927734,0,"2014-02-04","BKSL"
434.443450927734,434.443450927734,434.443450927734,434.443450927734,0,"2014-02-05","BKSL"
434.443450927734,434.443450927734,434.443450927734,434.443450927734,0,"2014-02-06","BKSL"
434.443450927734,434.443450927734,434.443450927734,434.443450927734,0,"2014-02-07","BKSL"
434.443450927734,434.443450927734,434.443450927734,434.443450927734,0,"2014-02-10","BKSL"
434.443450927734,434.443450927734,434.443450927734,434.443450927734,0,"2014-02-11","BKSL"
434.443450927734,434.443450927734,434.443450927734,434.443450927734,0,"2014-02-12","BKSL"
434.443450927734,434.443450927734,434.443450927734,434.443450927734,0,"2014-02-13","BKSL"
434.443450927734,434.443450927734,434.443450927734,434.443450927734,0,"2014-02-14","BKSL"
434.443450927734,434.443450927734,434.443450927734,434.443450927734,0,"2014-02-17","BKSL"
434.443450927734,434.443450927734,434.443450927734,434.443450927734,0,"2014-02-18","BKSL"
434.443450927734,434.443450927734,434.443450927734,434.443450927734,0,"2014-02-19","BKSL"
434.443450927734,434.443450927734,434.443450927734,434.443450927734,0,"2014-02-20","BKSL"
434.443450927734,434.443450927734,434.443450927734,434.443450927734,0,"2014-02-21","BKSL"
434.443450927734,434.443450927734,434.443450927734,434.443450927734,0,"2014-02-24","BKSL"
434.443450927734,434.443450927734,434.443450927734,434.443450927734,0,"2014-02-25","BKSL"
434.443450927734,434.443450927734,434.443450927734,434.443450927734,0,"2014-02-26","BKSL"
434.443450927734,434.443450927734,434.443450927734,434.443450927734,0,"2014-02-27","BKSL"
434.443450927734,434.443450927734,434.443450927734,434.443450927734,0,"2014-02-28","BKSL"
434.443450927734,434.443450927734,434.443450927734,434.443450927734,0,"2014-03-03","BKSL"
434.443450927734,434.443450927734,434.443450927734,434.443450927734,0,"2014-03-04","BKSL"
434.443450927734,434.443450927734,434.443450927734,434.443450927734,0,"2014-03-05","BKSL"
434.443450927734,434.443450927734,434.443450927734,434.443450927734,0,"2014-03-06","BKSL"
434.443450927734,434.443450927734,434.443450927734,434.443450927734,0,"2014-03-07","BKSL"
434.443450927734,434.443450927734,434.443450927734,434.443450927734,0,"2014-03-10","BKSL"
434.443450927734,434.443450927734,434.443450927734,434.443450927734,0,"2014-03-11","BKSL"
434.443450927734,434.443450927734,434.443450927734,434.443450927734,0,"2014-03-12","BKSL"
434.443450927734,434.443450927734,434.443450927734,434.443450927734,0,"2014-03-13","BKSL"
434.443450927734,434.443450927734,434.443450927734,434.443450927734,0,"2014-03-14","BKSL"
434.443450927734,434.443450927734,434.443450927734,434.443450927734,0,"2014-03-17","BKSL"
434.443450927734,434.443450927734,434.443450927734,434.443450927734,0,"2014-03-18","BKSL"
434.443450927734,434.443450927734,434.443450927734,434.443450927734,0,"2014-03-19","BKSL"
434.443450927734,434.443450927734,434.443450927734,434.443450927734,0,"2014-03-20","BKSL"
434.443450927734,434.443450927734,434.443450927734,434.443450927734,0,"2014-03-21","BKSL"
434.443450927734,434.443450927734,434.443450927734,434.443450927734,0,"2014-03-24","BKSL"
434.443450927734,434.443450927734,434.443450927734,434.443450927734,0,"2014-03-25","BKSL"
434.443450927734,434.443450927734,434.443450927734,434.443450927734,0,"2014-03-26","BKSL"
434.443450927734,434.443450927734,434.443450927734,434.443450927734,0,"2014-03-27","BKSL"
434.443450927734,434.443450927734,434.443450927734,434.443450927734,0,"2014-03-28","BKSL"
434.443450927734,434.443450927734,434.443450927734,434.443450927734,0,"2014-04-01","BKSL"
434.443450927734,434.443450927734,434.443450927734,434.443450927734,0,"2014-04-02","BKSL"
434.443450927734,434.443450927734,434.443450927734,434.443450927734,0,"2014-04-03","BKSL"
434.443450927734,434.443450927734,434.443450927734,434.443450927734,0,"2014-04-04","BKSL"
434.443450927734,434.443450927734,434.443450927734,434.443450927734,0,"2014-04-07","BKSL"
434.443450927734,434.443450927734,434.443450927734,434.443450927734,0,"2014-04-08","BKSL"
434.443450927734,434.443450927734,434.443450927734,434.443450927734,0,"2014-04-09","BKSL"
434.443450927734,434.443450927734,434.443450927734,434.443450927734,0,"2014-04-10","BKSL"
434.443450927734,434.443450927734,434.443450927734,434.443450927734,0,"2014-04-11","BKSL"
434.443450927734,434.443450927734,434.443450927734,434.443450927734,0,"2014-04-14","BKSL"
434.443450927734,434.443450927734,434.443450927734,434.443450927734,0,"2014-04-15","BKSL"
434.443450927734,434.443450927734,434.443450927734,434.443450927734,0,"2014-04-16","BKSL"
434.443450927734,434.443450927734,434.443450927734,434.443450927734,0,"2014-04-17","BKSL"
434.443450927734,434.443450927734,434.443450927734,434.443450927734,0,"2014-04-21","BKSL"
434.443450927734,434.443450927734,434.443450927734,434.443450927734,0,"2014-04-22","BKSL"
434.443450927734,434.443450927734,434.443450927734,434.443450927734,0,"2014-04-23","BKSL"
434.443450927734,434.443450927734,434.443450927734,434.443450927734,0,"2014-04-24","BKSL"
434.443450927734,434.443450927734,434.443450927734,434.443450927734,0,"2014-04-25","BKSL"
434.443450927734,434.443450927734,434.443450927734,434.443450927734,0,"2014-04-28","BKSL"
434.443450927734,434.443450927734,434.443450927734,434.443450927734,0,"2014-04-29","BKSL"
434.443450927734,434.443450927734,434.443450927734,434.443450927734,0,"2014-04-30","BKSL"
434.443450927734,434.443450927734,434.443450927734,434.443450927734,0,"2014-05-02","BKSL"
434.443450927734,434.443450927734,434.443450927734,434.443450927734,0,"2014-05-05","BKSL"
434.443450927734,434.443450927734,434.443450927734,434.443450927734,0,"2014-05-06","BKSL"
434.443450927734,434.443450927734,434.443450927734,434.443450927734,0,"2014-05-07","BKSL"
434.443450927734,434.443450927734,434.443450927734,434.443450927734,0,"2014-05-08","BKSL"
434.443450927734,434.443450927734,434.443450927734,434.443450927734,0,"2014-05-09","BKSL"
434.443450927734,434.443450927734,434.443450927734,434.443450927734,0,"2014-05-12","BKSL"
434.443450927734,434.443450927734,434.443450927734,434.443450927734,0,"2014-05-13","BKSL"
434.443450927734,434.443450927734,434.443450927734,434.443450927734,0,"2014-05-14","BKSL"
434.443450927734,434.443450927734,434.443450927734,434.443450927734,0,"2014-05-16","BKSL"
434.443450927734,434.443450927734,434.443450927734,434.443450927734,0,"2014-05-19","BKSL"
434.443450927734,434.443450927734,434.443450927734,434.443450927734,0,"2014-05-20","BKSL"
434.443450927734,434.443450927734,434.443450927734,434.443450927734,0,"2014-05-21","BKSL"
434.443450927734,434.443450927734,434.443450927734,434.443450927734,0,"2014-05-22","BKSL"
434.443450927734,434.443450927734,434.443450927734,434.443450927734,0,"2014-05-23","BKSL"
434.443450927734,434.443450927734,434.443450927734,434.443450927734,0,"2014-05-26","BKSL"
434.443450927734,434.443450927734,434.443450927734,434.443450927734,0,"2014-05-28","BKSL"
434.443450927734,434.443450927734,434.443450927734,434.443450927734,0,"2014-05-30","BKSL"
434.443450927734,434.443450927734,434.443450927734,434.443450927734,0,"2014-06-02","BKSL"
434.443450927734,434.443450927734,434.443450927734,434.443450927734,0,"2014-06-03","BKSL"
434.443450927734,434.443450927734,434.443450927734,434.443450927734,0,"2014-06-04","BKSL"
434.443450927734,434.443450927734,434.443450927734,434.443450927734,0,"2014-06-05","BKSL"
434.443450927734,434.443450927734,434.443450927734,434.443450927734,0,"2014-06-06","BKSL"
434.443450927734,434.443450927734,434.443450927734,434.443450927734,0,"2014-06-09","BKSL"
434.443450927734,434.443450927734,434.443450927734,434.443450927734,0,"2014-06-10","BKSL"
434.443450927734,434.443450927734,434.443450927734,434.443450927734,0,"2014-06-11","BKSL"
434.443450927734,434.443450927734,434.443450927734,434.443450927734,0,"2014-06-12","BKSL"
434.443450927734,434.443450927734,434.443450927734,434.443450927734,0,"2014-06-13","BKSL"
434.443450927734,434.443450927734,434.443450927734,434.443450927734,0,"2014-06-16","BKSL"
434.443450927734,434.443450927734,434.443450927734,434.443450927734,0,"2014-06-17","BKSL"
434.443450927734,434.443450927734,434.443450927734,434.443450927734,0,"2014-06-18","BKSL"
434.443450927734,434.443450927734,434.443450927734,434.443450927734,0,"2014-06-19","BKSL"
434.443450927734,434.443450927734,434.443450927734,434.443450927734,0,"2014-06-20","BKSL"
434.443450927734,434.443450927734,434.443450927734,434.443450927734,0,"2014-06-23","BKSL"
434.443450927734,434.443450927734,434.443450927734,434.443450927734,0,"2014-06-24","BKSL"
434.443450927734,434.443450927734,434.443450927734,434.443450927734,0,"2014-06-25","BKSL"
434.443450927734,434.443450927734,434.443450927734,434.443450927734,0,"2014-06-26","BKSL"
434.443450927734,434.443450927734,434.443450927734,434.443450927734,0,"2014-06-27","BKSL"
434.443450927734,434.443450927734,434.443450927734,434.443450927734,0,"2014-06-30","BKSL"
434.443450927734,434.443450927734,434.443450927734,434.443450927734,0,"2014-07-01","BKSL"
434.443450927734,434.443450927734,434.443450927734,434.443450927734,0,"2014-07-02","BKSL"
434.443450927734,434.443450927734,434.443450927734,434.443450927734,0,"2014-07-03","BKSL"
434.443450927734,434.443450927734,434.443450927734,434.443450927734,0,"2014-07-04","BKSL"
434.443450927734,434.443450927734,434.443450927734,434.443450927734,0,"2014-07-07","BKSL"
434.443450927734,434.443450927734,434.443450927734,434.443450927734,0,"2014-07-08","BKSL"
434.443450927734,434.443450927734,434.443450927734,434.443450927734,0,"2014-07-09","BKSL"
434.443450927734,434.443450927734,434.443450927734,434.443450927734,0,"2014-07-10","BKSL"
434.443450927734,434.443450927734,434.443450927734,434.443450927734,0,"2014-07-11","BKSL"
434.443450927734,434.443450927734,434.443450927734,434.443450927734,0,"2014-07-14","BKSL"
434.443450927734,434.443450927734,434.443450927734,434.443450927734,0,"2014-07-15","BKSL"
434.443450927734,434.443450927734,434.443450927734,434.443450927734,0,"2014-07-16","BKSL"
434.443450927734,434.443450927734,434.443450927734,434.443450927734,0,"2014-07-17","BKSL"
434.443450927734,434.443450927734,434.443450927734,434.443450927734,0,"2014-07-18","BKSL"
434.443450927734,434.443450927734,434.443450927734,434.443450927734,0,"2014-07-21","BKSL"
434.443450927734,434.443450927734,434.443450927734,434.443450927734,0,"2014-07-22","BKSL"
434.443450927734,434.443450927734,434.443450927734,434.443450927734,0,"2014-07-23","BKSL"
434.443450927734,434.443450927734,434.443450927734,434.443450927734,0,"2014-07-24","BKSL"
434.443450927734,434.443450927734,434.443450927734,434.443450927734,0,"2014-07-25","BKSL"
434.443450927734,434.443450927734,434.443450927734,434.443450927734,0,"2014-08-04","BKSL"
434.443450927734,434.443450927734,434.443450927734,434.443450927734,0,"2014-08-05","BKSL"
434.443450927734,434.443450927734,434.443450927734,434.443450927734,0,"2014-08-06","BKSL"
434.443450927734,434.443450927734,434.443450927734,434.443450927734,0,"2014-08-07","BKSL"
434.443450927734,434.443450927734,434.443450927734,434.443450927734,0,"2014-08-08","BKSL"
434.443450927734,434.443450927734,434.443450927734,434.443450927734,0,"2014-08-11","BKSL"
434.443450927734,434.443450927734,434.443450927734,434.443450927734,0,"2014-08-12","BKSL"
434.443450927734,434.443450927734,434.443450927734,434.443450927734,0,"2014-08-13","BKSL"
434.443450927734,434.443450927734,434.443450927734,434.443450927734,0,"2014-08-14","BKSL"
434.443450927734,434.443450927734,434.443450927734,434.443450927734,0,"2014-08-15","BKSL"
434.443450927734,434.443450927734,434.443450927734,434.443450927734,0,"2014-08-18","BKSL"
434.443450927734,434.443450927734,434.443450927734,434.443450927734,0,"2014-08-19","BKSL"
434.443450927734,434.443450927734,434.443450927734,434.443450927734,0,"2014-08-20","BKSL"
434.443450927734,434.443450927734,434.443450927734,434.443450927734,0,"2014-08-21","BKSL"
434.443450927734,434.443450927734,434.443450927734,434.443450927734,0,"2014-08-22","BKSL"
434.443450927734,434.443450927734,434.443450927734,434.443450927734,0,"2014-08-25","BKSL"
434.443450927734,434.443450927734,434.443450927734,434.443450927734,0,"2014-08-26","BKSL"
434.443450927734,434.443450927734,434.443450927734,434.443450927734,0,"2014-08-27","BKSL"
434.443450927734,434.443450927734,434.443450927734,434.443450927734,0,"2014-08-28","BKSL"
434.443450927734,434.443450927734,434.443450927734,434.443450927734,0,"2014-08-29","BKSL"
434.443450927734,434.443450927734,434.443450927734,434.443450927734,0,"2014-09-01","BKSL"
434.443450927734,434.443450927734,434.443450927734,434.443450927734,0,"2014-09-02","BKSL"
434.443450927734,434.443450927734,434.443450927734,434.443450927734,0,"2014-09-03","BKSL"
434.443450927734,434.443450927734,434.443450927734,434.443450927734,0,"2014-09-04","BKSL"
434.443450927734,434.443450927734,434.443450927734,434.443450927734,0,"2014-09-05","BKSL"
434.443450927734,434.443450927734,434.443450927734,434.443450927734,0,"2014-09-08","BKSL"
434.443450927734,434.443450927734,434.443450927734,434.443450927734,0,"2014-09-09","BKSL"
434.443450927734,434.443450927734,434.443450927734,434.443450927734,0,"2014-09-10","BKSL"
434.443450927734,434.443450927734,434.443450927734,434.443450927734,0,"2014-09-11","BKSL"
434.443450927734,434.443450927734,434.443450927734,434.443450927734,0,"2014-09-12","BKSL"
434.443450927734,434.443450927734,434.443450927734,434.443450927734,0,"2014-09-15","BKSL"
434.443450927734,434.443450927734,434.443450927734,434.443450927734,0,"2014-09-16","BKSL"
434.443450927734,434.443450927734,434.443450927734,434.443450927734,0,"2014-09-17","BKSL"
434.443450927734,434.443450927734,434.443450927734,434.443450927734,0,"2014-09-18","BKSL"
434.443450927734,434.443450927734,434.443450927734,434.443450927734,0,"2014-09-19","BKSL"
434.443450927734,434.443450927734,434.443450927734,434.443450927734,0,"2014-09-22","BKSL"
434.443450927734,434.443450927734,434.443450927734,434.443450927734,0,"2014-09-23","BKSL"
434.443450927734,434.443450927734,434.443450927734,434.443450927734,0,"2014-09-24","BKSL"
434.443450927734,434.443450927734,434.443450927734,434.443450927734,0,"2014-09-25","BKSL"
434.443450927734,434.443450927734,434.443450927734,434.443450927734,0,"2014-09-26","BKSL"
434.443450927734,434.443450927734,434.443450927734,434.443450927734,0,"2014-09-29","BKSL"
434.443450927734,434.443450927734,434.443450927734,434.443450927734,0,"2014-09-30","BKSL"
434.443450927734,434.443450927734,434.443450927734,434.443450927734,0,"2014-10-01","BKSL"
434.443450927734,434.443450927734,434.443450927734,434.443450927734,0,"2014-10-02","BKSL"
434.443450927734,434.443450927734,434.443450927734,434.443450927734,0,"2014-10-03","BKSL"
434.443450927734,434.443450927734,434.443450927734,434.443450927734,0,"2014-10-06","BKSL"
434.443450927734,434.443450927734,434.443450927734,434.443450927734,0,"2014-10-07","BKSL"
434.443450927734,434.443450927734,434.443450927734,434.443450927734,0,"2014-10-08","BKSL"
434.443450927734,434.443450927734,434.443450927734,434.443450927734,0,"2014-10-09","BKSL"
434.443450927734,434.443450927734,434.443450927734,434.443450927734,0,"2014-10-10","BKSL"
434.443450927734,434.443450927734,434.443450927734,434.443450927734,0,"2014-10-13","BKSL"
434.443450927734,434.443450927734,434.443450927734,434.443450927734,0,"2014-10-14","BKSL"
434.443450927734,434.443450927734,434.443450927734,434.443450927734,0,"2014-10-15","BKSL"
434.443450927734,434.443450927734,434.443450927734,434.443450927734,0,"2014-10-16","BKSL"
434.443450927734,434.443450927734,434.443450927734,434.443450927734,0,"2014-10-17","BKSL"
434.443450927734,434.443450927734,434.443450927734,434.443450927734,0,"2014-10-20","BKSL"
434.443450927734,434.443450927734,434.443450927734,434.443450927734,0,"2014-10-21","BKSL"
434.443450927734,434.443450927734,434.443450927734,434.443450927734,0,"2014-10-22","BKSL"
434.443450927734,434.443450927734,434.443450927734,434.443450927734,0,"2014-10-23","BKSL"
434.443450927734,434.443450927734,434.443450927734,434.443450927734,0,"2014-10-24","BKSL"
434.443450927734,434.443450927734,434.443450927734,434.443450927734,0,"2014-10-27","BKSL"
434.443450927734,434.443450927734,434.443450927734,434.443450927734,0,"2014-10-28","BKSL"
434.443450927734,434.443450927734,434.443450927734,434.443450927734,0,"2014-10-29","BKSL"
434.443450927734,434.443450927734,434.443450927734,434.443450927734,0,"2014-10-30","BKSL"
434.443450927734,434.443450927734,434.443450927734,434.443450927734,0,"2014-10-31","BKSL"
434.443450927734,434.443450927734,434.443450927734,434.443450927734,0,"2014-11-03","BKSL"
434.443450927734,434.443450927734,434.443450927734,434.443450927734,0,"2014-11-04","BKSL"
434.443450927734,434.443450927734,434.443450927734,434.443450927734,0,"2014-11-05","BKSL"
434.443450927734,434.443450927734,434.443450927734,434.443450927734,0,"2014-11-06","BKSL"
83.026969909668,83.9924011230469,82.0615386962891,83.026969909668,59117707,"2014-11-07","BKSL"
83.026969909668,83.9924011230469,83.026969909668,83.026969909668,24415445,"2014-11-10","BKSL"
83.9924011230469,85.9232559204102,83.026969909668,83.9924011230469,83092001,"2014-11-11","BKSL"
83.9924011230469,84.9578247070312,83.026969909668,83.9924011230469,29761457,"2014-11-12","BKSL"
84.9578247070312,84.9578247070312,83.026969909668,84.9578247070312,60877648,"2014-11-13","BKSL"
84.9578247070312,85.9232559204102,83.9924011230469,84.9578247070312,33488709,"2014-11-14","BKSL"
84.9578247070312,87.854118347168,83.9924011230469,84.9578247070312,82256001,"2014-11-17","BKSL"
87.854118347168,89.7849807739258,84.9578247070312,87.854118347168,212370786,"2014-11-18","BKSL"
94.6121292114258,96.5429840087891,87.854118347168,94.6121292114258,639168336,"2014-11-19","BKSL"
102.335563659668,103.300994873047,93.6466979980469,102.335563659668,620953755,"2014-11-20","BKSL"
103.300994873047,105.231857299805,100.40470123291,103.300994873047,216000776,"2014-11-21","BKSL"
98.4738464355469,105.231857299805,97.508415222168,98.4738464355469,137582236,"2014-11-24","BKSL"
99.4392776489258,101.370132446289,97.508415222168,99.4392776489258,105554430,"2014-11-25","BKSL"
101.370132446289,104.266426086426,99.4392776489258,101.370132446289,125636676,"2014-11-26","BKSL"
102.335563659668,103.300994873047,100.40470123291,102.335563659668,100144198,"2014-11-27","BKSL"
111.024436950684,112.955291748047,101.370132446289,111.024436950684,693801926,"2014-11-28","BKSL"
111.024436950684,112.955291748047,109.093574523926,110.059005737305,168139091,"2014-12-01","BKSL"
110.059005737305,114.886154174805,109.093574523926,110.059005737305,255086577,"2014-12-02","BKSL"
111.024436950684,112.955291748047,110.059005737305,111.024436950684,136845466,"2014-12-03","BKSL"
111.024436950684,111.989860534668,110.059005737305,110.059005737305,94018222,"2014-12-04","BKSL"
110.059005737305,111.024436950684,103.300994873047,104.266426086426,207757505,"2014-12-05","BKSL"
105.231857299805,105.231857299805,98.4738464355469,98.4738464355469,89000768,"2014-12-08","BKSL"
98.4738464355469,103.300994873047,95.5775527954102,101.370132446289,193567660,"2014-12-09","BKSL"
101.370132446289,111.024436950684,99.4392776489258,111.024436950684,306371918,"2014-12-10","BKSL"
108.128143310547,113.920722961426,107.162712097168,111.024436950684,207981032,"2014-12-11","BKSL"
111.989860534668,111.989860534668,107.162712097168,109.093574523926,117682707,"2014-12-12","BKSL"
109.093574523926,109.093574523926,103.300994873047,105.231857299805,84932736,"2014-12-15","BKSL"
104.266426086426,104.266426086426,96.5429840087891,98.4738464355469,102125699,"2014-12-16","BKSL"
99.4392776489258,104.266426086426,98.4738464355469,102.335563659668,79867531,"2014-12-17","BKSL"
103.300994873047,107.162712097168,102.335563659668,102.335563659668,87909959,"2014-12-18","BKSL"
106.197288513184,106.197288513184,102.335563659668,102.335563659668,64166028,"2014-12-19","BKSL"
103.300994873047,106.197288513184,100.40470123291,100.40470123291,45593058,"2014-12-22","BKSL"
100.40470123291,102.335563659668,99.4392776489258,100.40470123291,44305755,"2014-12-23","BKSL"
101.370132446289,104.266426086426,100.40470123291,101.370132446289,80774588,"2014-12-24","BKSL"
103.300994873047,104.266426086426,101.370132446289,102.335563659668,31189940,"2014-12-29","BKSL"
103.300994873047,104.266426086426,100.40470123291,100.40470123291,50059565,"2014-12-30","BKSL"
101.370132446289,107.162712097168,101.370132446289,106.197288513184,116319273,"2015-01-02","BKSL"
106.197288513184,106.197288513184,103.300994873047,104.266426086426,74139927,"2015-01-05","BKSL"
102.335563659668,104.266426086426,100.40470123291,101.370132446289,64163335,"2015-01-06","BKSL"
100.40470123291,107.162712097168,100.40470123291,105.231857299805,200213611,"2015-01-07","BKSL"
106.197288513184,107.162712097168,104.266426086426,104.266426086426,58519217,"2015-01-08","BKSL"
105.231857299805,116.817016601562,104.266426086426,112.955291748047,742535865,"2015-01-09","BKSL"
112.955291748047,114.886154174805,108.128143310547,110.059005737305,207373841,"2015-01-12","BKSL"
110.059005737305,113.920722961426,109.093574523926,113.920722961426,245258520,"2015-01-13","BKSL"
113.920722961426,116.817016601562,107.162712097168,108.128143310547,215715203,"2015-01-14","BKSL"
111.024436950684,112.955291748047,108.128143310547,111.024436950684,129781152,"2015-01-15","BKSL"
111.024436950684,111.989860534668,109.093574523926,109.093574523926,56600279,"2015-01-16","BKSL"
110.059005737305,112.955291748047,109.093574523926,109.093574523926,91328540,"2015-01-19","BKSL"
111.024436950684,111.024436950684,106.197288513184,108.128143310547,88909410,"2015-01-20","BKSL"
109.093574523926,109.093574523926,107.162712097168,107.162712097168,46100189,"2015-01-21","BKSL"
107.162712097168,111.989860534668,107.162712097168,111.024436950684,113458371,"2015-01-22","BKSL"
113.920722961426,113.920722961426,111.024436950684,111.024436950684,188969708,"2015-01-23","BKSL"
111.024436950684,111.024436950684,108.128143310547,109.093574523926,74215748,"2015-01-26","BKSL"
109.093574523926,111.024436950684,109.093574523926,109.093574523926,46434030,"2015-01-27","BKSL"
109.093574523926,111.989860534668,108.128143310547,110.059005737305,99817193,"2015-01-28","BKSL"
109.093574523926,114.886154174805,109.093574523926,112.955291748047,186457148,"2015-01-29","BKSL"
113.920722961426,114.886154174805,111.024436950684,111.024436950684,75266161,"2015-01-30","BKSL"
111.024436950684,111.989860534668,109.093574523926,109.093574523926,57500500,"2015-02-02","BKSL"
110.059005737305,111.989860534668,109.093574523926,110.059005737305,94903320,"2015-02-03","BKSL"
111.024436950684,112.955291748047,109.093574523926,110.059005737305,102557424,"2015-02-04","BKSL"
110.059005737305,111.024436950684,108.128143310547,109.093574523926,45366319,"2015-02-05","BKSL"
110.059005737305,113.920722961426,109.093574523926,112.955291748047,228025471,"2015-02-06","BKSL"
112.955291748047,117.782440185547,111.989860534668,112.955291748047,289084904,"2015-02-09","BKSL"
113.920722961426,122.609588623047,112.955291748047,121.644165039062,612156430,"2015-02-10","BKSL"
122.609588623047,123.575019836426,117.782440185547,119.713302612305,259777959,"2015-02-11","BKSL"
119.713302612305,121.644165039062,115.851585388184,121.644165039062,231574978,"2015-02-12","BKSL"
122.609588623047,122.609588623047,119.713302612305,119.713302612305,88316617,"2015-02-13","BKSL"
120.678733825684,120.678733825684,115.851585388184,116.817016601562,135179369,"2015-02-16","BKSL"
116.817016601562,118.747871398926,115.851585388184,116.817016601562,93103189,"2015-02-17","BKSL"
118.747871398926,125.505882263184,118.747871398926,123.575019836426,341729122,"2015-02-18","BKSL"
124.540451049805,132.263885498047,123.575019836426,128.40217590332,344208328,"2015-02-20","BKSL"
129.367599487305,132.263885498047,129.367599487305,129.367599487305,215607790,"2015-02-23","BKSL"
130.333038330078,139.987335205078,128.40217590332,139.021896362305,476878349,"2015-02-24","BKSL"
139.987335205078,146.745346069336,136.125610351562,139.021896362305,433350070,"2015-02-25","BKSL"
137.091033935547,142.88362121582,136.125610351562,140.952758789062,133892791,"2015-02-26","BKSL"
140.952758789062,143.849044799805,139.987335205078,139.987335205078,133251523,"2015-02-27","BKSL"
139.987335205078,141.918182373047,137.091033935547,138.05647277832,93650614,"2015-03-02","BKSL"
139.021896362305,139.987335205078,129.367599487305,129.367599487305,231528159,"2015-03-03","BKSL"
129.367599487305,132.263885498047,124.540451049805,128.40217590332,287831783,"2015-03-04","BKSL"
128.40217590332,130.333038330078,127.436744689941,128.40217590332,62640179,"2015-03-05","BKSL"
128.40217590332,130.333038330078,126.471313476562,128.40217590332,109756704,"2015-03-06","BKSL"
129.367599487305,129.367599487305,124.540451049805,128.40217590332,103082993,"2015-03-09","BKSL"
129.367599487305,132.263885498047,126.471313476562,129.367599487305,94619612,"2015-03-10","BKSL"
128.40217590332,129.367599487305,126.471313476562,127.436744689941,100830421,"2015-03-11","BKSL"
127.436744689941,129.367599487305,125.505882263184,126.471313476562,32540530,"2015-03-12","BKSL"
128.40217590332,128.40217590332,125.505882263184,126.471313476562,74783060,"2015-03-13","BKSL"
126.471313476562,127.436744689941,124.540451049805,125.505882263184,41181241,"2015-03-16","BKSL"
126.471313476562,130.333038330078,124.540451049805,129.367599487305,186114503,"2015-03-17","BKSL"
129.367599487305,131.298461914062,128.40217590332,129.367599487305,65570376,"2015-03-18","BKSL"
131.298461914062,132.263885498047,130.333038330078,130.333038330078,95387353,"2015-03-19","BKSL"
129.367599487305,130.333038330078,126.471313476562,127.436744689941,63713069,"2015-03-20","BKSL"
128.40217590332,129.367599487305,124.540451049805,124.540451049805,73063619,"2015-03-23","BKSL"
125.505882263184,126.471313476562,120.678733825684,121.644165039062,81829869,"2015-03-24","BKSL"
121.644165039062,121.644165039062,114.886154174805,114.886154174805,78129031,"2015-03-25","BKSL"
113.920722961426,115.851585388184,109.093574523926,109.093574523926,132794110,"2015-03-26","BKSL"
110.059005737305,115.851585388184,109.093574523926,114.886154174805,77773541,"2015-03-27","BKSL"
113.920722961426,118.747871398926,113.920722961426,117.782440185547,62488847,"2015-03-30","BKSL"
118.747871398926,119.713302612305,116.817016601562,116.817016601562,63190711,"2015-03-31","BKSL"
115.851585388184,116.817016601562,112.955291748047,115.851585388184,57523080,"2015-04-01","BKSL"
115.851585388184,119.713302612305,115.851585388184,116.817016601562,62569744,"2015-04-02","BKSL"
117.782440185547,121.644165039062,116.817016601562,117.782440185547,61108737,"2015-04-06","BKSL"
118.747871398926,121.644165039062,117.782440185547,119.713302612305,71251162,"2015-04-07","BKSL"
120.678733825684,121.644165039062,117.782440185547,119.713302612305,61234277,"2015-04-08","BKSL"
119.713302612305,120.678733825684,116.817016601562,116.817016601562,26923032,"2015-04-09","BKSL"
116.817016601562,117.782440185547,115.851585388184,115.851585388184,32162460,"2015-04-10","BKSL"
113.920722961426,116.817016601562,113.920722961426,113.920722961426,26804950,"2015-04-13","BKSL"
113.920722961426,116.817016601562,111.989860534668,113.920722961426,58454064,"2015-04-14","BKSL"
114.886154174805,114.886154174805,112.955291748047,112.955291748047,23645529,"2015-04-15","BKSL"
114.886154174805,116.817016601562,113.920722961426,113.920722961426,43288903,"2015-04-16","BKSL"
114.886154174805,115.851585388184,112.955291748047,112.955291748047,11897705,"2015-04-17","BKSL"
113.920722961426,113.920722961426,111.024436950684,112.955291748047,30107521,"2015-04-20","BKSL"
112.955291748047,115.851585388184,112.955291748047,112.955291748047,30356322,"2015-04-21","BKSL"
113.920722961426,115.851585388184,111.989860534668,112.955291748047,32363925,"2015-04-22","BKSL"
113.920722961426,114.886154174805,111.024436950684,112.955291748047,33369694,"2015-04-23","BKSL"
112.955291748047,113.920722961426,111.989860534668,111.989860534668,8274241,"2015-04-24","BKSL"
111.989860534668,111.989860534668,104.266426086426,105.231857299805,91076838,"2015-04-27","BKSL"
105.231857299805,105.231857299805,101.370132446289,103.300994873047,70597567,"2015-04-28","BKSL"
106.197288513184,106.197288513184,93.6466979980469,97.508415222168,115429617,"2015-04-29","BKSL"
96.5429840087891,97.508415222168,93.6466979980469,93.6466979980469,71619081,"2015-04-30","BKSL"
94.6121292114258,97.508415222168,93.6466979980469,96.5429840087891,26162542,"2015-05-04","BKSL"
96.5429840087891,98.4738464355469,94.6121292114258,94.6121292114258,57800573,"2015-05-05","BKSL"
94.6121292114258,96.5429840087891,93.6466979980469,95.5775527954102,39248216,"2015-05-06","BKSL"
95.5775527954102,96.5429840087891,94.6121292114258,95.5775527954102,27044326,"2015-05-07","BKSL"
96.5429840087891,99.4392776489258,95.5775527954102,95.5775527954102,64218958,"2015-05-08","BKSL"
96.5429840087891,96.5429840087891,94.6121292114258,95.5775527954102,17285460,"2015-05-11","BKSL"
96.5429840087891,96.5429840087891,93.6466979980469,94.6121292114258,45015595,"2015-05-12","BKSL"
94.6121292114258,98.4738464355469,93.6466979980469,96.5429840087891,80544328,"2015-05-13","BKSL"
96.5429840087891,101.370132446289,96.5429840087891,97.508415222168,67785659,"2015-05-15","BKSL"
97.508415222168,106.197288513184,97.508415222168,104.266426086426,317343818,"2015-05-18","BKSL"
104.266426086426,111.024436950684,104.266426086426,107.162712097168,225180831,"2015-05-19","BKSL"
107.162712097168,110.059005737305,103.300994873047,103.300994873047,106623592,"2015-05-20","BKSL"
104.266426086426,107.162712097168,103.300994873047,104.266426086426,36719912,"2015-05-21","BKSL"
104.266426086426,106.197288513184,102.335563659668,103.300994873047,42149307,"2015-05-22","BKSL"
102.335563659668,104.266426086426,97.508415222168,100.40470123291,33971292,"2015-05-25","BKSL"
100.40470123291,103.300994873047,100.40470123291,100.40470123291,39108899,"2015-05-26","BKSL"
100.40470123291,101.370132446289,98.4738464355469,99.4392776489258,22611585,"2015-05-27","BKSL"
99.4392776489258,100.40470123291,97.508415222168,98.4738464355469,29220765,"2015-05-28","BKSL"
98.4738464355469,99.4392776489258,95.5775527954102,95.5775527954102,37372057,"2015-05-29","BKSL"
96.5429840087891,97.508415222168,95.5775527954102,95.5775527954102,8963882,"2015-06-01","BKSL"
96.5429840087891,97.508415222168,93.6466979980469,93.6466979980469,24099938,"2015-06-03","BKSL"
95.5775527954102,95.5775527954102,93.6466979980469,94.6121292114258,34152972,"2015-06-04","BKSL"
94.6121292114258,95.5775527954102,92.681266784668,93.6466979980469,25206699,"2015-06-05","BKSL"
92.681266784668,94.6121292114258,88.8195495605469,91.7158355712891,73542058,"2015-06-08","BKSL"
91.7158355712891,91.7158355712891,85.9232559204102,88.8195495605469,38708456,"2015-06-09","BKSL"
88.8195495605469,93.6466979980469,88.8195495605469,93.6466979980469,59289340,"2015-06-10","BKSL"
94.6121292114258,95.5775527954102,91.7158355712891,93.6466979980469,34459675,"2015-06-11","BKSL"
92.681266784668,95.5775527954102,92.681266784668,94.6121292114258,16137474,"2015-06-12","BKSL"
93.6466979980469,94.6121292114258,89.7849807739258,91.7158355712891,28560645,"2015-06-15","BKSL"
91.7158355712891,92.681266784668,89.7849807739258,90.7504043579102,21128826,"2015-06-16","BKSL"
91.7158355712891,93.6466979980469,90.7504043579102,90.7504043579102,20244971,"2015-06-17","BKSL"
91.7158355712891,91.7158355712891,89.7849807739258,90.7504043579102,8134407,"2015-06-18","BKSL"
90.7504043579102,92.681266784668,90.7504043579102,91.7158355712891,11065847,"2015-06-19","BKSL"
91.7158355712891,91.7158355712891,89.7849807739258,90.7504043579102,8306973,"2015-06-22","BKSL"
91.7158355712891,95.5775527954102,89.7849807739258,92.681266784668,90255753,"2015-06-23","BKSL"
93.6466979980469,99.4392776489258,92.681266784668,96.5429840087891,241493150,"2015-06-24","BKSL"
96.5429840087891,99.4392776489258,94.6121292114258,95.5775527954102,156390956,"2015-06-25","BKSL"
96.5429840087891,97.508415222168,93.6466979980469,95.5775527954102,46854154,"2015-06-26","BKSL"
95.5775527954102,96.5429840087891,91.7158355712891,92.681266784668,64799424,"2015-06-29","BKSL"
92.681266784668,95.5775527954102,91.7158355712891,92.681266784668,46263433,"2015-06-30","BKSL"
92.681266784668,94.6121292114258,91.7158355712891,91.7158355712891,48713533,"2015-07-01","BKSL"
91.7158355712891,93.6466979980469,90.7504043579102,91.7158355712891,86117907,"2015-07-02","BKSL"
92.681266784668,94.6121292114258,91.7158355712891,92.681266784668,78335985,"2015-07-03","BKSL"
92.681266784668,92.681266784668,88.8195495605469,90.7504043579102,48209509,"2015-07-06","BKSL"
90.7504043579102,92.681266784668,89.7849807739258,90.7504043579102,29312020,"2015-07-07","BKSL"
90.7504043579102,90.7504043579102,87.854118347168,87.854118347168,64397738,"2015-07-08","BKSL"
88.8195495605469,88.8195495605469,85.9232559204102,88.8195495605469,45435511,"2015-07-09","BKSL"
87.854118347168,90.7504043579102,87.854118347168,88.8195495605469,39422231,"2015-07-10","BKSL"
87.854118347168,91.7158355712891,87.854118347168,90.7504043579102,34586769,"2015-07-13","BKSL"
90.7504043579102,91.7158355712891,88.8195495605469,89.7849807739258,10589272,"2015-07-14","BKSL"
89.7849807739258,89.7849807739258,86.8886871337891,87.854118347168,36661389,"2015-07-15","BKSL"
88.8195495605469,89.7849807739258,86.8886871337891,87.854118347168,28219035,"2015-07-22","BKSL"
87.854118347168,89.7849807739258,86.8886871337891,87.854118347168,25432608,"2015-07-23","BKSL"
87.854118347168,88.8195495605469,86.8886871337891,86.8886871337891,11429830,"2015-07-24","BKSL"
87.854118347168,87.854118347168,84.9578247070312,84.9578247070312,36818832,"2015-07-27","BKSL"
84.9578247070312,85.9232559204102,82.0615386962891,82.0615386962891,38840107,"2015-07-28","BKSL"
83.026969909668,84.9578247070312,83.026969909668,83.026969909668,20122020,"2015-07-29","BKSL"
83.9924011230469,85.9232559204102,82.0615386962891,83.9924011230469,36012869,"2015-07-30","BKSL"
83.9924011230469,84.9578247070312,83.026969909668,83.9924011230469,7968471,"2015-07-31","BKSL"
83.9924011230469,84.9578247070312,83.026969909668,83.026969909668,10051481,"2015-08-03","BKSL"
83.9924011230469,84.9578247070312,83.026969909668,83.026969909668,9935470,"2015-08-04","BKSL"
83.026969909668,85.9232559204102,83.026969909668,83.9924011230469,22043444,"2015-08-05","BKSL"
83.9924011230469,84.9578247070312,82.0615386962891,83.026969909668,27653691,"2015-08-06","BKSL"
83.026969909668,83.9924011230469,81.0961074829102,82.0615386962891,39811799,"2015-08-07","BKSL"
82.0615386962891,83.026969909668,80.1306762695312,82.0615386962891,22304882,"2015-08-10","BKSL"
82.0615386962891,83.026969909668,78.199821472168,80.1306762695312,57524530,"2015-08-11","BKSL"
80.1306762695312,80.1306762695312,75.3035278320312,76.2689590454102,33845959,"2015-08-12","BKSL"
76.2689590454102,80.1306762695312,76.2689590454102,78.199821472168,33043933,"2015-08-13","BKSL"
79.1652450561523,79.1652450561523,76.2689590454102,76.2689590454102,44257280,"2015-08-14","BKSL"
77.2343902587891,77.2343902587891,74.3380966186523,74.3380966186523,16553869,"2015-08-18","BKSL"
74.3380966186523,75.3035278320312,70.4763793945312,73.3726654052734,35681411,"2015-08-19","BKSL"
72.4072418212891,72.4072418212891,70.4763793945312,71.4418106079102,21950118,"2015-08-20","BKSL"
70.4763793945312,71.4418106079102,65.6492309570312,66.6146621704102,55235913,"2015-08-21","BKSL"
61.7875099182129,63.7183723449707,56.9603614807129,57.9257926940918,69021067,"2015-08-24","BKSL"
57.9257926940918,60.8220825195312,56.9603614807129,57.9257926940918,35962840,"2015-08-25","BKSL"
56.9603614807129,58.8912200927734,55.0295028686523,56.9603614807129,15010722,"2015-08-26","BKSL"
56.9603614807129,60.8220825195312,56.9603614807129,59.8566513061523,51909311,"2015-08-27","BKSL"
60.8220825195312,62.7529411315918,57.9257926940918,57.9257926940918,51257685,"2015-08-28","BKSL"
58.8912200927734,59.8566513061523,57.9257926940918,58.8912200927734,9692262,"2015-08-31","BKSL"
58.8912200927734,58.8912200927734,57.9257926940918,57.9257926940918,15776806,"2015-09-01","BKSL"
57.9257926940918,58.8912200927734,56.9603614807129,57.9257926940918,6421388,"2015-09-02","BKSL"
58.8912200927734,58.8912200927734,56.9603614807129,57.9257926940918,22477759,"2015-09-03","BKSL"
55.994930267334,58.8912200927734,55.994930267334,56.9603614807129,6966844,"2015-09-04","BKSL"
56.9603614807129,57.9257926940918,55.994930267334,55.994930267334,12799997,"2015-09-07","BKSL"
55.994930267334,56.9603614807129,54.0640716552734,54.0640716552734,28483995,"2015-09-08","BKSL"
55.994930267334,56.9603614807129,54.0640716552734,55.0295028686523,29816355,"2015-09-09","BKSL"
54.0640716552734,55.994930267334,54.0640716552734,54.0640716552734,17122942,"2015-09-10","BKSL"
54.0640716552734,55.994930267334,54.0640716552734,55.0295028686523,10416914,"2015-09-11","BKSL"
55.994930267334,55.994930267334,54.0640716552734,55.0295028686523,9812002,"2015-09-14","BKSL"
55.0295028686523,72.4072418212891,55.0295028686523,71.4418106079102,378094995,"2015-09-15","BKSL"
73.3726654052734,83.026969909668,71.4418106079102,80.1306762695312,496912740,"2015-09-16","BKSL"
82.0615386962891,83.026969909668,72.4072418212891,72.4072418212891,312036649,"2015-09-17","BKSL"
72.4072418212891,74.3380966186523,65.6492309570312,67.5800933837891,308555505,"2015-09-18","BKSL"
67.5800933837891,78.199821472168,63.7183723449707,75.3035278320312,315976137,"2015-09-21","BKSL"
77.2343902587891,80.1306762695312,76.2689590454102,76.2689590454102,232785423,"2015-09-22","BKSL"
77.2343902587891,80.1306762695312,75.3035278320312,76.2689590454102,112865578,"2015-09-23","BKSL"
77.2343902587891,78.199821472168,74.3380966186523,75.3035278320312,31316723,"2015-09-25","BKSL"
76.2689590454102,77.2343902587891,72.4072418212891,72.4072418212891,66688117,"2015-09-28","BKSL"
71.4418106079102,72.4072418212891,68.5455169677734,72.4072418212891,42680158,"2015-09-29","BKSL"
72.4072418212891,74.3380966186523,71.4418106079102,72.4072418212891,36227489,"2015-09-30","BKSL"
72.4072418212891,74.3380966186523,72.4072418212891,72.4072418212891,12456627,"2015-10-01","BKSL"
72.4072418212891,73.3726654052734,70.4763793945312,70.4763793945312,19033490,"2015-10-02","BKSL"
72.4072418212891,77.2343902587891,71.4418106079102,76.2689590454102,111063375,"2015-10-05","BKSL"
78.199821472168,78.199821472168,73.3726654052734,73.3726654052734,144938234,"2015-10-06","BKSL"
73.3726654052734,79.1652450561523,73.3726654052734,76.2689590454102,156416748,"2015-10-07","BKSL"
77.2343902587891,77.2343902587891,73.3726654052734,73.3726654052734,58617204,"2015-10-08","BKSL"
74.3380966186523,81.0961074829102,74.3380966186523,78.199821472168,204931302,"2015-10-09","BKSL"
79.1652450561523,80.1306762695312,74.3380966186523,75.3035278320312,125711669,"2015-10-12","BKSL"
75.3035278320312,76.2689590454102,70.4763793945312,72.4072418212891,67529400,"2015-10-13","BKSL"
72.4072418212891,76.2689590454102,71.4418106079102,72.4072418212891,85178326,"2015-10-15","BKSL"
72.4072418212891,74.3380966186523,70.4763793945312,71.4418106079102,25882667,"2015-10-16","BKSL"
72.4072418212891,73.3726654052734,70.4763793945312,71.4418106079102,40084631,"2015-10-19","BKSL"
71.4418106079102,74.3380966186523,70.4763793945312,71.4418106079102,56937642,"2015-10-20","BKSL"
72.4072418212891,74.3380966186523,69.5109481811523,70.4763793945312,80900646,"2015-10-21","BKSL"
71.4418106079102,72.4072418212891,69.5109481811523,70.4763793945312,69013506,"2015-10-22","BKSL"
71.4418106079102,73.3726654052734,71.4418106079102,72.4072418212891,55535468,"2015-10-23","BKSL"
72.4072418212891,75.3035278320312,71.4418106079102,72.4072418212891,137128138,"2015-10-26","BKSL"
72.4072418212891,74.3380966186523,72.4072418212891,72.4072418212891,37773536,"2015-10-27","BKSL"
72.4072418212891,73.3726654052734,71.4418106079102,71.4418106079102,32812223,"2015-10-28","BKSL"
72.4072418212891,74.3380966186523,70.4763793945312,70.4763793945312,47405618,"2015-10-29","BKSL"
70.4763793945312,71.4418106079102,69.5109481811523,71.4418106079102,29896526,"2015-10-30","BKSL"
69.5109481811523,71.4418106079102,68.5455169677734,69.5109481811523,25931039,"2015-11-02","BKSL"
70.4763793945312,72.4072418212891,69.5109481811523,70.4763793945312,39797297,"2015-11-03","BKSL"
71.4418106079102,72.4072418212891,70.4763793945312,70.4763793945312,22708122,"2015-11-04","BKSL"
70.4763793945312,71.4418106079102,69.5109481811523,70.4763793945312,13657128,"2015-11-05","BKSL"
70.4763793945312,71.4418106079102,69.5109481811523,69.5109481811523,9186788,"2015-11-06","BKSL"
70.4763793945312,70.4763793945312,67.5800933837891,67.5800933837891,19476919,"2015-11-09","BKSL"
67.5800933837891,71.4418106079102,67.5800933837891,68.5455169677734,51575781,"2015-11-10","BKSL"
69.5109481811523,70.4763793945312,67.5800933837891,68.5455169677734,26025608,"2015-11-11","BKSL"
68.5455169677734,69.5109481811523,67.5800933837891,68.5455169677734,8395534,"2015-11-12","BKSL"
68.5455169677734,68.5455169677734,67.5800933837891,67.5800933837891,10059249,"2015-11-13","BKSL"
67.5800933837891,67.5800933837891,65.6492309570312,66.6146621704102,29644307,"2015-11-16","BKSL"
67.5800933837891,68.5455169677734,66.6146621704102,66.6146621704102,8534540,"2015-11-17","BKSL"
67.5800933837891,68.5455169677734,66.6146621704102,66.6146621704102,12602261,"2015-11-18","BKSL"
67.5800933837891,68.5455169677734,66.6146621704102,67.5800933837891,17184780,"2015-11-19","BKSL"
67.5800933837891,68.5455169677734,65.6492309570312,67.5800933837891,24293841,"2015-11-20","BKSL"
67.5800933837891,68.5455169677734,65.6492309570312,66.6146621704102,23608240,"2015-11-23","BKSL"
66.6146621704102,66.6146621704102,65.6492309570312,65.6492309570312,17182190,"2015-11-24","BKSL"
65.6492309570312,68.5455169677734,65.6492309570312,65.6492309570312,52740237,"2015-11-25","BKSL"
65.6492309570312,67.5800933837891,63.7183723449707,64.6837997436523,77861792,"2015-11-26","BKSL"
64.6837997436523,65.6492309570312,63.7183723449707,65.6492309570312,19910094,"2015-11-27","BKSL"
64.6837997436523,65.6492309570312,59.8566513061523,59.8566513061523,140957934,"2015-11-30","BKSL"
59.8566513061523,61.7875099182129,56.9603614807129,58.8912200927734,49686675,"2015-12-01","BKSL"
59.8566513061523,59.8566513061523,56.9603614807129,57.9257926940918,53859531,"2015-12-02","BKSL"
57.9257926940918,60.8220825195312,56.9603614807129,57.9257926940918,63969121,"2015-12-03","BKSL"
57.9257926940918,57.9257926940918,54.0640716552734,55.0295028686523,64775394,"2015-12-04","BKSL"
55.994930267334,55.994930267334,50.2023506164551,51.167781829834,131372256,"2015-12-07","BKSL"
51.167781829834,53.0986404418945,50.2023506164551,52.1332130432129,122853771,"2015-12-08","BKSL"
52.1332130432129,52.1332130432129,52.1332130432129,52.1332130432129,0,"2015-12-09","BKSL"
52.1332130432129,54.0640716552734,52.1332130432129,52.1332130432129,25600513,"2015-12-10","BKSL"
52.1332130432129,53.0986404418945,51.167781829834,52.1332130432129,19157165,"2015-12-11","BKSL"
51.167781829834,52.1332130432129,50.2023506164551,51.167781829834,21927537,"2015-12-14","BKSL"
51.167781829834,52.1332130432129,50.2023506164551,50.2023506164551,19688949,"2015-12-15","BKSL"
51.167781829834,55.0295028686523,50.2023506164551,54.0640716552734,31890250,"2015-12-16","BKSL"
54.0640716552734,58.8912200927734,54.0640716552734,56.9603614807129,64792070,"2015-12-17","BKSL"
55.994930267334,56.9603614807129,54.0640716552734,54.0640716552734,26158710,"2015-12-18","BKSL"
54.0640716552734,55.994930267334,53.0986404418945,54.0640716552734,18488551,"2015-12-21","BKSL"
54.0640716552734,61.7875099182129,54.0640716552734,59.8566513061523,90967768,"2015-12-22","BKSL"
60.8220825195312,63.7183723449707,59.8566513061523,59.8566513061523,95353689,"2015-12-23","BKSL"
58.8912200927734,60.8220825195312,58.8912200927734,59.8566513061523,20491597,"2015-12-28","BKSL"
58.8912200927734,60.8220825195312,56.9603614807129,56.9603614807129,28448363,"2015-12-29","BKSL"
57.9257926940918,58.8912200927734,55.994930267334,55.994930267334,35534637,"2015-12-30","BKSL"
55.994930267334,55.994930267334,55.994930267334,55.994930267334,0,"2016-01-04","BKSL"
55.994930267334,55.994930267334,55.994930267334,55.994930267334,0,"2016-01-05","BKSL"
55.994930267334,55.994930267334,55.994930267334,55.994930267334,0,"2016-01-06","BKSL"
55.994930267334,55.994930267334,55.994930267334,55.994930267334,0,"2016-01-07","BKSL"
55.994930267334,55.994930267334,55.994930267334,55.994930267334,0,"2016-01-08","BKSL"
55.994930267334,55.994930267334,55.994930267334,55.994930267334,0,"2016-01-11","BKSL"
55.994930267334,55.994930267334,55.994930267334,55.994930267334,0,"2016-01-12","BKSL"
55.994930267334,55.994930267334,55.994930267334,55.994930267334,0,"2016-01-13","BKSL"
55.994930267334,55.994930267334,55.994930267334,55.994930267334,0,"2016-01-14","BKSL"
55.994930267334,55.994930267334,55.994930267334,55.994930267334,0,"2016-01-15","BKSL"
55.994930267334,55.994930267334,55.994930267334,55.994930267334,0,"2016-01-18","BKSL"
55.994930267334,55.994930267334,55.994930267334,55.994930267334,0,"2016-01-19","BKSL"
55.994930267334,55.994930267334,55.994930267334,55.994930267334,0,"2016-01-20","BKSL"
55.994930267334,55.994930267334,55.994930267334,55.994930267334,0,"2016-01-21","BKSL"
55.994930267334,55.994930267334,55.994930267334,55.994930267334,0,"2016-01-22","BKSL"
55.994930267334,55.994930267334,55.994930267334,55.994930267334,0,"2016-01-25","BKSL"
55.994930267334,55.994930267334,55.994930267334,55.994930267334,0,"2016-01-26","BKSL"
55.994930267334,55.994930267334,55.994930267334,55.994930267334,0,"2016-01-27","BKSL"
55.994930267334,55.994930267334,55.994930267334,55.994930267334,0,"2016-01-28","BKSL"
55.994930267334,55.994930267334,55.994930267334,55.994930267334,0,"2016-01-29","BKSL"
55.994930267334,55.994930267334,55.994930267334,55.994930267334,0,"2016-02-01","BKSL"
55.994930267334,55.994930267334,55.994930267334,55.994930267334,0,"2016-02-02","BKSL"
55.994930267334,55.994930267334,55.994930267334,55.994930267334,0,"2016-02-03","BKSL"
55.994930267334,55.994930267334,55.994930267334,55.994930267334,0,"2016-02-04","BKSL"
55.994930267334,55.994930267334,55.994930267334,55.994930267334,0,"2016-02-05","BKSL"
55.994930267334,55.994930267334,55.994930267334,55.994930267334,0,"2016-02-09","BKSL"
55.994930267334,55.994930267334,55.994930267334,55.994930267334,0,"2016-02-10","BKSL"
55.994930267334,55.994930267334,55.994930267334,55.994930267334,0,"2016-02-11","BKSL"
55.994930267334,55.994930267334,55.994930267334,55.994930267334,0,"2016-02-12","BKSL"
55.994930267334,55.994930267334,55.994930267334,55.994930267334,0,"2016-02-15","BKSL"
55.994930267334,55.994930267334,55.994930267334,55.994930267334,0,"2016-02-16","BKSL"
55.994930267334,55.994930267334,55.994930267334,55.994930267334,0,"2016-02-17","BKSL"
55.994930267334,55.994930267334,55.994930267334,55.994930267334,0,"2016-02-18","BKSL"
55.994930267334,55.994930267334,55.994930267334,55.994930267334,0,"2016-02-19","BKSL"
55.994930267334,55.994930267334,55.994930267334,55.994930267334,0,"2016-02-22","BKSL"
55.994930267334,55.994930267334,55.994930267334,55.994930267334,0,"2016-02-23","BKSL"
55.994930267334,55.994930267334,55.994930267334,55.994930267334,0,"2016-02-24","BKSL"
55.994930267334,55.994930267334,55.994930267334,55.994930267334,0,"2016-02-25","BKSL"
55.994930267334,55.994930267334,55.994930267334,55.994930267334,0,"2016-02-26","BKSL"
55.994930267334,55.994930267334,55.994930267334,55.994930267334,0,"2016-02-29","BKSL"
55.994930267334,55.994930267334,55.994930267334,55.994930267334,0,"2016-03-01","BKSL"
55.994930267334,55.994930267334,55.994930267334,55.994930267334,0,"2016-03-02","BKSL"
55.994930267334,55.994930267334,55.994930267334,55.994930267334,0,"2016-03-03","BKSL"
55.994930267334,55.994930267334,55.994930267334,55.994930267334,0,"2016-03-04","BKSL"
55.994930267334,55.994930267334,55.994930267334,55.994930267334,0,"2016-03-07","BKSL"
55.994930267334,55.994930267334,55.994930267334,55.994930267334,0,"2016-03-08","BKSL"
55.994930267334,55.994930267334,55.994930267334,55.994930267334,0,"2016-03-10","BKSL"
55.994930267334,55.994930267334,55.994930267334,55.994930267334,0,"2016-03-11","BKSL"
55.994930267334,55.994930267334,55.994930267334,55.994930267334,0,"2016-03-14","BKSL"
55.994930267334,55.994930267334,55.994930267334,55.994930267334,0,"2016-03-15","BKSL"
55.994930267334,55.994930267334,55.994930267334,55.994930267334,0,"2016-03-16","BKSL"
55.994930267334,55.994930267334,55.994930267334,55.994930267334,0,"2016-03-17","BKSL"
55.994930267334,55.994930267334,55.994930267334,55.994930267334,0,"2016-03-18","BKSL"
55.994930267334,55.994930267334,55.994930267334,55.994930267334,0,"2016-03-21","BKSL"
55.994930267334,55.994930267334,55.994930267334,55.994930267334,0,"2016-03-22","BKSL"
55.994930267334,55.994930267334,55.994930267334,55.994930267334,0,"2016-03-23","BKSL"
55.994930267334,55.994930267334,55.994930267334,55.994930267334,0,"2016-03-24","BKSL"
55.994930267334,55.994930267334,55.994930267334,55.994930267334,0,"2016-03-28","BKSL"
55.994930267334,55.994930267334,55.994930267334,55.994930267334,0,"2016-03-29","BKSL"
55.994930267334,55.994930267334,55.994930267334,55.994930267334,0,"2016-03-30","BKSL"
55.994930267334,55.994930267334,55.994930267334,55.994930267334,0,"2016-03-31","BKSL"
55.994930267334,55.994930267334,55.994930267334,55.994930267334,0,"2016-04-01","BKSL"
55.994930267334,55.994930267334,55.994930267334,55.994930267334,0,"2016-04-04","BKSL"
55.994930267334,55.994930267334,55.994930267334,55.994930267334,0,"2016-04-05","BKSL"
55.994930267334,55.994930267334,55.994930267334,55.994930267334,0,"2016-04-06","BKSL"
55.994930267334,55.994930267334,55.994930267334,55.994930267334,0,"2016-04-07","BKSL"
55.994930267334,55.994930267334,55.994930267334,55.994930267334,0,"2016-04-08","BKSL"
55.994930267334,55.994930267334,55.994930267334,55.994930267334,0,"2016-04-11","BKSL"
55.994930267334,55.994930267334,55.994930267334,55.994930267334,0,"2016-04-12","BKSL"
55.994930267334,55.994930267334,55.994930267334,55.994930267334,0,"2016-04-13","BKSL"
55.994930267334,55.994930267334,55.994930267334,55.994930267334,0,"2016-04-14","BKSL"
55.994930267334,55.994930267334,55.994930267334,55.994930267334,0,"2016-04-15","BKSL"
55.994930267334,55.994930267334,55.994930267334,55.994930267334,0,"2016-04-18","BKSL"
55.994930267334,55.994930267334,55.994930267334,55.994930267334,0,"2016-04-19","BKSL"
55.994930267334,55.994930267334,55.994930267334,55.994930267334,0,"2016-04-20","BKSL"
55.994930267334,55.994930267334,55.994930267334,55.994930267334,0,"2016-04-21","BKSL"
55.994930267334,55.994930267334,55.994930267334,55.994930267334,0,"2016-04-22","BKSL"
55.994930267334,55.994930267334,55.994930267334,55.994930267334,0,"2016-04-25","BKSL"
55.994930267334,55.994930267334,55.994930267334,55.994930267334,0,"2016-04-26","BKSL"
55.994930267334,55.994930267334,55.994930267334,55.994930267334,0,"2016-04-27","BKSL"
55.994930267334,55.994930267334,55.994930267334,55.994930267334,0,"2016-04-28","BKSL"
55.994930267334,55.994930267334,55.994930267334,55.994930267334,0,"2016-04-29","BKSL"
55.994930267334,55.994930267334,55.994930267334,55.994930267334,0,"2016-05-02","BKSL"
55.994930267334,55.994930267334,55.994930267334,55.994930267334,0,"2016-05-03","BKSL"
55.994930267334,55.994930267334,55.994930267334,55.994930267334,0,"2016-05-04","BKSL"
55.994930267334,55.994930267334,55.994930267334,55.994930267334,0,"2016-05-09","BKSL"
55.994930267334,55.994930267334,55.994930267334,55.994930267334,0,"2016-05-10","BKSL"
55.994930267334,55.994930267334,55.994930267334,55.994930267334,0,"2016-05-11","BKSL"
55.994930267334,55.994930267334,55.994930267334,55.994930267334,0,"2016-05-12","BKSL"
55.994930267334,55.994930267334,55.994930267334,55.994930267334,0,"2016-05-13","BKSL"
55.994930267334,55.994930267334,55.994930267334,55.994930267334,0,"2016-05-16","BKSL"
55.994930267334,55.994930267334,55.994930267334,55.994930267334,0,"2016-05-17","BKSL"
55.994930267334,55.994930267334,55.994930267334,55.994930267334,0,"2016-05-18","BKSL"
55.994930267334,55.994930267334,55.994930267334,55.994930267334,0,"2016-05-19","BKSL"
55.994930267334,55.994930267334,55.994930267334,55.994930267334,0,"2016-05-20","BKSL"
55.994930267334,55.994930267334,55.994930267334,55.994930267334,0,"2016-05-23","BKSL"
55.994930267334,55.994930267334,55.994930267334,55.994930267334,0,"2016-05-24","BKSL"
55.994930267334,55.994930267334,55.994930267334,55.994930267334,0,"2016-05-25","BKSL"
55.994930267334,55.994930267334,55.994930267334,55.994930267334,0,"2016-05-26","BKSL"
55.994930267334,55.994930267334,55.994930267334,55.994930267334,0,"2016-05-27","BKSL"
55.994930267334,55.994930267334,55.994930267334,55.994930267334,0,"2016-05-30","BKSL"
55.994930267334,55.994930267334,55.994930267334,55.994930267334,0,"2016-05-31","BKSL"
55.994930267334,55.994930267334,55.994930267334,55.994930267334,0,"2016-06-01","BKSL"
55.994930267334,55.994930267334,55.994930267334,55.994930267334,0,"2016-06-02","BKSL"
55.994930267334,55.994930267334,55.994930267334,55.994930267334,0,"2016-06-03","BKSL"
55.994930267334,55.994930267334,55.994930267334,55.994930267334,0,"2016-06-06","BKSL"
55.994930267334,55.994930267334,55.994930267334,55.994930267334,0,"2016-06-07","BKSL"
55.994930267334,55.994930267334,55.994930267334,55.994930267334,0,"2016-06-08","BKSL"
55.994930267334,55.994930267334,55.994930267334,55.994930267334,0,"2016-06-09","BKSL"
55.994930267334,55.994930267334,55.994930267334,55.994930267334,0,"2016-06-10","BKSL"
55.994930267334,55.994930267334,55.994930267334,55.994930267334,0,"2016-06-13","BKSL"
55.994930267334,55.994930267334,55.994930267334,55.994930267334,0,"2016-06-14","BKSL"
55.994930267334,55.994930267334,55.994930267334,55.994930267334,0,"2016-06-15","BKSL"
55.994930267334,55.994930267334,55.994930267334,55.994930267334,0,"2016-06-16","BKSL"
55.994930267334,55.994930267334,55.994930267334,55.994930267334,0,"2016-06-17","BKSL"
55.994930267334,55.994930267334,55.994930267334,55.994930267334,0,"2016-06-20","BKSL"
55.994930267334,55.994930267334,55.994930267334,55.994930267334,0,"2016-06-21","BKSL"
55.994930267334,55.994930267334,55.994930267334,55.994930267334,0,"2016-06-22","BKSL"
55.994930267334,55.994930267334,55.994930267334,55.994930267334,0,"2016-06-23","BKSL"
55.994930267334,55.994930267334,55.994930267334,55.994930267334,0,"2016-06-24","BKSL"
55.994930267334,55.994930267334,55.994930267334,55.994930267334,0,"2016-06-27","BKSL"
55.994930267334,55.994930267334,55.994930267334,55.994930267334,0,"2016-06-28","BKSL"
55.994930267334,55.994930267334,55.994930267334,55.994930267334,0,"2016-06-29","BKSL"
55.994930267334,55.994930267334,55.994930267334,55.994930267334,0,"2016-06-30","BKSL"
55.994930267334,55.994930267334,55.994930267334,55.994930267334,0,"2016-07-01","BKSL"
55.994930267334,55.994930267334,55.994930267334,55.994930267334,0,"2016-07-11","BKSL"
55.994930267334,55.994930267334,55.994930267334,55.994930267334,0,"2016-07-12","BKSL"
55.994930267334,55.994930267334,55.994930267334,55.994930267334,0,"2016-07-13","BKSL"
55.994930267334,55.994930267334,55.994930267334,55.994930267334,0,"2016-07-14","BKSL"
55.994930267334,55.994930267334,55.994930267334,55.994930267334,0,"2016-07-15","BKSL"
55.994930267334,55.994930267334,55.994930267334,55.994930267334,0,"2016-07-18","BKSL"
55.994930267334,55.994930267334,55.994930267334,55.994930267334,0,"2016-07-19","BKSL"
55.994930267334,55.994930267334,55.994930267334,55.994930267334,0,"2016-07-20","BKSL"
55.994930267334,55.994930267334,55.994930267334,55.994930267334,0,"2016-07-21","BKSL"
55.994930267334,55.994930267334,55.994930267334,55.994930267334,0,"2016-07-22","BKSL"
55.994930267334,55.994930267334,55.994930267334,55.994930267334,0,"2016-07-25","BKSL"
55.994930267334,55.994930267334,55.994930267334,55.994930267334,0,"2016-07-26","BKSL"
55.994930267334,55.994930267334,55.994930267334,55.994930267334,0,"2016-07-27","BKSL"
55.994930267334,55.994930267334,55.994930267334,55.994930267334,0,"2016-07-28","BKSL"
55.994930267334,55.994930267334,55.994930267334,55.994930267334,0,"2016-07-29","BKSL"
55.994930267334,55.994930267334,55.994930267334,55.994930267334,0,"2016-08-01","BKSL"
55.994930267334,55.994930267334,55.994930267334,55.994930267334,0,"2016-08-02","BKSL"
55.994930267334,55.994930267334,55.994930267334,55.994930267334,0,"2016-08-03","BKSL"
55.994930267334,55.994930267334,55.994930267334,55.994930267334,0,"2016-08-04","BKSL"
55.994930267334,55.994930267334,55.994930267334,55.994930267334,0,"2016-08-05","BKSL"
55.994930267334,55.994930267334,55.994930267334,55.994930267334,0,"2016-08-08","BKSL"
55.994930267334,55.994930267334,55.994930267334,55.994930267334,0,"2016-08-09","BKSL"
55.994930267334,55.994930267334,55.994930267334,55.994930267334,0,"2016-08-10","BKSL"
55.994930267334,55.994930267334,55.994930267334,55.994930267334,0,"2016-08-11","BKSL"
55.994930267334,55.994930267334,55.994930267334,55.994930267334,0,"2016-08-12","BKSL"
55.994930267334,55.994930267334,55.994930267334,55.994930267334,0,"2016-08-15","BKSL"
55.994930267334,55.994930267334,55.994930267334,55.994930267334,0,"2016-08-16","BKSL"
55.994930267334,55.994930267334,55.994930267334,55.994930267334,0,"2016-08-18","BKSL"
55.994930267334,55.994930267334,55.994930267334,55.994930267334,0,"2016-08-19","BKSL"
55.994930267334,55.994930267334,55.994930267334,55.994930267334,0,"2016-08-22","BKSL"
55.994930267334,55.994930267334,55.994930267334,55.994930267334,0,"2016-08-23","BKSL"
55.994930267334,55.994930267334,55.994930267334,55.994930267334,0,"2016-08-24","BKSL"
55.994930267334,55.994930267334,55.994930267334,55.994930267334,0,"2016-08-25","BKSL"
55.994930267334,55.994930267334,55.994930267334,55.994930267334,0,"2016-08-26","BKSL"
55.994930267334,55.994930267334,55.994930267334,55.994930267334,0,"2016-08-29","BKSL"
55.994930267334,55.994930267334,55.994930267334,55.994930267334,0,"2016-08-30","BKSL"
55.994930267334,55.994930267334,55.994930267334,55.994930267334,0,"2016-08-31","BKSL"
55.994930267334,55.994930267334,55.994930267334,55.994930267334,0,"2016-09-01","BKSL"
55.994930267334,55.994930267334,55.994930267334,55.994930267334,0,"2016-09-02","BKSL"
55.994930267334,55.994930267334,55.994930267334,55.994930267334,0,"2016-09-05","BKSL"
55.994930267334,55.994930267334,55.994930267334,55.994930267334,0,"2016-09-06","BKSL"
55.994930267334,55.994930267334,55.994930267334,55.994930267334,0,"2016-09-07","BKSL"
55.994930267334,55.994930267334,55.994930267334,55.994930267334,0,"2016-09-08","BKSL"
55.994930267334,55.994930267334,55.994930267334,55.994930267334,0,"2016-09-09","BKSL"
55.994930267334,55.994930267334,55.994930267334,55.994930267334,0,"2016-09-13","BKSL"
55.994930267334,55.994930267334,55.994930267334,55.994930267334,0,"2016-09-14","BKSL"
55.994930267334,55.994930267334,55.994930267334,55.994930267334,0,"2016-09-15","BKSL"
55.994930267334,55.994930267334,55.994930267334,55.994930267334,0,"2016-09-16","BKSL"
55.994930267334,55.994930267334,55.994930267334,55.994930267334,0,"2016-09-19","BKSL"
55.994930267334,55.994930267334,55.994930267334,55.994930267334,0,"2016-09-20","BKSL"
55.994930267334,55.994930267334,55.994930267334,55.994930267334,0,"2016-09-21","BKSL"
55.994930267334,55.994930267334,55.994930267334,55.994930267334,0,"2016-09-22","BKSL"
55.994930267334,55.994930267334,55.994930267334,55.994930267334,0,"2016-09-23","BKSL"
55.994930267334,55.994930267334,55.994930267334,55.994930267334,0,"2016-09-26","BKSL"
55.994930267334,55.994930267334,55.994930267334,55.994930267334,0,"2016-09-27","BKSL"
55.994930267334,55.994930267334,55.994930267334,55.994930267334,0,"2016-09-28","BKSL"
55.994930267334,55.994930267334,55.994930267334,55.994930267334,0,"2016-09-29","BKSL"
55.994930267334,55.994930267334,55.994930267334,55.994930267334,0,"2016-09-30","BKSL"
55.994930267334,55.994930267334,55.994930267334,55.994930267334,0,"2016-10-03","BKSL"
55.994930267334,55.994930267334,55.994930267334,55.994930267334,0,"2016-10-04","BKSL"
55.994930267334,55.994930267334,55.994930267334,55.994930267334,0,"2016-10-05","BKSL"
55.994930267334,55.994930267334,55.994930267334,55.994930267334,0,"2016-10-06","BKSL"
55.994930267334,55.994930267334,55.994930267334,55.994930267334,0,"2016-10-07","BKSL"
55.994930267334,55.994930267334,55.994930267334,55.994930267334,0,"2016-10-10","BKSL"
55.994930267334,55.994930267334,55.994930267334,55.994930267334,0,"2016-10-11","BKSL"
55.994930267334,55.994930267334,55.994930267334,55.994930267334,0,"2016-10-12","BKSL"
55.994930267334,55.994930267334,55.994930267334,55.994930267334,0,"2016-10-13","BKSL"
55.994930267334,55.994930267334,55.994930267334,55.994930267334,0,"2016-10-14","BKSL"
55.994930267334,55.994930267334,55.994930267334,55.994930267334,0,"2016-10-17","BKSL"
55.994930267334,55.994930267334,55.994930267334,55.994930267334,0,"2016-10-18","BKSL"
55.994930267334,55.994930267334,55.994930267334,55.994930267334,0,"2016-10-19","BKSL"
55.994930267334,55.994930267334,55.994930267334,55.994930267334,0,"2016-10-20","BKSL"
55.994930267334,55.994930267334,55.994930267334,55.994930267334,0,"2016-10-21","BKSL"
55.994930267334,55.994930267334,55.994930267334,55.994930267334,0,"2016-10-24","BKSL"
55.994930267334,55.994930267334,55.994930267334,55.994930267334,0,"2016-10-25","BKSL"
55.994930267334,55.994930267334,55.994930267334,55.994930267334,0,"2016-10-26","BKSL"
55.994930267334,55.994930267334,55.994930267334,55.994930267334,0,"2016-10-27","BKSL"
55.994930267334,55.994930267334,55.994930267334,55.994930267334,0,"2016-10-28","BKSL"
55.994930267334,55.994930267334,55.994930267334,55.994930267334,0,"2016-10-31","BKSL"
55.994930267334,55.994930267334,55.994930267334,55.994930267334,0,"2016-11-01","BKSL"
55.994930267334,55.994930267334,55.994930267334,55.994930267334,0,"2016-11-02","BKSL"
55.994930267334,55.994930267334,55.994930267334,55.994930267334,0,"2016-11-03","BKSL"
55.994930267334,55.994930267334,55.994930267334,55.994930267334,0,"2016-11-04","BKSL"
55.994930267334,55.994930267334,55.994930267334,55.994930267334,0,"2016-11-07","BKSL"
55.994930267334,55.994930267334,55.994930267334,55.994930267334,0,"2016-11-08","BKSL"
55.994930267334,55.994930267334,55.994930267334,55.994930267334,0,"2016-11-09","BKSL"
55.994930267334,55.994930267334,55.994930267334,55.994930267334,0,"2016-11-10","BKSL"
55.994930267334,55.994930267334,55.994930267334,55.994930267334,0,"2016-11-11","BKSL"
55.994930267334,55.994930267334,55.994930267334,55.994930267334,0,"2016-11-14","BKSL"
55.994930267334,55.994930267334,55.994930267334,55.994930267334,0,"2016-11-15","BKSL"
55.994930267334,55.994930267334,55.994930267334,55.994930267334,0,"2016-11-16","BKSL"
55.994930267334,55.994930267334,55.994930267334,55.994930267334,0,"2016-11-17","BKSL"
55.994930267334,55.994930267334,55.994930267334,55.994930267334,0,"2016-11-18","BKSL"
55.994930267334,55.994930267334,55.994930267334,55.994930267334,0,"2016-11-21","BKSL"
55.994930267334,55.994930267334,55.994930267334,55.994930267334,0,"2016-11-22","BKSL"
55.994930267334,55.994930267334,55.994930267334,55.994930267334,0,"2016-11-23","BKSL"
55.994930267334,55.994930267334,55.994930267334,55.994930267334,0,"2016-11-24","BKSL"
55.994930267334,55.994930267334,55.994930267334,55.994930267334,0,"2016-11-25","BKSL"
55.994930267334,55.994930267334,55.994930267334,55.994930267334,0,"2016-11-28","BKSL"
55.994930267334,55.994930267334,55.994930267334,55.994930267334,0,"2016-11-29","BKSL"
55.994930267334,55.994930267334,55.994930267334,55.994930267334,0,"2016-11-30","BKSL"
55.994930267334,55.994930267334,55.994930267334,55.994930267334,0,"2016-12-01","BKSL"
55.994930267334,55.994930267334,55.994930267334,55.994930267334,0,"2016-12-02","BKSL"
55.994930267334,55.994930267334,55.994930267334,55.994930267334,0,"2016-12-05","BKSL"
55.994930267334,55.994930267334,55.994930267334,55.994930267334,0,"2016-12-06","BKSL"
55.994930267334,55.994930267334,55.994930267334,55.994930267334,0,"2016-12-07","BKSL"
55.994930267334,55.994930267334,55.994930267334,55.994930267334,0,"2016-12-08","BKSL"
55.994930267334,55.994930267334,55.994930267334,55.994930267334,0,"2016-12-09","BKSL"
55.994930267334,55.994930267334,55.994930267334,55.994930267334,0,"2016-12-13","BKSL"
55.994930267334,55.994930267334,55.994930267334,55.994930267334,0,"2016-12-14","BKSL"
55.994930267334,55.994930267334,55.994930267334,55.994930267334,0,"2016-12-15","BKSL"
55.994930267334,55.994930267334,55.994930267334,55.994930267334,0,"2016-12-16","BKSL"
55.994930267334,55.994930267334,55.994930267334,55.994930267334,0,"2016-12-19","BKSL"
55.994930267334,55.994930267334,55.994930267334,55.994930267334,0,"2016-12-20","BKSL"
55.994930267334,55.994930267334,55.994930267334,55.994930267334,0,"2016-12-21","BKSL"
55.994930267334,55.994930267334,55.994930267334,55.994930267334,0,"2016-12-22","BKSL"
55.994930267334,55.994930267334,55.994930267334,55.994930267334,0,"2016-12-23","BKSL"
55.994930267334,55.994930267334,55.994930267334,55.994930267334,0,"2016-12-27","BKSL"
55.994930267334,55.994930267334,55.994930267334,55.994930267334,0,"2016-12-28","BKSL"
55.994930267334,55.994930267334,55.994930267334,55.994930267334,0,"2016-12-29","BKSL"
55.994930267334,55.994930267334,55.994930267334,55.994930267334,0,"2016-12-30","BKSL"
55.994930267334,55.994930267334,55.994930267334,55.994930267334,0,"2017-01-02","BKSL"
55.994930267334,55.994930267334,55.994930267334,55.994930267334,0,"2017-01-03","BKSL"
55.994930267334,55.994930267334,55.994930267334,55.994930267334,0,"2017-01-04","BKSL"
55.994930267334,55.994930267334,55.994930267334,55.994930267334,0,"2017-01-05","BKSL"
55.994930267334,55.994930267334,55.994930267334,55.994930267334,0,"2017-01-06","BKSL"
55.994930267334,55.994930267334,55.994930267334,55.994930267334,0,"2017-01-09","BKSL"
55.994930267334,55.994930267334,55.994930267334,55.994930267334,0,"2017-01-10","BKSL"
55.994930267334,55.994930267334,55.994930267334,55.994930267334,0,"2017-01-11","BKSL"
55.994930267334,55.994930267334,55.994930267334,55.994930267334,0,"2017-01-12","BKSL"
55.994930267334,55.994930267334,55.994930267334,55.994930267334,0,"2017-01-13","BKSL"
55.994930267334,55.994930267334,55.994930267334,55.994930267334,0,"2017-01-16","BKSL"
55.994930267334,55.994930267334,55.994930267334,55.994930267334,0,"2017-01-17","BKSL"
55.994930267334,55.994930267334,55.994930267334,55.994930267334,0,"2017-01-18","BKSL"
55.994930267334,55.994930267334,55.994930267334,55.994930267334,0,"2017-01-19","BKSL"
55.994930267334,55.994930267334,55.994930267334,55.994930267334,0,"2017-01-20","BKSL"
55.994930267334,55.994930267334,55.994930267334,55.994930267334,0,"2017-01-23","BKSL"
55.994930267334,55.994930267334,55.994930267334,55.994930267334,0,"2017-01-24","BKSL"
55.994930267334,55.994930267334,55.994930267334,55.994930267334,0,"2017-01-25","BKSL"
55.994930267334,55.994930267334,55.994930267334,55.994930267334,0,"2017-01-26","BKSL"
55.994930267334,55.994930267334,55.994930267334,55.994930267334,0,"2017-01-27","BKSL"
55.994930267334,55.994930267334,55.994930267334,55.994930267334,0,"2017-01-30","BKSL"
55.994930267334,55.994930267334,55.994930267334,55.994930267334,0,"2017-01-31","BKSL"
55.994930267334,55.994930267334,55.994930267334,55.994930267334,0,"2017-02-01","BKSL"
55.994930267334,55.994930267334,55.994930267334,55.994930267334,0,"2017-02-02","BKSL"
55.994930267334,55.994930267334,55.994930267334,55.994930267334,0,"2017-02-03","BKSL"
55.994930267334,55.994930267334,55.994930267334,55.994930267334,0,"2017-02-06","BKSL"
55.994930267334,55.994930267334,55.994930267334,55.994930267334,0,"2017-02-07","BKSL"
55.994930267334,55.994930267334,55.994930267334,55.994930267334,0,"2017-02-08","BKSL"
55.994930267334,55.994930267334,55.994930267334,55.994930267334,0,"2017-02-09","BKSL"
55.994930267334,55.994930267334,55.994930267334,55.994930267334,0,"2017-02-10","BKSL"
55.994930267334,55.994930267334,55.994930267334,55.994930267334,0,"2017-02-13","BKSL"
55.994930267334,55.994930267334,55.994930267334,55.994930267334,0,"2017-02-14","BKSL"
55.994930267334,55.994930267334,55.994930267334,55.994930267334,0,"2017-02-15","BKSL"
55.994930267334,55.994930267334,55.994930267334,55.994930267334,0,"2017-02-16","BKSL"
55.994930267334,55.994930267334,55.994930267334,55.994930267334,0,"2017-02-17","BKSL"
55.994930267334,55.994930267334,55.994930267334,55.994930267334,0,"2017-02-20","BKSL"
55.994930267334,55.994930267334,55.994930267334,55.994930267334,0,"2017-02-21","BKSL"
55.994930267334,55.994930267334,55.994930267334,55.994930267334,0,"2017-02-22","BKSL"
55.994930267334,55.994930267334,55.994930267334,55.994930267334,0,"2017-02-23","BKSL"
55.994930267334,55.994930267334,55.994930267334,55.994930267334,0,"2017-02-24","BKSL"
55.994930267334,55.994930267334,55.994930267334,55.994930267334,0,"2017-02-27","BKSL"
55.994930267334,55.994930267334,55.994930267334,55.994930267334,0,"2017-02-28","BKSL"
55.994930267334,55.994930267334,55.994930267334,55.994930267334,0,"2017-03-01","BKSL"
55.994930267334,55.994930267334,55.994930267334,55.994930267334,0,"2017-03-02","BKSL"
55.994930267334,55.994930267334,55.994930267334,55.994930267334,0,"2017-03-03","BKSL"
55.994930267334,55.994930267334,55.994930267334,55.994930267334,0,"2017-03-06","BKSL"
55.994930267334,55.994930267334,55.994930267334,55.994930267334,0,"2017-03-07","BKSL"
55.994930267334,55.994930267334,55.994930267334,55.994930267334,0,"2017-03-08","BKSL"
55.994930267334,55.994930267334,55.994930267334,55.994930267334,0,"2017-03-09","BKSL"
55.994930267334,55.994930267334,55.994930267334,55.994930267334,0,"2017-03-10","BKSL"
55.994930267334,55.994930267334,55.994930267334,55.994930267334,0,"2017-03-13","BKSL"
55.994930267334,55.994930267334,55.994930267334,55.994930267334,0,"2017-03-14","BKSL"
55.994930267334,55.994930267334,55.994930267334,55.994930267334,0,"2017-03-15","BKSL"
55.994930267334,55.994930267334,55.994930267334,55.994930267334,0,"2017-03-16","BKSL"
55.994930267334,55.994930267334,55.994930267334,55.994930267334,0,"2017-03-17","BKSL"
55.994930267334,55.994930267334,55.994930267334,55.994930267334,0,"2017-03-20","BKSL"
55.994930267334,55.994930267334,55.994930267334,55.994930267334,0,"2017-03-21","BKSL"
55.994930267334,55.994930267334,55.994930267334,55.994930267334,0,"2017-03-22","BKSL"
55.994930267334,55.994930267334,55.994930267334,55.994930267334,0,"2017-03-23","BKSL"
55.994930267334,55.994930267334,55.994930267334,55.994930267334,0,"2017-03-24","BKSL"
55.994930267334,55.994930267334,55.994930267334,55.994930267334,0,"2017-03-27","BKSL"
55.994930267334,55.994930267334,55.994930267334,55.994930267334,0,"2017-03-29","BKSL"
55.994930267334,55.994930267334,55.994930267334,55.994930267334,0,"2017-03-30","BKSL"
55.994930267334,55.994930267334,55.994930267334,55.994930267334,0,"2017-03-31","BKSL"
55.994930267334,55.994930267334,55.994930267334,55.994930267334,0,"2017-04-03","BKSL"
55.994930267334,55.994930267334,55.994930267334,55.994930267334,0,"2017-04-04","BKSL"
55.994930267334,55.994930267334,55.994930267334,55.994930267334,0,"2017-04-05","BKSL"
55.994930267334,55.994930267334,55.994930267334,55.994930267334,0,"2017-04-06","BKSL"
55.994930267334,55.994930267334,55.994930267334,55.994930267334,0,"2017-04-07","BKSL"
55.994930267334,55.994930267334,55.994930267334,55.994930267334,0,"2017-04-10","BKSL"
55.994930267334,55.994930267334,55.994930267334,55.994930267334,0,"2017-04-11","BKSL"
55.994930267334,55.994930267334,55.994930267334,55.994930267334,0,"2017-04-12","BKSL"
55.994930267334,55.994930267334,55.994930267334,55.994930267334,0,"2017-04-13","BKSL"
55.994930267334,55.994930267334,55.994930267334,55.994930267334,0,"2017-04-17","BKSL"
55.994930267334,55.994930267334,55.994930267334,55.994930267334,0,"2017-04-18","BKSL"
55.994930267334,55.994930267334,55.994930267334,55.994930267334,0,"2017-04-19","BKSL"
55.994930267334,55.994930267334,55.994930267334,55.994930267334,0,"2017-04-20","BKSL"
55.994930267334,55.994930267334,55.994930267334,55.994930267334,0,"2017-04-21","BKSL"
55.994930267334,55.994930267334,55.994930267334,55.994930267334,0,"2017-04-25","BKSL"
55.994930267334,55.994930267334,55.994930267334,55.994930267334,0,"2017-04-26","BKSL"
55.994930267334,55.994930267334,55.994930267334,55.994930267334,0,"2017-04-27","BKSL"
55.994930267334,55.994930267334,55.994930267334,55.994930267334,0,"2017-04-28","BKSL"
55.994930267334,55.994930267334,55.994930267334,55.994930267334,0,"2017-05-02","BKSL"
55.994930267334,55.994930267334,55.994930267334,55.994930267334,0,"2017-05-03","BKSL"
55.994930267334,55.994930267334,55.994930267334,55.994930267334,0,"2017-05-04","BKSL"
55.994930267334,55.994930267334,55.994930267334,55.994930267334,0,"2017-05-05","BKSL"
55.994930267334,55.994930267334,55.994930267334,55.994930267334,0,"2017-05-08","BKSL"
55.994930267334,55.994930267334,55.994930267334,55.994930267334,0,"2017-05-09","BKSL"
55.994930267334,55.994930267334,55.994930267334,55.994930267334,0,"2017-05-10","BKSL"
55.994930267334,55.994930267334,55.994930267334,55.994930267334,0,"2017-05-12","BKSL"
55.994930267334,55.994930267334,55.994930267334,55.994930267334,0,"2017-05-15","BKSL"
55.994930267334,55.994930267334,55.994930267334,55.994930267334,0,"2017-05-16","BKSL"
55.994930267334,55.994930267334,55.994930267334,55.994930267334,0,"2017-05-17","BKSL"
55.994930267334,55.994930267334,55.994930267334,55.994930267334,0,"2017-05-18","BKSL"
55.994930267334,55.994930267334,55.994930267334,55.994930267334,0,"2017-05-19","BKSL"
55.994930267334,55.994930267334,55.994930267334,55.994930267334,0,"2017-05-22","BKSL"
55.994930267334,55.994930267334,55.994930267334,55.994930267334,0,"2017-05-23","BKSL"
55.994930267334,55.994930267334,55.994930267334,55.994930267334,0,"2017-05-24","BKSL"
55.994930267334,55.994930267334,55.994930267334,55.994930267334,0,"2017-05-26","BKSL"
55.994930267334,55.994930267334,55.994930267334,55.994930267334,0,"2017-05-29","BKSL"
55.994930267334,55.994930267334,55.994930267334,55.994930267334,0,"2017-05-30","BKSL"
55.994930267334,55.994930267334,55.994930267334,55.994930267334,0,"2017-05-31","BKSL"
55.994930267334,55.994930267334,55.994930267334,55.994930267334,0,"2017-06-01","BKSL"
55.994930267334,55.994930267334,55.994930267334,55.994930267334,0,"2017-06-02","BKSL"
55.994930267334,55.994930267334,55.994930267334,55.994930267334,0,"2017-06-05","BKSL"
55.994930267334,55.994930267334,55.994930267334,55.994930267334,0,"2017-06-06","BKSL"
55.994930267334,55.994930267334,55.994930267334,55.994930267334,0,"2017-06-07","BKSL"
55.994930267334,55.994930267334,55.994930267334,55.994930267334,0,"2017-06-08","BKSL"
55.994930267334,55.994930267334,55.994930267334,55.994930267334,0,"2017-06-09","BKSL"
55.994930267334,55.994930267334,55.994930267334,55.994930267334,0,"2017-06-12","BKSL"
55.994930267334,55.994930267334,55.994930267334,55.994930267334,0,"2017-06-13","BKSL"
55.994930267334,55.994930267334,55.994930267334,55.994930267334,0,"2017-06-14","BKSL"
55.994930267334,55.994930267334,55.994930267334,55.994930267334,0,"2017-06-15","BKSL"
55.994930267334,55.994930267334,55.994930267334,55.994930267334,0,"2017-06-16","BKSL"
55.994930267334,55.994930267334,55.994930267334,55.994930267334,0,"2017-06-19","BKSL"
55.994930267334,55.994930267334,55.994930267334,55.994930267334,0,"2017-06-20","BKSL"
55.994930267334,55.994930267334,55.994930267334,55.994930267334,0,"2017-06-21","BKSL"
55.994930267334,55.994930267334,55.994930267334,55.994930267334,0,"2017-06-22","BKSL"
55.994930267334,55.994930267334,55.994930267334,55.994930267334,0,"2017-06-23","BKSL"
55.994930267334,55.994930267334,55.994930267334,55.994930267334,0,"2017-06-26","BKSL"
55.994930267334,55.994930267334,55.994930267334,55.994930267334,0,"2017-06-27","BKSL"
55.994930267334,55.994930267334,55.994930267334,55.994930267334,0,"2017-06-28","BKSL"
55.994930267334,55.994930267334,55.994930267334,55.994930267334,0,"2017-06-29","BKSL"
55.994930267334,55.994930267334,55.994930267334,55.994930267334,0,"2017-06-30","BKSL"
55.994930267334,55.994930267334,55.994930267334,55.994930267334,0,"2017-07-03","BKSL"
55.994930267334,55.994930267334,55.994930267334,55.994930267334,0,"2017-07-04","BKSL"
55.994930267334,55.994930267334,55.994930267334,55.994930267334,0,"2017-07-05","BKSL"
55.994930267334,55.994930267334,55.994930267334,55.994930267334,0,"2017-07-06","BKSL"
55.994930267334,55.994930267334,55.994930267334,55.994930267334,0,"2017-07-07","BKSL"
55.994930267334,55.994930267334,55.994930267334,55.994930267334,0,"2017-07-10","BKSL"
55.994930267334,55.994930267334,55.994930267334,55.994930267334,0,"2017-07-11","BKSL"
55.994930267334,55.994930267334,55.994930267334,55.994930267334,0,"2017-07-12","BKSL"
55.994930267334,55.994930267334,55.994930267334,55.994930267334,0,"2017-07-13","BKSL"
55.994930267334,55.994930267334,55.994930267334,55.994930267334,0,"2017-07-14","BKSL"
55.994930267334,55.994930267334,55.994930267334,55.994930267334,0,"2017-07-17","BKSL"
55.994930267334,55.994930267334,55.994930267334,55.994930267334,0,"2017-07-18","BKSL"
55.994930267334,55.994930267334,55.994930267334,55.994930267334,0,"2017-07-19","BKSL"
55.994930267334,55.994930267334,55.994930267334,55.994930267334,0,"2017-07-20","BKSL"
55.994930267334,55.994930267334,55.994930267334,55.994930267334,0,"2017-07-21","BKSL"
55.994930267334,55.994930267334,55.994930267334,55.994930267334,0,"2017-07-24","BKSL"
55.994930267334,55.994930267334,55.994930267334,55.994930267334,0,"2017-07-25","BKSL"
55.994930267334,55.994930267334,55.994930267334,55.994930267334,0,"2017-07-26","BKSL"
55.994930267334,55.994930267334,55.994930267334,55.994930267334,0,"2017-07-27","BKSL"
55.994930267334,55.994930267334,55.994930267334,55.994930267334,0,"2017-07-28","BKSL"
55.994930267334,55.994930267334,55.994930267334,55.994930267334,0,"2017-07-31","BKSL"
55.994930267334,55.994930267334,55.994930267334,55.994930267334,0,"2017-08-01","BKSL"
55.994930267334,55.994930267334,55.994930267334,55.994930267334,0,"2017-08-02","BKSL"
55.994930267334,55.994930267334,55.994930267334,55.994930267334,0,"2017-08-03","BKSL"
55.994930267334,55.994930267334,55.994930267334,55.994930267334,0,"2017-08-04","BKSL"
55.994930267334,55.994930267334,55.994930267334,55.994930267334,0,"2017-08-07","BKSL"
55.994930267334,55.994930267334,55.994930267334,55.994930267334,0,"2017-08-08","BKSL"
55.994930267334,55.994930267334,55.994930267334,55.994930267334,0,"2017-08-09","BKSL"
55.994930267334,55.994930267334,55.994930267334,55.994930267334,0,"2017-08-10","BKSL"
55.994930267334,55.994930267334,55.994930267334,55.994930267334,0,"2017-08-11","BKSL"
55.994930267334,55.994930267334,55.994930267334,55.994930267334,0,"2017-08-14","BKSL"
55.994930267334,55.994930267334,55.994930267334,55.994930267334,0,"2017-08-15","BKSL"
55.994930267334,55.994930267334,55.994930267334,55.994930267334,0,"2017-08-16","BKSL"
55.994930267334,55.994930267334,55.994930267334,55.994930267334,0,"2017-08-17","BKSL"
55.994930267334,55.994930267334,55.994930267334,55.994930267334,0,"2017-08-18","BKSL"
55.994930267334,55.994930267334,55.994930267334,55.994930267334,0,"2017-08-21","BKSL"
55.994930267334,55.994930267334,55.994930267334,55.994930267334,0,"2017-08-22","BKSL"
55.994930267334,55.994930267334,55.994930267334,55.994930267334,0,"2017-08-23","BKSL"
55.994930267334,55.994930267334,55.994930267334,55.994930267334,0,"2017-08-24","BKSL"
55.994930267334,55.994930267334,55.994930267334,55.994930267334,0,"2017-08-25","BKSL"
55.994930267334,55.994930267334,55.994930267334,55.994930267334,0,"2017-08-28","BKSL"
55.994930267334,55.994930267334,55.994930267334,55.994930267334,0,"2017-08-29","BKSL"
55.994930267334,55.994930267334,55.994930267334,55.994930267334,0,"2017-08-30","BKSL"
55.994930267334,55.994930267334,55.994930267334,55.994930267334,0,"2017-08-31","BKSL"
55.994930267334,55.994930267334,55.994930267334,55.994930267334,0,"2017-09-01","BKSL"
55.994930267334,55.994930267334,55.994930267334,55.994930267334,0,"2017-09-04","BKSL"
55.994930267334,55.994930267334,55.994930267334,55.994930267334,0,"2017-09-05","BKSL"
55.994930267334,55.994930267334,55.994930267334,55.994930267334,0,"2017-09-06","BKSL"
55.994930267334,55.994930267334,55.994930267334,55.994930267334,0,"2017-09-07","BKSL"
55.994930267334,55.994930267334,55.994930267334,55.994930267334,0,"2017-09-08","BKSL"
55.994930267334,55.994930267334,55.994930267334,55.994930267334,0,"2017-09-11","BKSL"
55.994930267334,55.994930267334,55.994930267334,55.994930267334,0,"2017-09-12","BKSL"
55.994930267334,55.994930267334,55.994930267334,55.994930267334,0,"2017-09-13","BKSL"
55.994930267334,55.994930267334,55.994930267334,55.994930267334,0,"2017-09-14","BKSL"
55.994930267334,55.994930267334,55.994930267334,55.994930267334,0,"2017-09-15","BKSL"
55.994930267334,55.994930267334,55.994930267334,55.994930267334,0,"2017-09-18","BKSL"
55.994930267334,55.994930267334,55.994930267334,55.994930267334,0,"2017-09-19","BKSL"
55.994930267334,55.994930267334,55.994930267334,55.994930267334,0,"2017-09-20","BKSL"
55.994930267334,55.994930267334,55.994930267334,55.994930267334,0,"2017-09-21","BKSL"
55.994930267334,55.994930267334,55.994930267334,55.994930267334,0,"2017-09-22","BKSL"
55.994930267334,55.994930267334,55.994930267334,55.994930267334,0,"2017-09-25","BKSL"
55.994930267334,55.994930267334,55.994930267334,55.994930267334,0,"2017-09-26","BKSL"
55.994930267334,55.994930267334,55.994930267334,55.994930267334,0,"2017-09-27","BKSL"
55.994930267334,55.994930267334,55.994930267334,55.994930267334,0,"2017-09-28","BKSL"
55.994930267334,55.994930267334,55.994930267334,55.994930267334,0,"2017-09-29","BKSL"
55.994930267334,55.994930267334,55.994930267334,55.994930267334,0,"2017-10-02","BKSL"
55.994930267334,55.994930267334,55.994930267334,55.994930267334,0,"2017-10-03","BKSL"
55.994930267334,55.994930267334,55.994930267334,55.994930267334,0,"2017-10-04","BKSL"
55.994930267334,55.994930267334,55.994930267334,55.994930267334,0,"2017-10-05","BKSL"
55.994930267334,55.994930267334,55.994930267334,55.994930267334,0,"2017-10-06","BKSL"
55.994930267334,55.994930267334,55.994930267334,55.994930267334,0,"2017-10-09","BKSL"
55.994930267334,55.994930267334,55.994930267334,55.994930267334,0,"2017-10-10","BKSL"
55.994930267334,55.994930267334,55.994930267334,55.994930267334,0,"2017-10-11","BKSL"
55.994930267334,55.994930267334,55.994930267334,55.994930267334,0,"2017-10-12","BKSL"
55.994930267334,55.994930267334,55.994930267334,55.994930267334,0,"2017-10-13","BKSL"
55.994930267334,55.994930267334,55.994930267334,55.994930267334,0,"2017-10-16","BKSL"
55.994930267334,55.994930267334,55.994930267334,55.994930267334,0,"2017-10-17","BKSL"
55.994930267334,55.994930267334,55.994930267334,55.994930267334,0,"2017-10-18","BKSL"
55.994930267334,55.994930267334,55.994930267334,55.994930267334,0,"2017-10-19","BKSL"
55.994930267334,55.994930267334,55.994930267334,55.994930267334,0,"2017-10-20","BKSL"
55.994930267334,55.994930267334,55.994930267334,55.994930267334,0,"2017-10-23","BKSL"
55.994930267334,55.994930267334,55.994930267334,55.994930267334,0,"2017-10-24","BKSL"
55.994930267334,55.994930267334,55.994930267334,55.994930267334,0,"2017-10-25","BKSL"
55.994930267334,55.994930267334,55.994930267334,55.994930267334,0,"2017-10-26","BKSL"
55.994930267334,55.994930267334,55.994930267334,55.994930267334,0,"2017-10-27","BKSL"
55.994930267334,55.994930267334,55.994930267334,55.994930267334,0,"2017-10-30","BKSL"
55.994930267334,55.994930267334,55.994930267334,55.994930267334,0,"2017-10-31","BKSL"
55.994930267334,55.994930267334,55.994930267334,55.994930267334,0,"2017-11-01","BKSL"
55.994930267334,55.994930267334,55.994930267334,55.994930267334,0,"2017-11-02","BKSL"
55.994930267334,55.994930267334,55.994930267334,55.994930267334,0,"2017-11-03","BKSL"
55.994930267334,55.994930267334,55.994930267334,55.994930267334,0,"2017-11-06","BKSL"
55.994930267334,55.994930267334,55.994930267334,55.994930267334,0,"2017-11-07","BKSL"
55.994930267334,55.994930267334,55.994930267334,55.994930267334,0,"2017-11-08","BKSL"
55.994930267334,55.994930267334,55.994930267334,55.994930267334,0,"2017-11-09","BKSL"
55.994930267334,55.994930267334,55.994930267334,55.994930267334,0,"2017-11-10","BKSL"
55.994930267334,55.994930267334,55.994930267334,55.994930267334,0,"2017-11-13","BKSL"
55.994930267334,55.994930267334,55.994930267334,55.994930267334,0,"2017-11-14","BKSL"
55.994930267334,55.994930267334,55.994930267334,55.994930267334,0,"2017-11-15","BKSL"
55.994930267334,55.994930267334,55.994930267334,55.994930267334,0,"2017-11-16","BKSL"
55.994930267334,55.994930267334,55.994930267334,55.994930267334,0,"2017-11-17","BKSL"
55.994930267334,55.994930267334,55.994930267334,55.994930267334,0,"2017-11-20","BKSL"
55.994930267334,55.994930267334,55.994930267334,55.994930267334,0,"2017-11-21","BKSL"
55.994930267334,55.994930267334,55.994930267334,55.994930267334,0,"2017-11-22","BKSL"
55.994930267334,55.994930267334,55.994930267334,55.994930267334,0,"2017-11-23","BKSL"
55.994930267334,55.994930267334,55.994930267334,55.994930267334,0,"2017-11-24","BKSL"
55.994930267334,55.994930267334,55.994930267334,55.994930267334,0,"2017-11-27","BKSL"
55.994930267334,55.994930267334,55.994930267334,55.994930267334,0,"2017-11-28","BKSL"
55.994930267334,55.994930267334,55.994930267334,55.994930267334,0,"2017-11-29","BKSL"
55.994930267334,55.994930267334,55.994930267334,55.994930267334,0,"2017-11-30","BKSL"
55.994930267334,55.994930267334,55.994930267334,55.994930267334,0,"2017-12-01","BKSL"
55.994930267334,55.994930267334,55.994930267334,55.994930267334,0,"2017-12-04","BKSL"
55.994930267334,55.994930267334,55.994930267334,55.994930267334,0,"2017-12-05","BKSL"
55.994930267334,55.994930267334,55.994930267334,55.994930267334,0,"2017-12-06","BKSL"
55.994930267334,55.994930267334,55.994930267334,55.994930267334,0,"2017-12-07","BKSL"
55.994930267334,55.994930267334,55.994930267334,55.994930267334,0,"2017-12-08","BKSL"
55.994930267334,55.994930267334,55.994930267334,55.994930267334,0,"2017-12-11","BKSL"
55.994930267334,55.994930267334,55.994930267334,55.994930267334,0,"2017-12-12","BKSL"
55.994930267334,55.994930267334,55.994930267334,55.994930267334,0,"2017-12-13","BKSL"
55.994930267334,55.994930267334,55.994930267334,55.994930267334,0,"2017-12-14","BKSL"
55.994930267334,55.994930267334,55.994930267334,55.994930267334,0,"2017-12-15","BKSL"
55.994930267334,55.994930267334,55.994930267334,55.994930267334,0,"2017-12-18","BKSL"
55.994930267334,55.994930267334,55.994930267334,55.994930267334,0,"2017-12-19","BKSL"
55.994930267334,55.994930267334,55.994930267334,55.994930267334,0,"2017-12-20","BKSL"
55.994930267334,55.994930267334,55.994930267334,55.994930267334,0,"2017-12-21","BKSL"
55.994930267334,55.994930267334,55.994930267334,55.994930267334,0,"2017-12-22","BKSL"
55.994930267334,55.994930267334,55.994930267334,55.994930267334,0,"2017-12-25","BKSL"
55.994930267334,55.994930267334,55.994930267334,55.994930267334,0,"2017-12-26","BKSL"
55.994930267334,55.994930267334,55.994930267334,55.994930267334,0,"2017-12-27","BKSL"
55.994930267334,55.994930267334,55.994930267334,55.994930267334,0,"2017-12-28","BKSL"
55.994930267334,55.994930267334,55.994930267334,55.994930267334,0,"2017-12-29","BKSL"
55.994930267334,55.994930267334,55.994930267334,55.994930267334,0,"2018-01-01","BKSL"
55.994930267334,55.994930267334,55.994930267334,55.994930267334,0,"2018-01-02","BKSL"
55.994930267334,55.994930267334,55.994930267334,55.994930267334,0,"2018-01-03","BKSL"
55.994930267334,55.994930267334,55.994930267334,55.994930267334,0,"2018-01-04","BKSL"
55.994930267334,55.994930267334,55.994930267334,55.994930267334,0,"2018-01-05","BKSL"
55.994930267334,55.994930267334,55.994930267334,55.994930267334,0,"2018-01-08","BKSL"
55.994930267334,55.994930267334,55.994930267334,55.994930267334,0,"2018-01-09","BKSL"
55.994930267334,55.994930267334,55.994930267334,55.994930267334,0,"2018-01-10","BKSL"
55.994930267334,55.994930267334,55.994930267334,55.994930267334,0,"2018-01-11","BKSL"
55.994930267334,55.994930267334,55.994930267334,55.994930267334,0,"2018-01-12","BKSL"
55.994930267334,55.994930267334,55.994930267334,55.994930267334,0,"2018-01-15","BKSL"
55.994930267334,55.994930267334,55.994930267334,55.994930267334,0,"2018-01-16","BKSL"
55.994930267334,55.994930267334,55.994930267334,55.994930267334,0,"2018-01-17","BKSL"
55.994930267334,55.994930267334,55.994930267334,55.994930267334,0,"2018-01-18","BKSL"
55.994930267334,55.994930267334,55.994930267334,55.994930267334,0,"2018-01-19","BKSL"
55.994930267334,55.994930267334,55.994930267334,55.994930267334,0,"2018-01-22","BKSL"
55.994930267334,55.994930267334,55.994930267334,55.994930267334,0,"2018-01-23","BKSL"
55.994930267334,55.994930267334,55.994930267334,55.994930267334,0,"2018-01-24","BKSL"
55.994930267334,55.994930267334,55.994930267334,55.994930267334,0,"2018-01-25","BKSL"
55.994930267334,55.994930267334,55.994930267334,55.994930267334,0,"2018-01-26","BKSL"
55.994930267334,55.994930267334,55.994930267334,55.994930267334,0,"2018-01-29","BKSL"
55.994930267334,55.994930267334,55.994930267334,55.994930267334,0,"2018-01-30","BKSL"
55.994930267334,55.994930267334,55.994930267334,55.994930267334,0,"2018-01-31","BKSL"
55.994930267334,55.994930267334,55.994930267334,55.994930267334,0,"2018-02-01","BKSL"
55.994930267334,55.994930267334,55.994930267334,55.994930267334,0,"2018-02-02","BKSL"
55.994930267334,55.994930267334,55.994930267334,55.994930267334,0,"2018-02-05","BKSL"
55.994930267334,55.994930267334,55.994930267334,55.994930267334,0,"2018-02-06","BKSL"
55.994930267334,55.994930267334,55.994930267334,55.994930267334,0,"2018-02-07","BKSL"
55.994930267334,55.994930267334,55.994930267334,55.994930267334,0,"2018-02-08","BKSL"
55.994930267334,55.994930267334,55.994930267334,55.994930267334,0,"2018-02-09","BKSL"
55.994930267334,55.994930267334,55.994930267334,55.994930267334,0,"2018-02-12","BKSL"
55.994930267334,55.994930267334,55.994930267334,55.994930267334,0,"2018-02-13","BKSL"
55.994930267334,55.994930267334,55.994930267334,55.994930267334,0,"2018-02-14","BKSL"
55.994930267334,55.994930267334,55.994930267334,55.994930267334,0,"2018-02-15","BKSL"
55.994930267334,55.994930267334,55.994930267334,55.994930267334,0,"2018-02-16","BKSL"
55.994930267334,55.994930267334,55.994930267334,55.994930267334,0,"2018-02-19","BKSL"
55.994930267334,55.994930267334,55.994930267334,55.994930267334,0,"2018-02-20","BKSL"
55.994930267334,55.994930267334,55.994930267334,55.994930267334,0,"2018-02-21","BKSL"
55.994930267334,55.994930267334,55.994930267334,55.994930267334,0,"2018-02-22","BKSL"
55.994930267334,55.994930267334,55.994930267334,55.994930267334,0,"2018-02-23","BKSL"
55.994930267334,55.994930267334,55.994930267334,55.994930267334,0,"2018-02-26","BKSL"
55.994930267334,55.994930267334,55.994930267334,55.994930267334,0,"2018-02-27","BKSL"
55.994930267334,55.994930267334,55.994930267334,55.994930267334,0,"2018-02-28","BKSL"
55.994930267334,55.994930267334,55.994930267334,55.994930267334,0,"2018-03-01","BKSL"
55.994930267334,55.994930267334,55.994930267334,55.994930267334,0,"2018-03-02","BKSL"
55.994930267334,55.994930267334,55.994930267334,55.994930267334,0,"2018-03-05","BKSL"
55.994930267334,55.994930267334,55.994930267334,55.994930267334,0,"2018-03-06","BKSL"
55.994930267334,55.994930267334,55.994930267334,55.994930267334,0,"2018-03-07","BKSL"
55.994930267334,55.994930267334,55.994930267334,55.994930267334,0,"2018-03-08","BKSL"
55.994930267334,55.994930267334,55.994930267334,55.994930267334,0,"2018-03-09","BKSL"
55.994930267334,55.994930267334,55.994930267334,55.994930267334,0,"2018-03-12","BKSL"
55.994930267334,55.994930267334,55.994930267334,55.994930267334,0,"2018-03-13","BKSL"
55.994930267334,55.994930267334,55.994930267334,55.994930267334,0,"2018-03-14","BKSL"
55.994930267334,55.994930267334,55.994930267334,55.994930267334,0,"2018-03-15","BKSL"
55.994930267334,55.994930267334,55.994930267334,55.994930267334,0,"2018-03-16","BKSL"
55.994930267334,55.994930267334,55.994930267334,55.994930267334,0,"2018-03-19","BKSL"
55.994930267334,55.994930267334,55.994930267334,55.994930267334,0,"2018-03-20","BKSL"
55.994930267334,55.994930267334,55.994930267334,55.994930267334,0,"2018-03-21","BKSL"
55.994930267334,55.994930267334,55.994930267334,55.994930267334,0,"2018-03-22","BKSL"
55.994930267334,55.994930267334,55.994930267334,55.994930267334,0,"2018-03-23","BKSL"
55.994930267334,55.994930267334,55.994930267334,55.994930267334,0,"2018-03-26","BKSL"
55.994930267334,55.994930267334,55.994930267334,55.994930267334,0,"2018-03-27","BKSL"
55.994930267334,55.994930267334,55.994930267334,55.994930267334,0,"2018-03-28","BKSL"
55.994930267334,55.994930267334,55.994930267334,55.994930267334,0,"2018-03-29","BKSL"
55.994930267334,55.994930267334,55.994930267334,55.994930267334,0,"2018-03-30","BKSL"
55.994930267334,55.994930267334,55.994930267334,55.994930267334,0,"2018-04-02","BKSL"
55.994930267334,55.994930267334,55.994930267334,55.994930267334,0,"2018-04-03","BKSL"
55.994930267334,55.994930267334,55.994930267334,55.994930267334,0,"2018-04-04","BKSL"
55.994930267334,55.994930267334,55.994930267334,55.994930267334,0,"2018-04-05","BKSL"
55.994930267334,55.994930267334,55.994930267334,55.994930267334,0,"2018-04-06","BKSL"
55.994930267334,55.994930267334,55.994930267334,55.994930267334,0,"2018-04-09","BKSL"
55.994930267334,55.994930267334,55.994930267334,55.994930267334,0,"2018-04-10","BKSL"
55.994930267334,55.994930267334,55.994930267334,55.994930267334,0,"2018-04-11","BKSL"
55.994930267334,55.994930267334,55.994930267334,55.994930267334,0,"2018-04-12","BKSL"
55.994930267334,55.994930267334,55.994930267334,55.994930267334,0,"2018-04-13","BKSL"
55.994930267334,55.994930267334,55.994930267334,55.994930267334,0,"2018-04-16","BKSL"
55.994930267334,55.994930267334,55.994930267334,55.994930267334,0,"2018-04-17","BKSL"
55.994930267334,55.994930267334,55.994930267334,55.994930267334,0,"2018-04-18","BKSL"
55.994930267334,55.994930267334,55.994930267334,55.994930267334,0,"2018-04-19","BKSL"
55.994930267334,55.994930267334,55.994930267334,55.994930267334,0,"2018-04-20","BKSL"
55.994930267334,55.994930267334,55.994930267334,55.994930267334,0,"2018-04-23","BKSL"
55.994930267334,55.994930267334,55.994930267334,55.994930267334,0,"2018-04-24","BKSL"
55.994930267334,55.994930267334,55.994930267334,55.994930267334,0,"2018-04-25","BKSL"
55.994930267334,55.994930267334,55.994930267334,55.994930267334,0,"2018-04-26","BKSL"
55.994930267334,55.994930267334,55.994930267334,55.994930267334,0,"2018-04-27","BKSL"
55.994930267334,55.994930267334,55.994930267334,55.994930267334,0,"2018-04-30","BKSL"
55.994930267334,55.994930267334,55.994930267334,55.994930267334,0,"2018-05-01","BKSL"
55.994930267334,55.994930267334,55.994930267334,55.994930267334,0,"2018-05-02","BKSL"
55.994930267334,55.994930267334,55.994930267334,55.994930267334,0,"2018-05-03","BKSL"
55.994930267334,55.994930267334,55.994930267334,55.994930267334,0,"2018-05-04","BKSL"
55.994930267334,55.994930267334,55.994930267334,55.994930267334,0,"2018-05-07","BKSL"
55.994930267334,55.994930267334,55.994930267334,55.994930267334,0,"2018-05-08","BKSL"
55.994930267334,55.994930267334,55.994930267334,55.994930267334,0,"2018-05-09","BKSL"
55.994930267334,55.994930267334,55.994930267334,55.994930267334,0,"2018-05-10","BKSL"
55.994930267334,55.994930267334,55.994930267334,55.994930267334,0,"2018-05-11","BKSL"
55.994930267334,55.994930267334,55.994930267334,55.994930267334,0,"2018-05-14","BKSL"
55.994930267334,55.994930267334,55.994930267334,55.994930267334,0,"2018-05-15","BKSL"
55.994930267334,55.994930267334,55.994930267334,55.994930267334,0,"2018-05-16","BKSL"
55.994930267334,55.994930267334,55.994930267334,55.994930267334,0,"2018-05-17","BKSL"
55.994930267334,55.994930267334,55.994930267334,55.994930267334,0,"2018-05-18","BKSL"
55.994930267334,55.994930267334,55.994930267334,55.994930267334,0,"2018-05-21","BKSL"
55.994930267334,55.994930267334,55.994930267334,55.994930267334,0,"2018-05-22","BKSL"
55.994930267334,55.994930267334,55.994930267334,55.994930267334,0,"2018-05-23","BKSL"
55.994930267334,55.994930267334,55.994930267334,55.994930267334,0,"2018-05-24","BKSL"
55.994930267334,55.994930267334,55.994930267334,55.994930267334,0,"2018-05-25","BKSL"
55.994930267334,55.994930267334,55.994930267334,55.994930267334,0,"2018-05-28","BKSL"
55.994930267334,55.994930267334,55.994930267334,55.994930267334,0,"2018-05-29","BKSL"
55.994930267334,55.994930267334,55.994930267334,55.994930267334,0,"2018-05-30","BKSL"
55.994930267334,55.994930267334,55.994930267334,55.994930267334,0,"2018-05-31","BKSL"
55.994930267334,55.994930267334,55.994930267334,55.994930267334,0,"2018-06-01","BKSL"
55.994930267334,55.994930267334,55.994930267334,55.994930267334,0,"2018-06-04","BKSL"
55.994930267334,55.994930267334,55.994930267334,55.994930267334,0,"2018-06-05","BKSL"
55.994930267334,55.994930267334,55.994930267334,55.994930267334,0,"2018-06-06","BKSL"
55.994930267334,55.994930267334,55.994930267334,55.994930267334,0,"2018-06-07","BKSL"
55.994930267334,55.994930267334,55.994930267334,55.994930267334,0,"2018-06-08","BKSL"
55.994930267334,55.994930267334,55.994930267334,55.994930267334,0,"2018-06-11","BKSL"
55.994930267334,55.994930267334,55.994930267334,55.994930267334,0,"2018-06-12","BKSL"
55.994930267334,55.994930267334,55.994930267334,55.994930267334,0,"2018-06-13","BKSL"
55.994930267334,55.994930267334,55.994930267334,55.994930267334,0,"2018-06-14","BKSL"
55.994930267334,55.994930267334,55.994930267334,55.994930267334,0,"2018-06-15","BKSL"
55.994930267334,55.994930267334,55.994930267334,55.994930267334,0,"2018-06-18","BKSL"
55.994930267334,55.994930267334,55.994930267334,55.994930267334,0,"2018-06-19","BKSL"
55.994930267334,55.994930267334,55.994930267334,55.994930267334,0,"2018-06-20","BKSL"
55.994930267334,55.994930267334,55.994930267334,55.994930267334,0,"2018-06-21","BKSL"
55.994930267334,55.994930267334,55.994930267334,55.994930267334,0,"2018-06-22","BKSL"
55.994930267334,55.994930267334,55.994930267334,55.994930267334,0,"2018-06-25","BKSL"
55.994930267334,55.994930267334,55.994930267334,55.994930267334,0,"2018-06-26","BKSL"
55.994930267334,55.994930267334,55.994930267334,55.994930267334,0,"2018-06-27","BKSL"
55.994930267334,55.994930267334,55.994930267334,55.994930267334,0,"2018-06-28","BKSL"
55.994930267334,55.994930267334,55.994930267334,55.994930267334,0,"2018-06-29","BKSL"
55.994930267334,55.994930267334,55.994930267334,55.994930267334,0,"2018-07-02","BKSL"
55.994930267334,55.994930267334,55.994930267334,55.994930267334,0,"2018-07-03","BKSL"
55.994930267334,55.994930267334,55.994930267334,55.994930267334,0,"2018-07-04","BKSL"
55.994930267334,55.994930267334,55.994930267334,55.994930267334,0,"2018-07-05","BKSL"
55.994930267334,55.994930267334,55.994930267334,55.994930267334,0,"2018-07-06","BKSL"
55.994930267334,55.994930267334,55.994930267334,55.994930267334,0,"2018-07-09","BKSL"
55.994930267334,55.994930267334,55.994930267334,55.994930267334,0,"2018-07-10","BKSL"
55.994930267334,55.994930267334,55.994930267334,55.994930267334,0,"2018-07-11","BKSL"
55.994930267334,55.994930267334,55.994930267334,55.994930267334,0,"2018-07-12","BKSL"
55.994930267334,55.994930267334,55.994930267334,55.994930267334,0,"2018-07-13","BKSL"
55.994930267334,55.994930267334,55.994930267334,55.994930267334,0,"2018-07-16","BKSL"
55.994930267334,55.994930267334,55.994930267334,55.994930267334,0,"2018-07-17","BKSL"
55.994930267334,55.994930267334,55.994930267334,55.994930267334,0,"2018-07-18","BKSL"
55.994930267334,55.994930267334,55.994930267334,55.994930267334,0,"2018-07-19","BKSL"
55.994930267334,55.994930267334,55.994930267334,55.994930267334,0,"2018-07-20","BKSL"
55.994930267334,55.994930267334,55.994930267334,55.994930267334,0,"2018-07-23","BKSL"
55.994930267334,55.994930267334,55.994930267334,55.994930267334,0,"2018-07-24","BKSL"
55.994930267334,55.994930267334,55.994930267334,55.994930267334,0,"2018-07-25","BKSL"
55.994930267334,55.994930267334,55.994930267334,55.994930267334,0,"2018-07-26","BKSL"
55.994930267334,55.994930267334,55.994930267334,55.994930267334,0,"2018-07-27","BKSL"
55.994930267334,55.994930267334,55.994930267334,55.994930267334,0,"2018-07-30","BKSL"
55.994930267334,55.994930267334,55.994930267334,55.994930267334,0,"2018-07-31","BKSL"
55.994930267334,55.994930267334,55.994930267334,55.994930267334,0,"2018-08-01","BKSL"
55.994930267334,55.994930267334,55.994930267334,55.994930267334,0,"2018-08-02","BKSL"
55.994930267334,55.994930267334,55.994930267334,55.994930267334,0,"2018-08-03","BKSL"
55.994930267334,55.994930267334,55.994930267334,55.994930267334,0,"2018-08-06","BKSL"
55.994930267334,55.994930267334,55.994930267334,55.994930267334,0,"2018-08-07","BKSL"
55.994930267334,55.994930267334,55.994930267334,55.994930267334,0,"2018-08-08","BKSL"
55.994930267334,55.994930267334,55.994930267334,55.994930267334,0,"2018-08-09","BKSL"
55.994930267334,55.994930267334,55.994930267334,55.994930267334,0,"2018-08-10","BKSL"
55.994930267334,55.994930267334,55.994930267334,55.994930267334,0,"2018-08-13","BKSL"
55.994930267334,55.994930267334,55.994930267334,55.994930267334,0,"2018-08-14","BKSL"
55.994930267334,55.994930267334,55.994930267334,55.994930267334,0,"2018-08-15","BKSL"
55.994930267334,55.994930267334,55.994930267334,55.994930267334,0,"2018-08-16","BKSL"
55.994930267334,55.994930267334,55.994930267334,55.994930267334,0,"2018-08-17","BKSL"
55.994930267334,55.994930267334,55.994930267334,55.994930267334,0,"2018-08-20","BKSL"
55.994930267334,55.994930267334,55.994930267334,55.994930267334,0,"2018-08-21","BKSL"
55.994930267334,55.994930267334,55.994930267334,55.994930267334,0,"2018-08-22","BKSL"
55.994930267334,55.994930267334,55.994930267334,55.994930267334,0,"2018-08-23","BKSL"
55.994930267334,55.994930267334,55.994930267334,55.994930267334,0,"2018-08-24","BKSL"
55.994930267334,55.994930267334,55.994930267334,55.994930267334,0,"2018-08-27","BKSL"
55.994930267334,55.994930267334,55.994930267334,55.994930267334,0,"2018-08-28","BKSL"
55.994930267334,55.994930267334,55.994930267334,55.994930267334,0,"2018-08-29","BKSL"
55.994930267334,55.994930267334,55.994930267334,55.994930267334,0,"2018-08-30","BKSL"
55.994930267334,55.994930267334,55.994930267334,55.994930267334,0,"2018-08-31","BKSL"
55.994930267334,55.994930267334,55.994930267334,55.994930267334,0,"2018-09-03","BKSL"
55.994930267334,55.994930267334,55.994930267334,55.994930267334,0,"2018-09-04","BKSL"
55.994930267334,55.994930267334,55.994930267334,55.994930267334,0,"2018-09-05","BKSL"
55.994930267334,55.994930267334,55.994930267334,55.994930267334,0,"2018-09-06","BKSL"
55.994930267334,55.994930267334,55.994930267334,55.994930267334,0,"2018-09-07","BKSL"
55.994930267334,55.994930267334,55.994930267334,55.994930267334,0,"2018-09-10","BKSL"
55.994930267334,55.994930267334,55.994930267334,55.994930267334,0,"2018-09-11","BKSL"
55.994930267334,55.994930267334,55.994930267334,55.994930267334,0,"2018-09-12","BKSL"
55.994930267334,55.994930267334,55.994930267334,55.994930267334,0,"2018-09-13","BKSL"
55.994930267334,55.994930267334,55.994930267334,55.994930267334,0,"2018-09-14","BKSL"
55.994930267334,55.994930267334,55.994930267334,55.994930267334,0,"2018-09-17","BKSL"
55.994930267334,55.994930267334,55.994930267334,55.994930267334,0,"2018-09-18","BKSL"
55.994930267334,55.994930267334,55.994930267334,55.994930267334,0,"2018-09-19","BKSL"
55.994930267334,55.994930267334,55.994930267334,55.994930267334,0,"2018-09-20","BKSL"
55.994930267334,55.994930267334,55.994930267334,55.994930267334,0,"2018-09-21","BKSL"
55.994930267334,55.994930267334,55.994930267334,55.994930267334,0,"2018-09-24","BKSL"
55.994930267334,55.994930267334,55.994930267334,55.994930267334,0,"2018-09-25","BKSL"
55.994930267334,55.994930267334,55.994930267334,55.994930267334,0,"2018-09-26","BKSL"
55.994930267334,55.994930267334,55.994930267334,55.994930267334,0,"2018-09-27","BKSL"
55.994930267334,55.994930267334,55.994930267334,55.994930267334,0,"2018-09-28","BKSL"
55.994930267334,55.994930267334,55.994930267334,55.994930267334,0,"2018-10-01","BKSL"
55.994930267334,55.994930267334,55.994930267334,55.994930267334,0,"2018-10-02","BKSL"
55.994930267334,55.994930267334,55.994930267334,55.994930267334,0,"2018-10-03","BKSL"
55.994930267334,55.994930267334,55.994930267334,55.994930267334,0,"2018-10-04","BKSL"
55.994930267334,55.994930267334,55.994930267334,55.994930267334,0,"2018-10-05","BKSL"
55.994930267334,55.994930267334,55.994930267334,55.994930267334,0,"2018-10-08","BKSL"
55.994930267334,55.994930267334,55.994930267334,55.994930267334,0,"2018-10-09","BKSL"
55.994930267334,55.994930267334,55.994930267334,55.994930267334,0,"2018-10-10","BKSL"
55.994930267334,55.994930267334,55.994930267334,55.994930267334,0,"2018-10-11","BKSL"
55.994930267334,55.994930267334,55.994930267334,55.994930267334,0,"2018-10-12","BKSL"
55.994930267334,55.994930267334,55.994930267334,55.994930267334,0,"2018-10-15","BKSL"
55.994930267334,55.994930267334,55.994930267334,55.994930267334,0,"2018-10-16","BKSL"
55.994930267334,55.994930267334,55.994930267334,55.994930267334,0,"2018-10-17","BKSL"
55.994930267334,55.994930267334,55.994930267334,55.994930267334,0,"2018-10-18","BKSL"
55.994930267334,55.994930267334,55.994930267334,55.994930267334,0,"2018-10-19","BKSL"
55.994930267334,55.994930267334,55.994930267334,55.994930267334,0,"2018-10-22","BKSL"
55.994930267334,55.994930267334,55.994930267334,55.994930267334,0,"2018-10-23","BKSL"
55.994930267334,55.994930267334,55.994930267334,55.994930267334,0,"2018-10-24","BKSL"
55.994930267334,55.994930267334,55.994930267334,55.994930267334,0,"2018-10-25","BKSL"
55.994930267334,55.994930267334,55.994930267334,55.994930267334,0,"2018-10-26","BKSL"
55.994930267334,55.994930267334,55.994930267334,55.994930267334,0,"2018-10-29","BKSL"
55.994930267334,55.994930267334,55.994930267334,55.994930267334,0,"2018-10-30","BKSL"
55.994930267334,55.994930267334,55.994930267334,55.994930267334,0,"2018-10-31","BKSL"
55.994930267334,55.994930267334,55.994930267334,55.994930267334,0,"2018-11-01","BKSL"
55.994930267334,55.994930267334,55.994930267334,55.994930267334,0,"2018-11-02","BKSL"
55.994930267334,55.994930267334,55.994930267334,55.994930267334,0,"2018-11-05","BKSL"
55.994930267334,55.994930267334,55.994930267334,55.994930267334,0,"2018-11-06","BKSL"
55.994930267334,55.994930267334,55.994930267334,55.994930267334,0,"2018-11-07","BKSL"
55.994930267334,55.994930267334,55.994930267334,55.994930267334,0,"2018-11-08","BKSL"
55.994930267334,55.994930267334,55.994930267334,55.994930267334,0,"2018-11-09","BKSL"
55.994930267334,55.994930267334,55.994930267334,55.994930267334,0,"2018-11-12","BKSL"
55.994930267334,55.994930267334,55.994930267334,55.994930267334,0,"2018-11-13","BKSL"
55.994930267334,55.994930267334,55.994930267334,55.994930267334,0,"2018-11-14","BKSL"
55.994930267334,55.994930267334,55.994930267334,55.994930267334,0,"2018-11-15","BKSL"
55.994930267334,55.994930267334,55.994930267334,55.994930267334,0,"2018-11-16","BKSL"
55.994930267334,55.994930267334,55.994930267334,55.994930267334,0,"2018-11-19","BKSL"
55.994930267334,55.994930267334,55.994930267334,55.994930267334,0,"2018-11-20","BKSL"
55.994930267334,55.994930267334,55.994930267334,55.994930267334,0,"2018-11-21","BKSL"
55.994930267334,55.994930267334,55.994930267334,55.994930267334,0,"2018-11-22","BKSL"
55.994930267334,55.994930267334,55.994930267334,55.994930267334,0,"2018-11-23","BKSL"
55.994930267334,55.994930267334,55.994930267334,55.994930267334,0,"2018-11-26","BKSL"
55.994930267334,55.994930267334,55.994930267334,55.994930267334,0,"2018-11-27","BKSL"
55.994930267334,55.994930267334,55.994930267334,55.994930267334,0,"2018-11-28","BKSL"
55.994930267334,55.994930267334,55.994930267334,55.994930267334,0,"2018-11-29","BKSL"
55.994930267334,55.994930267334,55.994930267334,55.994930267334,0,"2018-11-30","BKSL"
55.994930267334,55.994930267334,55.994930267334,55.994930267334,0,"2018-12-03","BKSL"
55.994930267334,55.994930267334,55.994930267334,55.994930267334,0,"2018-12-04","BKSL"
55.994930267334,55.994930267334,55.994930267334,55.994930267334,0,"2018-12-05","BKSL"
55.994930267334,55.994930267334,55.994930267334,55.994930267334,0,"2018-12-06","BKSL"
55.994930267334,55.994930267334,55.994930267334,55.994930267334,0,"2018-12-07","BKSL"
55.994930267334,55.994930267334,55.994930267334,55.994930267334,0,"2018-12-10","BKSL"
55.994930267334,55.994930267334,55.994930267334,55.994930267334,0,"2018-12-11","BKSL"
55.994930267334,55.994930267334,55.994930267334,55.994930267334,0,"2018-12-12","BKSL"
55.994930267334,55.994930267334,55.994930267334,55.994930267334,0,"2018-12-13","BKSL"
55.994930267334,55.994930267334,55.994930267334,55.994930267334,0,"2018-12-14","BKSL"
55.994930267334,55.994930267334,55.994930267334,55.994930267334,0,"2018-12-17","BKSL"
55.994930267334,55.994930267334,55.994930267334,55.994930267334,0,"2018-12-18","BKSL"
55.994930267334,55.994930267334,55.994930267334,55.994930267334,0,"2018-12-19","BKSL"
55.994930267334,55.994930267334,55.994930267334,55.994930267334,0,"2018-12-20","BKSL"
55.994930267334,55.994930267334,55.994930267334,55.994930267334,0,"2018-12-21","BKSL"
55.994930267334,55.994930267334,55.994930267334,55.994930267334,0,"2018-12-24","BKSL"
55.994930267334,55.994930267334,55.994930267334,55.994930267334,0,"2018-12-25","BKSL"
55.994930267334,55.994930267334,55.994930267334,55.994930267334,0,"2018-12-26","BKSL"
55.994930267334,55.994930267334,55.994930267334,55.994930267334,0,"2018-12-27","BKSL"
55.994930267334,55.994930267334,55.994930267334,55.994930267334,0,"2018-12-28","BKSL"
55.994930267334,55.994930267334,55.994930267334,55.994930267334,0,"2018-12-31","BKSL"
55.994930267334,55.994930267334,55.994930267334,55.994930267334,0,"2019-01-01","BKSL"
55.994930267334,55.994930267334,55.994930267334,55.994930267334,0,"2019-01-02","BKSL"
55.994930267334,55.994930267334,55.994930267334,55.994930267334,0,"2019-01-03","BKSL"
55.994930267334,55.994930267334,55.994930267334,55.994930267334,0,"2019-01-04","BKSL"
55.994930267334,55.994930267334,55.994930267334,55.994930267334,0,"2019-01-07","BKSL"
55.994930267334,55.994930267334,55.994930267334,55.994930267334,0,"2019-01-08","BKSL"
55.994930267334,55.994930267334,55.994930267334,55.994930267334,0,"2019-01-09","BKSL"
55.994930267334,55.994930267334,55.994930267334,55.994930267334,0,"2019-01-10","BKSL"
55.994930267334,55.994930267334,55.994930267334,55.994930267334,0,"2019-01-11","BKSL"
55.994930267334,55.994930267334,55.994930267334,55.994930267334,0,"2019-01-14","BKSL"
55.994930267334,55.994930267334,55.994930267334,55.994930267334,0,"2019-01-15","BKSL"
55.994930267334,55.994930267334,55.994930267334,55.994930267334,0,"2019-01-16","BKSL"
55.994930267334,55.994930267334,55.994930267334,55.994930267334,0,"2019-01-17","BKSL"
55.994930267334,55.994930267334,55.994930267334,55.994930267334,0,"2019-01-18","BKSL"
55.994930267334,55.994930267334,55.994930267334,55.994930267334,0,"2019-01-21","BKSL"
55.994930267334,55.994930267334,55.994930267334,55.994930267334,0,"2019-01-22","BKSL"
55.994930267334,55.994930267334,55.994930267334,55.994930267334,0,"2019-01-23","BKSL"
55.994930267334,55.994930267334,55.994930267334,55.994930267334,0,"2019-01-24","BKSL"
55.994930267334,55.994930267334,55.994930267334,55.994930267334,0,"2019-01-25","BKSL"
55.994930267334,55.994930267334,55.994930267334,55.994930267334,0,"2019-01-28","BKSL"
55.994930267334,55.994930267334,55.994930267334,55.994930267334,0,"2019-01-29","BKSL"
55.994930267334,55.994930267334,55.994930267334,55.994930267334,0,"2019-01-30","BKSL"
55.994930267334,55.994930267334,55.994930267334,55.994930267334,0,"2019-01-31","BKSL"
55.994930267334,55.994930267334,55.994930267334,55.994930267334,0,"2019-02-01","BKSL"
55.994930267334,55.994930267334,55.994930267334,55.994930267334,0,"2019-02-04","BKSL"
55.994930267334,55.994930267334,55.994930267334,55.994930267334,0,"2019-02-05","BKSL"
55.994930267334,55.994930267334,55.994930267334,55.994930267334,0,"2019-02-06","BKSL"
55.994930267334,55.994930267334,55.994930267334,55.994930267334,0,"2019-02-07","BKSL"
55.994930267334,55.994930267334,55.994930267334,55.994930267334,0,"2019-02-08","BKSL"
55.994930267334,55.994930267334,55.994930267334,55.994930267334,0,"2019-02-11","BKSL"
55.994930267334,55.994930267334,55.994930267334,55.994930267334,0,"2019-02-12","BKSL"
55.994930267334,55.994930267334,55.994930267334,55.994930267334,0,"2019-02-13","BKSL"
55.994930267334,55.994930267334,55.994930267334,55.994930267334,0,"2019-02-14","BKSL"
55.994930267334,55.994930267334,55.994930267334,55.994930267334,0,"2019-02-15","BKSL"
55.994930267334,55.994930267334,55.994930267334,55.994930267334,0,"2019-02-18","BKSL"
55.994930267334,55.994930267334,55.994930267334,55.994930267334,0,"2019-02-19","BKSL"
55.994930267334,55.994930267334,55.994930267334,55.994930267334,0,"2019-02-20","BKSL"
55.994930267334,55.994930267334,55.994930267334,55.994930267334,0,"2019-02-21","BKSL"
55.994930267334,55.994930267334,55.994930267334,55.994930267334,0,"2019-02-22","BKSL"
55.994930267334,55.994930267334,55.994930267334,55.994930267334,0,"2019-02-25","BKSL"
55.994930267334,55.994930267334,55.994930267334,55.994930267334,0,"2019-02-26","BKSL"
55.994930267334,55.994930267334,55.994930267334,55.994930267334,0,"2019-02-27","BKSL"
55.994930267334,55.994930267334,55.994930267334,55.994930267334,0,"2019-02-28","BKSL"
55.994930267334,55.994930267334,55.994930267334,55.994930267334,0,"2019-03-01","BKSL"
55.994930267334,55.994930267334,55.994930267334,55.994930267334,0,"2019-03-04","BKSL"
55.994930267334,55.994930267334,55.994930267334,55.994930267334,0,"2019-03-05","BKSL"
55.994930267334,55.994930267334,55.994930267334,55.994930267334,0,"2019-03-06","BKSL"
55.994930267334,55.994930267334,55.994930267334,55.994930267334,0,"2019-03-07","BKSL"
55.994930267334,55.994930267334,55.994930267334,55.994930267334,0,"2019-03-08","BKSL"
55.994930267334,55.994930267334,55.994930267334,55.994930267334,0,"2019-03-11","BKSL"
55.994930267334,55.994930267334,55.994930267334,55.994930267334,0,"2019-03-12","BKSL"
55.994930267334,55.994930267334,55.994930267334,55.994930267334,0,"2019-03-13","BKSL"
55.994930267334,55.994930267334,55.994930267334,55.994930267334,0,"2019-03-14","BKSL"
55.994930267334,55.994930267334,55.994930267334,55.994930267334,0,"2019-03-15","BKSL"
55.994930267334,55.994930267334,55.994930267334,55.994930267334,0,"2019-03-18","BKSL"
55.994930267334,55.994930267334,55.994930267334,55.994930267334,0,"2019-03-19","BKSL"
55.994930267334,55.994930267334,55.994930267334,55.994930267334,0,"2019-03-20","BKSL"
55.994930267334,55.994930267334,55.994930267334,55.994930267334,0,"2019-03-21","BKSL"
55.994930267334,55.994930267334,55.994930267334,55.994930267334,0,"2019-03-22","BKSL"
55.994930267334,55.994930267334,55.994930267334,55.994930267334,0,"2019-03-25","BKSL"
55.994930267334,55.994930267334,55.994930267334,55.994930267334,0,"2019-03-26","BKSL"
55.994930267334,55.994930267334,55.994930267334,55.994930267334,0,"2019-03-27","BKSL"
55.994930267334,55.994930267334,55.994930267334,55.994930267334,0,"2019-03-28","BKSL"
55.994930267334,55.994930267334,55.994930267334,55.994930267334,0,"2019-03-29","BKSL"
55.994930267334,55.994930267334,55.994930267334,55.994930267334,0,"2019-04-01","BKSL"
55.994930267334,55.994930267334,55.994930267334,55.994930267334,0,"2019-04-02","BKSL"
55.994930267334,55.994930267334,55.994930267334,55.994930267334,0,"2019-04-03","BKSL"
55.994930267334,55.994930267334,55.994930267334,55.994930267334,0,"2019-04-04","BKSL"
55.994930267334,55.994930267334,55.994930267334,55.994930267334,0,"2019-04-05","BKSL"
55.994930267334,55.994930267334,55.994930267334,55.994930267334,0,"2019-04-08","BKSL"
55.994930267334,55.994930267334,55.994930267334,55.994930267334,0,"2019-04-09","BKSL"
55.994930267334,55.994930267334,55.994930267334,55.994930267334,0,"2019-04-10","BKSL"
55.994930267334,55.994930267334,55.994930267334,55.994930267334,0,"2019-04-11","BKSL"
55.994930267334,55.994930267334,55.994930267334,55.994930267334,0,"2019-04-12","BKSL"
55.994930267334,55.994930267334,55.994930267334,55.994930267334,0,"2019-04-15","BKSL"
55.994930267334,55.994930267334,55.994930267334,55.994930267334,0,"2019-04-16","BKSL"
55.994930267334,55.994930267334,55.994930267334,55.994930267334,0,"2019-04-17","BKSL"
55.994930267334,55.994930267334,55.994930267334,55.994930267334,0,"2019-04-18","BKSL"
55.994930267334,55.994930267334,55.994930267334,55.994930267334,0,"2019-04-19","BKSL"
55.994930267334,55.994930267334,55.994930267334,55.994930267334,0,"2019-04-22","BKSL"
55.994930267334,55.994930267334,55.994930267334,55.994930267334,0,"2019-04-23","BKSL"
55.994930267334,55.994930267334,55.994930267334,55.994930267334,0,"2019-04-24","BKSL"
55.994930267334,55.994930267334,55.994930267334,55.994930267334,0,"2019-04-25","BKSL"
55.994930267334,55.994930267334,55.994930267334,55.994930267334,0,"2019-04-26","BKSL"
55.994930267334,55.994930267334,55.994930267334,55.994930267334,0,"2019-04-29","BKSL"
55.994930267334,55.994930267334,55.994930267334,55.994930267334,0,"2019-04-30","BKSL"
55.994930267334,55.994930267334,55.994930267334,55.994930267334,0,"2019-05-01","BKSL"
55.994930267334,55.994930267334,55.994930267334,55.994930267334,0,"2019-05-02","BKSL"
55.994930267334,55.994930267334,55.994930267334,55.994930267334,0,"2019-05-03","BKSL"
55.994930267334,55.994930267334,55.994930267334,55.994930267334,0,"2019-05-06","BKSL"
55.994930267334,55.994930267334,55.994930267334,55.994930267334,0,"2019-05-07","BKSL"
55.994930267334,55.994930267334,55.994930267334,55.994930267334,0,"2019-05-08","BKSL"
55.994930267334,55.994930267334,55.994930267334,55.994930267334,0,"2019-05-09","BKSL"
55.994930267334,55.994930267334,55.994930267334,55.994930267334,0,"2019-05-10","BKSL"
55.994930267334,55.994930267334,55.994930267334,55.994930267334,0,"2019-05-13","BKSL"
55.994930267334,55.994930267334,55.994930267334,55.994930267334,0,"2019-05-14","BKSL"
55.994930267334,55.994930267334,55.994930267334,55.994930267334,0,"2019-05-15","BKSL"
55.994930267334,55.994930267334,55.994930267334,55.994930267334,0,"2019-05-16","BKSL"
55.994930267334,55.994930267334,55.994930267334,55.994930267334,0,"2019-05-17","BKSL"
55.994930267334,55.994930267334,55.994930267334,55.994930267334,0,"2019-05-20","BKSL"
55.994930267334,55.994930267334,55.994930267334,55.994930267334,0,"2019-05-21","BKSL"
55.994930267334,55.994930267334,55.994930267334,55.994930267334,0,"2019-05-22","BKSL"
55.994930267334,55.994930267334,55.994930267334,55.994930267334,0,"2019-05-23","BKSL"
55.994930267334,55.994930267334,55.994930267334,55.994930267334,0,"2019-05-24","BKSL"
55.994930267334,55.994930267334,55.994930267334,55.994930267334,0,"2019-05-27","BKSL"
55.994930267334,55.994930267334,55.994930267334,55.994930267334,0,"2019-05-28","BKSL"
55.994930267334,55.994930267334,55.994930267334,55.994930267334,0,"2019-05-29","BKSL"
55.994930267334,55.994930267334,55.994930267334,55.994930267334,0,"2019-05-30","BKSL"
55.994930267334,55.994930267334,55.994930267334,55.994930267334,0,"2019-05-31","BKSL"
55.994930267334,55.994930267334,55.994930267334,55.994930267334,0,"2019-06-03","BKSL"
55.994930267334,55.994930267334,55.994930267334,55.994930267334,0,"2019-06-04","BKSL"
55.994930267334,55.994930267334,55.994930267334,55.994930267334,0,"2019-06-05","BKSL"
55.994930267334,55.994930267334,55.994930267334,55.994930267334,0,"2019-06-06","BKSL"
55.994930267334,55.994930267334,55.994930267334,55.994930267334,0,"2019-06-07","BKSL"
55.994930267334,55.994930267334,55.994930267334,55.994930267334,0,"2019-06-10","BKSL"
55.994930267334,55.994930267334,55.994930267334,55.994930267334,0,"2019-06-11","BKSL"
55.994930267334,55.994930267334,55.994930267334,55.994930267334,0,"2019-06-12","BKSL"
55.994930267334,55.994930267334,55.994930267334,55.994930267334,0,"2019-06-13","BKSL"
55.994930267334,55.994930267334,55.994930267334,55.994930267334,0,"2019-06-14","BKSL"
55.994930267334,55.994930267334,55.994930267334,55.994930267334,0,"2019-06-17","BKSL"
55.994930267334,55.994930267334,55.994930267334,55.994930267334,0,"2019-06-18","BKSL"
55.994930267334,55.994930267334,55.994930267334,55.994930267334,0,"2019-06-19","BKSL"
55.994930267334,55.994930267334,55.994930267334,55.994930267334,0,"2019-06-20","BKSL"
55.994930267334,55.994930267334,55.994930267334,55.994930267334,0,"2019-06-21","BKSL"
55.994930267334,55.994930267334,55.994930267334,55.994930267334,0,"2019-06-24","BKSL"
55.994930267334,55.994930267334,55.994930267334,55.994930267334,0,"2019-06-25","BKSL"
55.994930267334,55.994930267334,55.994930267334,55.994930267334,0,"2019-06-26","BKSL"
55.994930267334,55.994930267334,55.994930267334,55.994930267334,0,"2019-06-27","BKSL"
55.994930267334,55.994930267334,55.994930267334,55.994930267334,0,"2019-06-28","BKSL"
55.994930267334,55.994930267334,55.994930267334,55.994930267334,0,"2019-07-01","BKSL"
55.994930267334,55.994930267334,55.994930267334,55.994930267334,0,"2019-07-02","BKSL"
55.994930267334,55.994930267334,55.994930267334,55.994930267334,0,"2019-07-03","BKSL"
55.994930267334,55.994930267334,55.994930267334,55.994930267334,0,"2019-07-04","BKSL"
55.994930267334,55.994930267334,55.994930267334,55.994930267334,0,"2019-07-05","BKSL"
55.994930267334,55.994930267334,55.994930267334,55.994930267334,0,"2019-07-08","BKSL"
55.994930267334,55.994930267334,55.994930267334,55.994930267334,0,"2019-07-09","BKSL"
55.994930267334,55.994930267334,55.994930267334,55.994930267334,0,"2019-07-10","BKSL"
55.994930267334,55.994930267334,55.994930267334,55.994930267334,0,"2019-07-11","BKSL"
55.994930267334,55.994930267334,55.994930267334,55.994930267334,0,"2019-07-12","BKSL"
55.994930267334,55.994930267334,55.994930267334,55.994930267334,0,"2019-07-15","BKSL"
55.994930267334,55.994930267334,55.994930267334,55.994930267334,0,"2019-07-16","BKSL"
55.994930267334,55.994930267334,55.994930267334,55.994930267334,0,"2019-07-17","BKSL"
55.994930267334,55.994930267334,55.994930267334,55.994930267334,0,"2019-07-18","BKSL"
55.994930267334,55.994930267334,55.994930267334,55.994930267334,0,"2019-07-19","BKSL"
55.994930267334,55.994930267334,55.994930267334,55.994930267334,0,"2019-07-22","BKSL"
55.994930267334,55.994930267334,55.994930267334,55.994930267334,0,"2019-07-23","BKSL"
55.994930267334,55.994930267334,55.994930267334,55.994930267334,0,"2019-07-24","BKSL"
55.994930267334,55.994930267334,55.994930267334,55.994930267334,0,"2019-07-25","BKSL"
55.994930267334,55.994930267334,55.994930267334,55.994930267334,0,"2019-07-26","BKSL"
55.994930267334,55.994930267334,55.994930267334,55.994930267334,0,"2019-07-29","BKSL"
55.994930267334,55.994930267334,55.994930267334,55.994930267334,0,"2019-07-30","BKSL"
55.994930267334,55.994930267334,55.994930267334,55.994930267334,0,"2019-07-31","BKSL"
55.994930267334,55.994930267334,55.994930267334,55.994930267334,0,"2019-08-01","BKSL"
55.994930267334,55.994930267334,55.994930267334,55.994930267334,0,"2019-08-02","BKSL"
55.994930267334,55.994930267334,55.994930267334,55.994930267334,0,"2019-08-05","BKSL"
55.994930267334,55.994930267334,55.994930267334,55.994930267334,0,"2019-08-06","BKSL"
55.994930267334,55.994930267334,55.994930267334,55.994930267334,0,"2019-08-07","BKSL"
55.994930267334,55.994930267334,55.994930267334,55.994930267334,0,"2019-08-08","BKSL"
55.994930267334,55.994930267334,55.994930267334,55.994930267334,0,"2019-08-09","BKSL"
55.994930267334,55.994930267334,55.994930267334,55.994930267334,0,"2019-08-12","BKSL"
55.994930267334,55.994930267334,55.994930267334,55.994930267334,0,"2019-08-13","BKSL"
55.994930267334,55.994930267334,55.994930267334,55.994930267334,0,"2019-08-14","BKSL"
55.994930267334,55.994930267334,55.994930267334,55.994930267334,0,"2019-08-15","BKSL"
55.994930267334,55.994930267334,55.994930267334,55.994930267334,0,"2019-08-16","BKSL"
55.994930267334,55.994930267334,55.994930267334,55.994930267334,0,"2019-08-19","BKSL"
55.994930267334,55.994930267334,55.994930267334,55.994930267334,0,"2019-08-20","BKSL"
55.994930267334,55.994930267334,55.994930267334,55.994930267334,0,"2019-08-21","BKSL"
55.994930267334,55.994930267334,55.994930267334,55.994930267334,0,"2019-08-22","BKSL"
55.994930267334,55.994930267334,55.994930267334,55.994930267334,0,"2019-08-23","BKSL"
55.994930267334,55.994930267334,55.994930267334,55.994930267334,0,"2019-08-26","BKSL"
55.994930267334,55.994930267334,55.994930267334,55.994930267334,0,"2019-08-27","BKSL"
55.994930267334,55.994930267334,55.994930267334,55.994930267334,0,"2019-08-28","BKSL"
55.994930267334,55.994930267334,55.994930267334,55.994930267334,0,"2019-08-29","BKSL"
55.994930267334,55.994930267334,55.994930267334,55.994930267334,0,"2019-08-30","BKSL"
55.994930267334,55.994930267334,55.994930267334,55.994930267334,0,"2019-09-02","BKSL"
55.994930267334,55.994930267334,55.994930267334,55.994930267334,0,"2019-09-03","BKSL"
55.994930267334,55.994930267334,55.994930267334,55.994930267334,0,"2019-09-04","BKSL"
55.994930267334,55.994930267334,55.994930267334,55.994930267334,0,"2019-09-05","BKSL"
55.994930267334,55.994930267334,55.994930267334,55.994930267334,0,"2019-09-06","BKSL"
55.994930267334,55.994930267334,55.994930267334,55.994930267334,0,"2019-09-09","BKSL"
55.994930267334,55.994930267334,55.994930267334,55.994930267334,0,"2019-09-10","BKSL"
55.994930267334,55.994930267334,55.994930267334,55.994930267334,0,"2019-09-11","BKSL"
55.994930267334,55.994930267334,55.994930267334,55.994930267334,0,"2019-09-12","BKSL"
55.994930267334,55.994930267334,55.994930267334,55.994930267334,0,"2019-09-13","BKSL"
55.994930267334,55.994930267334,55.994930267334,55.994930267334,0,"2019-09-16","BKSL"
55.994930267334,55.994930267334,55.994930267334,55.994930267334,0,"2019-09-17","BKSL"
55.994930267334,55.994930267334,55.994930267334,55.994930267334,0,"2019-09-18","BKSL"
55.994930267334,55.994930267334,55.994930267334,55.994930267334,0,"2019-09-19","BKSL"
55.994930267334,55.994930267334,55.994930267334,55.994930267334,0,"2019-09-20","BKSL"
55.994930267334,55.994930267334,55.994930267334,55.994930267334,0,"2019-09-23","BKSL"
55.994930267334,55.994930267334,55.994930267334,55.994930267334,0,"2019-09-24","BKSL"
55.994930267334,55.994930267334,55.994930267334,55.994930267334,0,"2019-09-25","BKSL"
55.994930267334,55.994930267334,55.994930267334,55.994930267334,0,"2019-09-26","BKSL"
55.994930267334,55.994930267334,55.994930267334,55.994930267334,0,"2019-09-27","BKSL"
55.994930267334,55.994930267334,55.994930267334,55.994930267334,0,"2019-09-30","BKSL"
55.994930267334,55.994930267334,55.994930267334,55.994930267334,0,"2019-10-01","BKSL"
55.994930267334,55.994930267334,55.994930267334,55.994930267334,0,"2019-10-02","BKSL"
55.994930267334,55.994930267334,55.994930267334,55.994930267334,0,"2019-10-03","BKSL"
55.994930267334,55.994930267334,55.994930267334,55.994930267334,0,"2019-10-04","BKSL"
55.994930267334,55.994930267334,55.994930267334,55.994930267334,0,"2019-10-07","BKSL"
55.994930267334,55.994930267334,55.994930267334,55.994930267334,0,"2019-10-08","BKSL"
55.994930267334,55.994930267334,55.994930267334,55.994930267334,0,"2019-10-09","BKSL"
55.994930267334,55.994930267334,55.994930267334,55.994930267334,0,"2019-10-10","BKSL"
55.994930267334,55.994930267334,55.994930267334,55.994930267334,0,"2019-10-11","BKSL"
55.994930267334,55.994930267334,55.994930267334,55.994930267334,0,"2019-10-14","BKSL"
55.994930267334,55.994930267334,55.994930267334,55.994930267334,0,"2019-10-15","BKSL"
55.994930267334,55.994930267334,55.994930267334,55.994930267334,0,"2019-10-16","BKSL"
55.994930267334,55.994930267334,55.994930267334,55.994930267334,0,"2019-10-17","BKSL"
55.994930267334,55.994930267334,55.994930267334,55.994930267334,0,"2019-10-18","BKSL"
55.994930267334,55.994930267334,55.994930267334,55.994930267334,0,"2019-10-21","BKSL"
55.994930267334,55.994930267334,55.994930267334,55.994930267334,0,"2019-10-22","BKSL"
55.994930267334,55.994930267334,55.994930267334,55.994930267334,0,"2019-10-23","BKSL"
55.994930267334,55.994930267334,55.994930267334,55.994930267334,0,"2019-10-24","BKSL"
55.994930267334,55.994930267334,55.994930267334,55.994930267334,0,"2019-10-25","BKSL"
55.994930267334,55.994930267334,55.994930267334,55.994930267334,0,"2019-10-28","BKSL"
55.994930267334,55.994930267334,55.994930267334,55.994930267334,0,"2019-10-29","BKSL"
55.994930267334,55.994930267334,55.994930267334,55.994930267334,0,"2019-10-30","BKSL"
55.994930267334,55.994930267334,55.994930267334,55.994930267334,0,"2019-10-31","BKSL"
55.994930267334,55.994930267334,55.994930267334,55.994930267334,0,"2019-11-01","BKSL"
55.994930267334,55.994930267334,55.994930267334,55.994930267334,0,"2019-11-04","BKSL"
55.994930267334,55.994930267334,55.994930267334,55.994930267334,0,"2019-11-05","BKSL"
55.994930267334,55.994930267334,55.994930267334,55.994930267334,0,"2019-11-06","BKSL"
55.994930267334,55.994930267334,55.994930267334,55.994930267334,0,"2019-11-07","BKSL"
55.994930267334,55.994930267334,55.994930267334,55.994930267334,0,"2019-11-08","BKSL"
55.994930267334,55.994930267334,55.994930267334,55.994930267334,0,"2019-11-11","BKSL"
55.994930267334,55.994930267334,55.994930267334,55.994930267334,0,"2019-11-12","BKSL"
55.994930267334,55.994930267334,55.994930267334,55.994930267334,0,"2019-11-13","BKSL"
55.994930267334,55.994930267334,55.994930267334,55.994930267334,0,"2019-11-14","BKSL"
55.994930267334,55.994930267334,55.994930267334,55.994930267334,0,"2019-11-15","BKSL"
55.994930267334,55.994930267334,55.994930267334,55.994930267334,0,"2019-11-18","BKSL"
55.994930267334,55.994930267334,55.994930267334,55.994930267334,0,"2019-11-19","BKSL"
55.994930267334,55.994930267334,55.994930267334,55.994930267334,0,"2019-11-20","BKSL"
55.994930267334,55.994930267334,55.994930267334,55.994930267334,0,"2019-11-21","BKSL"
55.994930267334,55.994930267334,55.994930267334,55.994930267334,0,"2019-11-22","BKSL"
55.994930267334,55.994930267334,55.994930267334,55.994930267334,0,"2019-11-25","BKSL"
55.994930267334,55.994930267334,55.994930267334,55.994930267334,0,"2019-11-26","BKSL"
55.994930267334,55.994930267334,55.994930267334,55.994930267334,0,"2019-11-27","BKSL"
55.994930267334,55.994930267334,55.994930267334,55.994930267334,0,"2019-11-28","BKSL"
55.994930267334,55.994930267334,55.994930267334,55.994930267334,0,"2019-11-29","BKSL"
55.994930267334,55.994930267334,55.994930267334,55.994930267334,0,"2019-12-02","BKSL"
55.994930267334,55.994930267334,55.994930267334,55.994930267334,0,"2019-12-03","BKSL"
55.994930267334,55.994930267334,55.994930267334,55.994930267334,0,"2019-12-04","BKSL"
55.994930267334,55.994930267334,55.994930267334,55.994930267334,0,"2019-12-05","BKSL"
55.994930267334,55.994930267334,55.994930267334,55.994930267334,0,"2019-12-06","BKSL"
55.994930267334,55.994930267334,55.994930267334,55.994930267334,0,"2019-12-09","BKSL"
55.994930267334,55.994930267334,55.994930267334,55.994930267334,0,"2019-12-10","BKSL"
55.994930267334,55.994930267334,55.994930267334,55.994930267334,0,"2019-12-11","BKSL"
55.994930267334,55.994930267334,55.994930267334,55.994930267334,0,"2019-12-12","BKSL"
55.994930267334,55.994930267334,55.994930267334,55.994930267334,0,"2019-12-13","BKSL"
55.994930267334,55.994930267334,55.994930267334,55.994930267334,0,"2019-12-16","BKSL"
55.994930267334,55.994930267334,55.994930267334,55.994930267334,0,"2019-12-17","BKSL"
55.994930267334,55.994930267334,55.994930267334,55.994930267334,0,"2019-12-18","BKSL"
55.994930267334,55.994930267334,55.994930267334,55.994930267334,0,"2019-12-19","BKSL"
55.994930267334,55.994930267334,55.994930267334,55.994930267334,0,"2019-12-20","BKSL"
55.994930267334,55.994930267334,55.994930267334,55.994930267334,0,"2019-12-23","BKSL"
55.994930267334,55.994930267334,55.994930267334,55.994930267334,0,"2019-12-26","BKSL"
55.994930267334,55.994930267334,55.994930267334,55.994930267334,0,"2019-12-27","BKSL"
55.994930267334,55.994930267334,55.994930267334,55.994930267334,0,"2019-12-30","BKSL"
55.994930267334,55.994930267334,55.994930267334,55.994930267334,0,"2020-01-02","BKSL"
55.994930267334,55.994930267334,55.994930267334,55.994930267334,0,"2020-01-03","BKSL"
55.994930267334,55.994930267334,55.994930267334,55.994930267334,0,"2020-01-06","BKSL"
55.994930267334,55.994930267334,55.994930267334,55.994930267334,0,"2020-01-07","BKSL"
55.994930267334,55.994930267334,55.994930267334,55.994930267334,0,"2020-01-08","BKSL"
55.994930267334,55.994930267334,55.994930267334,55.994930267334,0,"2020-01-09","BKSL"
55.994930267334,55.994930267334,55.994930267334,55.994930267334,0,"2020-01-10","BKSL"
55.994930267334,55.994930267334,55.994930267334,55.994930267334,0,"2020-01-13","BKSL"
55.994930267334,55.994930267334,55.994930267334,55.994930267334,0,"2020-01-14","BKSL"
55.994930267334,55.994930267334,55.994930267334,55.994930267334,0,"2020-01-15","BKSL"
55.994930267334,55.994930267334,55.994930267334,55.994930267334,0,"2020-01-16","BKSL"
55.994930267334,55.994930267334,55.994930267334,55.994930267334,0,"2020-01-17","BKSL"
55.994930267334,55.994930267334,55.994930267334,55.994930267334,0,"2020-01-20","BKSL"
55.994930267334,55.994930267334,55.994930267334,55.994930267334,0,"2020-01-21","BKSL"
55.994930267334,55.994930267334,55.994930267334,55.994930267334,0,"2020-01-22","BKSL"
55.994930267334,55.994930267334,55.994930267334,55.994930267334,0,"2020-01-23","BKSL"
55.994930267334,55.994930267334,55.994930267334,55.994930267334,0,"2020-01-24","BKSL"
55.994930267334,55.994930267334,55.994930267334,55.994930267334,0,"2020-01-27","BKSL"
55.994930267334,55.994930267334,55.994930267334,55.994930267334,0,"2020-01-28","BKSL"
55.994930267334,55.994930267334,55.994930267334,55.994930267334,0,"2020-01-29","BKSL"
55.994930267334,55.994930267334,55.994930267334,55.994930267334,0,"2020-01-30","BKSL"
55.994930267334,55.994930267334,55.994930267334,55.994930267334,0,"2020-01-31","BKSL"
55.994930267334,55.994930267334,55.994930267334,55.994930267334,0,"2020-02-03","BKSL"
55.994930267334,55.994930267334,55.994930267334,55.994930267334,0,"2020-02-04","BKSL"
55.994930267334,55.994930267334,55.994930267334,55.994930267334,0,"2020-02-05","BKSL"
55.994930267334,55.994930267334,55.994930267334,55.994930267334,0,"2020-02-06","BKSL"
55.994930267334,55.994930267334,55.994930267334,55.994930267334,0,"2020-02-07","BKSL"
55.994930267334,55.994930267334,55.994930267334,55.994930267334,0,"2020-02-10","BKSL"
55.994930267334,55.994930267334,55.994930267334,55.994930267334,0,"2020-02-11","BKSL"
55.994930267334,55.994930267334,55.994930267334,55.994930267334,0,"2020-02-12","BKSL"
55.994930267334,55.994930267334,55.994930267334,55.994930267334,0,"2020-02-13","BKSL"
55.994930267334,55.994930267334,55.994930267334,55.994930267334,0,"2020-02-14","BKSL"
55.994930267334,55.994930267334,55.994930267334,55.994930267334,0,"2020-02-17","BKSL"
55.994930267334,55.994930267334,55.994930267334,55.994930267334,0,"2020-02-18","BKSL"
55.994930267334,55.994930267334,55.994930267334,55.994930267334,0,"2020-02-19","BKSL"
55.994930267334,55.994930267334,55.994930267334,55.994930267334,0,"2020-02-20","BKSL"
55.994930267334,55.994930267334,55.994930267334,55.994930267334,0,"2020-02-21","BKSL"
55.994930267334,55.994930267334,55.994930267334,55.994930267334,0,"2020-02-24","BKSL"
55.994930267334,55.994930267334,55.994930267334,55.994930267334,0,"2020-02-25","BKSL"
55.994930267334,55.994930267334,55.994930267334,55.994930267334,0,"2020-02-26","BKSL"
55.994930267334,55.994930267334,55.994930267334,55.994930267334,0,"2020-02-27","BKSL"
55.994930267334,55.994930267334,55.994930267334,55.994930267334,0,"2020-02-28","BKSL"
55.994930267334,55.994930267334,55.994930267334,55.994930267334,0,"2020-03-02","BKSL"
55.994930267334,55.994930267334,55.994930267334,55.994930267334,0,"2020-03-03","BKSL"
55.994930267334,55.994930267334,55.994930267334,55.994930267334,0,"2020-03-04","BKSL"
55.994930267334,55.994930267334,55.994930267334,55.994930267334,0,"2020-03-05","BKSL"
55.994930267334,55.994930267334,55.994930267334,55.994930267334,0,"2020-03-06","BKSL"
55.994930267334,55.994930267334,55.994930267334,55.994930267334,0,"2020-03-09","BKSL"
55.994930267334,55.994930267334,55.994930267334,55.994930267334,0,"2020-03-10","BKSL"
55.994930267334,55.994930267334,55.994930267334,55.994930267334,0,"2020-03-11","BKSL"
55.994930267334,55.994930267334,55.994930267334,55.994930267334,0,"2020-03-12","BKSL"
55.994930267334,55.994930267334,55.994930267334,55.994930267334,0,"2020-03-13","BKSL"
55.994930267334,55.994930267334,55.994930267334,55.994930267334,0,"2020-03-16","BKSL"
55.994930267334,55.994930267334,55.994930267334,55.994930267334,0,"2020-03-17","BKSL"
55.994930267334,55.994930267334,55.994930267334,55.994930267334,0,"2020-03-18","BKSL"
55.994930267334,55.994930267334,55.994930267334,55.994930267334,0,"2020-03-19","BKSL"
55.994930267334,55.994930267334,55.994930267334,55.994930267334,0,"2020-03-20","BKSL"
55.994930267334,55.994930267334,55.994930267334,55.994930267334,0,"2020-03-23","BKSL"
55.994930267334,55.994930267334,55.994930267334,55.994930267334,0,"2020-03-24","BKSL"
55.994930267334,55.994930267334,55.994930267334,55.994930267334,0,"2020-03-26","BKSL"
55.994930267334,55.994930267334,55.994930267334,55.994930267334,0,"2020-03-27","BKSL"
55.994930267334,55.994930267334,55.994930267334,55.994930267334,0,"2020-03-30","BKSL"
55.994930267334,55.994930267334,55.994930267334,55.994930267334,0,"2020-03-31","BKSL"
55.994930267334,55.994930267334,55.994930267334,55.994930267334,0,"2020-04-01","BKSL"
55.994930267334,55.994930267334,55.994930267334,55.994930267334,0,"2020-04-02","BKSL"
55.994930267334,55.994930267334,55.994930267334,55.994930267334,0,"2020-04-03","BKSL"
55.994930267334,55.994930267334,55.994930267334,55.994930267334,0,"2020-04-06","BKSL"
55.994930267334,55.994930267334,55.994930267334,55.994930267334,0,"2020-04-07","BKSL"
55.994930267334,55.994930267334,55.994930267334,55.994930267334,0,"2020-04-08","BKSL"
55.994930267334,55.994930267334,55.994930267334,55.994930267334,0,"2020-04-09","BKSL"
55.994930267334,55.994930267334,55.994930267334,55.994930267334,0,"2020-04-13","BKSL"
55.994930267334,55.994930267334,55.994930267334,55.994930267334,0,"2020-04-14","BKSL"
55.994930267334,55.994930267334,55.994930267334,55.994930267334,0,"2020-04-15","BKSL"
55.994930267334,55.994930267334,55.994930267334,55.994930267334,0,"2020-04-16","BKSL"
55.994930267334,55.994930267334,55.994930267334,55.994930267334,0,"2020-04-17","BKSL"
55.994930267334,55.994930267334,55.994930267334,55.994930267334,0,"2020-04-20","BKSL"
55.994930267334,55.994930267334,55.994930267334,55.994930267334,0,"2020-04-21","BKSL"
55.994930267334,55.994930267334,55.994930267334,55.994930267334,0,"2020-04-22","BKSL"
55.994930267334,55.994930267334,55.994930267334,55.994930267334,0,"2020-04-23","BKSL"
55.994930267334,55.994930267334,55.994930267334,55.994930267334,0,"2020-04-24","BKSL"
55.994930267334,55.994930267334,55.994930267334,55.994930267334,0,"2020-04-27","BKSL"
55.994930267334,55.994930267334,55.994930267334,55.994930267334,0,"2020-04-28","BKSL"
55.994930267334,55.994930267334,55.994930267334,55.994930267334,0,"2020-04-29","BKSL"
55.994930267334,55.994930267334,55.994930267334,55.994930267334,0,"2020-04-30","BKSL"
55.994930267334,55.994930267334,55.994930267334,55.994930267334,0,"2020-05-04","BKSL"
55.994930267334,55.994930267334,55.994930267334,55.994930267334,0,"2020-05-05","BKSL"
55.994930267334,55.994930267334,55.994930267334,55.994930267334,0,"2020-05-06","BKSL"
55.994930267334,55.994930267334,55.994930267334,55.994930267334,0,"2020-05-08","BKSL"
55.994930267334,55.994930267334,55.994930267334,55.994930267334,0,"2020-05-11","BKSL"
55.994930267334,55.994930267334,55.994930267334,55.994930267334,0,"2020-05-12","BKSL"
55.994930267334,55.994930267334,55.994930267334,55.994930267334,0,"2020-05-13","BKSL"
55.994930267334,55.994930267334,55.994930267334,55.994930267334,0,"2020-05-14","BKSL"
55.994930267334,55.994930267334,55.994930267334,55.994930267334,0,"2020-05-15","BKSL"
55.994930267334,55.994930267334,55.994930267334,55.994930267334,0,"2020-05-18","BKSL"
55.994930267334,55.994930267334,55.994930267334,55.994930267334,0,"2020-05-19","BKSL"
55.994930267334,55.994930267334,55.994930267334,55.994930267334,0,"2020-05-20","BKSL"
55.994930267334,55.994930267334,55.994930267334,55.994930267334,0,"2020-05-26","BKSL"
55.994930267334,55.994930267334,55.994930267334,55.994930267334,0,"2020-05-27","BKSL"
55.994930267334,55.994930267334,55.994930267334,55.994930267334,0,"2020-05-28","BKSL"
55.994930267334,55.994930267334,55.994930267334,55.994930267334,0,"2020-05-29","BKSL"
55.994930267334,55.994930267334,55.994930267334,55.994930267334,0,"2020-06-02","BKSL"
55.994930267334,55.994930267334,55.994930267334,55.994930267334,0,"2020-06-03","BKSL"
55.994930267334,55.994930267334,55.994930267334,55.994930267334,0,"2020-06-04","BKSL"
55.994930267334,55.994930267334,55.994930267334,55.994930267334,0,"2020-06-05","BKSL"
55.994930267334,55.994930267334,55.994930267334,55.994930267334,0,"2020-06-08","BKSL"
55.994930267334,55.994930267334,55.994930267334,55.994930267334,0,"2020-06-09","BKSL"
55.994930267334,55.994930267334,55.994930267334,55.994930267334,0,"2020-06-10","BKSL"
55.994930267334,55.994930267334,55.994930267334,55.994930267334,0,"2020-06-11","BKSL"
55.994930267334,55.994930267334,55.994930267334,55.994930267334,0,"2020-06-12","BKSL"
55.994930267334,55.994930267334,55.994930267334,55.994930267334,0,"2020-06-15","BKSL"
55.994930267334,55.994930267334,55.994930267334,55.994930267334,0,"2020-06-16","BKSL"
55.994930267334,55.994930267334,55.994930267334,55.994930267334,0,"2020-06-17","BKSL"
55.994930267334,55.994930267334,55.994930267334,55.994930267334,0,"2020-06-18","BKSL"
55.994930267334,55.994930267334,55.994930267334,55.994930267334,0,"2020-06-19","BKSL"
55.994930267334,55.994930267334,55.994930267334,55.994930267334,0,"2020-06-22","BKSL"
55.994930267334,55.994930267334,55.994930267334,55.994930267334,0,"2020-06-23","BKSL"
55.994930267334,55.994930267334,55.994930267334,55.994930267334,0,"2020-06-24","BKSL"
55.994930267334,55.994930267334,55.994930267334,55.994930267334,0,"2020-06-25","BKSL"
55.994930267334,55.994930267334,55.994930267334,55.994930267334,0,"2020-06-26","BKSL"
55.994930267334,55.994930267334,55.994930267334,55.994930267334,0,"2020-06-29","BKSL"
55.994930267334,55.994930267334,55.994930267334,55.994930267334,0,"2020-06-30","BKSL"
55.994930267334,55.994930267334,55.994930267334,55.994930267334,0,"2020-07-01","BKSL"
55.994930267334,55.994930267334,55.994930267334,55.994930267334,0,"2020-07-02","BKSL"
55.994930267334,55.994930267334,55.994930267334,55.994930267334,0,"2020-07-03","BKSL"
55.994930267334,55.994930267334,55.994930267334,55.994930267334,0,"2020-07-06","BKSL"
55.994930267334,55.994930267334,55.994930267334,55.994930267334,0,"2020-07-07","BKSL"
55.994930267334,55.994930267334,55.994930267334,55.994930267334,0,"2020-07-08","BKSL"
55.994930267334,55.994930267334,55.994930267334,55.994930267334,0,"2020-07-09","BKSL"
55.994930267334,55.994930267334,55.994930267334,55.994930267334,0,"2020-07-10","BKSL"
55.994930267334,55.994930267334,55.994930267334,55.994930267334,0,"2020-07-13","BKSL"
55.994930267334,55.994930267334,55.994930267334,55.994930267334,0,"2020-07-14","BKSL"
55.994930267334,55.994930267334,55.994930267334,55.994930267334,0,"2020-07-15","BKSL"
55.994930267334,55.994930267334,55.994930267334,55.994930267334,0,"2020-07-16","BKSL"
55.994930267334,55.994930267334,55.994930267334,55.994930267334,0,"2020-07-17","BKSL"
55.994930267334,55.994930267334,55.994930267334,55.994930267334,0,"2020-07-20","BKSL"
55.994930267334,55.994930267334,55.994930267334,55.994930267334,0,"2020-07-21","BKSL"
55.994930267334,55.994930267334,55.994930267334,55.994930267334,0,"2020-07-22","BKSL"
55.994930267334,55.994930267334,55.994930267334,55.994930267334,0,"2020-07-23","BKSL"
55.994930267334,55.994930267334,55.994930267334,55.994930267334,0,"2020-07-24","BKSL"
55.994930267334,55.994930267334,55.994930267334,55.994930267334,0,"2020-07-27","BKSL"
55.994930267334,55.994930267334,55.994930267334,55.994930267334,0,"2020-07-28","BKSL"
55.994930267334,55.994930267334,55.994930267334,55.994930267334,0,"2020-07-29","BKSL"
55.994930267334,55.994930267334,55.994930267334,55.994930267334,0,"2020-07-30","BKSL"
55.994930267334,55.994930267334,55.994930267334,55.994930267334,0,"2020-08-03","BKSL"
55.994930267334,55.994930267334,55.994930267334,55.994930267334,0,"2020-08-04","BKSL"
55.994930267334,55.994930267334,55.994930267334,55.994930267334,0,"2020-08-05","BKSL"
55.994930267334,55.994930267334,55.994930267334,55.994930267334,0,"2020-08-06","BKSL"
55.994930267334,55.994930267334,55.994930267334,55.994930267334,0,"2020-08-07","BKSL"
55.994930267334,55.994930267334,55.994930267334,55.994930267334,0,"2020-08-10","BKSL"
55.994930267334,55.994930267334,55.994930267334,55.994930267334,0,"2020-08-11","BKSL"
55.994930267334,55.994930267334,55.994930267334,55.994930267334,0,"2020-08-12","BKSL"
55.994930267334,55.994930267334,55.994930267334,55.994930267334,0,"2020-08-13","BKSL"
55.994930267334,55.994930267334,55.994930267334,55.994930267334,0,"2020-08-14","BKSL"
55.994930267334,55.994930267334,55.994930267334,55.994930267334,0,"2020-08-18","BKSL"
55.994930267334,55.994930267334,55.994930267334,55.994930267334,0,"2020-08-19","BKSL"
55.994930267334,55.994930267334,55.994930267334,55.994930267334,0,"2020-08-24","BKSL"
55.994930267334,55.994930267334,55.994930267334,55.994930267334,0,"2020-08-25","BKSL"
55.994930267334,55.994930267334,55.994930267334,55.994930267334,0,"2020-08-26","BKSL"
55.994930267334,55.994930267334,55.994930267334,55.994930267334,0,"2020-08-27","BKSL"
55.994930267334,55.994930267334,55.994930267334,55.994930267334,0,"2020-08-28","BKSL"
55.994930267334,55.994930267334,55.994930267334,55.994930267334,0,"2020-08-31","BKSL"
55.994930267334,55.994930267334,55.994930267334,55.994930267334,0,"2020-09-01","BKSL"
55.994930267334,55.994930267334,55.994930267334,55.994930267334,0,"2020-09-02","BKSL"
55.994930267334,55.994930267334,55.994930267334,55.994930267334,0,"2020-09-03","BKSL"
55.994930267334,55.994930267334,55.994930267334,55.994930267334,0,"2020-09-04","BKSL"
55.994930267334,55.994930267334,55.994930267334,55.994930267334,0,"2020-09-07","BKSL"
55.994930267334,55.994930267334,55.994930267334,55.994930267334,0,"2020-09-08","BKSL"
55.994930267334,55.994930267334,55.994930267334,55.994930267334,0,"2020-09-09","BKSL"
55.994930267334,55.994930267334,55.994930267334,55.994930267334,0,"2020-09-10","BKSL"
55.994930267334,55.994930267334,55.994930267334,55.994930267334,0,"2020-09-11","BKSL"
55.994930267334,55.994930267334,55.994930267334,55.994930267334,0,"2020-09-14","BKSL"
55.994930267334,55.994930267334,55.994930267334,55.994930267334,0,"2020-09-15","BKSL"
55.994930267334,55.994930267334,55.994930267334,55.994930267334,0,"2020-09-16","BKSL"
55.994930267334,55.994930267334,55.994930267334,55.994930267334,0,"2020-09-17","BKSL"
55.994930267334,55.994930267334,55.994930267334,55.994930267334,0,"2020-09-18","BKSL"
55.994930267334,55.994930267334,55.994930267334,55.994930267334,0,"2020-09-21","BKSL"
55.994930267334,55.994930267334,55.994930267334,55.994930267334,0,"2020-09-22","BKSL"
55.994930267334,55.994930267334,55.994930267334,55.994930267334,0,"2020-09-23","BKSL"
55.994930267334,55.994930267334,55.994930267334,55.994930267334,0,"2020-09-24","BKSL"
55.994930267334,55.994930267334,55.994930267334,55.994930267334,0,"2020-09-25","BKSL"
55.994930267334,55.994930267334,55.994930267334,55.994930267334,0,"2020-09-28","BKSL"
55.994930267334,55.994930267334,55.994930267334,55.994930267334,0,"2020-09-29","BKSL"
55.994930267334,55.994930267334,55.994930267334,55.994930267334,0,"2020-09-30","BKSL"
55.994930267334,55.994930267334,55.994930267334,55.994930267334,0,"2020-10-01","BKSL"
55.994930267334,55.994930267334,55.994930267334,55.994930267334,0,"2020-10-02","BKSL"
55.994930267334,55.994930267334,55.994930267334,55.994930267334,0,"2020-10-05","BKSL"
55.994930267334,55.994930267334,55.994930267334,55.994930267334,0,"2020-10-06","BKSL"
55.994930267334,55.994930267334,55.994930267334,55.994930267334,0,"2020-10-07","BKSL"
55.994930267334,55.994930267334,55.994930267334,55.994930267334,0,"2020-10-08","BKSL"
55.994930267334,55.994930267334,55.994930267334,55.994930267334,0,"2020-10-09","BKSL"
55.994930267334,55.994930267334,55.994930267334,55.994930267334,0,"2020-10-12","BKSL"
55.994930267334,55.994930267334,55.994930267334,55.994930267334,0,"2020-10-13","BKSL"
55.994930267334,55.994930267334,55.994930267334,55.994930267334,0,"2020-10-14","BKSL"
55.994930267334,55.994930267334,55.994930267334,55.994930267334,0,"2020-10-15","BKSL"
55.994930267334,55.994930267334,55.994930267334,55.994930267334,0,"2020-10-16","BKSL"
55.994930267334,55.994930267334,55.994930267334,55.994930267334,0,"2020-10-19","BKSL"
55.994930267334,55.994930267334,55.994930267334,55.994930267334,0,"2020-10-20","BKSL"
55.994930267334,55.994930267334,55.994930267334,55.994930267334,0,"2020-10-21","BKSL"
55.994930267334,55.994930267334,55.994930267334,55.994930267334,0,"2020-10-22","BKSL"
55.994930267334,55.994930267334,55.994930267334,55.994930267334,0,"2020-10-23","BKSL"
55.994930267334,55.994930267334,55.994930267334,55.994930267334,0,"2020-10-26","BKSL"
55.994930267334,55.994930267334,55.994930267334,55.994930267334,0,"2020-10-27","BKSL"
55.994930267334,55.994930267334,55.994930267334,55.994930267334,0,"2020-11-02","BKSL"
55.994930267334,55.994930267334,55.994930267334,55.994930267334,0,"2020-11-03","BKSL"
55.994930267334,55.994930267334,55.994930267334,55.994930267334,0,"2020-11-04","BKSL"
55.994930267334,55.994930267334,55.994930267334,55.994930267334,0,"2020-11-05","BKSL"
55.994930267334,55.994930267334,55.994930267334,55.994930267334,0,"2020-11-06","BKSL"
55.994930267334,55.994930267334,55.994930267334,55.994930267334,0,"2020-11-09","BKSL"
55.994930267334,55.994930267334,55.994930267334,55.994930267334,0,"2020-11-10","BKSL"
55.994930267334,55.994930267334,55.994930267334,55.994930267334,0,"2020-11-11","BKSL"
55.994930267334,55.994930267334,55.994930267334,55.994930267334,0,"2020-11-12","BKSL"
55.994930267334,55.994930267334,55.994930267334,55.994930267334,0,"2020-11-13","BKSL"
55.994930267334,55.994930267334,55.994930267334,55.994930267334,0,"2020-11-16","BKSL"
55.994930267334,55.994930267334,55.994930267334,55.994930267334,0,"2020-11-17","BKSL"
55.994930267334,55.994930267334,55.994930267334,55.994930267334,0,"2020-11-18","BKSL"
55.994930267334,55.994930267334,55.994930267334,55.994930267334,0,"2020-11-19","BKSL"
55.994930267334,55.994930267334,55.994930267334,55.994930267334,0,"2020-11-20","BKSL"
55.994930267334,55.994930267334,55.994930267334,55.994930267334,0,"2020-11-23","BKSL"
55.994930267334,55.994930267334,55.994930267334,55.994930267334,0,"2020-11-24","BKSL"
55.994930267334,55.994930267334,55.994930267334,55.994930267334,0,"2020-11-25","BKSL"
55.994930267334,55.994930267334,55.994930267334,55.994930267334,0,"2020-11-26","BKSL"
55.994930267334,55.994930267334,55.994930267334,55.994930267334,0,"2020-11-27","BKSL"
55.994930267334,55.994930267334,55.994930267334,55.994930267334,0,"2020-11-30","BKSL"
55.994930267334,55.994930267334,55.994930267334,55.994930267334,0,"2020-12-01","BKSL"
55.994930267334,55.994930267334,55.994930267334,55.994930267334,0,"2020-12-02","BKSL"
55.994930267334,55.994930267334,55.994930267334,55.994930267334,0,"2020-12-03","BKSL"
55.994930267334,55.994930267334,55.994930267334,55.994930267334,0,"2020-12-04","BKSL"
55.994930267334,55.994930267334,55.994930267334,55.994930267334,0,"2020-12-07","BKSL"
55.994930267334,55.994930267334,55.994930267334,55.994930267334,0,"2020-12-08","BKSL"
55.994930267334,55.994930267334,55.994930267334,55.994930267334,0,"2020-12-10","BKSL"
55.994930267334,55.994930267334,55.994930267334,55.994930267334,0,"2020-12-11","BKSL"
55.994930267334,55.994930267334,55.994930267334,55.994930267334,0,"2020-12-14","BKSL"
55.994930267334,55.994930267334,55.994930267334,55.994930267334,0,"2020-12-15","BKSL"
55.994930267334,55.994930267334,55.994930267334,55.994930267334,0,"2020-12-16","BKSL"
55.994930267334,55.994930267334,55.994930267334,55.994930267334,0,"2020-12-17","BKSL"
55.994930267334,55.994930267334,55.994930267334,55.994930267334,0,"2020-12-18","BKSL"
55.994930267334,55.994930267334,55.994930267334,55.994930267334,0,"2020-12-21","BKSL"
55.994930267334,55.994930267334,55.994930267334,55.994930267334,0,"2020-12-22","BKSL"
55.994930267334,55.994930267334,55.994930267334,55.994930267334,0,"2020-12-23","BKSL"
55.994930267334,55.994930267334,55.994930267334,55.994930267334,0,"2020-12-28","BKSL"
55.994930267334,55.994930267334,55.994930267334,55.994930267334,0,"2020-12-29","BKSL"
55.994930267334,55.994930267334,55.994930267334,55.994930267334,0,"2020-12-30","BKSL"
55.994930267334,55.994930267334,55.994930267334,55.994930267334,0,"2021-01-04","BKSL"
55.994930267334,55.994930267334,55.994930267334,55.994930267334,0,"2021-01-05","BKSL"
55.994930267334,55.994930267334,55.994930267334,55.994930267334,0,"2021-01-06","BKSL"
55.994930267334,55.994930267334,55.994930267334,55.994930267334,0,"2021-01-07","BKSL"
55.994930267334,55.994930267334,55.994930267334,55.994930267334,0,"2021-01-08","BKSL"
55.994930267334,55.994930267334,55.994930267334,55.994930267334,0,"2021-01-11","BKSL"
55.994930267334,55.994930267334,55.994930267334,55.994930267334,0,"2021-01-12","BKSL"
55.994930267334,55.994930267334,55.994930267334,55.994930267334,0,"2021-01-13","BKSL"
55.994930267334,55.994930267334,55.994930267334,55.994930267334,0,"2021-01-14","BKSL"
55.994930267334,55.994930267334,55.994930267334,55.994930267334,0,"2021-01-15","BKSL"
55.994930267334,55.994930267334,55.994930267334,55.994930267334,0,"2021-01-18","BKSL"
55.994930267334,55.994930267334,55.994930267334,55.994930267334,0,"2021-01-19","BKSL"
55.994930267334,55.994930267334,55.994930267334,55.994930267334,0,"2021-01-20","BKSL"
55.994930267334,55.994930267334,55.994930267334,55.994930267334,0,"2021-01-21","BKSL"
55.994930267334,55.994930267334,55.994930267334,55.994930267334,0,"2021-01-22","BKSL"
55.994930267334,55.994930267334,55.994930267334,55.994930267334,0,"2021-01-25","BKSL"
55.994930267334,55.994930267334,55.994930267334,55.994930267334,0,"2021-01-26","BKSL"
55.994930267334,55.994930267334,55.994930267334,55.994930267334,0,"2021-01-27","BKSL"
55.994930267334,55.994930267334,55.994930267334,55.994930267334,0,"2021-01-28","BKSL"
55.994930267334,55.994930267334,55.994930267334,55.994930267334,0,"2021-01-29","BKSL"
55.994930267334,55.994930267334,55.994930267334,55.994930267334,0,"2021-02-01","BKSL"
55.994930267334,55.994930267334,55.994930267334,55.994930267334,0,"2021-02-02","BKSL"
55.994930267334,55.994930267334,55.994930267334,55.994930267334,0,"2021-02-03","BKSL"
55.994930267334,55.994930267334,55.994930267334,55.994930267334,0,"2021-02-04","BKSL"
55.994930267334,55.994930267334,55.994930267334,55.994930267334,0,"2021-02-05","BKSL"
55.994930267334,55.994930267334,55.994930267334,55.994930267334,0,"2021-02-08","BKSL"
55.994930267334,55.994930267334,55.994930267334,55.994930267334,0,"2021-02-09","BKSL"
55.994930267334,55.994930267334,55.994930267334,55.994930267334,0,"2021-02-10","BKSL"
55.994930267334,55.994930267334,55.994930267334,55.994930267334,0,"2021-02-11","BKSL"
55.994930267334,55.994930267334,55.994930267334,55.994930267334,0,"2021-02-15","BKSL"
55.994930267334,55.994930267334,55.994930267334,55.994930267334,0,"2021-02-16","BKSL"
55.994930267334,55.994930267334,55.994930267334,55.994930267334,0,"2021-02-17","BKSL"
55.994930267334,55.994930267334,55.994930267334,55.994930267334,0,"2021-02-18","BKSL"
55.994930267334,55.994930267334,55.994930267334,55.994930267334,0,"2021-02-19","BKSL"
55.994930267334,55.994930267334,55.994930267334,55.994930267334,0,"2021-02-22","BKSL"
55.994930267334,55.994930267334,55.994930267334,55.994930267334,0,"2021-02-23","BKSL"
55.994930267334,55.994930267334,55.994930267334,55.994930267334,0,"2021-02-24","BKSL"
55.994930267334,55.994930267334,55.994930267334,55.994930267334,0,"2021-02-25","BKSL"
55.994930267334,55.994930267334,55.994930267334,55.994930267334,0,"2021-02-26","BKSL"
55.994930267334,55.994930267334,55.994930267334,55.994930267334,0,"2021-03-01","BKSL"
55.994930267334,55.994930267334,55.994930267334,55.994930267334,0,"2021-03-02","BKSL"
55.994930267334,55.994930267334,55.994930267334,55.994930267334,0,"2021-03-03","BKSL"
55.994930267334,55.994930267334,55.994930267334,55.994930267334,0,"2021-03-04","BKSL"
55.994930267334,55.994930267334,55.994930267334,55.994930267334,0,"2021-03-05","BKSL"
55.994930267334,55.994930267334,55.994930267334,55.994930267334,0,"2021-03-08","BKSL"
55.994930267334,55.994930267334,55.994930267334,55.994930267334,0,"2021-03-09","BKSL"
55.994930267334,55.994930267334,55.994930267334,55.994930267334,0,"2021-03-10","BKSL"
55.994930267334,55.994930267334,55.994930267334,55.994930267334,0,"2021-03-12","BKSL"
55.994930267334,55.994930267334,55.994930267334,55.994930267334,0,"2021-03-15","BKSL"
55.994930267334,55.994930267334,55.994930267334,55.994930267334,0,"2021-03-16","BKSL"
55.994930267334,55.994930267334,55.994930267334,55.994930267334,0,"2021-03-17","BKSL"
55.994930267334,55.994930267334,55.994930267334,55.994930267334,0,"2021-03-18","BKSL"
55.994930267334,55.994930267334,55.994930267334,55.994930267334,0,"2021-03-19","BKSL"
55.994930267334,55.994930267334,55.994930267334,55.994930267334,0,"2021-03-22","BKSL"
55.994930267334,55.994930267334,55.994930267334,55.994930267334,0,"2021-03-23","BKSL"
55.994930267334,55.994930267334,55.994930267334,55.994930267334,0,"2021-03-24","BKSL"
55.994930267334,55.994930267334,55.994930267334,55.994930267334,0,"2021-03-25","BKSL"
55.994930267334,55.994930267334,55.994930267334,55.994930267334,0,"2021-03-26","BKSL"
55.994930267334,55.994930267334,55.994930267334,55.994930267334,0,"2021-03-29","BKSL"
55.994930267334,55.994930267334,55.994930267334,55.994930267334,0,"2021-03-30","BKSL"
55.994930267334,55.994930267334,55.994930267334,55.994930267334,0,"2021-03-31","BKSL"
55.994930267334,55.994930267334,55.994930267334,55.994930267334,0,"2021-04-01","BKSL"
55.994930267334,55.994930267334,55.994930267334,55.994930267334,0,"2021-04-05","BKSL"
55.994930267334,55.994930267334,55.994930267334,55.994930267334,0,"2021-04-06","BKSL"
55.994930267334,55.994930267334,55.994930267334,55.994930267334,0,"2021-04-07","BKSL"
55.994930267334,55.994930267334,55.994930267334,55.994930267334,0,"2021-04-08","BKSL"
55.994930267334,55.994930267334,55.994930267334,55.994930267334,0,"2021-04-09","BKSL"
55.994930267334,55.994930267334,55.994930267334,55.994930267334,0,"2021-04-12","BKSL"
55.994930267334,55.994930267334,55.994930267334,55.994930267334,0,"2021-04-13","BKSL"
55.994930267334,55.994930267334,55.994930267334,55.994930267334,0,"2021-04-14","BKSL"
55.994930267334,55.994930267334,55.994930267334,55.994930267334,0,"2021-04-15","BKSL"
55.994930267334,55.994930267334,55.994930267334,55.994930267334,0,"2021-04-16","BKSL"
55.994930267334,55.994930267334,55.994930267334,55.994930267334,0,"2021-04-19","BKSL"
55.994930267334,55.994930267334,55.994930267334,55.994930267334,0,"2021-04-20","BKSL"
55.994930267334,55.994930267334,55.994930267334,55.994930267334,0,"2021-04-21","BKSL"
55.994930267334,55.994930267334,55.994930267334,55.994930267334,0,"2021-04-22","BKSL"
55.994930267334,55.994930267334,55.994930267334,55.994930267334,0,"2021-04-23","BKSL"
55.994930267334,55.994930267334,55.994930267334,55.994930267334,0,"2021-04-26","BKSL"
55.994930267334,55.994930267334,55.994930267334,55.994930267334,0,"2021-04-27","BKSL"
55.994930267334,55.994930267334,55.994930267334,55.994930267334,0,"2021-04-28","BKSL"
55.994930267334,55.994930267334,55.994930267334,55.994930267334,0,"2021-04-29","BKSL"
55.994930267334,55.994930267334,55.994930267334,55.994930267334,0,"2021-04-30","BKSL"
55.994930267334,55.994930267334,55.994930267334,55.994930267334,0,"2021-05-03","BKSL"
55.994930267334,55.994930267334,55.994930267334,55.994930267334,0,"2021-05-04","BKSL"
55.994930267334,55.994930267334,55.994930267334,55.994930267334,0,"2021-05-05","BKSL"
55.994930267334,55.994930267334,55.994930267334,55.994930267334,0,"2021-05-06","BKSL"
55.994930267334,55.994930267334,55.994930267334,55.994930267334,0,"2021-05-07","BKSL"
55.994930267334,55.994930267334,55.994930267334,55.994930267334,0,"2021-05-10","BKSL"
55.994930267334,55.994930267334,55.994930267334,55.994930267334,0,"2021-05-11","BKSL"
55.994930267334,55.994930267334,55.994930267334,55.994930267334,0,"2021-05-17","BKSL"
55.994930267334,55.994930267334,55.994930267334,55.994930267334,0,"2021-05-18","BKSL"
55.994930267334,55.994930267334,55.994930267334,55.994930267334,0,"2021-05-19","BKSL"
55.994930267334,55.994930267334,55.994930267334,55.994930267334,0,"2021-05-20","BKSL"
55.994930267334,55.994930267334,55.994930267334,55.994930267334,0,"2021-05-21","BKSL"
55.994930267334,55.994930267334,55.994930267334,55.994930267334,0,"2021-05-24","BKSL"
55.994930267334,55.994930267334,55.994930267334,55.994930267334,0,"2021-05-25","BKSL"
55.994930267334,55.994930267334,55.994930267334,55.994930267334,0,"2021-05-27","BKSL"
55.994930267334,55.994930267334,55.994930267334,55.994930267334,0,"2021-05-28","BKSL"
55.994930267334,55.994930267334,55.994930267334,55.994930267334,0,"2021-05-31","BKSL"
55.994930267334,55.994930267334,55.994930267334,55.994930267334,0,"2021-06-02","BKSL"
55.994930267334,55.994930267334,55.994930267334,55.994930267334,0,"2021-06-03","BKSL"
55.994930267334,55.994930267334,55.994930267334,55.994930267334,0,"2021-06-04","BKSL"
55.994930267334,55.994930267334,55.994930267334,55.994930267334,0,"2021-06-07","BKSL"
55.994930267334,55.994930267334,55.994930267334,55.994930267334,0,"2021-06-08","BKSL"
55.994930267334,55.994930267334,55.994930267334,55.994930267334,0,"2021-06-09","BKSL"
55.994930267334,55.994930267334,55.994930267334,55.994930267334,0,"2021-06-10","BKSL"
55.994930267334,55.994930267334,55.994930267334,55.994930267334,0,"2021-06-11","BKSL"
55.994930267334,55.994930267334,55.994930267334,55.994930267334,0,"2021-06-14","BKSL"
55.994930267334,55.994930267334,55.994930267334,55.994930267334,0,"2021-06-15","BKSL"
55.994930267334,55.994930267334,55.994930267334,55.994930267334,0,"2021-06-16","BKSL"
55.994930267334,55.994930267334,55.994930267334,55.994930267334,0,"2021-06-17","BKSL"
55.994930267334,55.994930267334,55.994930267334,55.994930267334,0,"2021-06-18","BKSL"
55.994930267334,55.994930267334,55.994930267334,55.994930267334,0,"2021-06-21","BKSL"
55.994930267334,55.994930267334,55.994930267334,55.994930267334,0,"2021-06-22","BKSL"
55.994930267334,55.994930267334,55.994930267334,55.994930267334,0,"2021-06-23","BKSL"
55.994930267334,55.994930267334,55.994930267334,55.994930267334,0,"2021-06-24","BKSL"
55.994930267334,55.994930267334,55.994930267334,55.994930267334,0,"2021-06-25","BKSL"
55.994930267334,55.994930267334,55.994930267334,55.994930267334,0,"2021-06-28","BKSL"
55.994930267334,55.994930267334,55.994930267334,55.994930267334,0,"2021-06-29","BKSL"
55.994930267334,55.994930267334,55.994930267334,55.994930267334,0,"2021-06-30","BKSL"
55.994930267334,55.994930267334,55.994930267334,55.994930267334,0,"2021-07-01","BKSL"
55.994930267334,55.994930267334,55.994930267334,55.994930267334,0,"2021-07-02","BKSL"
55.994930267334,55.994930267334,55.994930267334,55.994930267334,0,"2021-07-05","BKSL"
55.994930267334,55.994930267334,55.994930267334,55.994930267334,0,"2021-07-06","BKSL"
55.994930267334,55.994930267334,55.994930267334,55.994930267334,0,"2021-07-07","BKSL"
55.994930267334,55.994930267334,55.994930267334,55.994930267334,0,"2021-07-08","BKSL"
55.994930267334,55.994930267334,55.994930267334,55.994930267334,0,"2021-07-09","BKSL"
55.994930267334,55.994930267334,55.994930267334,55.994930267334,0,"2021-07-12","BKSL"
55.994930267334,55.994930267334,55.994930267334,55.994930267334,0,"2021-07-13","BKSL"
55.994930267334,55.994930267334,55.994930267334,55.994930267334,0,"2021-07-14","BKSL"
55.994930267334,55.994930267334,55.994930267334,55.994930267334,0,"2021-07-15","BKSL"
55.994930267334,55.994930267334,55.994930267334,55.994930267334,0,"2021-07-16","BKSL"
55.994930267334,55.994930267334,55.994930267334,55.994930267334,0,"2021-07-19","BKSL"
55.994930267334,55.994930267334,55.994930267334,55.994930267334,0,"2021-07-21","BKSL"
55.994930267334,55.994930267334,55.994930267334,55.994930267334,0,"2021-07-22","BKSL"
55.994930267334,55.994930267334,55.994930267334,55.994930267334,0,"2021-07-23","BKSL"
55.994930267334,55.994930267334,55.994930267334,55.994930267334,0,"2021-07-26","BKSL"
55.994930267334,55.994930267334,55.994930267334,55.994930267334,0,"2021-07-27","BKSL"
55.994930267334,55.994930267334,55.994930267334,55.994930267334,0,"2021-07-28","BKSL"
55.994930267334,55.994930267334,55.994930267334,55.994930267334,0,"2021-07-29","BKSL"
55.994930267334,55.994930267334,55.994930267334,55.994930267334,0,"2021-07-30","BKSL"
55.994930267334,55.994930267334,55.994930267334,55.994930267334,0,"2021-08-02","BKSL"
55.994930267334,55.994930267334,55.994930267334,55.994930267334,0,"2021-08-03","BKSL"
55.994930267334,55.994930267334,55.994930267334,55.994930267334,0,"2021-08-04","BKSL"
55.994930267334,55.994930267334,55.994930267334,55.994930267334,0,"2021-08-05","BKSL"
55.994930267334,55.994930267334,55.994930267334,55.994930267334,0,"2021-08-06","BKSL"
55.994930267334,55.994930267334,55.994930267334,55.994930267334,0,"2021-08-09","BKSL"
55.994930267334,55.994930267334,55.994930267334,55.994930267334,0,"2021-08-10","BKSL"
55.994930267334,55.994930267334,55.994930267334,55.994930267334,0,"2021-08-12","BKSL"
55.994930267334,55.994930267334,55.994930267334,55.994930267334,0,"2021-08-13","BKSL"
55.994930267334,55.994930267334,55.994930267334,55.994930267334,0,"2021-08-16","BKSL"
55.994930267334,55.994930267334,55.994930267334,55.994930267334,0,"2021-08-18","BKSL"
55.994930267334,55.994930267334,55.994930267334,55.994930267334,0,"2021-08-19","BKSL"
55.994930267334,55.994930267334,55.994930267334,55.994930267334,0,"2021-08-20","BKSL"
55.994930267334,55.994930267334,55.994930267334,55.994930267334,0,"2021-08-23","BKSL"
55.994930267334,55.994930267334,55.994930267334,55.994930267334,0,"2021-08-24","BKSL"
55.994930267334,55.994930267334,55.994930267334,55.994930267334,0,"2021-08-25","BKSL"
55.994930267334,55.994930267334,55.994930267334,55.994930267334,0,"2021-08-26","BKSL"
55.994930267334,55.994930267334,55.994930267334,55.994930267334,0,"2021-08-27","BKSL"
55.994930267334,55.994930267334,55.994930267334,55.994930267334,0,"2021-08-30","BKSL"
55.994930267334,55.994930267334,55.994930267334,55.994930267334,0,"2021-08-31","BKSL"
55.994930267334,55.994930267334,55.994930267334,55.994930267334,0,"2021-09-01","BKSL"
55.994930267334,55.994930267334,55.994930267334,55.994930267334,0,"2021-09-02","BKSL"
55.994930267334,55.994930267334,55.994930267334,55.994930267334,0,"2021-09-03","BKSL"
55.994930267334,55.994930267334,55.994930267334,55.994930267334,0,"2021-09-06","BKSL"
55.994930267334,55.994930267334,55.994930267334,55.994930267334,0,"2021-09-07","BKSL"
55.994930267334,55.994930267334,55.994930267334,55.994930267334,0,"2021-09-08","BKSL"
55.994930267334,55.994930267334,55.994930267334,55.994930267334,0,"2021-09-09","BKSL"
55.994930267334,55.994930267334,55.994930267334,55.994930267334,0,"2021-09-10","BKSL"
55.994930267334,55.994930267334,55.994930267334,55.994930267334,0,"2021-09-13","BKSL"
55.994930267334,55.994930267334,55.994930267334,55.994930267334,0,"2021-09-14","BKSL"
55.994930267334,55.994930267334,55.994930267334,55.994930267334,0,"2021-09-15","BKSL"
55.994930267334,55.994930267334,55.994930267334,55.994930267334,0,"2021-09-16","BKSL"
55.994930267334,55.994930267334,55.994930267334,55.994930267334,0,"2021-09-17","BKSL"
55.994930267334,55.994930267334,55.994930267334,55.994930267334,0,"2021-09-20","BKSL"
55.994930267334,55.994930267334,55.994930267334,55.994930267334,0,"2021-09-21","BKSL"
55.994930267334,55.994930267334,55.994930267334,55.994930267334,0,"2021-09-22","BKSL"
55.994930267334,55.994930267334,55.994930267334,55.994930267334,0,"2021-09-23","BKSL"
55.994930267334,55.994930267334,55.994930267334,55.994930267334,0,"2021-09-24","BKSL"
55.994930267334,55.994930267334,55.994930267334,55.994930267334,0,"2021-09-27","BKSL"
55.994930267334,55.994930267334,55.994930267334,55.994930267334,0,"2021-09-28","BKSL"
55.994930267334,55.994930267334,55.994930267334,55.994930267334,0,"2021-09-29","BKSL"
55.994930267334,55.994930267334,55.994930267334,55.994930267334,0,"2021-09-30","BKSL"
55.994930267334,55.994930267334,55.994930267334,55.994930267334,0,"2021-10-01","BKSL"
55.994930267334,55.994930267334,55.994930267334,55.994930267334,0,"2021-10-04","BKSL"
55.994930267334,55.994930267334,55.994930267334,55.994930267334,0,"2021-10-05","BKSL"
55.994930267334,55.994930267334,55.994930267334,55.994930267334,0,"2021-10-06","BKSL"
55.994930267334,55.994930267334,55.994930267334,55.994930267334,0,"2021-10-07","BKSL"
55.994930267334,55.994930267334,55.994930267334,55.994930267334,0,"2021-10-08","BKSL"
55.994930267334,55.994930267334,55.994930267334,55.994930267334,0,"2021-10-11","BKSL"
55.994930267334,55.994930267334,55.994930267334,55.994930267334,0,"2021-10-12","BKSL"
55.994930267334,55.994930267334,55.994930267334,55.994930267334,0,"2021-10-13","BKSL"
55.994930267334,55.994930267334,55.994930267334,55.994930267334,0,"2021-10-14","BKSL"
55.994930267334,55.994930267334,55.994930267334,55.994930267334,0,"2021-10-15","BKSL"
55.994930267334,55.994930267334,55.994930267334,55.994930267334,0,"2021-10-18","BKSL"
55.994930267334,55.994930267334,55.994930267334,55.994930267334,0,"2021-10-19","BKSL"
55.994930267334,55.994930267334,55.994930267334,55.994930267334,0,"2021-10-21","BKSL"
55.994930267334,55.994930267334,55.994930267334,55.994930267334,0,"2021-10-22","BKSL"
55.994930267334,55.994930267334,55.994930267334,55.994930267334,0,"2021-10-25","BKSL"
55.994930267334,55.994930267334,55.994930267334,55.994930267334,0,"2021-10-26","BKSL"
55.994930267334,55.994930267334,55.994930267334,55.994930267334,0,"2021-10-27","BKSL"
55.994930267334,55.994930267334,55.994930267334,55.994930267334,0,"2021-10-28","BKSL"
55.994930267334,55.994930267334,55.994930267334,55.994930267334,0,"2021-10-29","BKSL"
55.994930267334,55.994930267334,55.994930267334,55.994930267334,0,"2021-11-01","BKSL"
55.994930267334,55.994930267334,55.994930267334,55.994930267334,0,"2021-11-02","BKSL"
55.994930267334,55.994930267334,55.994930267334,55.994930267334,0,"2021-11-03","BKSL"
55.994930267334,55.994930267334,55.994930267334,55.994930267334,0,"2021-11-04","BKSL"
55.994930267334,55.994930267334,55.994930267334,55.994930267334,0,"2021-11-05","BKSL"
55.994930267334,55.994930267334,55.994930267334,55.994930267334,0,"2021-11-08","BKSL"
55.994930267334,55.994930267334,55.994930267334,55.994930267334,0,"2021-11-09","BKSL"
55.994930267334,55.994930267334,55.994930267334,55.994930267334,0,"2021-11-10","BKSL"
55.994930267334,55.994930267334,55.994930267334,55.994930267334,0,"2021-11-11","BKSL"
55.994930267334,55.994930267334,55.994930267334,55.994930267334,0,"2021-11-12","BKSL"
55.994930267334,55.994930267334,55.994930267334,55.994930267334,0,"2021-11-15","BKSL"
55.994930267334,55.994930267334,55.994930267334,55.994930267334,0,"2021-11-16","BKSL"
55.994930267334,55.994930267334,55.994930267334,55.994930267334,0,"2021-11-17","BKSL"
55.994930267334,55.994930267334,55.994930267334,55.994930267334,0,"2021-11-18","BKSL"
55.994930267334,55.994930267334,55.994930267334,55.994930267334,0,"2021-11-19","BKSL"
55.994930267334,55.994930267334,55.994930267334,55.994930267334,0,"2021-11-22","BKSL"
55.994930267334,55.994930267334,55.994930267334,55.994930267334,0,"2021-11-23","BKSL"
55.994930267334,55.994930267334,55.994930267334,55.994930267334,0,"2021-11-24","BKSL"
55.994930267334,55.994930267334,55.994930267334,55.994930267334,0,"2021-11-25","BKSL"
55.994930267334,55.994930267334,55.994930267334,55.994930267334,0,"2021-11-26","BKSL"
55.994930267334,55.994930267334,55.994930267334,55.994930267334,0,"2021-11-29","BKSL"
55.994930267334,55.994930267334,55.994930267334,55.994930267334,0,"2021-11-30","BKSL"
55.994930267334,55.994930267334,55.994930267334,55.994930267334,0,"2021-12-01","BKSL"
55.994930267334,55.994930267334,55.994930267334,55.994930267334,0,"2021-12-02","BKSL"
55.994930267334,55.994930267334,55.994930267334,55.994930267334,0,"2021-12-03","BKSL"
55.994930267334,55.994930267334,55.994930267334,55.994930267334,0,"2021-12-06","BKSL"
55.994930267334,55.994930267334,55.994930267334,55.994930267334,0,"2021-12-07","BKSL"
55.994930267334,55.994930267334,55.994930267334,55.994930267334,0,"2021-12-08","BKSL"
55.994930267334,55.994930267334,55.994930267334,55.994930267334,0,"2021-12-09","BKSL"
55.994930267334,55.994930267334,55.994930267334,55.994930267334,0,"2021-12-10","BKSL"
55.994930267334,55.994930267334,55.994930267334,55.994930267334,0,"2021-12-13","BKSL"
55.994930267334,55.994930267334,55.994930267334,55.994930267334,0,"2021-12-14","BKSL"
55.994930267334,55.994930267334,55.994930267334,55.994930267334,0,"2021-12-15","BKSL"
55.994930267334,55.994930267334,55.994930267334,55.994930267334,0,"2021-12-16","BKSL"
55.994930267334,55.994930267334,55.994930267334,55.994930267334,0,"2021-12-17","BKSL"
55.994930267334,55.994930267334,55.994930267334,55.994930267334,0,"2021-12-20","BKSL"
55.994930267334,55.994930267334,55.994930267334,55.994930267334,0,"2021-12-21","BKSL"
55.994930267334,55.994930267334,55.994930267334,55.994930267334,0,"2021-12-22","BKSL"
55.994930267334,55.994930267334,55.994930267334,55.994930267334,0,"2021-12-23","BKSL"
55.994930267334,55.994930267334,55.994930267334,55.994930267334,0,"2021-12-24","BKSL"
55.994930267334,55.994930267334,55.994930267334,55.994930267334,0,"2021-12-27","BKSL"
55.994930267334,55.994930267334,55.994930267334,55.994930267334,0,"2021-12-28","BKSL"
55.994930267334,55.994930267334,55.994930267334,55.994930267334,0,"2021-12-29","BKSL"
55.994930267334,55.994930267334,55.994930267334,55.994930267334,0,"2021-12-30","BKSL"
55.994930267334,55.994930267334,55.994930267334,55.994930267334,0,"2022-01-03","BKSL"
55.994930267334,55.994930267334,55.994930267334,55.994930267334,0,"2022-01-04","BKSL"
55.994930267334,55.994930267334,55.994930267334,55.994930267334,0,"2022-01-05","BKSL"
55.994930267334,55.994930267334,55.994930267334,55.994930267334,0,"2022-01-06","BKSL"
55.994930267334,55.994930267334,55.994930267334,55.994930267334,0,"2022-01-07","BKSL"
55.994930267334,55.994930267334,55.994930267334,55.994930267334,0,"2022-01-10","BKSL"
55.994930267334,55.994930267334,55.994930267334,55.994930267334,0,"2022-01-11","BKSL"
55.994930267334,55.994930267334,55.994930267334,55.994930267334,0,"2022-01-12","BKSL"
55.994930267334,55.994930267334,55.994930267334,55.994930267334,0,"2022-01-13","BKSL"
55.994930267334,55.994930267334,55.994930267334,55.994930267334,0,"2022-01-14","BKSL"
55.994930267334,55.994930267334,55.994930267334,55.994930267334,0,"2022-01-17","BKSL"
55.994930267334,55.994930267334,55.994930267334,55.994930267334,0,"2022-01-18","BKSL"
55.994930267334,55.994930267334,55.994930267334,55.994930267334,0,"2022-01-19","BKSL"
55.994930267334,55.994930267334,55.994930267334,55.994930267334,0,"2022-01-20","BKSL"
55.994930267334,55.994930267334,55.994930267334,55.994930267334,0,"2022-01-21","BKSL"
55.994930267334,55.994930267334,55.994930267334,55.994930267334,0,"2022-01-24","BKSL"
55.994930267334,55.994930267334,55.994930267334,55.994930267334,0,"2022-01-25","BKSL"
55.994930267334,55.994930267334,55.994930267334,55.994930267334,0,"2022-01-26","BKSL"
55.994930267334,55.994930267334,55.994930267334,55.994930267334,0,"2022-01-27","BKSL"
55.994930267334,55.994930267334,55.994930267334,55.994930267334,0,"2022-01-28","BKSL"
55.994930267334,55.994930267334,55.994930267334,55.994930267334,0,"2022-01-31","BKSL"
55.994930267334,55.994930267334,55.994930267334,55.994930267334,0,"2022-02-02","BKSL"
55.994930267334,55.994930267334,55.994930267334,55.994930267334,0,"2022-02-03","BKSL"
55.994930267334,55.994930267334,55.994930267334,55.994930267334,0,"2022-02-04","BKSL"
55.994930267334,55.994930267334,55.994930267334,55.994930267334,0,"2022-02-07","BKSL"
55.994930267334,55.994930267334,55.994930267334,55.994930267334,0,"2022-02-08","BKSL"
55.994930267334,55.994930267334,55.994930267334,55.994930267334,0,"2022-02-09","BKSL"
55.994930267334,55.994930267334,55.994930267334,55.994930267334,0,"2022-02-10","BKSL"
55.994930267334,55.994930267334,55.994930267334,55.994930267334,0,"2022-02-11","BKSL"
55.994930267334,55.994930267334,55.994930267334,55.994930267334,0,"2022-02-14","BKSL"
55.994930267334,55.994930267334,55.994930267334,55.994930267334,0,"2022-02-15","BKSL"
55.994930267334,55.994930267334,55.994930267334,55.994930267334,0,"2022-02-16","BKSL"
55.994930267334,55.994930267334,55.994930267334,55.994930267334,0,"2022-02-17","BKSL"
55.994930267334,55.994930267334,55.994930267334,55.994930267334,0,"2022-02-18","BKSL"
55.994930267334,55.994930267334,55.994930267334,55.994930267334,0,"2022-02-21","BKSL"
55.994930267334,55.994930267334,55.994930267334,55.994930267334,0,"2022-02-22","BKSL"
55.994930267334,55.994930267334,55.994930267334,55.994930267334,0,"2022-02-23","BKSL"
55.994930267334,55.994930267334,55.994930267334,55.994930267334,0,"2022-02-24","BKSL"
55.994930267334,55.994930267334,55.994930267334,55.994930267334,0,"2022-02-25","BKSL"
55.994930267334,55.994930267334,55.994930267334,55.994930267334,0,"2022-03-01","BKSL"
55.994930267334,55.994930267334,55.994930267334,55.994930267334,0,"2022-03-02","BKSL"
55.994930267334,55.994930267334,55.994930267334,55.994930267334,0,"2022-03-04","BKSL"
55.994930267334,55.994930267334,55.994930267334,55.994930267334,0,"2022-03-07","BKSL"
55.994930267334,55.994930267334,55.994930267334,55.994930267334,0,"2022-03-08","BKSL"
55.994930267334,55.994930267334,55.994930267334,55.994930267334,0,"2022-03-09","BKSL"
55.994930267334,55.994930267334,55.994930267334,55.994930267334,0,"2022-03-10","BKSL"
55.994930267334,55.994930267334,55.994930267334,55.994930267334,0,"2022-03-11","BKSL"
55.994930267334,55.994930267334,55.994930267334,55.994930267334,0,"2022-03-14","BKSL"
55.994930267334,55.994930267334,55.994930267334,55.994930267334,0,"2022-03-15","BKSL"
55.994930267334,55.994930267334,55.994930267334,55.994930267334,0,"2022-03-16","BKSL"
55.994930267334,55.994930267334,55.994930267334,55.994930267334,0,"2022-03-17","BKSL"
55.994930267334,55.994930267334,55.994930267334,55.994930267334,0,"2022-03-18","BKSL"
55.994930267334,55.994930267334,55.994930267334,55.994930267334,0,"2022-03-21","BKSL"
55.994930267334,55.994930267334,55.994930267334,55.994930267334,0,"2022-03-22","BKSL"
55.994930267334,55.994930267334,55.994930267334,55.994930267334,0,"2022-03-23","BKSL"
55.994930267334,55.994930267334,55.994930267334,55.994930267334,0,"2022-03-24","BKSL"
55.994930267334,55.994930267334,55.994930267334,55.994930267334,0,"2022-03-25","BKSL"
55.994930267334,55.994930267334,55.994930267334,55.994930267334,0,"2022-03-28","BKSL"
55.994930267334,55.994930267334,55.994930267334,55.994930267334,0,"2022-03-29","BKSL"
55.994930267334,55.994930267334,55.994930267334,55.994930267334,0,"2022-03-30","BKSL"
55.994930267334,55.994930267334,55.994930267334,55.994930267334,0,"2022-03-31","BKSL"
55.994930267334,55.994930267334,55.994930267334,55.994930267334,0,"2022-04-01","BKSL"
55.994930267334,55.994930267334,55.994930267334,55.994930267334,0,"2022-04-04","BKSL"
55.994930267334,55.994930267334,55.994930267334,55.994930267334,0,"2022-04-05","BKSL"
55.994930267334,55.994930267334,55.994930267334,55.994930267334,0,"2022-04-06","BKSL"
55.994930267334,55.994930267334,55.994930267334,55.994930267334,0,"2022-04-07","BKSL"
55.994930267334,55.994930267334,55.994930267334,55.994930267334,0,"2022-04-08","BKSL"
55.994930267334,55.994930267334,55.994930267334,55.994930267334,0,"2022-04-11","BKSL"
55.994930267334,55.994930267334,55.994930267334,55.994930267334,0,"2022-04-12","BKSL"
55.994930267334,55.994930267334,55.994930267334,55.994930267334,0,"2022-04-13","BKSL"
55.994930267334,55.994930267334,55.994930267334,55.994930267334,0,"2022-04-14","BKSL"
55.994930267334,55.994930267334,55.994930267334,55.994930267334,0,"2022-04-18","BKSL"
55.994930267334,55.994930267334,55.994930267334,55.994930267334,0,"2022-04-19","BKSL"
55.994930267334,55.994930267334,55.994930267334,55.994930267334,0,"2022-04-20","BKSL"
55.994930267334,55.994930267334,55.994930267334,55.994930267334,0,"2022-04-21","BKSL"
55.994930267334,55.994930267334,55.994930267334,55.994930267334,0,"2022-04-22","BKSL"
55.994930267334,55.994930267334,55.994930267334,55.994930267334,0,"2022-04-25","BKSL"
55.994930267334,55.994930267334,55.994930267334,55.994930267334,0,"2022-04-26","BKSL"
55.994930267334,55.994930267334,55.994930267334,55.994930267334,0,"2022-04-27","BKSL"
55.994930267334,55.994930267334,55.994930267334,55.994930267334,0,"2022-04-28","BKSL"
55.994930267334,55.994930267334,55.994930267334,55.994930267334,0,"2022-05-09","BKSL"
55.994930267334,55.994930267334,55.994930267334,55.994930267334,0,"2022-05-10","BKSL"
55.994930267334,55.994930267334,55.994930267334,55.994930267334,0,"2022-05-11","BKSL"
55.994930267334,55.994930267334,55.994930267334,55.994930267334,0,"2022-05-12","BKSL"
55.994930267334,55.994930267334,55.994930267334,55.994930267334,0,"2022-05-13","BKSL"
55.994930267334,55.994930267334,55.994930267334,55.994930267334,0,"2022-05-17","BKSL"
55.994930267334,55.994930267334,55.994930267334,55.994930267334,0,"2022-05-18","BKSL"
55.994930267334,55.994930267334,55.994930267334,55.994930267334,0,"2022-05-19","BKSL"
55.994930267334,55.994930267334,55.994930267334,55.994930267334,0,"2022-05-20","BKSL"
55.994930267334,55.994930267334,55.994930267334,55.994930267334,0,"2022-05-23","BKSL"
55.994930267334,55.994930267334,55.994930267334,55.994930267334,0,"2022-05-24","BKSL"
55.994930267334,55.994930267334,55.994930267334,55.994930267334,0,"2022-05-25","BKSL"
55.994930267334,55.994930267334,55.994930267334,55.994930267334,0,"2022-05-27","BKSL"
55.994930267334,55.994930267334,55.994930267334,55.994930267334,0,"2022-05-30","BKSL"
55.994930267334,55.994930267334,55.994930267334,55.994930267334,0,"2022-05-31","BKSL"
48.2714920043945,49.2369232177734,48.2714920043945,49.2369232177734,20153095,"2022-06-02","BKSL"
49.2369232177734,49.2369232177734,48.2714920043945,48.2714920043945,42254441,"2022-06-03","BKSL"
48.2714920043945,51.167781829834,48.2714920043945,50.2023506164551,301801726,"2022-06-06","BKSL"
50.2023506164551,50.2023506164551,49.2369232177734,49.2369232177734,50857552,"2022-06-07","BKSL"
50.2023506164551,50.2023506164551,48.2714920043945,49.2369232177734,28022750,"2022-06-08","BKSL"
49.2369232177734,50.2023506164551,48.2714920043945,49.2369232177734,19238891,"2022-06-09","BKSL"
49.2369232177734,49.2369232177734,48.2714920043945,48.2714920043945,20055004,"2022-06-10","BKSL"
49.2369232177734,49.2369232177734,48.2714920043945,48.2714920043945,23392377,"2022-06-13","BKSL"
48.2714920043945,49.2369232177734,48.2714920043945,48.2714920043945,13418167,"2022-06-14","BKSL"
48.2714920043945,49.2369232177734,48.2714920043945,48.2714920043945,38158131,"2022-06-15","BKSL"
48.2714920043945,49.2369232177734,48.2714920043945,49.2369232177734,18272378,"2022-06-16","BKSL"
49.2369232177734,49.2369232177734,48.2714920043945,48.2714920043945,52394277,"2022-06-17","BKSL"
49.2369232177734,49.2369232177734,48.2714920043945,49.2369232177734,12482004,"2022-06-20","BKSL"
49.2369232177734,49.2369232177734,48.2714920043945,48.2714920043945,12068510,"2022-06-21","BKSL"
48.2714920043945,49.2369232177734,48.2714920043945,48.2714920043945,23587627,"2022-06-22","BKSL"
49.2369232177734,49.2369232177734,48.2714920043945,49.2369232177734,23421276,"2022-06-23","BKSL"
49.2369232177734,49.2369232177734,48.2714920043945,49.2369232177734,35057129,"2022-06-24","BKSL"
49.2369232177734,49.2369232177734,48.2714920043945,48.2714920043945,22703565,"2022-06-27","BKSL"
48.2714920043945,49.2369232177734,48.2714920043945,48.2714920043945,23057708,"2022-06-28","BKSL"
48.2714920043945,49.2369232177734,48.2714920043945,48.2714920043945,21409219,"2022-06-29","BKSL"
48.2714920043945,49.2369232177734,48.2714920043945,48.2714920043945,14004228,"2022-06-30","BKSL"
48.2714920043945,49.2369232177734,48.2714920043945,49.2369232177734,29630117,"2022-07-01","BKSL"
49.8230743408203,49.8230743408203,48.8461532592773,48.8461532592773,88815181,"2022-07-04","BKSL"
48.8461532592773,49.8230743408203,48.8461532592773,48.8461532592773,32886110,"2022-07-05","BKSL"
48.8461532592773,49.8230743408203,48.8461532592773,49.8230743408203,19708818,"2022-07-06","BKSL"
49.8230743408203,49.8230743408203,48.8461532592773,48.8461532592773,10347590,"2022-07-07","BKSL"
48.8461532592773,49.8230743408203,48.8461532592773,49.8230743408203,13669755,"2022-07-08","BKSL"
49.8230743408203,49.8230743408203,48.8461532592773,48.8461532592773,24959283,"2022-07-11","BKSL"
48.8461532592773,49.8230743408203,48.8461532592773,49.8230743408203,12192464,"2022-07-12","BKSL"
49.8230743408203,49.8230743408203,48.8461532592773,48.8461532592773,19629692,"2022-07-13","BKSL"
48.8461532592773,49.8230743408203,48.8461532592773,49.8230743408203,32819677,"2022-07-14","BKSL"
49.8230743408203,49.8230743408203,48.8461532592773,48.8461532592773,26928425,"2022-07-15","BKSL"
48.8461532592773,49.8230743408203,48.8461532592773,48.8461532592773,8888826,"2022-07-18","BKSL"
48.8461532592773,49.8230743408203,48.8461532592773,48.8461532592773,17127448,"2022-07-19","BKSL"
48.8461532592773,49.8230743408203,48.8461532592773,48.8461532592773,10050944,"2022-07-20","BKSL"
48.8461532592773,49.8230743408203,48.8461532592773,48.8461532592773,6509724,"2022-07-21","BKSL"
48.8461532592773,49.8230743408203,48.8461532592773,48.8461532592773,8866102,"2022-07-22","BKSL"
48.8461532592773,49.8230743408203,48.8461532592773,48.8461532592773,40358858,"2022-07-25","BKSL"
48.8461532592773,49.8230743408203,48.8461532592773,48.8461532592773,15864094,"2022-07-26","BKSL"
48.8461532592773,48.8461532592773,48.8461532592773,48.8461532592773,59624653,"2022-07-27","BKSL"
48.8461532592773,48.8461532592773,48.8461532592773,48.8461532592773,30089881,"2022-07-28","BKSL"
48.8461532592773,48.8461532592773,48.8461532592773,48.8461532592773,20280307,"2022-07-29","BKSL"
48.8461532592773,48.8461532592773,48.8461532592773,48.8461532592773,12810937,"2022-08-01","BKSL"
48.8461532592773,48.8461532592773,48.8461532592773,48.8461532592773,4803755,"2022-08-02","BKSL"
48.8461532592773,48.8461532592773,48.8461532592773,48.8461532592773,2195874,"2022-08-03","BKSL"
48.8461532592773,48.8461532592773,48.8461532592773,48.8461532592773,1883055,"2022-08-04","BKSL"
48.8461532592773,48.8461532592773,48.8461532592773,48.8461532592773,3086732,"2022-08-05","BKSL"
48.8461532592773,48.8461532592773,48.8461532592773,48.8461532592773,9565748,"2022-08-08","BKSL"
48.8461532592773,48.8461532592773,48.8461532592773,48.8461532592773,4211283,"2022-08-09","BKSL"
48.8461532592773,48.8461532592773,48.8461532592773,48.8461532592773,3393716,"2022-08-10","BKSL"
48.8461532592773,48.8461532592773,48.8461532592773,48.8461532592773,8401070,"2022-08-11","BKSL"
48.8461532592773,48.8461532592773,48.8461532592773,48.8461532592773,13665354,"2022-08-12","BKSL"
48.8461532592773,48.8461532592773,48.8461532592773,48.8461532592773,5503401,"2022-08-15","BKSL"
48.8461532592773,49.8230743408203,48.8461532592773,48.8461532592773,102387999,"2022-08-16","BKSL"
48.8461532592773,57.6384620666504,48.8461532592773,55.6846160888672,1080615582,"2022-08-18","BKSL"
56.6615371704102,56.6615371704102,52.7538452148438,52.7538452148438,312780307,"2022-08-19","BKSL"
52.7538452148438,53.730770111084,50.7999992370605,51.7769241333008,143312204,"2022-08-22","BKSL"
51.7769241333008,51.7769241333008,49.8230743408203,50.7999992370605,75268055,"2022-08-23","BKSL"
51.7769241333008,53.730770111084,50.7999992370605,52.7538452148438,176611755,"2022-08-24","BKSL"
52.7538452148438,53.730770111084,50.7999992370605,51.7769241333008,96455086,"2022-08-25","BKSL"
50.7999992370605,59.5923080444336,49.8230743408203,55.6846160888672,1246841362,"2022-08-26","BKSL"
54.707691192627,57.6384620666504,52.7538452148438,54.707691192627,281457881,"2022-08-29","BKSL"
53.730770111084,56.6615371704102,53.730770111084,54.707691192627,167301196,"2022-08-30","BKSL"
54.707691192627,54.707691192627,52.7538452148438,54.707691192627,161826149,"2022-08-31","BKSL"
53.730770111084,54.707691192627,52.7538452148438,52.7538452148438,139511803,"2022-09-01","BKSL"
52.7538452148438,52.7538452148438,50.7999992370605,51.7769241333008,140594181,"2022-09-02","BKSL"
51.7769241333008,52.7538452148438,51.7769241333008,52.7538452148438,49664196,"2022-09-05","BKSL"
52.7538452148438,70.3384628295898,51.7769241333008,70.3384628295898,3481063637,"2022-09-06","BKSL"
80.1076889038086,80.1076889038086,65.4538497924805,67.4076919555664,3427865692,"2022-09-07","BKSL"
68.3846130371094,69.3615417480469,63.5,63.5,814342724,"2022-09-08","BKSL"
63.5,67.4076919555664,62.5230751037598,65.4538497924805,651250354,"2022-09-09","BKSL"
66.4307708740234,66.4307708740234,61.5461540222168,61.5461540222168,549030740,"2022-09-12","BKSL"
59.5923080444336,63.5,58.6153831481934,63.5,791391070,"2022-09-13","BKSL"
62.5230751037598,62.5230751037598,59.5923080444336,62.5230751037598,453646976,"2022-09-14","BKSL"
62.5230751037598,62.5230751037598,58.6153831481934,59.5923080444336,590391826,"2022-09-15","BKSL"
60.5692291259766,60.5692291259766,55.6846160888672,55.6846160888672,782773196,"2022-09-16","BKSL"
55.6846160888672,56.6615371704102,52.7538452148438,56.6615371704102,962786755,"2022-09-19","BKSL"
56.6615371704102,58.6153831481934,53.730770111084,57.6384620666504,427328322,"2022-09-20","BKSL"
57.6384620666504,57.6384620666504,53.730770111084,54.707691192627,247969165,"2022-09-21","BKSL"
53.730770111084,55.6846160888672,52.7538452148438,54.707691192627,113214031,"2022-09-22","BKSL"
54.707691192627,55.6846160888672,54.707691192627,54.707691192627,99000937,"2022-09-23","BKSL"
53.730770111084,54.707691192627,52.7538452148438,52.7538452148438,127040503,"2022-09-26","BKSL"
52.7538452148438,54.707691192627,52.7538452148438,52.7538452148438,183396936,"2022-09-27","BKSL"
52.7538452148438,52.7538452148438,49.8230743408203,49.8230743408203,712975889,"2022-09-28","BKSL"
48.8461532592773,50.7999992370605,48.8461532592773,49.8230743408203,259570692,"2022-09-29","BKSL"
49.8230743408203,50.7999992370605,49.8230743408203,49.8230743408203,79184535,"2022-09-30","BKSL"
49.8230743408203,50.7999992370605,49.8230743408203,50.7999992370605,105689385,"2022-10-03","BKSL"
51.7769241333008,51.7769241333008,49.8230743408203,50.7999992370605,128682086,"2022-10-04","BKSL"
50.7999992370605,53.730770111084,49.8230743408203,51.7769241333008,260114236,"2022-10-05","BKSL"
51.7769241333008,51.7769241333008,50.7999992370605,50.7999992370605,91601275,"2022-10-06","BKSL"
50.7999992370605,51.7769241333008,49.8230743408203,50.7999992370605,63626299,"2022-10-07","BKSL"
50.7999992370605,51.7769241333008,50.7999992370605,50.7999992370605,78601173,"2022-10-10","BKSL"
50.7999992370605,51.7769241333008,49.8230743408203,49.8230743408203,74627472,"2022-10-11","BKSL"
49.8230743408203,50.7999992370605,49.8230743408203,49.8230743408203,80246850,"2022-10-12","BKSL"
49.8230743408203,50.7999992370605,49.8230743408203,49.8230743408203,25326559,"2022-10-13","BKSL"
50.7999992370605,50.7999992370605,49.8230743408203,49.8230743408203,46318692,"2022-10-14","BKSL"
49.8230743408203,50.7999992370605,48.8461532592773,49.8230743408203,236604708,"2022-10-17","BKSL"
49.8230743408203,49.8230743408203,48.8461532592773,48.8461532592773,41268960,"2022-10-18","BKSL"
49.8230743408203,49.8230743408203,48.8461532592773,48.8461532592773,56405771,"2022-10-19","BKSL"
49.8230743408203,49.8230743408203,48.8461532592773,48.8461532592773,45448716,"2022-10-20","BKSL"
49.8230743408203,49.8230743408203,48.8461532592773,48.8461532592773,63293314,"2022-10-21","BKSL"
49.8230743408203,49.8230743408203,48.8461532592773,48.8461532592773,41129338,"2022-10-24","BKSL"
48.8461532592773,49.8230743408203,48.8461532592773,48.8461532592773,39801905,"2022-10-25","BKSL"
48.8461532592773,49.8230743408203,48.8461532592773,49.8230743408203,52564220,"2022-10-26","BKSL"
49.8230743408203,49.8230743408203,48.8461532592773,48.8461532592773,83138889,"2022-10-27","BKSL"
48.8461532592773,49.8230743408203,48.8461532592773,49.8230743408203,63729480,"2022-10-28","BKSL"
48.8461532592773,49.8230743408203,48.8461532592773,49.8230743408203,277050472,"2022-10-31","BKSL"
48.8461532592773,49.8230743408203,48.8461532592773,48.8461532592773,24641653,"2022-11-01","BKSL"
48.8461532592773,49.8230743408203,48.8461532592773,49.8230743408203,43567606,"2022-11-02","BKSL"
49.8230743408203,49.8230743408203,48.8461532592773,48.8461532592773,46315110,"2022-11-03","BKSL"
48.8461532592773,49.8230743408203,48.8461532592773,49.8230743408203,25774496,"2022-11-04","BKSL"
48.8461532592773,49.8230743408203,48.8461532592773,48.8461532592773,61728196,"2022-11-07","BKSL"
48.8461532592773,49.8230743408203,48.8461532592773,49.8230743408203,34029803,"2022-11-08","BKSL"
48.8461532592773,49.8230743408203,48.8461532592773,49.8230743408203,43787787,"2022-11-09","BKSL"
48.8461532592773,49.8230743408203,48.8461532592773,48.8461532592773,53040511,"2022-11-10","BKSL"
48.8461532592773,49.8230743408203,48.8461532592773,48.8461532592773,32131086,"2022-11-11","BKSL"
49.8230743408203,49.8230743408203,48.8461532592773,48.8461532592773,36627244,"2022-11-14","BKSL"
48.8461532592773,49.8230743408203,48.8461532592773,48.8461532592773,41985188,"2022-11-15","BKSL"
48.8461532592773,49.8230743408203,48.8461532592773,48.8461532592773,77246716,"2022-11-16","BKSL"
48.8461532592773,49.8230743408203,48.8461532592773,48.8461532592773,74591850,"2022-11-17","BKSL"
48.8461532592773,49.8230743408203,48.8461532592773,48.8461532592773,37660795,"2022-11-18","BKSL"
48.8461532592773,49.8230743408203,48.8461532592773,48.8461532592773,27306653,"2022-11-21","BKSL"
48.8461532592773,49.8230743408203,48.8461532592773,48.8461532592773,40551606,"2022-11-22","BKSL"
48.8461532592773,49.8230743408203,48.8461532592773,48.8461532592773,29170771,"2022-11-23","BKSL"
48.8461532592773,49.8230743408203,48.8461532592773,48.8461532592773,25037078,"2022-11-24","BKSL"
48.8461532592773,49.8230743408203,48.8461532592773,48.8461532592773,6151866,"2022-11-25","BKSL"
48.8461532592773,48.8461532592773,48.8461532592773,48.8461532592773,7582992,"2022-11-28","BKSL"
48.8461532592773,48.8461532592773,48.8461532592773,48.8461532592773,7332614,"2022-11-29","BKSL"
48.8461532592773,48.8461532592773,48.8461532592773,48.8461532592773,1822559,"2022-11-30","BKSL"
48.8461532592773,48.8461532592773,48.8461532592773,48.8461532592773,3363519,"2022-12-01","BKSL"
48.8461532592773,48.8461532592773,48.8461532592773,48.8461532592773,18609653,"2022-12-02","BKSL"
48.8461532592773,48.8461532592773,48.8461532592773,48.8461532592773,1489779,"2022-12-05","BKSL"
48.8461532592773,48.8461532592773,48.8461532592773,48.8461532592773,1334905,"2022-12-06","BKSL"
48.8461532592773,48.8461532592773,48.8461532592773,48.8461532592773,759937,"2022-12-07","BKSL"
48.8461532592773,48.8461532592773,48.8461532592773,48.8461532592773,3826503,"2022-12-08","BKSL"
48.8461532592773,48.8461532592773,48.8461532592773,48.8461532592773,10044496,"2022-12-09","BKSL"
48.8461532592773,48.8461532592773,48.8461532592773,48.8461532592773,543133,"2022-12-12","BKSL"
48.8461532592773,48.8461532592773,48.8461532592773,48.8461532592773,2584236,"2022-12-13","BKSL"
48.8461532592773,48.8461532592773,48.8461532592773,48.8461532592773,1356913,"2022-12-14","BKSL"
48.8461532592773,48.8461532592773,48.8461532592773,48.8461532592773,6092393,"2022-12-15","BKSL"
48.8461532592773,48.8461532592773,48.8461532592773,48.8461532592773,300125,"2022-12-16","BKSL"
48.8461532592773,48.8461532592773,48.8461532592773,48.8461532592773,120377,"2022-12-19","BKSL"
48.8461532592773,48.8461532592773,48.8461532592773,48.8461532592773,168283,"2022-12-20","BKSL"
48.8461532592773,48.8461532592773,48.8461532592773,48.8461532592773,198480,"2022-12-21","BKSL"
48.8461532592773,48.8461532592773,48.8461532592773,48.8461532592773,1530622,"2022-12-22","BKSL"
48.8461532592773,48.8461532592773,48.8461532592773,48.8461532592773,114543,"2022-12-23","BKSL"
48.8461532592773,48.8461532592773,48.8461532592773,48.8461532592773,555314,"2022-12-26","BKSL"
48.8461532592773,48.8461532592773,48.8461532592773,48.8461532592773,339125,"2022-12-27","BKSL"
48.8461532592773,48.8461532592773,48.8461532592773,48.8461532592773,1127622,"2022-12-28","BKSL"
48.8461532592773,48.8461532592773,48.8461532592773,48.8461532592773,609976,"2022-12-29","BKSL"
48.8461532592773,48.8461532592773,48.8461532592773,48.8461532592773,63157,"2022-12-30","BKSL"
48.8461532592773,48.8461532592773,48.8461532592773,48.8461532592773,6043362,"2023-01-02","BKSL"
48.8461532592773,48.8461532592773,48.8461532592773,48.8461532592773,221921,"2023-01-03","BKSL"
48.8461532592773,48.8461532592773,48.8461532592773,48.8461532592773,224787,"2023-01-04","BKSL"
48.8461532592773,48.8461532592773,48.8461532592773,48.8461532592773,138496,"2023-01-05","BKSL"
48.8461532592773,48.8461532592773,48.8461532592773,48.8461532592773,45755,"2023-01-06","BKSL"
48.8461532592773,48.8461532592773,48.8461532592773,48.8461532592773,96834,"2023-01-09","BKSL"
48.8461532592773,48.8461532592773,48.8461532592773,48.8461532592773,139007,"2023-01-10","BKSL"
48.8461532592773,48.8461532592773,48.8461532592773,48.8461532592773,29685,"2023-01-11","BKSL"
48.8461532592773,48.8461532592773,48.8461532592773,48.8461532592773,186196,"2023-01-12","BKSL"
48.8461532592773,48.8461532592773,48.8461532592773,48.8461532592773,267881,"2023-01-13","BKSL"
48.8461532592773,48.8461532592773,48.8461532592773,48.8461532592773,5320275,"2023-01-16","BKSL"
48.8461532592773,48.8461532592773,48.8461532592773,48.8461532592773,618881,"2023-01-17","BKSL"
48.8461532592773,48.8461532592773,48.8461532592773,48.8461532592773,83118,"2023-01-18","BKSL"
48.8461532592773,48.8461532592773,48.8461532592773,48.8461532592773,34580511,"2023-01-19","BKSL"
48.8461532592773,53.730770111084,48.8461532592773,48.8461532592773,820280448,"2023-01-20","BKSL"
48.8461532592773,49.8230743408203,48.8461532592773,48.8461532592773,59714425,"2023-01-24","BKSL"
48.8461532592773,49.8230743408203,48.8461532592773,48.8461532592773,85460771,"2023-01-25","BKSL"
48.8461532592773,50.7999992370605,48.8461532592773,49.8230743408203,132528755,"2023-01-26","BKSL"
49.8230743408203,51.7769241333008,48.8461532592773,50.7999992370605,291386094,"2023-01-27","BKSL"
51,52,50,51,96713200,"2023-01-30","BKSL"
50,51,50,50,212124000,"2023-01-31","BKSL"
50,51,50,50,33044500,"2023-02-01","BKSL"
50,50,50,50,8111200,"2023-02-02","BKSL"
50,51,50,50,129746500,"2023-02-03","BKSL"
50,50,50,50,11756700,"2023-02-06","BKSL"
50,50,50,50,5483200,"2023-02-07","BKSL"
50,50,50,50,1067000,"2023-02-08","BKSL"
50,50,50,50,985600,"2023-02-09","BKSL"
50,50,50,50,3438700,"2023-02-10","BKSL"
50,51,50,50,119110700,"2023-02-13","BKSL"
50,51,50,50,60069500,"2023-02-14","BKSL"
50,51,50,50,34302800,"2023-02-15","BKSL"
50,51,50,50,40605300,"2023-02-16","BKSL"
50,50,50,50,3006000,"2023-02-17","BKSL"
50,50,50,50,2388400,"2023-02-20","BKSL"
50,50,50,50,184400,"2023-02-21","BKSL"
50,50,50,50,243900,"2023-02-22","BKSL"
50,51,50,50,78254100,"2023-02-23","BKSL"
50,50,50,50,16010600,"2023-02-24","BKSL"
50,50,50,50,2765200,"2023-02-27","BKSL"
50,50,50,50,423300,"2023-02-28","BKSL"
50,50,50,50,416200,"2023-03-01","BKSL"
50,50,50,50,335600,"2023-03-02","BKSL"
50,50,50,50,1665100,"2023-03-03","BKSL"
50,50,50,50,156200,"2023-03-06","BKSL"
50,50,50,50,589700,"2023-03-07","BKSL"
50,50,50,50,93000,"2023-03-08","BKSL"
50,50,50,50,288600,"2023-03-09","BKSL"
50,50,50,50,33000,"2023-03-10","BKSL"
50,50,50,50,32800,"2023-03-13","BKSL"
50,50,50,50,120200,"2023-03-14","BKSL"
50,50,50,50,49500,"2023-03-15","BKSL"
50,50,50,50,21300,"2023-03-16","BKSL"
50,50,50,50,1602600,"2023-03-17","BKSL"
50,50,50,50,34000,"2023-03-20","BKSL"
50,50,50,50,143600,"2023-03-21","BKSL"
50,50,50,50,86400,"2023-03-24","BKSL"
50,50,50,50,3555800,"2023-03-27","BKSL"
50,50,50,50,138800,"2023-03-28","BKSL"
50,50,50,50,183700,"2023-03-29","BKSL"
50,50,50,50,825800,"2023-03-30","BKSL"
50,50,50,50,354300,"2023-03-31","BKSL"
50,50,50,50,206700,"2023-04-03","BKSL"
50,50,50,50,253300,"2023-04-04","BKSL"
50,50,50,50,105500,"2023-04-05","BKSL"
50,50,50,50,58100,"2023-04-06","BKSL"
50,50,50,50,107800,"2023-04-10","BKSL"
50,50,50,50,1274900,"2023-04-11","BKSL"
50,50,50,50,3359700,"2023-04-12","BKSL"
50,50,50,50,285400,"2023-04-13","BKSL"
50,50,50,50,1224500,"2023-04-14","BKSL"
50,50,50,50,88100,"2023-04-17","BKSL"
50,50,50,50,43500,"2023-04-18","BKSL"
50,50,50,50,889000,"2023-04-26","BKSL"
50,50,50,50,263200,"2023-04-27","BKSL"
50,50,50,50,266000,"2023-04-28","BKSL"
50,50,50,50,556700,"2023-05-02","BKSL"
50,50,50,50,252800,"2023-05-03","BKSL"
50,50,50,50,235400,"2023-05-04","BKSL"
50,50,50,50,196200,"2023-05-05","BKSL"
50,50,50,50,3023800,"2023-05-08","BKSL"
50,50,50,50,582700,"2023-05-09","BKSL"
50,50,50,50,583800,"2023-05-10","BKSL"
50,50,50,50,2034000,"2023-05-11","BKSL"
50,52,50,51,267549800,"2023-05-12","BKSL"
51,52,50,50,67512500,"2023-05-15","BKSL"
51,51,50,50,14569100,"2023-05-16","BKSL"
50,50,50,50,9439100,"2023-05-17","BKSL"
50,50,50,50,1186000,"2023-05-19","BKSL"
50,50,50,50,5635400,"2023-05-22","BKSL"
50,50,50,50,1812600,"2023-05-23","BKSL"
50,50,50,50,3303700,"2023-05-24","BKSL"
50,50,50,50,2108100,"2023-05-25","BKSL"
50,50,50,50,1102500,"2023-05-26","BKSL"
50,50,50,50,2564000,"2023-05-29","BKSL"
50,50,50,50,147800,"2023-05-30","BKSL"
50,50,50,50,4288000,"2023-05-31","BKSL"
50,50,50,50,1104800,"2023-06-05","BKSL"
50,50,50,50,810400,"2023-06-06","BKSL"
50,50,50,50,141700,"2023-06-07","BKSL"
50,50,50,50,60300,"2023-06-08","BKSL"
50,50,50,50,246700,"2023-06-09","BKSL"
50,50,50,50,626600,"2023-06-12","BKSL"
50,50,50,50,50600,"2023-06-13","BKSL"
50,50,50,50,6156800,"2023-06-14","BKSL"
50,50,50,50,129800,"2023-06-15","BKSL"
50,50,50,50,107000,"2023-06-16","BKSL"
50,50,50,50,441900,"2023-06-19","BKSL"
50,50,50,50,83000,"2023-06-20","BKSL"
50,50,50,50,2e+05,"2023-06-21","BKSL"
50,50,50,50,205400,"2023-06-22","BKSL"
50,50,50,50,27400,"2023-06-23","BKSL"
50,50,50,50,29500,"2023-06-26","BKSL"
50,50,50,50,296300,"2023-06-27","BKSL"
50,50,50,50,1083200,"2023-07-03","BKSL"
50,50,50,50,258300,"2023-07-04","BKSL"
50,50,50,50,132400,"2023-07-05","BKSL"
50,50,50,50,338800,"2023-07-06","BKSL"
50,50,50,50,269600,"2023-07-07","BKSL"
50,50,50,50,139600,"2023-07-10","BKSL"
50,50,50,50,19700,"2023-07-11","BKSL"
50,50,50,50,562600,"2023-07-12","BKSL"
50,50,50,50,124100,"2023-07-13","BKSL"
50,50,50,50,1107100,"2023-07-14","BKSL"
50,50,50,50,237800,"2023-07-17","BKSL"
50,50,50,50,1880800,"2023-07-18","BKSL"
50,50,50,50,1848500,"2023-07-20","BKSL"
50,50,50,50,1031700,"2023-07-21","BKSL"
50,50,50,50,104800,"2023-07-24","BKSL"
50,50,50,50,147200,"2023-07-25","BKSL"
50,50,50,50,98000,"2023-07-26","BKSL"
50,50,50,50,28500,"2023-07-27","BKSL"
50,50,50,50,105600,"2023-07-28","BKSL"
50,50,50,50,536100,"2023-07-31","BKSL"
50,50,50,50,1196200,"2023-08-01","BKSL"
50,50,50,50,342300,"2023-08-02","BKSL"
50,50,50,50,245200,"2023-08-03","BKSL"
50,50,50,50,32500,"2023-08-04","BKSL"
50,50,50,50,151500,"2023-08-07","BKSL"
50,50,50,50,112500,"2023-08-08","BKSL"
50,50,50,50,41700,"2023-08-09","BKSL"
50,50,50,50,1800,"2023-08-10","BKSL"
50,51,50,50,62237500,"2023-08-11","BKSL"
50,51,50,50,24442300,"2023-08-14","BKSL"
50,50,50,50,349000,"2023-08-15","BKSL"
50,50,50,50,529900,"2023-08-16","BKSL"
50,50,50,50,1222700,"2023-08-18","BKSL"
50,50,50,50,3993300,"2023-08-21","BKSL"
50,50,50,50,360400,"2023-08-22","BKSL"
50,50,50,50,2272300,"2023-08-23","BKSL"
50,50,50,50,1453900,"2023-08-24","BKSL"
50,51,50,50,165945200,"2023-08-25","BKSL"
50,55,50,55,706468700,"2023-08-28","BKSL"
60,60,53,54,1102643900,"2023-08-29","BKSL"
55,59,54,56,740999900,"2023-08-30","BKSL"
56,57,54,55,193369000,"2023-08-31","BKSL"
55,56,54,54,69733500,"2023-09-01","BKSL"
54,56,53,54,149348100,"2023-09-04","BKSL"
54,56,54,55,73033500,"2023-09-05","BKSL"
55,55,54,54,39207000,"2023-09-06","BKSL"
54,55,53,53,97084300,"2023-09-07","BKSL"
53,53,51,51,179933800,"2023-09-08","BKSL"
52,53,51,52,147853500,"2023-09-11","BKSL"
52,53,51,52,85188500,"2023-09-12","BKSL"
53,53,51,52,104133000,"2023-09-13","BKSL"
52,53,51,52,41767100,"2023-09-14","BKSL"
52,52,51,51,59697700,"2023-09-15","BKSL"
52,52,50,51,79902000,"2023-09-18","BKSL"
51,51,50,50,98586800,"2023-09-19","BKSL"
50,51,50,50,137999300,"2023-09-20","BKSL"
50,51,50,51,15081100,"2023-09-21","BKSL"
51,51,50,51,25985600,"2023-09-22","BKSL"
51,51,50,50,50369000,"2023-09-25","BKSL"
50,51,50,50,20154900,"2023-09-26","BKSL"
50,51,50,50,24531200,"2023-09-27","BKSL"
50,51,50,50,13212300,"2023-09-29","BKSL"
50,51,50,51,13208400,"2023-10-02","BKSL"
50,50,50,50,14550100,"2023-10-03","BKSL"
50,50,50,50,2370500,"2023-10-04","BKSL"
50,50,50,50,1382200,"2023-10-05","BKSL"
50,50,50,50,1402400,"2023-10-06","BKSL"
50,50,50,50,3941400,"2023-10-09","BKSL"
50,50,50,50,2344400,"2023-10-10","BKSL"
50,50,50,50,6079400,"2023-10-11","BKSL"
50,50,50,50,7633400,"2023-10-12","BKSL"
50,50,50,50,592800,"2023-10-13","BKSL"
50,50,50,50,387300,"2023-10-16","BKSL"
50,50,50,50,653000,"2023-10-17","BKSL"
50,50,50,50,2477100,"2023-10-18","BKSL"
50,50,50,50,345900,"2023-10-19","BKSL"
50,50,50,50,636900,"2023-10-20","BKSL"
50,50,50,50,644000,"2023-10-23","BKSL"
50,50,50,50,3620500,"2023-10-24","BKSL"
50,50,50,50,1802400,"2023-10-25","BKSL"
50,50,50,50,302300,"2023-10-26","BKSL"
50,50,50,50,26900,"2023-10-27","BKSL"
50,50,50,50,103400,"2023-10-30","BKSL"
50,50,50,50,152300,"2023-10-31","BKSL"
50,50,50,50,874500,"2023-11-01","BKSL"
50,50,50,50,52300,"2023-11-02","BKSL"
50,50,50,50,498000,"2023-11-03","BKSL"
50,50,50,50,456300,"2023-11-06","BKSL"
50,50,50,50,705300,"2023-11-07","BKSL"
50,50,50,50,36400,"2023-11-08","BKSL"
50,50,50,50,43300,"2023-11-09","BKSL"
50,50,50,50,597500,"2023-11-10","BKSL"
50,50,50,50,97200,"2023-11-13","BKSL"
50,50,50,50,53600,"2023-11-14","BKSL"
50,50,50,50,29200,"2023-11-15","BKSL"
50,50,50,50,1310500,"2023-11-16","BKSL"
50,50,50,50,108200,"2023-11-17","BKSL"
50,50,50,50,64500,"2023-11-20","BKSL"
50,50,50,50,89900,"2023-11-21","BKSL"
50,50,50,50,1035600,"2023-11-22","BKSL"
50,50,50,50,106800,"2023-11-23","BKSL"
50,50,50,50,78200,"2023-11-24","BKSL"
50,50,50,50,571900,"2023-11-27","BKSL"
50,50,50,50,243900,"2023-11-28","BKSL"
50,50,50,50,1740900,"2023-11-29","BKSL"
50,50,50,50,2565000,"2023-11-30","BKSL"
50,50,50,50,3640100,"2023-12-01","BKSL"
50,50,50,50,6677500,"2023-12-04","BKSL"
50,50,50,50,1529500,"2023-12-05","BKSL"
50,50,50,50,77900,"2023-12-06","BKSL"
50,50,50,50,49500,"2023-12-07","BKSL"
50,50,50,50,571100,"2023-12-08","BKSL"
50,50,50,50,179800,"2023-12-11","BKSL"
50,50,50,50,745600,"2023-12-12","BKSL"
50,50,50,50,16600,"2023-12-13","BKSL"
50,50,50,50,4000,"2023-12-14","BKSL"
50,50,50,50,28200,"2023-12-15","BKSL"
50,50,50,50,302400,"2023-12-18","BKSL"
50,50,50,50,25500,"2023-12-19","BKSL"
50,50,50,50,30100,"2023-12-20","BKSL"
50,50,50,50,15200,"2023-12-21","BKSL"
50,50,50,50,111900,"2023-12-22","BKSL"
50,50,50,50,419700,"2023-12-27","BKSL"
50,50,50,50,47300,"2023-12-28","BKSL"
50,50,50,50,98300,"2023-12-29","BKSL"
50,50,50,50,248300,"2024-01-02","BKSL"
50,50,50,50,495800,"2024-01-03","BKSL"
50,50,50,50,25000,"2024-01-04","BKSL"
50,50,50,50,46600,"2024-01-05","BKSL"
50,50,50,50,836500,"2024-01-08","BKSL"
50,50,50,50,2745300,"2024-01-09","BKSL"
50,50,50,50,1975000,"2024-01-10","BKSL"
50,50,50,50,1624200,"2024-01-11","BKSL"
50,50,50,50,6300,"2024-01-12","BKSL"
50,50,50,50,210600,"2024-01-15","BKSL"
50,50,50,50,26100,"2024-01-16","BKSL"
50,50,50,50,49300,"2024-01-17","BKSL"
50,50,50,50,16800,"2024-01-18","BKSL"
50,50,50,50,450900,"2024-01-19","BKSL"
50,50,50,50,13600,"2024-01-22","BKSL"
50,50,50,50,66500,"2024-01-23","BKSL"
50,50,50,50,2124300,"2024-01-24","BKSL"
50,50,50,50,42400,"2024-01-25","BKSL"
50,50,50,50,7800,"2024-01-26","BKSL"
50,50,50,50,150600,"2024-01-29","BKSL"
50,50,50,50,2500,"2024-01-30","BKSL"
50,50,50,50,22300,"2024-01-31","BKSL"
50,50,50,50,24600,"2024-02-01","BKSL"
50,50,50,50,6000,"2024-02-02","BKSL"
50,50,50,50,4234300,"2024-02-05","BKSL"
50,50,50,50,13210100,"2024-02-06","BKSL"
50,51,50,51,95705600,"2024-02-07","BKSL"
50,51,50,50,47156400,"2024-02-12","BKSL"
50,51,50,50,21700500,"2024-02-13","BKSL"
50,51,50,51,69852700,"2024-02-15","BKSL"
50,55,50,52,145280000,"2024-02-16","BKSL"
52,54,52,53,110761100,"2024-02-19","BKSL"
53,56,53,55,253251300,"2024-02-20","BKSL"
55,56,53,55,158918200,"2024-02-21","BKSL"
55,56,54,54,40912300,"2024-02-22","BKSL"
54,56,53,55,133450700,"2024-02-23","BKSL"
57,58,55,57,211413900,"2024-02-26","BKSL"
57,58,56,57,61931100,"2024-02-27","BKSL"
56,58,56,56,109405600,"2024-02-28","BKSL"
57,57,52,53,250971600,"2024-02-29","BKSL"
53,54,50,51,127625600,"2024-03-01","BKSL"
51,53,50,53,55015000,"2024-03-04","BKSL"
53,53,51,52,35962100,"2024-03-05","BKSL"
52,55,52,54,76554100,"2024-03-06","BKSL"
54,55,53,54,11488000,"2024-03-07","BKSL"
54,54,51,51,59040900,"2024-03-08","BKSL"
51,52,50,51,60970000,"2024-03-13","BKSL"
51,53,51,51,50817700,"2024-03-14","BKSL"
51,52,51,51,50828600,"2024-03-15","BKSL"
51,53,50,51,31891100,"2024-03-18","BKSL"
51,52,51,51,5295300,"2024-03-19","BKSL"
52,52,51,51,35629900,"2024-03-20","BKSL"
51,53,51,52,36643800,"2024-03-21","BKSL"
51,52,51,52,6169300,"2024-03-22","BKSL"
50,50,47,47,80925200,"2024-03-25","BKSL"
43,43,43,43,16086100,"2024-03-26","BKSL"
39,39,39,39,64574000,"2024-03-27","BKSL"
36,36,36,36,178588800,"2024-03-28","BKSL"
36,39,36,39,68149600,"2024-04-01","BKSL"
42,42,42,42,63164900,"2024-04-02","BKSL"
46,46,46,46,49062800,"2024-04-03","BKSL"
46,47,46,47,7436400,"2024-04-04","BKSL"
49,49,48,48,9364700,"2024-04-05","BKSL"
47,47,45,45,14375300,"2024-04-16","BKSL"
45,45,44,45,6326100,"2024-04-17","BKSL"
44,44,42,42,14303000,"2024-04-18","BKSL"
40,40,40,40,11888700,"2024-04-19","BKSL"
40,40,40,40,1289100,"2024-04-22","BKSL"
43,43,42,42,3836900,"2024-04-23","BKSL"
42,43,42,43,2776700,"2024-04-24","BKSL"
43,43,43,43,5770100,"2024-04-25","BKSL"
42,42,40,40,2371700,"2024-04-26","BKSL"
40,40,39,39,6566800,"2024-04-29","BKSL"
40,40,36,36,10766700,"2024-04-30","BKSL"
36,36,33,33,40230700,"2024-05-02","BKSL"
33,33,33,33,7123700,"2024-05-03","BKSL"
33,34,33,34,1996000,"2024-05-06","BKSL"
33,34,33,34,1633800,"2024-05-07","BKSL"
33,34,33,34,2645500,"2024-05-08","BKSL"
34,35,34,35,2012900,"2024-05-13","BKSL"
35,35,35,35,2173700,"2024-05-14","BKSL"
35,36,35,36,2425800,"2024-05-15","BKSL"
36,36,36,36,3000700,"2024-05-16","BKSL"
36,36,36,36,1914000,"2024-05-17","BKSL"
36,36,36,36,1670200,"2024-05-20","BKSL"
36,36,35,35,3197800,"2024-05-21","BKSL"
36,36,36,36,7761700,"2024-05-22","BKSL"
36,36,36,36,650100,"2024-05-27","BKSL"
36,36,35,36,4329100,"2024-05-28","BKSL"
36,36,35,35,6531700,"2024-05-29","BKSL"
35,35,34,34,2894300,"2024-05-30","BKSL"
34,34,33,33,10265300,"2024-05-31","BKSL"
33,33,33,33,1046800,"2024-06-03","BKSL"
33,33,33,33,4755200,"2024-06-04","BKSL"
33,33,32,32,675600,"2024-06-05","BKSL"
31,31,31,31,3806100,"2024-06-06","BKSL"
31,31,31,31,5884000,"2024-06-07","BKSL"
30,31,30,31,9687100,"2024-06-10","BKSL"
30,30,30,30,1140700,"2024-06-11","BKSL"
30,30,29,29,5193900,"2024-06-12","BKSL"
29,29,29,29,1683300,"2024-06-13","BKSL"
31,31,31,31,27317800,"2024-06-14","BKSL"
33,33,33,33,9186600,"2024-06-19","BKSL"
33,33,31,31,11291300,"2024-06-20","BKSL"
31,31,31,31,3520700,"2024-06-21","BKSL"
31,31,30,30,16035700,"2024-06-24","BKSL"
29,30,29,30,1095600,"2024-06-25","BKSL"
30,30,29,29,10492900,"2024-06-26","BKSL"
30,30,30,30,4169700,"2024-06-27","BKSL"
30,30,30,30,7702700,"2024-06-28","BKSL"
29,30,29,30,4421100,"2024-07-01","BKSL"
30,30,30,30,720600,"2024-07-02","BKSL"
30,30,30,30,1040900,"2024-07-03","BKSL"
30,30,29,30,11402700,"2024-07-04","BKSL"
30,30,29,29,2114000,"2024-07-05","BKSL"
29,30,29,30,12659000,"2024-07-08","BKSL"
30,30,30,30,5262900,"2024-07-09","BKSL"
30,30,30,30,1991400,"2024-07-10","BKSL"
30,31,30,31,1690100,"2024-07-11","BKSL"
31,32,31,32,576300,"2024-07-12","BKSL"
33,33,31,31,6218100,"2024-07-15","BKSL"
32,33,31,31,2280300,"2024-07-16","BKSL"
32,33,32,33,6619200,"2024-07-17","BKSL"
33,36,33,36,33922600,"2024-07-18","BKSL"
38,38,38,38,18770000,"2024-07-19","BKSL"
41,41,41,41,5829700,"2024-07-22","BKSL"
45,45,45,45,26102800,"2024-07-23","BKSL"
49,49,49,49,146597000,"2024-07-24","BKSL"
50,50,45,46,39067200,"2024-07-25","BKSL"
46,46,46,46,40396500,"2024-07-26","BKSL"
45,45,43,43,21491900,"2024-07-29","BKSL"
43,43,41,41,8134900,"2024-07-30","BKSL"
40,42,40,42,14152300,"2024-07-31","BKSL"
44,45,44,45,7206100,"2024-08-01","BKSL"
46,46,46,46,8501300,"2024-08-02","BKSL"
44,44,42,42,5829700,"2024-08-05","BKSL"
42,42,41,41,6384800,"2024-08-06","BKSL"
43,43,42,43,4690600,"2024-08-07","BKSL"
45,45,44,44,6074900,"2024-08-08","BKSL"
44,44,43,43,3092300,"2024-08-09","BKSL"
43,43,41,41,4586900,"2024-08-12","BKSL"
41,43,41,43,6871000,"2024-08-13","BKSL"
43,43,43,43,4952500,"2024-08-14","BKSL"
41,42,41,42,2133700,"2024-08-15","BKSL"
42,45,42,45,5699200,"2024-08-16","BKSL"
44,44,43,43,9372700,"2024-08-19","BKSL"
43,43,43,43,11786200,"2024-08-20","BKSL"
43,43,42,42,9861600,"2024-08-21","BKSL"
42,42,42,42,10798900,"2024-08-22","BKSL"
42,43,42,43,2501300,"2024-08-23","BKSL"
43,44,43,44,21144800,"2024-08-26","BKSL"
44,44,43,43,9794100,"2024-08-27","BKSL"
42,43,42,43,34309800,"2024-08-28","BKSL"
43,43,43,43,4741100,"2024-08-29","BKSL"
43,43,42,42,4316900,"2024-08-30","BKSL"
41,42,41,42,8161600,"2024-09-02","BKSL"
42,42,41,41,4018300,"2024-09-03","BKSL"
41,42,41,42,3069700,"2024-09-04","BKSL"
42,44,42,44,23063300,"2024-09-05","BKSL"
44,44,44,44,6990600,"2024-09-06","BKSL"
44,44,44,44,3742400,"2024-09-09","BKSL"
43,44,43,44,1478200,"2024-09-10","BKSL"
44,44,43,44,3104000,"2024-09-11","BKSL"
44,44,43,44,1454800,"2024-09-12","BKSL"
44,44,44,44,1973900,"2024-09-13","BKSL"
43,43,43,43,5307500,"2024-09-17","BKSL"
43,43,43,43,2496200,"2024-09-18","BKSL"
43,44,43,44,2422200,"2024-09-19","BKSL"
44,44,44,44,5479000,"2024-09-20","BKSL"
44,44,43,43,10768800,"2024-09-23","BKSL"
43,44,43,44,6643600,"2024-09-24","BKSL"
44,44,43,44,2340500,"2024-09-25","BKSL"
43,43,43,43,5217700,"2024-09-26","BKSL"
43,44,43,43,12667200,"2024-09-27","BKSL"
43,43,42,42,6437300,"2024-09-30","BKSL"
42,43,42,42,2188200,"2024-10-01","BKSL"
42,43,42,43,6175500,"2024-10-02","BKSL"
42,43,42,42,3049900,"2024-10-03","BKSL"
42,42,42,42,5786300,"2024-10-04","BKSL"
43,44,43,43,11540500,"2024-10-07","BKSL"
44,44,44,44,1235900,"2024-10-08","BKSL"
44,44,43,43,1770000,"2024-10-09","BKSL"
43,43,42,43,1601800,"2024-10-10","BKSL"
43,43,43,43,11379100,"2024-10-11","BKSL"
44,44,44,44,4137700,"2024-10-14","BKSL"
44,44,44,44,5898200,"2024-10-15","BKSL"
43,44,43,44,1589200,"2024-10-16","BKSL"
44,44,44,44,8175800,"2024-10-17","BKSL"
43,44,43,43,8369200,"2024-10-18","BKSL"
43,44,43,44,21697500,"2024-10-21","BKSL"
44,44,43,44,13173000,"2024-10-22","BKSL"
44,46,44,46,12912200,"2024-10-23","BKSL"
46,46,46,46,22439600,"2024-10-24","BKSL"
46,47,46,47,15679200,"2024-10-25","BKSL"
47,47,47,47,8288100,"2024-10-28","BKSL"
46,47,46,47,3938000,"2024-10-29","BKSL"
47,47,47,47,2019600,"2024-10-30","BKSL"
46,46,43,43,30010200,"2024-10-31","BKSL"
43,43,43,43,16603900,"2024-11-01","BKSL"
43,44,43,43,4158000,"2024-11-04","BKSL"
43,44,43,44,10400800,"2024-11-05","BKSL"
44,44,43,43,8207300,"2024-11-06","BKSL"
43,43,42,42,4168800,"2024-11-07","BKSL"
42,42,41,41,7514200,"2024-11-08","BKSL"
41,41,41,41,2996700,"2024-11-11","BKSL"
41,42,41,42,3911000,"2024-11-12","BKSL"
42,42,42,42,4183000,"2024-11-13","BKSL"
42,42,41,41,1494000,"2024-11-14","BKSL"
41,41,41,41,2828500,"2024-11-15","BKSL"
41,41,41,41,3482800,"2024-11-18","BKSL"
41,41,40,40,3344500,"2024-11-19","BKSL"
40,40,40,40,2532400,"2024-11-20","BKSL"
40,40,38,38,9990800,"2024-11-21","BKSL"
38,38,38,38,2094300,"2024-11-22","BKSL"
38,39,38,38,11340900,"2024-11-25","BKSL"
39,40,39,40,20223600,"2024-11-26","BKSL"
44,44,44,44,22303600,"2024-11-28","BKSL"
48,48,48,48,48934100,"2024-11-29","BKSL"
52,52,52,52,56171000,"2024-12-02","BKSL"
57,57,57,57,441712400,"2024-12-03","BKSL"
57,57,57,57,127020700,"2024-12-04","BKSL"
59,62,59,62,286395000,"2024-12-05","BKSL"
68,68,68,68,370378100,"2024-12-06","BKSL"
68,74,68,74,291469000,"2024-12-09","BKSL"
77,77,67,67,205128500,"2024-12-10","BKSL"
67,72,67,72,301938700,"2024-12-11","BKSL"
74,74,73,73,212758400,"2024-12-12","BKSL"
75,75,73,73,78619600,"2024-12-13","BKSL"
69,69,66,66,103405500,"2024-12-16","BKSL"
66,66,63,63,72096100,"2024-12-17","BKSL"
60,60,60,60,56383400,"2024-12-18","BKSL"
58,58,55,55,56850900,"2024-12-19","BKSL"
55,58,55,58,54239700,"2024-12-20","BKSL"
62,63,61,63,64097800,"2024-12-23","BKSL"
63,65,63,65,67216500,"2024-12-24","BKSL"
65,66,65,66,26026700,"2024-12-27","BKSL"
67,71,67,71,113420300,"2024-12-30","BKSL"
71,71,66,66,28724600,"2025-01-02","BKSL"
67,67,66,66,28526900,"2025-01-03","BKSL"
64,64,63,64,18740100,"2025-01-06","BKSL"
64,64,63,63,18623200,"2025-01-07","BKSL"
63,63,62,62,13770000,"2025-01-08","BKSL"
61,61,60,60,14595500,"2025-01-09","BKSL"
57,57,57,57,16750600,"2025-01-10","BKSL"
60,61,60,60,14197800,"2025-01-13","BKSL"
60,60,58,58,4139200,"2025-01-14","BKSL"
58,58,58,58,35624400,"2025-01-15","BKSL"
59,60,59,60,13089000,"2025-01-16","BKSL"
60,60,60,60,25660300,"2025-01-17","BKSL"
61,61,60,61,31444100,"2025-01-20","BKSL"
61,61,61,61,27432200,"2025-01-21","BKSL"
61,61,59,59,21997300,"2025-01-22","BKSL"
59,59,58,58,10089900,"2025-01-23","BKSL"
58,58,57,57,19768500,"2025-01-24","BKSL"
57,57,56,56,47793600,"2025-01-30","BKSL"
55,55,55,55,28865700,"2025-01-31","BKSL"
54,54,53,53,41811800,"2025-02-03","BKSL"
55,55,55,55,18437300,"2025-02-04","BKSL"
56,60,56,60,64453600,"2025-02-05","BKSL"
63,63,60,60,62850600,"2025-02-06","BKSL"
58,58,56,57,10061300,"2025-02-07","BKSL"
57,57,57,57,22316100,"2025-02-10","BKSL"
56,56,54,54,29435100,"2025-02-11","BKSL"
56,59,56,59,35558100,"2025-02-12","BKSL"
63,63,63,63,104012700,"2025-02-13","BKSL"
63,64,63,63,31897200,"2025-02-14","BKSL"
66,66,64,65,48941700,"2025-02-17","BKSL"
65,66,65,65,21386400,"2025-02-18","BKSL"
65,65,63,63,26258200,"2025-02-19","BKSL"
65,69,65,69,108858800,"2025-02-20","BKSL"
72,74,72,74,139885500,"2025-02-21","BKSL"
75,76,75,76,97995800,"2025-02-24","BKSL"
77,77,72,72,96228200,"2025-02-25","BKSL"
74,74,74,74,69463100,"2025-02-26","BKSL"
76,76,76,76,105478200,"2025-02-27","BKSL"
73,73,70,70,52255500,"2025-02-28","BKSL"
69,80,66,79,767143100,"2025-03-03","BKSL"
79,86,71,81,618206500,"2025-03-04","BKSL"
82,85,81,83,221042900,"2025-03-05","BKSL"
84,90,83,90,389434100,"2025-03-06","BKSL"
90,95,87,89,327287900,"2025-03-07","BKSL"
89,90,85,89,184332400,"2025-03-10","BKSL"
85,91,85,87,182117100,"2025-03-11","BKSL"
87,89,62,72,1085275200,"2025-03-12","BKSL"
73,82,71,80,360470400,"2025-03-13","BKSL"
80,84,75,77,313999100,"2025-03-14","BKSL"
78,81,72,76,241555700,"2025-03-17","BKSL"
76,76,56,70,533420900,"2025-03-18","BKSL"
70,73,66,67,268094100,"2025-03-19","BKSL"
68,74,67,70,249670300,"2025-03-20","BKSL"
70,70,67,69,59536200,"2025-03-21","BKSL"
69,69,62,65,65555900,"2025-03-24","BKSL"
65,67,61,62,129369500,"2025-03-25","BKSL"
62,69,62,67,95636600,"2025-03-26","BKSL"
67,75,67,72,256228700,"2025-03-27","BKSL"
62,64,62,62,169477700,"2025-04-08","BKSL"
61,65,60,61,60662900,"2025-04-09","BKSL"
65,69,62,66,191179000,"2025-04-10","BKSL"
65,66,62,63,149700000,"2025-04-11","BKSL"
63,69,63,67,108032200,"2025-04-14","BKSL"
68,73,68,72,178451900,"2025-04-15","BKSL"
72,74,69,70,85849900,"2025-04-16","BKSL"
70,75,70,75,201367600,"2025-04-17","BKSL"
76,77,74,76,169995600,"2025-04-21","BKSL"
76,77,74,76,57902100,"2025-04-22","BKSL"
76,83,76,82,295821800,"2025-04-23","BKSL"
82,84,80,81,123723100,"2025-04-24","BKSL"
82,84,82,83,122454600,"2025-04-25","BKSL"
83,87,82,85,192577900,"2025-04-28","BKSL"
86,93,86,91,309783300,"2025-04-29","BKSL"
92,95,89,90,308299200,"2025-04-30","BKSL"
91,106,91,104,862306900,"2025-05-02","BKSL"
105,110,102,103,493487100,"2025-05-05","BKSL"
103,105,100,102,179284300,"2025-05-06","BKSL"
104,105,100,105,208138900,"2025-05-07","BKSL"
106,107,96,102,375088800,"2025-05-08","BKSL"
102,108,101,108,229978700,"2025-05-09","BKSL"
110,118,110,115,480074000,"2025-05-14","BKSL"
115,123,112,122,483696900,"2025-05-15","BKSL"
122,123,110,115,484739800,"2025-05-16","BKSL"
115,118,109,113,272551500,"2025-05-19","BKSL"
113,116,108,112,255790300,"2025-05-20","BKSL"
112,113,102,103,710300800,"2025-05-21","BKSL"
103,110,102,107,396663600,"2025-05-22","BKSL"
106,107,103,106,91098100,"2025-05-23","BKSL"
105,106,100,102,353372500,"2025-05-26","BKSL"
102,110,102,109,319909500,"2025-05-27","BKSL"
110,114,106,108,208416200,"2025-05-28","BKSL"
108,108,103,106,132827700,"2025-06-02","BKSL"
107,107,103,105,86115600,"2025-06-03","BKSL"
105,106,101,102,360738900,"2025-06-04","BKSL"
103,106,101,101,168846600,"2025-06-05","BKSL"
101,103,96,100,236031000,"2025-06-10","BKSL"
100,117,100,115,954499500,"2025-06-11","BKSL"
118,135,116,128,1395164100,"2025-06-12","BKSL"
129,138,126,126,613651700,"2025-06-13","BKSL"
126,138,126,131,449702100,"2025-06-16","BKSL"
132,133,126,128,182281100,"2025-06-17","BKSL"
130,137,128,134,377423100,"2025-06-18","BKSL"
134,144,129,135,681360400,"2025-06-19","BKSL"
135,135,123,124,486879300,"2025-06-20","BKSL"
119,123,114,118,371902300,"2025-06-23","BKSL"
120,137,120,137,620449900,"2025-06-24","BKSL"
138,139,127,128,511214900,"2025-06-25","BKSL"
126,137,125,133,335944400,"2025-06-26","BKSL"
134,135,128,130,262824700,"2025-06-30","BKSL"
131,133,126,127,175947300,"2025-07-01","BKSL"
127,129,121,125,261785100,"2025-07-02","BKSL"
128,128,123,124,136432200,"2025-07-03","BKSL"
127,131,123,131,288002900,"2025-07-04","BKSL"
132,135,128,131,272485000,"2025-07-07","BKSL"
129,133,129,132,148407900,"2025-07-08","BKSL"
133,136,130,135,313645400,"2025-07-09","BKSL"
135,135,132,132,192983100,"2025-07-10","BKSL"
132,133,128,128,143303600,"2025-07-11","BKSL"
129,129,125,126,242305900,"2025-07-14","BKSL"
126,127,119,119,517900700,"2025-07-15","BKSL"
120,124,114,122,457896800,"2025-07-16","BKSL"
122,124,117,117,199247900,"2025-07-17","BKSL"
117,120,112,114,251919100,"2025-07-18","BKSL"
115,117,109,115,558954100,"2025-07-21","BKSL"
117,123,115,116,448298000,"2025-07-22","BKSL"
118,124,115,124,497051400,"2025-07-23","BKSL"
130,141,118,121,2329516500,"2025-07-24","BKSL"
119,129,119,122,425834000,"2025-07-25","BKSL"
124,135,124,133,807109400,"2025-07-28","BKSL"
136,158,136,158,2129558600,"2025-07-29","BKSL"
158,159,148,152,805091600,"2025-07-30","BKSL"
158,163,144,152,1836202300,"2025-07-31","BKSL"
154,174,154,165,1550798100,"2025-08-01","BKSL"
165,173,157,163,1359288300,"2025-08-04","BKSL"
163,167,154,166,980935500,"2025-08-05","BKSL"
166,170,163,168,552977900,"2025-08-06","BKSL"
170,172,151,157,1492091300,"2025-08-07","BKSL"
151,165,151,162,864098400,"2025-08-08","BKSL"
158,167,154,155,983690800,"2025-08-11","BKSL"
155,155,146,147,821110100,"2025-08-12","BKSL"
148,152,148,152,380210400,"2025-08-13","BKSL"
152,153,148,150,180901200,"2025-08-14","BKSL"
151,157,148,148,614289500,"2025-08-15","BKSL"
148,155,146,148,336277200,"2025-08-19","BKSL"
150,158,149,156,833276800,"2025-08-20","BKSL"
158,158,149,150,480759300,"2025-08-21","BKSL"
150,153,147,147,307662700,"2025-08-22","BKSL"
148,151,147,147,298126900,"2025-08-25","BKSL"
147,149,142,146,497489900,"2025-08-26","BKSL"
146,149,145,145,379696300,"2025-08-27","BKSL"
146,147,139,141,509190800,"2025-08-28","BKSL"
139,140,127,139,967224900,"2025-08-29","BKSL"
130,135,126,132,313115000,"2025-09-01","BKSL"
132,136,132,134,178121700,"2025-09-02","BKSL"
135,140,132,137,292411100,"2025-09-03","BKSL"
138,139,132,133,216460900,"2025-09-04","BKSL"
132,136,128,128,263670500,"2025-09-08","BKSL"
128,130,122,130,385724200,"2025-09-09","BKSL"
131,133,129,130,116099100,"2025-09-10","BKSL"
131,137,130,131,331272800,"2025-09-11","BKSL"
131,134,130,132,191345600,"2025-09-12","BKSL"
135,142,133,139,691351600,"2025-09-15","BKSL"
141,145,138,140,434907900,"2025-09-16","BKSL"
141,144,137,139,287073500,"2025-09-17","BKSL"
140,142,135,136,169813600,"2025-09-18","BKSL"
136,137,132,136,168397200,"2025-09-19","BKSL"
138,140,134,137,249007400,"2025-09-22","BKSL"
137,140,134,137,234217700,"2025-09-23","BKSL"
139,140,134,134,240304100,"2025-09-24","BKSL"
134,136,128,129,432921800,"2025-09-25","BKSL"
132,143,132,138,981985700,"2025-09-26","BKSL"
139,155,137,151,1643214200,"2025-09-29","BKSL"
152,155,145,145,795515700,"2025-09-30","BKSL"
147,148,141,146,419360400,"2025-10-01","BKSL"
148,149,143,144,211538300,"2025-10-02","BKSL"
144,145,135,135,786675400,"2025-10-03","BKSL"
136,137,131,135,326901400,"2025-10-06","BKSL"
139,142,135,139,410963600,"2025-10-07","BKSL"
139,140,133,134,310950500,"2025-10-08","BKSL"
135,137,131,131,263902300,"2025-10-09","BKSL"
133,152,131,149,1473523000,"2025-10-10","BKSL"
144,149,138,139,1004340200,"2025-10-13","BKSL"
140,143,131,133,705213300,"2025-10-14","BKSL"
136,136,131,132,271542500,"2025-10-15","BKSL"
132,134,129,130,267234700,"2025-10-16","BKSL"
130,131,123,126,409930900,"2025-10-17","BKSL"
127,134,127,130,269973500,"2025-10-20","BKSL"
131,133,130,131,181183900,"2025-10-21","BKSL"
132,135,128,128,442203900,"2025-10-22","BKSL"
128,130,127,128,148052900,"2025-10-23","BKSL"
128,129,127,127,175341900,"2025-10-24","BKSL"
128,130,117,130,621887400,"2025-10-27","BKSL"
130,130,124,124,270952800,"2025-10-28","BKSL"
125,125,117,118,463924000,"2025-10-29","BKSL"
120,121,115,115,330111600,"2025-10-30","BKSL"
115,120,115,117,182365500,"2025-10-31","BKSL"
118,119,116,117,103139400,"2025-11-03","BKSL"
117,117,113,114,147699800,"2025-11-04","BKSL"
113,114,110,113,190074700,"2025-11-05","BKSL"
113,116,111,113,147991000,"2025-11-06","BKSL"
114,121,113,121,275047400,"2025-11-07","BKSL"
122,122,119,120,134866000,"2025-11-10","BKSL"
123,127,120,126,345690100,"2025-11-11","BKSL"
126,127,123,123,162766700,"2025-11-12","BKSL"
122,123,119,121,235661000,"2025-11-13","BKSL"
120,125,120,122,130281100,"2025-11-14","BKSL"
122,123,120,121,106772600,"2025-11-17","BKSL"
120,140,120,136,2385574200,"2025-11-18","BKSL"
138,144,128,129,1854047300,"2025-11-19","BKSL"
130,134,127,129,437807900,"2025-11-20","BKSL"
129,130,126,126,191812200,"2025-11-21","BKSL"
127,128,124,126,224525900,"2025-11-24","BKSL"
127,129,125,127,224921200,"2025-11-25","BKSL"
127,141,126,138,1764413700,"2025-11-26","BKSL"
141,148,138,142,1750647300,"2025-11-27","BKSL"
145,163,145,153,2929882100,"2025-11-28","BKSL"
153,158,147,154,1119871700,"2025-12-01","BKSL"
154,173,150,160,3157214700,"2025-12-02","BKSL"
162,193,160,177,5991904800,"2025-12-03","BKSL"
178,188,173,183,4211472700,"2025-12-04","BKSL"
184,192,180,180,3205276200,"2025-12-05","BKSL"
181,184,175,178,1489988600,"2025-12-08","BKSL"
178,182,172,175,1099511800,"2025-12-09","BKSL"
175,180,168,170,1840529600,"2025-12-10","BKSL"
170,181,147,156,6549317800,"2025-12-11","BKSL"
154,159,147,150,1928973100,"2025-12-12","BKSL"
150,150,130,137,5322207500,"2025-12-15","BKSL"
137,148,134,140,2887262200,"2025-12-16","BKSL"
142,143,135,136,1108383700,"2025-12-17","BKSL"
137,140,133,133,811019300,"2025-12-18","BKSL"
133,139,128,135,1090680800,"2025-12-19","BKSL"
137,138,133,134,537721400,"2025-12-22","BKSL"
135,139,131,134,672860800,"2025-12-23","BKSL"
136,137,132,132,441685300,"2025-12-24","BKSL"
134,142,134,140,1095123200,"2025-12-29","BKSL"
141,145,138,139,952326900,"2025-12-30","BKSL"
143,150,143,149,1463498300,"2026-01-02","BKSL"
150,153,145,150,1751883200,"2026-01-05","BKSL"
150,151,144,145,909693700,"2026-01-06","BKSL"
145,148,141,144,770430500,"2026-01-07","BKSL"
140,154,140,146,1866451400,"2026-01-08","BKSL"
147,151,146,147,1254639900,"2026-01-09","BKSL"
148,173,148,164,6823593000,"2026-01-12","BKSL"
169,173,157,160,4280944100,"2026-01-13","BKSL"
160,164,158,161,894092400,"2026-01-14","BKSL"
160,161,152,152,1108191700,"2026-01-15","BKSL"
151,157,149,153,1022582000,"2026-01-19","BKSL"
154,157,151,153,874736200,"2026-01-20","BKSL"
151,152,142,145,1375344300,"2026-01-21","BKSL"
145,157,145,151,1562461400,"2026-01-22","BKSL"
156,161,151,158,2691848900,"2026-01-23","BKSL"
160,166,156,161,1635269900,"2026-01-26","BKSL"
161,179,161,179,4174595500,"2026-01-27","BKSL"
153,169,153,153,3571244800,"2026-01-28","BKSL"
140,159,131,155,3358227200,"2026-01-29","BKSL"
157,166,150,151,2507959700,"2026-01-30","BKSL"
150,150,129,129,2303939700,"2026-02-02","BKSL"
125,138,112,136,2278790500,"2026-02-03","BKSL"
134,145,133,145,1231461800,"2026-02-04","BKSL"
145,148,138,139,921924300,"2026-02-05","BKSL"
130,137,129,131,648184400,"2026-02-06","BKSL"
135,137,128,133,418109300,"2026-02-09","BKSL"
134,142,133,136,639068300,"2026-02-10","BKSL"
139,145,136,141,1062561500,"2026-02-11","BKSL"
142,154,142,151,1829511000,"2026-02-12","BKSL"
152,155,145,145,1258322900,"2026-02-13","BKSL"
145,153,145,150,697100600,"2026-02-18","BKSL"
152,152,145,147,560260900,"2026-02-19","BKSL"
147,149,142,144,393397300,"2026-02-20","BKSL"
144,147,142,142,354025500,"2026-02-23","BKSL"
142,143,136,137,536262400,"2026-02-24","BKSL"
137,145,133,143,687797800,"2026-02-25","BKSL"
146,147,133,134,1036626100,"2026-02-26","BKSL"
134,138,132,135,379024100,"2026-02-27","BKSL"
128,132,121,122,872358400,"2026-03-02","BKSL"
120,126,119,121,562647700,"2026-03-03","BKSL"
121,122,113,116,557877300,"2026-03-04","BKSL"
121,125,120,122,319550500,"2026-03-05","BKSL"
119,121,115,117,229723100,"2026-03-06","BKSL"
110,111,102,106,713607200,"2026-03-09","BKSL"
112,114,108,112,253195800,"2026-03-10","BKSL"
113,120,111,116,355257800,"2026-03-11","BKSL"
116,117,112,112,185198400,"2026-03-12","BKSL"
112,112,106,106,205641300,"2026-03-13","BKSL"
106,107,98,102,246716300,"2026-03-16","BKSL"
103,106,100,101,168626800,"2026-03-17","BKSL"
101,109,100,108,171616900,"2026-03-25","BKSL"
110,111,104,105,149283200,"2026-03-26","BKSL"
105,106,102,104,59921800,"2026-03-27","BKSL"
102,104,100,103,122723000,"2026-03-30","BKSL"
104,114,102,112,513774800,"2026-03-31","BKSL"
114,116,111,112,274180900,"2026-04-01","BKSL"
112,113,108,108,108512700,"2026-04-02","BKSL"
108,110,103,108,93663500,"2026-04-06","BKSL"
108,110,104,105,132600000,"2026-04-07","BKSL"
110,114,108,112,307862000,"2026-04-08","BKSL"
111,112,107,110,178695900,"2026-04-09","BKSL"
110,116,110,114,323665900,"2026-04-10","BKSL"
113,123,111,121,624088300,"2026-04-13","BKSL"
123,127,120,125,692501500,"2026-04-14","BKSL"
125,127,120,121,308177700,"2026-04-15","BKSL"
122,124,118,119,197414100,"2026-04-16","BKSL"
119,120,117,118,125794200,"2026-04-17","BKSL"
119,120,114,115,170213000,"2026-04-20","BKSL"
115,118,114,117,103578800,"2026-04-21","BKSL"
117,118,115,116,228106400,"2026-04-22","BKSL"
116,117,111,112,215866200,"2026-04-23","BKSL"
112,112,105,106,231082800,"2026-04-24","BKSL"
