"Open","High","Low","Close","Volume","Date","Emiten"
24,28.7999992370605,24,28.7999992370605,179750000,"2013-07-08","MLPT"
30,31.2000007629395,25.6000003814697,28.7999992370605,367775000,"2013-07-09","MLPT"
28.7999992370605,30,28,28.7999992370605,87500000,"2013-07-10","MLPT"
28.7999992370605,28.7999992370605,27.6000003814697,28.7999992370605,36750000,"2013-07-11","MLPT"
28,28.3999996185303,27.6000003814697,28.3999996185303,34462500,"2013-07-12","MLPT"
28,28,26.7999992370605,27.6000003814697,46112500,"2013-07-15","MLPT"
27.2000007629395,27.2000007629395,26,26.3999996185303,21612500,"2013-07-16","MLPT"
25.2000007629395,25.6000003814697,24,24.3999996185303,33662500,"2013-07-17","MLPT"
24.3999996185303,24.3999996185303,23.6000003814697,24.3999996185303,10400000,"2013-07-18","MLPT"
22.7999992370605,27.2000007629395,22.7999992370605,25.6000003814697,105912500,"2013-07-19","MLPT"
26,26,24.3999996185303,25.2000007629395,6e+07,"2013-07-22","MLPT"
25.6000003814697,25.6000003814697,25.2000007629395,25.2000007629395,59487500,"2013-07-23","MLPT"
25.2000007629395,25.6000003814697,24,24.7999992370605,72712500,"2013-07-24","MLPT"
25.2000007629395,25.2000007629395,24.3999996185303,25.2000007629395,84350000,"2013-07-25","MLPT"
25.2000007629395,25.2000007629395,24.3999996185303,25.2000007629395,85900000,"2013-07-26","MLPT"
24.3999996185303,25.2000007629395,24,25.2000007629395,107100000,"2013-07-29","MLPT"
24.3999996185303,24.7999992370605,24,24.7999992370605,3912500,"2013-07-30","MLPT"
24.7999992370605,25.6000003814697,24.7999992370605,25.2000007629395,97675000,"2013-07-31","MLPT"
25.2000007629395,25.2000007629395,25.2000007629395,25.2000007629395,97675000,"2013-08-01","MLPT"
25.2000007629395,25.6000003814697,25.2000007629395,25.2000007629395,62500000,"2013-08-02","MLPT"
25.2000007629395,25.2000007629395,25.2000007629395,25.2000007629395,98987500,"2013-08-12","MLPT"
24.7999992370605,24.7999992370605,24.7999992370605,24.7999992370605,737500,"2013-08-13","MLPT"
24.7999992370605,25.2000007629395,24.7999992370605,24.7999992370605,290812500,"2013-08-14","MLPT"
24.7999992370605,25.2000007629395,24.7999992370605,25.2000007629395,252612500,"2013-08-15","MLPT"
25.2000007629395,25.6000003814697,25.2000007629395,25.6000003814697,337887500,"2013-08-16","MLPT"
24.7999992370605,24.7999992370605,21.6000003814697,24.7999992370605,1487500,"2013-08-19","MLPT"
24,24.7999992370605,24,24.7999992370605,5e+05,"2013-08-20","MLPT"
24.7999992370605,26,24.7999992370605,25.6000003814697,442962500,"2013-08-21","MLPT"
25.6000003814697,25.6000003814697,25.6000003814697,25.6000003814697,126012500,"2013-08-22","MLPT"
25.6000003814697,25.6000003814697,25.2000007629395,25.6000003814697,127850000,"2013-08-23","MLPT"
25.2000007629395,25.6000003814697,25.2000007629395,25.6000003814697,7637500,"2013-08-26","MLPT"
25.2000007629395,25.6000003814697,25.2000007629395,25.2000007629395,128525000,"2013-08-27","MLPT"
25.2000007629395,25.6000003814697,25.2000007629395,25.6000003814697,135712500,"2013-08-28","MLPT"
25.6000003814697,26,24.3999996185303,26,175587500,"2013-08-29","MLPT"
26,27.2000007629395,26,26,296762500,"2013-08-30","MLPT"
26,26,25.6000003814697,26,128700000,"2013-09-02","MLPT"
26.3999996185303,26.7999992370605,26.3999996185303,26.3999996185303,250812500,"2013-09-03","MLPT"
26,26.3999996185303,26,26,131625000,"2013-09-04","MLPT"
26.3999996185303,27.2000007629395,26.3999996185303,27.2000007629395,273762500,"2013-09-05","MLPT"
26,28,25.2000007629395,27.6000003814697,202175000,"2013-09-06","MLPT"
27.6000003814697,28.3999996185303,25.2000007629395,28.3999996185303,291375000,"2013-09-09","MLPT"
28.3999996185303,30,28,30,148150000,"2013-09-10","MLPT"
29.2000007629395,30,28.7999992370605,30,130400000,"2013-09-11","MLPT"
30,30,29.6000003814697,29.6000003814697,65875000,"2013-09-12","MLPT"
29.6000003814697,29.6000003814697,29.6000003814697,29.6000003814697,129937500,"2013-09-13","MLPT"
29.6000003814697,30,29.6000003814697,29.6000003814697,189287500,"2013-09-16","MLPT"
29.6000003814697,29.6000003814697,29.2000007629395,29.6000003814697,134212500,"2013-09-17","MLPT"
29.6000003814697,29.6000003814697,29.2000007629395,29.2000007629395,103187500,"2013-09-18","MLPT"
29.6000003814697,29.6000003814697,29.2000007629395,29.2000007629395,93387500,"2013-09-19","MLPT"
29.6000003814697,29.6000003814697,28.3999996185303,28.7999992370605,1e+06,"2013-09-20","MLPT"
29.2000007629395,29.2000007629395,28.7999992370605,29.2000007629395,91137500,"2013-09-23","MLPT"
29.2000007629395,29.2000007629395,28.7999992370605,29.2000007629395,128812500,"2013-09-24","MLPT"
29.2000007629395,29.2000007629395,29.2000007629395,29.2000007629395,153562500,"2013-09-25","MLPT"
29.2000007629395,29.2000007629395,28,29.2000007629395,91887500,"2013-09-26","MLPT"
29.2000007629395,29.2000007629395,29.2000007629395,29.2000007629395,130312500,"2013-09-27","MLPT"
29.2000007629395,29.2000007629395,29.2000007629395,29.2000007629395,62500,"2013-09-30","MLPT"
29.2000007629395,29.2000007629395,29.2000007629395,29.2000007629395,262500,"2013-10-01","MLPT"
29.2000007629395,29.2000007629395,29.2000007629395,29.2000007629395,187500,"2013-10-02","MLPT"
28.7999992370605,29.2000007629395,28.3999996185303,29.2000007629395,325000,"2013-10-03","MLPT"
28.7999992370605,29.2000007629395,28.7999992370605,29.2000007629395,4e+05,"2013-10-04","MLPT"
29.2000007629395,29.2000007629395,29.2000007629395,29.2000007629395,4e+05,"2013-10-07","MLPT"
29.2000007629395,29.2000007629395,29.2000007629395,29.2000007629395,4e+05,"2013-10-08","MLPT"
28.7999992370605,29.2000007629395,28.7999992370605,29.2000007629395,250000,"2013-10-09","MLPT"
29.2000007629395,29.6000003814697,29.2000007629395,29.2000007629395,252012500,"2013-10-10","MLPT"
29.2000007629395,29.2000007629395,28.7999992370605,29.2000007629395,139800000,"2013-10-11","MLPT"
29.2000007629395,29.2000007629395,29.2000007629395,29.2000007629395,128662500,"2013-10-16","MLPT"
29.6000003814697,29.6000003814697,29.6000003814697,29.6000003814697,139075000,"2013-10-17","MLPT"
29.6000003814697,29.6000003814697,29.2000007629395,29.6000003814697,84600000,"2013-10-18","MLPT"
29.6000003814697,29.6000003814697,29.2000007629395,29.6000003814697,143587500,"2013-10-21","MLPT"
29.6000003814697,29.6000003814697,29.6000003814697,29.6000003814697,143587500,"2013-10-22","MLPT"
29.2000007629395,29.6000003814697,29.2000007629395,29.6000003814697,1262500,"2013-10-23","MLPT"
29.2000007629395,29.6000003814697,29.2000007629395,29.6000003814697,637500,"2013-10-24","MLPT"
29.2000007629395,29.6000003814697,29.2000007629395,29.6000003814697,4500000,"2013-10-25","MLPT"
29.6000003814697,29.6000003814697,29.6000003814697,29.6000003814697,4500000,"2013-10-28","MLPT"
29.2000007629395,29.6000003814697,29.2000007629395,29.6000003814697,254812500,"2013-10-29","MLPT"
29.6000003814697,29.6000003814697,29.6000003814697,29.6000003814697,1.94e+08,"2013-10-30","MLPT"
29.6000003814697,29.6000003814697,29.6000003814697,29.6000003814697,2187500,"2013-10-31","MLPT"
29.6000003814697,30,29.6000003814697,29.6000003814697,203912500,"2013-11-01","MLPT"
29.6000003814697,29.6000003814697,29.6000003814697,29.6000003814697,185187500,"2013-11-04","MLPT"
29.6000003814697,30,29.2000007629395,29.6000003814697,157250000,"2013-11-06","MLPT"
29.6000003814697,29.6000003814697,29.6000003814697,29.6000003814697,245262500,"2013-11-07","MLPT"
29.6000003814697,29.6000003814697,29.6000003814697,29.6000003814697,280600000,"2013-11-08","MLPT"
29.6000003814697,29.6000003814697,29.6000003814697,29.6000003814697,227150000,"2013-11-11","MLPT"
29.6000003814697,29.6000003814697,29.6000003814697,29.6000003814697,174687500,"2013-11-12","MLPT"
29.6000003814697,29.6000003814697,29.6000003814697,29.6000003814697,174687500,"2013-11-13","MLPT"
29.6000003814697,30,29.2000007629395,29.6000003814697,268937500,"2013-11-14","MLPT"
29.6000003814697,29.6000003814697,29.6000003814697,29.6000003814697,132500000,"2013-11-15","MLPT"
29.6000003814697,29.6000003814697,29.2000007629395,29.6000003814697,145700000,"2013-11-18","MLPT"
29.6000003814697,30.3999996185303,29.6000003814697,30.3999996185303,474325000,"2013-11-19","MLPT"
30.7999992370605,31.6000003814697,29.6000003814697,31.2000007629395,310825000,"2013-11-20","MLPT"
31.2000007629395,31.2000007629395,31.2000007629395,31.2000007629395,140825000,"2013-11-21","MLPT"
31.2000007629395,31.6000003814697,31.2000007629395,31.6000003814697,319687500,"2013-11-22","MLPT"
31.6000003814697,32.7999992370605,31.6000003814697,32.7999992370605,375500000,"2013-11-25","MLPT"
32.7999992370605,33.5999984741211,32.7999992370605,32.7999992370605,186025000,"2013-11-26","MLPT"
32.7999992370605,35.5999984741211,32.7999992370605,33.5999984741211,340162500,"2013-11-27","MLPT"
33.5999984741211,34,33.5999984741211,33.5999984741211,1.37e+08,"2013-11-28","MLPT"
33.5999984741211,34,33.5999984741211,34,161637500,"2013-11-29","MLPT"
34,36,34,36,653450000,"2013-12-02","MLPT"
36,36,35.5999984741211,36,202575000,"2013-12-03","MLPT"
36,36.7999992370605,35.2000007629395,36,352375000,"2013-12-04","MLPT"
36,36.4000015258789,36,36.4000015258789,230187500,"2013-12-05","MLPT"
36.4000015258789,36.4000015258789,36,36.4000015258789,129775000,"2013-12-06","MLPT"
36.4000015258789,37.2000007629395,36.4000015258789,37.2000007629395,257462500,"2013-12-09","MLPT"
37.2000007629395,38.4000015258789,36.4000015258789,37.5999984741211,379137500,"2013-12-10","MLPT"
37.5999984741211,38.4000015258789,37.2000007629395,37.5999984741211,456925000,"2013-12-11","MLPT"
37.5999984741211,37.5999984741211,37.5999984741211,37.5999984741211,258037500,"2013-12-12","MLPT"
38,38.4000015258789,37.5999984741211,38,254087500,"2013-12-13","MLPT"
38,38,36.7999992370605,38,179512500,"2013-12-16","MLPT"
38,38.4000015258789,38,38.4000015258789,297687500,"2013-12-17","MLPT"
38.4000015258789,39.5999984741211,38,38,221750000,"2013-12-18","MLPT"
38.4000015258789,38.7999992370605,38,38.7999992370605,312012500,"2013-12-19","MLPT"
39.2000007629395,39.2000007629395,38.4000015258789,38.7999992370605,189812500,"2013-12-20","MLPT"
38.7999992370605,40,38.7999992370605,39.5999984741211,439962500,"2013-12-23","MLPT"
39.5999984741211,40,39.2000007629395,39.5999984741211,242500000,"2013-12-24","MLPT"
39.5999984741211,40.7999992370605,39.5999984741211,40,343150000,"2013-12-27","MLPT"
40,40.7999992370605,39.5999984741211,40.4000015258789,283025000,"2013-12-30","MLPT"
40.4000015258789,40.4000015258789,40,40.4000015258789,238500000,"2014-01-02","MLPT"
40.4000015258789,40.4000015258789,39.2000007629395,39.2000007629395,261550000,"2014-01-03","MLPT"
40,40,33.5999984741211,39.2000007629395,32510000,"2014-01-06","MLPT"
39.4000015258789,39.5999984741211,37.2000007629395,39.2000007629395,156965000,"2014-01-07","MLPT"
39,39.4000015258789,38.7999992370605,39.4000015258789,267640000,"2014-01-08","MLPT"
39.2000007629395,39.5999984741211,39.2000007629395,39.5999984741211,451162500,"2014-01-09","MLPT"
39.5999984741211,40,39.5999984741211,40,505100000,"2014-01-10","MLPT"
40,40.2000007629395,39.5999984741211,40.2000007629395,344255000,"2014-01-13","MLPT"
40.2000007629395,40.5999984741211,40.2000007629395,40.5999984741211,541655000,"2014-01-15","MLPT"
40.5999984741211,40.5999984741211,40.4000015258789,40.5999984741211,130725000,"2014-01-16","MLPT"
40.5999984741211,40.5999984741211,40.4000015258789,40.5999984741211,162800000,"2014-01-17","MLPT"
40.5999984741211,40.5999984741211,39.2000007629395,40.4000015258789,263967500,"2014-01-20","MLPT"
40.4000015258789,40.5999984741211,40.4000015258789,40.5999984741211,236335000,"2014-01-21","MLPT"
40.5999984741211,40.5999984741211,40.4000015258789,40.5999984741211,172812500,"2014-01-22","MLPT"
40.4000015258789,40.5999984741211,40.4000015258789,40.5999984741211,272717500,"2014-01-23","MLPT"
40.5999984741211,40.5999984741211,40.5999984741211,40.5999984741211,233447500,"2014-01-24","MLPT"
40.5999984741211,40.5999984741211,40.2000007629395,40.5999984741211,129790000,"2014-01-27","MLPT"
40.5999984741211,40.5999984741211,40.4000015258789,40.4000015258789,126832500,"2014-01-28","MLPT"
40.4000015258789,40.5999984741211,40,40.5999984741211,11900000,"2014-01-29","MLPT"
40.5999984741211,40.5999984741211,40.4000015258789,40.5999984741211,165215000,"2014-01-30","MLPT"
40.4000015258789,40.5999984741211,40,40.5999984741211,46152500,"2014-02-03","MLPT"
40.4000015258789,40.5999984741211,40,40.4000015258789,185967500,"2014-02-04","MLPT"
40.4000015258789,40.4000015258789,40,40,280000,"2014-02-05","MLPT"
39.5999984741211,40,39.5999984741211,40,262500,"2014-02-06","MLPT"
39.7999992370605,40,39.5999984741211,39.5999984741211,475000,"2014-02-07","MLPT"
40,40,39.5999984741211,39.5999984741211,617500,"2014-02-10","MLPT"
39.4000015258789,39.4000015258789,39.2000007629395,39.4000015258789,1317500,"2014-02-11","MLPT"
39.4000015258789,39.4000015258789,39.4000015258789,39.4000015258789,485000,"2014-02-12","MLPT"
39.4000015258789,39.4000015258789,39.4000015258789,39.4000015258789,0,"2014-02-13","MLPT"
39.4000015258789,39.5999984741211,39.2000007629395,39.2000007629395,41327500,"2014-02-14","MLPT"
40,40,39.7999992370605,40,164875000,"2014-02-17","MLPT"
40,40,39.5999984741211,39.7999992370605,107745000,"2014-02-18","MLPT"
39.7999992370605,40.5999984741211,39.4000015258789,40.5999984741211,449375000,"2014-02-19","MLPT"
40,40.5999984741211,40,40.5999984741211,8835000,"2014-02-20","MLPT"
40.5999984741211,40.5999984741211,40,40.5999984741211,945000,"2014-02-21","MLPT"
40.4000015258789,40.5999984741211,39.5999984741211,40.5999984741211,15910000,"2014-02-24","MLPT"
40.5999984741211,40.5999984741211,40.4000015258789,40.5999984741211,136382500,"2014-02-25","MLPT"
40.5999984741211,40.5999984741211,40,40.5999984741211,205220000,"2014-02-26","MLPT"
40.5999984741211,40.5999984741211,40.4000015258789,40.5999984741211,105705000,"2014-02-27","MLPT"
40.4000015258789,40.5999984741211,40.4000015258789,40.4000015258789,190595000,"2014-02-28","MLPT"
40.5999984741211,40.5999984741211,40.4000015258789,40.4000015258789,124875000,"2014-03-03","MLPT"
40.2000007629395,40.5999984741211,40.2000007629395,40.5999984741211,220540000,"2014-03-04","MLPT"
40.5999984741211,40.5999984741211,40.5999984741211,40.5999984741211,200562500,"2014-03-05","MLPT"
40.5999984741211,40.5999984741211,40.5999984741211,40.5999984741211,209587500,"2014-03-06","MLPT"
40.5999984741211,40.5999984741211,40.5999984741211,40.5999984741211,239077500,"2014-03-07","MLPT"
40.5999984741211,40.5999984741211,40.5999984741211,40.5999984741211,188297500,"2014-03-10","MLPT"
40.5999984741211,40.5999984741211,40.4000015258789,40.5999984741211,211935000,"2014-03-11","MLPT"
40.5999984741211,40.5999984741211,40.4000015258789,40.5999984741211,176602500,"2014-03-12","MLPT"
40.5999984741211,40.5999984741211,40.4000015258789,40.5999984741211,222157500,"2014-03-13","MLPT"
40.5999984741211,40.5999984741211,40.5999984741211,40.5999984741211,246365000,"2014-03-14","MLPT"
40.5999984741211,40.5999984741211,40.5999984741211,40.5999984741211,182015000,"2014-03-17","MLPT"
40.5999984741211,40.5999984741211,40.5999984741211,40.5999984741211,177140000,"2014-03-18","MLPT"
40.5999984741211,40.5999984741211,40.4000015258789,40.5999984741211,174542500,"2014-03-19","MLPT"
40.5999984741211,40.5999984741211,40.4000015258789,40.5999984741211,129932500,"2014-03-20","MLPT"
40.5999984741211,40.5999984741211,40,40.5999984741211,38860000,"2014-03-21","MLPT"
40.5999984741211,40.5999984741211,40.5999984741211,40.5999984741211,32592500,"2014-03-24","MLPT"
40.5999984741211,40.5999984741211,40.4000015258789,40.5999984741211,29150000,"2014-03-25","MLPT"
40.5999984741211,40.5999984741211,40.5999984741211,40.5999984741211,40792500,"2014-03-26","MLPT"
40.4000015258789,40.5999984741211,40.4000015258789,40.5999984741211,34390000,"2014-03-27","MLPT"
40,40.5999984741211,40,40.5999984741211,34325000,"2014-03-28","MLPT"
40.4000015258789,40.5999984741211,40.4000015258789,40.5999984741211,250000,"2014-04-01","MLPT"
40.4000015258789,40.5999984741211,40.4000015258789,40.5999984741211,150000,"2014-04-02","MLPT"
40.5999984741211,40.5999984741211,40.4000015258789,40.5999984741211,69160000,"2014-04-03","MLPT"
40.5999984741211,40.5999984741211,40.5999984741211,40.5999984741211,66115000,"2014-04-04","MLPT"
40.5999984741211,40.5999984741211,40.5999984741211,40.5999984741211,3040000,"2014-04-07","MLPT"
40.4000015258789,40.5999984741211,40,40,55237500,"2014-04-08","MLPT"
40,40,40,40,0,"2014-04-09","MLPT"
40,40,40,40,0,"2014-04-10","MLPT"
40.2000007629395,40.2000007629395,40.2000007629395,40.2000007629395,100750000,"2014-04-11","MLPT"
40.2000007629395,40.2000007629395,40.2000007629395,40.2000007629395,270000,"2014-04-14","MLPT"
40.2000007629395,40.2000007629395,40,40,6745000,"2014-04-15","MLPT"
39.7999992370605,39.7999992370605,39.7999992370605,39.7999992370605,3900000,"2014-04-16","MLPT"
40.4000015258789,40.4000015258789,40,40,124732500,"2014-04-17","MLPT"
40,40.4000015258789,40,40.4000015258789,5000,"2014-04-21","MLPT"
40,40,39.5999984741211,39.5999984741211,507500,"2014-04-22","MLPT"
40,40,40,40,51400000,"2014-04-23","MLPT"
40,40,40,40,0,"2014-04-24","MLPT"
39.7999992370605,40.4000015258789,39.5999984741211,40.4000015258789,497500,"2014-04-25","MLPT"
40.4000015258789,40.4000015258789,39.5999984741211,40,535000,"2014-04-28","MLPT"
40,40,40,40,0,"2014-04-29","MLPT"
39.7999992370605,40,39.7999992370605,40,185000,"2014-04-30","MLPT"
40,40,40,40,5312500,"2014-05-02","MLPT"
39.7999992370605,40,39.2000007629395,40,1670000,"2014-05-05","MLPT"
39.7999992370605,40,39.2000007629395,40,3175000,"2014-05-06","MLPT"
40,40,39.7999992370605,40,52842500,"2014-05-07","MLPT"
40,40,38.4000015258789,40,57275000,"2014-05-08","MLPT"
39.7999992370605,40,39.7999992370605,40,512500,"2014-05-09","MLPT"
40,40,40,40,22500,"2014-05-12","MLPT"
39.7999992370605,40,39.7999992370605,40,3067500,"2014-05-13","MLPT"
40,40,40,40,0,"2014-05-14","MLPT"
39.7999992370605,40,39.7999992370605,40,2512500,"2014-05-16","MLPT"
40,40,40,40,0,"2014-05-19","MLPT"
40,40,39.5999984741211,40,260000,"2014-05-20","MLPT"
40,40,39.7999992370605,40,30272500,"2014-05-21","MLPT"
40,40,39.7999992370605,40,2532500,"2014-05-22","MLPT"
40,40,39.7999992370605,40,6312500,"2014-05-23","MLPT"
40,40,40,40,74835000,"2014-05-26","MLPT"
40,40,40,40,2500,"2014-05-28","MLPT"
40,40,40,40,0,"2014-05-30","MLPT"
40,40,39.5999984741211,40,5085000,"2014-06-02","MLPT"
40,40,39.5999984741211,40,6360000,"2014-06-03","MLPT"
39.7999992370605,39.7999992370605,39.5999984741211,39.7999992370605,3e+05,"2014-06-04","MLPT"
39.7999992370605,39.7999992370605,39.2000007629395,39.7999992370605,640000,"2014-06-05","MLPT"
40,40,39.5999984741211,40,557500,"2014-06-06","MLPT"
40,40.4000015258789,40,40,94930000,"2014-06-09","MLPT"
40,40.4000015258789,39.7999992370605,40,65025000,"2014-06-10","MLPT"
40,40,39.7999992370605,40,75000,"2014-06-11","MLPT"
40,40,40,40,4e+07,"2014-06-12","MLPT"
40,40,39.7999992370605,40,50000,"2014-06-13","MLPT"
40,40,39.7999992370605,40,87500,"2014-06-16","MLPT"
40,40,39.5999984741211,40,141620000,"2014-06-17","MLPT"
40,40,40,40,0,"2014-06-18","MLPT"
40,40,39.2000007629395,40,312500,"2014-06-19","MLPT"
40,40,39.7999992370605,40,26232500,"2014-06-20","MLPT"
39.7999992370605,40,39.5999984741211,39.7999992370605,106575000,"2014-06-23","MLPT"
40,40,40,40,64427500,"2014-06-24","MLPT"
40,40,40,40,97012500,"2014-06-25","MLPT"
39.7999992370605,39.7999992370605,39.5999984741211,39.7999992370605,37500,"2014-06-26","MLPT"
39.7999992370605,40.2000007629395,39.5999984741211,39.7999992370605,148870000,"2014-06-27","MLPT"
39.7999992370605,39.7999992370605,39.5999984741211,39.7999992370605,55270000,"2014-06-30","MLPT"
39.7999992370605,39.7999992370605,39.5999984741211,39.7999992370605,55027500,"2014-07-01","MLPT"
39.7999992370605,39.7999992370605,39.7999992370605,39.7999992370605,37500,"2014-07-02","MLPT"
39.7999992370605,40,39.7999992370605,39.7999992370605,107715000,"2014-07-03","MLPT"
40,40,40,40,125257500,"2014-07-04","MLPT"
40,40,39.7999992370605,40,85087500,"2014-07-07","MLPT"
40.2000007629395,40.2000007629395,39.2000007629395,40.2000007629395,150920000,"2014-07-08","MLPT"
40.2000007629395,40.2000007629395,40.2000007629395,40.2000007629395,0,"2014-07-09","MLPT"
40,40.4000015258789,39.2000007629395,40,77407500,"2014-07-10","MLPT"
39.7999992370605,40,39.7999992370605,39.7999992370605,28412500,"2014-07-11","MLPT"
40,40.2000007629395,40,40,55962500,"2014-07-14","MLPT"
40,40,39.7999992370605,40,54812500,"2014-07-15","MLPT"
40.4000015258789,40.5999984741211,40,40.4000015258789,190002500,"2014-07-16","MLPT"
40.2000007629395,40.2000007629395,40.2000007629395,40.2000007629395,25637500,"2014-07-17","MLPT"
40,40,40,40,37500,"2014-07-18","MLPT"
40.2000007629395,40.2000007629395,40,40.2000007629395,128512500,"2014-07-21","MLPT"
40,40.2000007629395,40,40,101187500,"2014-07-22","MLPT"
40.2000007629395,40.4000015258789,39.2000007629395,40.2000007629395,130812500,"2014-07-23","MLPT"
40,40.2000007629395,39.2000007629395,40,25805000,"2014-07-24","MLPT"
40,40.2000007629395,40,40,68587500,"2014-07-25","MLPT"
40,40,40,40,25312500,"2014-08-04","MLPT"
40.2000007629395,40.2000007629395,39.2000007629395,40.2000007629395,38510000,"2014-08-05","MLPT"
40.2000007629395,40.2000007629395,39.7999992370605,40.2000007629395,50837500,"2014-08-06","MLPT"
40.2000007629395,40.2000007629395,40.2000007629395,40.2000007629395,62525000,"2014-08-07","MLPT"
40.2000007629395,40.2000007629395,40.2000007629395,40.2000007629395,30337500,"2014-08-08","MLPT"
40.4000015258789,40.4000015258789,40.2000007629395,40.4000015258789,58392500,"2014-08-11","MLPT"
40.4000015258789,40.4000015258789,40.2000007629395,40.4000015258789,38210000,"2014-08-12","MLPT"
40.4000015258789,40.4000015258789,40.2000007629395,40.4000015258789,56690000,"2014-08-13","MLPT"
40.4000015258789,40.4000015258789,40.4000015258789,40.4000015258789,91952500,"2014-08-14","MLPT"
40.4000015258789,40.4000015258789,39.2000007629395,40.4000015258789,107780000,"2014-08-15","MLPT"
40.4000015258789,40.4000015258789,40.4000015258789,40.4000015258789,132580000,"2014-08-18","MLPT"
40.4000015258789,40.4000015258789,40.4000015258789,40.4000015258789,147662500,"2014-08-19","MLPT"
40.4000015258789,40.4000015258789,40.4000015258789,40.4000015258789,136402500,"2014-08-20","MLPT"
40.4000015258789,40.5999984741211,40.4000015258789,40.4000015258789,148800000,"2014-08-21","MLPT"
40.4000015258789,40.5999984741211,40.4000015258789,40.4000015258789,237687500,"2014-08-22","MLPT"
40.5999984741211,40.5999984741211,40.4000015258789,40.5999984741211,268340000,"2014-08-25","MLPT"
40.5999984741211,40.5999984741211,40.5999984741211,40.5999984741211,85750000,"2014-08-26","MLPT"
40.5999984741211,40.5999984741211,40.5999984741211,40.5999984741211,72515000,"2014-08-27","MLPT"
40.5999984741211,40.5999984741211,40.5999984741211,40.5999984741211,68312500,"2014-08-28","MLPT"
40.5999984741211,40.5999984741211,40.4000015258789,40.5999984741211,33327500,"2014-08-29","MLPT"
40.4000015258789,40.5999984741211,40.4000015258789,40.4000015258789,105580000,"2014-09-01","MLPT"
40.4000015258789,40.5999984741211,40.4000015258789,40.4000015258789,239505000,"2014-09-02","MLPT"
40.4000015258789,40.5999984741211,38.4000015258789,40.4000015258789,280710000,"2014-09-03","MLPT"
40.5999984741211,40.5999984741211,40.4000015258789,40.5999984741211,238452500,"2014-09-04","MLPT"
40.4000015258789,40.5999984741211,40.4000015258789,40.4000015258789,103025000,"2014-09-05","MLPT"
40.5999984741211,40.5999984741211,40.4000015258789,40.5999984741211,236960000,"2014-09-08","MLPT"
40.4000015258789,40.5999984741211,40.4000015258789,40.4000015258789,225597500,"2014-09-09","MLPT"
40.2000007629395,40.5999984741211,39.5999984741211,40.2000007629395,100877500,"2014-09-10","MLPT"
40.5999984741211,42.4000015258789,40.2000007629395,40.5999984741211,202387500,"2014-09-11","MLPT"
39.7999992370605,40.7999992370605,38,39.7999992370605,28325000,"2014-09-12","MLPT"
40.2000007629395,40.4000015258789,38.5999984741211,40.2000007629395,28935000,"2014-09-15","MLPT"
40,40.2000007629395,40,40,25540000,"2014-09-16","MLPT"
40.4000015258789,40.4000015258789,39.5999984741211,40.4000015258789,25975000,"2014-09-17","MLPT"
40.7999992370605,41.5999984741211,39.7999992370605,40.7999992370605,73562500,"2014-09-18","MLPT"
40.4000015258789,40.7999992370605,40,40.4000015258789,26042500,"2014-09-19","MLPT"
40.5999984741211,41,40.4000015258789,40.5999984741211,92665000,"2014-09-22","MLPT"
40.5999984741211,40.5999984741211,40.2000007629395,40.5999984741211,27030000,"2014-09-23","MLPT"
40.5999984741211,40.7999992370605,40.4000015258789,40.5999984741211,64870000,"2014-09-24","MLPT"
42,42.7999992370605,40.2000007629395,42,91145000,"2014-09-25","MLPT"
41.5999984741211,42,40.7999992370605,41.5999984741211,26267500,"2014-09-26","MLPT"
41.5999984741211,42,41.4000015258789,41.5999984741211,67547500,"2014-09-29","MLPT"
41.4000015258789,41.4000015258789,41.4000015258789,41.4000015258789,13045000,"2014-09-30","MLPT"
41.4000015258789,41.4000015258789,41,41.4000015258789,26330000,"2014-10-01","MLPT"
41.4000015258789,41.4000015258789,41.4000015258789,41.4000015258789,25902500,"2014-10-02","MLPT"
41.2000007629395,41.4000015258789,40,41.2000007629395,26332500,"2014-10-03","MLPT"
41.2000007629395,41.4000015258789,41,41.2000007629395,51877500,"2014-10-06","MLPT"
41,43.2000007629395,41,41,72885000,"2014-10-07","MLPT"
41.2000007629395,41.4000015258789,41.2000007629395,41.2000007629395,26032500,"2014-10-08","MLPT"
41.4000015258789,41.4000015258789,41.4000015258789,41.4000015258789,26220000,"2014-10-09","MLPT"
41.2000007629395,41.4000015258789,41.2000007629395,41.2000007629395,28212500,"2014-10-10","MLPT"
41,41.2000007629395,41,41,26515000,"2014-10-13","MLPT"
41,41.2000007629395,38,41,25837500,"2014-10-14","MLPT"
41,41,41,41,25722500,"2014-10-15","MLPT"
41,41,40.7999992370605,41,13087500,"2014-10-16","MLPT"
41,41,40,41,6972500,"2014-10-17","MLPT"
41,41,40.7999992370605,41,775000,"2014-10-20","MLPT"
41,41,40.7999992370605,41,8437500,"2014-10-21","MLPT"
41,41,40.4000015258789,41,650000,"2014-10-22","MLPT"
41,41,40.5999984741211,41,375000,"2014-10-23","MLPT"
40.7999992370605,40.7999992370605,40.4000015258789,40.7999992370605,21302500,"2014-10-24","MLPT"
40.7999992370605,40.7999992370605,40.7999992370605,40.7999992370605,26377500,"2014-10-27","MLPT"
40.7999992370605,41,40.7999992370605,40.7999992370605,38720000,"2014-10-28","MLPT"
40.7999992370605,40.7999992370605,40.7999992370605,40.7999992370605,39052500,"2014-10-29","MLPT"
40.7999992370605,40.7999992370605,40.7999992370605,40.7999992370605,42632500,"2014-10-30","MLPT"
40.7999992370605,40.7999992370605,40.7999992370605,40.7999992370605,38812500,"2014-10-31","MLPT"
40.7999992370605,40.7999992370605,40.4000015258789,40.7999992370605,33587500,"2014-11-03","MLPT"
40.7999992370605,40.7999992370605,40.7999992370605,40.7999992370605,9425000,"2014-11-04","MLPT"
40.7999992370605,40.7999992370605,40.7999992370605,40.7999992370605,25790000,"2014-11-05","MLPT"
40.7999992370605,40.7999992370605,40.5999984741211,40.7999992370605,42937500,"2014-11-06","MLPT"
40.5999984741211,40.5999984741211,40.4000015258789,40.5999984741211,67500,"2014-11-07","MLPT"
40.7999992370605,40.7999992370605,40.7999992370605,40.7999992370605,25575000,"2014-11-10","MLPT"
40.7999992370605,40.7999992370605,40.5999984741211,40.7999992370605,34070000,"2014-11-11","MLPT"
40.7999992370605,40.7999992370605,40.7999992370605,40.7999992370605,25720000,"2014-11-12","MLPT"
40.7999992370605,40.7999992370605,40.7999992370605,40.7999992370605,25720000,"2014-11-13","MLPT"
40.7999992370605,40.7999992370605,40.7999992370605,40.7999992370605,0,"2014-11-14","MLPT"
40.7999992370605,40.7999992370605,40.7999992370605,40.7999992370605,25532500,"2014-11-17","MLPT"
41,41,40.5999984741211,41,25870000,"2014-11-18","MLPT"
41,41,41,41,0,"2014-11-19","MLPT"
41,41,41,41,0,"2014-11-20","MLPT"
41,41,41,41,0,"2014-11-21","MLPT"
41,41,41,41,0,"2014-11-24","MLPT"
41,41,41,41,0,"2014-11-25","MLPT"
40.7999992370605,40.7999992370605,40.7999992370605,40.7999992370605,3375000,"2014-11-26","MLPT"
40.7999992370605,40.7999992370605,40.7999992370605,40.7999992370605,0,"2014-11-27","MLPT"
40.2000007629395,40.4000015258789,40.2000007629395,40.2000007629395,50000,"2014-11-28","MLPT"
40.5999984741211,40.5999984741211,40.5999984741211,40.5999984741211,27917500,"2014-12-01","MLPT"
40.5999984741211,40.5999984741211,40.4000015258789,40.5999984741211,25965000,"2014-12-02","MLPT"
40.7999992370605,40.7999992370605,40.7999992370605,40.7999992370605,25312500,"2014-12-03","MLPT"
40.4000015258789,40.7999992370605,40.2000007629395,40.7999992370605,270000,"2014-12-04","MLPT"
40.7999992370605,40.7999992370605,40.7999992370605,40.7999992370605,25342500,"2014-12-05","MLPT"
40.7999992370605,40.7999992370605,40.7999992370605,40.7999992370605,0,"2014-12-08","MLPT"
40.7999992370605,40.7999992370605,40.7999992370605,40.7999992370605,0,"2014-12-09","MLPT"
40.7999992370605,40.7999992370605,40.7999992370605,40.7999992370605,0,"2014-12-10","MLPT"
40.7999992370605,40.7999992370605,40.7999992370605,40.7999992370605,0,"2014-12-11","MLPT"
40.5999984741211,40.7999992370605,40.5999984741211,40.7999992370605,27750000,"2014-12-12","MLPT"
40.7999992370605,40.7999992370605,40.7999992370605,40.7999992370605,20450000,"2014-12-15","MLPT"
40.7999992370605,40.7999992370605,40.7999992370605,40.7999992370605,21817500,"2014-12-16","MLPT"
40.7999992370605,40.7999992370605,40.7999992370605,40.7999992370605,12980000,"2014-12-17","MLPT"
40.7999992370605,40.7999992370605,40.7999992370605,40.7999992370605,20845000,"2014-12-18","MLPT"
40.4000015258789,40.5999984741211,40,40.5999984741211,80000,"2014-12-19","MLPT"
40.4000015258789,40.4000015258789,40,40.4000015258789,50000,"2014-12-22","MLPT"
40.2000007629395,40.4000015258789,39.5999984741211,40.4000015258789,75000,"2014-12-23","MLPT"
40.5999984741211,40.7999992370605,40.4000015258789,40.4000015258789,34402500,"2014-12-24","MLPT"
40.4000015258789,40.4000015258789,40.4000015258789,40.4000015258789,0,"2014-12-29","MLPT"
40.7999992370605,40.7999992370605,40.7999992370605,40.7999992370605,27317500,"2014-12-30","MLPT"
40.4000015258789,40.7999992370605,40,40.7999992370605,150000,"2015-01-02","MLPT"
40.7999992370605,40.7999992370605,40.7999992370605,40.7999992370605,0,"2015-01-05","MLPT"
40.7999992370605,40.7999992370605,40.7999992370605,40.7999992370605,0,"2015-01-06","MLPT"
40.4000015258789,40.7999992370605,40.4000015258789,40.7999992370605,65000,"2015-01-07","MLPT"
40.7999992370605,40.7999992370605,40.7999992370605,40.7999992370605,25312500,"2015-01-08","MLPT"
40.7999992370605,40.7999992370605,40.7999992370605,40.7999992370605,0,"2015-01-09","MLPT"
40.4000015258789,40.7999992370605,40.4000015258789,40.7999992370605,5000,"2015-01-12","MLPT"
40.7999992370605,40.7999992370605,40.7999992370605,40.7999992370605,22907500,"2015-01-13","MLPT"
40.7999992370605,40.7999992370605,40.7999992370605,40.7999992370605,0,"2015-01-14","MLPT"
40.7999992370605,40.7999992370605,40,40.7999992370605,277500,"2015-01-15","MLPT"
40.7999992370605,40.7999992370605,40.7999992370605,40.7999992370605,0,"2015-01-16","MLPT"
40.7999992370605,40.7999992370605,40.7999992370605,40.7999992370605,0,"2015-01-19","MLPT"
40.7999992370605,40.7999992370605,40.7999992370605,40.7999992370605,0,"2015-01-20","MLPT"
40.7999992370605,40.7999992370605,40.7999992370605,40.7999992370605,0,"2015-01-21","MLPT"
40.4000015258789,40.7999992370605,40.2000007629395,40.7999992370605,3e+05,"2015-01-22","MLPT"
40.4000015258789,40.7999992370605,40.4000015258789,40.7999992370605,150000,"2015-01-23","MLPT"
40.4000015258789,40.4000015258789,40.4000015258789,40.4000015258789,20000,"2015-01-26","MLPT"
40.4000015258789,40.4000015258789,40.4000015258789,40.4000015258789,0,"2015-01-27","MLPT"
40.2000007629395,40.4000015258789,40.2000007629395,40.4000015258789,20687500,"2015-01-28","MLPT"
40.2000007629395,40.4000015258789,40.2000007629395,40.4000015258789,21992500,"2015-01-29","MLPT"
40.2000007629395,40.2000007629395,40,40.2000007629395,14752500,"2015-01-30","MLPT"
40,40.2000007629395,40,40.2000007629395,14690000,"2015-02-02","MLPT"
40,40.2000007629395,39.5999984741211,40.2000007629395,30000,"2015-02-03","MLPT"
40.2000007629395,40.2000007629395,40.2000007629395,40.2000007629395,0,"2015-02-04","MLPT"
40,40.2000007629395,40,40.2000007629395,14177500,"2015-02-05","MLPT"
40,40.2000007629395,40,40.2000007629395,17517500,"2015-02-06","MLPT"
40,40.2000007629395,40,40.2000007629395,14842500,"2015-02-09","MLPT"
40,40.2000007629395,40,40.2000007629395,10782500,"2015-02-10","MLPT"
40,40.2000007629395,40,40.2000007629395,11620000,"2015-02-11","MLPT"
40,40.2000007629395,40,40.2000007629395,19075000,"2015-02-12","MLPT"
40,40.2000007629395,40,40.2000007629395,16735000,"2015-02-13","MLPT"
40,40.2000007629395,40,40.2000007629395,23452500,"2015-02-16","MLPT"
40.2000007629395,40.2000007629395,40,40.2000007629395,3202500,"2015-02-17","MLPT"
40.2000007629395,40.2000007629395,40,40.2000007629395,27727500,"2015-02-18","MLPT"
40.2000007629395,40.2000007629395,39.5999984741211,40.2000007629395,27777500,"2015-02-20","MLPT"
40.2000007629395,40.7999992370605,40.2000007629395,40.7999992370605,85407500,"2015-02-23","MLPT"
41,41,41,41,26532500,"2015-02-24","MLPT"
41,41,41,41,26867500,"2015-02-25","MLPT"
41,42,41,41.2000007629395,38917500,"2015-02-26","MLPT"
41.2000007629395,41.5999984741211,41,41.2000007629395,54247500,"2015-02-27","MLPT"
41.2000007629395,41.4000015258789,41.2000007629395,41.4000015258789,54232500,"2015-03-02","MLPT"
41.5999984741211,41.5999984741211,41.2000007629395,41.4000015258789,27435000,"2015-03-03","MLPT"
41.4000015258789,41.4000015258789,40.5999984741211,41.4000015258789,27340000,"2015-03-04","MLPT"
42,42,41.4000015258789,42,26527500,"2015-03-05","MLPT"
42,42,41.7999992370605,42,26807500,"2015-03-06","MLPT"
41.7999992370605,42,41.7999992370605,42,14825000,"2015-03-09","MLPT"
41.7999992370605,42,41.5999984741211,42,12835000,"2015-03-10","MLPT"
41.7999992370605,42,41.7999992370605,41.7999992370605,9697500,"2015-03-11","MLPT"
41.5999984741211,41.7999992370605,41.5999984741211,41.7999992370605,7900000,"2015-03-12","MLPT"
41.5999984741211,41.7999992370605,41.5999984741211,41.7999992370605,6170000,"2015-03-13","MLPT"
41.7999992370605,42.2000007629395,41.7999992370605,42,59102500,"2015-03-16","MLPT"
41.7999992370605,42,41.7999992370605,41.7999992370605,14305000,"2015-03-17","MLPT"
41.7999992370605,41.7999992370605,41.7999992370605,41.7999992370605,3940000,"2015-03-18","MLPT"
41.7999992370605,41.7999992370605,41.7999992370605,41.7999992370605,15220000,"2015-03-19","MLPT"
41.7999992370605,42,41.7999992370605,41.7999992370605,50645000,"2015-03-20","MLPT"
41.7999992370605,41.7999992370605,41.7999992370605,41.7999992370605,4187500,"2015-03-23","MLPT"
41.7999992370605,41.7999992370605,41.7999992370605,41.7999992370605,12317500,"2015-03-24","MLPT"
41.7999992370605,41.7999992370605,41.7999992370605,41.7999992370605,25502500,"2015-03-25","MLPT"
41.7999992370605,41.7999992370605,41.5999984741211,41.7999992370605,7257500,"2015-03-26","MLPT"
41.7999992370605,41.7999992370605,41.7999992370605,41.7999992370605,12445000,"2015-03-27","MLPT"
41.7999992370605,41.7999992370605,41.7999992370605,41.7999992370605,28610000,"2015-03-30","MLPT"
41.7999992370605,41.7999992370605,41.7999992370605,41.7999992370605,9500000,"2015-03-31","MLPT"
41.7999992370605,41.7999992370605,41.7999992370605,41.7999992370605,8662500,"2015-04-01","MLPT"
41.7999992370605,41.7999992370605,41.7999992370605,41.7999992370605,10875000,"2015-04-02","MLPT"
41.7999992370605,41.7999992370605,41.7999992370605,41.7999992370605,5795000,"2015-04-06","MLPT"
41.7999992370605,41.7999992370605,41.7999992370605,41.7999992370605,16675000,"2015-04-07","MLPT"
41.7999992370605,41.7999992370605,41.5999984741211,41.7999992370605,6007500,"2015-04-08","MLPT"
41.7999992370605,41.7999992370605,41.5999984741211,41.7999992370605,1765000,"2015-04-09","MLPT"
41.7999992370605,41.7999992370605,41.7999992370605,41.7999992370605,2275000,"2015-04-10","MLPT"
41.7999992370605,41.7999992370605,41.7999992370605,41.7999992370605,10200000,"2015-04-13","MLPT"
41.7999992370605,41.7999992370605,41.7999992370605,41.7999992370605,18670000,"2015-04-14","MLPT"
41.7999992370605,41.7999992370605,41.5999984741211,41.7999992370605,10450000,"2015-04-15","MLPT"
41.7999992370605,41.7999992370605,41.7999992370605,41.7999992370605,24087500,"2015-04-16","MLPT"
41.7999992370605,41.7999992370605,41.5999984741211,41.7999992370605,22142500,"2015-04-17","MLPT"
41.7999992370605,41.7999992370605,41.7999992370605,41.7999992370605,6755000,"2015-04-20","MLPT"
41.7999992370605,41.7999992370605,41.7999992370605,41.7999992370605,32350000,"2015-04-21","MLPT"
41.7999992370605,41.7999992370605,41.5999984741211,41.7999992370605,28477500,"2015-04-22","MLPT"
41.7999992370605,41.7999992370605,41.7999992370605,41.7999992370605,33172500,"2015-04-23","MLPT"
41.7999992370605,41.7999992370605,41.7999992370605,41.7999992370605,8315000,"2015-04-24","MLPT"
41.7999992370605,41.7999992370605,41.7999992370605,41.7999992370605,18327500,"2015-04-27","MLPT"
41.7999992370605,41.7999992370605,41.7999992370605,41.7999992370605,19862500,"2015-04-28","MLPT"
41.7999992370605,41.7999992370605,40.7999992370605,41.5999984741211,28225000,"2015-04-29","MLPT"
41.4000015258789,41.4000015258789,40.7999992370605,41.4000015258789,47500,"2015-04-30","MLPT"
41.2000007629395,41.2000007629395,41,41.2000007629395,12500,"2015-05-04","MLPT"
41,41.2000007629395,40.7999992370605,40.7999992370605,19527500,"2015-05-05","MLPT"
40.5999984741211,40.7999992370605,40,40.5999984741211,77730000,"2015-05-06","MLPT"
40.4000015258789,40.5999984741211,40,40.5999984741211,57500,"2015-05-07","MLPT"
40.5999984741211,40.5999984741211,40.5999984741211,40.5999984741211,43175000,"2015-05-08","MLPT"
40.5999984741211,40.5999984741211,40.4000015258789,40.5999984741211,24500000,"2015-05-11","MLPT"
40.4000015258789,40.5999984741211,40,40.5999984741211,37500,"2015-05-12","MLPT"
40.4000015258789,40.5999984741211,39.7999992370605,40.5999984741211,62500,"2015-05-13","MLPT"
41.5999984741211,41.5999984741211,40.7999992370605,40.7999992370605,21550000,"2015-05-15","MLPT"
40.5999984741211,40.7999992370605,40.5999984741211,40.7999992370605,27500,"2015-05-18","MLPT"
40.5999984741211,40.7999992370605,40.4000015258789,40.7999992370605,25000,"2015-05-19","MLPT"
40.5999984741211,40.7999992370605,40.4000015258789,40.7999992370605,15000,"2015-05-20","MLPT"
40.5999984741211,40.7999992370605,40.4000015258789,40.7999992370605,35000,"2015-05-21","MLPT"
40.5999984741211,40.7999992370605,40.2000007629395,40.7999992370605,25000,"2015-05-22","MLPT"
40.5999984741211,40.7999992370605,40.4000015258789,40.7999992370605,15000,"2015-05-25","MLPT"
40.5999984741211,40.7999992370605,40,40.7999992370605,75000,"2015-05-26","MLPT"
40.5999984741211,40.7999992370605,40,40.7999992370605,70000,"2015-05-27","MLPT"
40.5999984741211,40.7999992370605,40,40.7999992370605,40000,"2015-05-28","MLPT"
40.7999992370605,40.7999992370605,40,40.7999992370605,42500,"2015-05-29","MLPT"
40.5999984741211,40.5999984741211,40.5999984741211,40.5999984741211,10000,"2015-06-01","MLPT"
40.5999984741211,40.7999992370605,40.5999984741211,40.5999984741211,1587500,"2015-06-03","MLPT"
40.5999984741211,40.5999984741211,40.5999984741211,40.5999984741211,950000,"2015-06-04","MLPT"
40.5999984741211,40.7999992370605,40.5999984741211,40.5999984741211,51850000,"2015-06-05","MLPT"
40.7999992370605,40.7999992370605,40.5999984741211,40.5999984741211,12600000,"2015-06-08","MLPT"
40.5999984741211,40.5999984741211,40.5999984741211,40.5999984741211,0,"2015-06-09","MLPT"
40.7999992370605,41,40.7999992370605,41,38225000,"2015-06-10","MLPT"
41.2000007629395,41.5999984741211,41,41.2000007629395,49832500,"2015-06-11","MLPT"
41.4000015258789,41.4000015258789,41.2000007629395,41.2000007629395,9930000,"2015-06-12","MLPT"
40.7999992370605,40.7999992370605,40.7999992370605,40.7999992370605,5000,"2015-06-15","MLPT"
41.2000007629395,41.2000007629395,40.7999992370605,40.7999992370605,12822500,"2015-06-16","MLPT"
41.2000007629395,41.2000007629395,40.5999984741211,40.7999992370605,43427500,"2015-06-17","MLPT"
41.2000007629395,41.2000007629395,40.5999984741211,40.7999992370605,51985000,"2015-06-18","MLPT"
40.7999992370605,40.7999992370605,40.7999992370605,40.7999992370605,12825000,"2015-06-19","MLPT"
40.7999992370605,41,40.7999992370605,40.7999992370605,30115000,"2015-06-22","MLPT"
40.7999992370605,40.7999992370605,40.7999992370605,40.7999992370605,27237500,"2015-06-23","MLPT"
40.7999992370605,41.2000007629395,40.5999984741211,40.7999992370605,67577500,"2015-06-24","MLPT"
40.7999992370605,41.2000007629395,40.5999984741211,41,70370000,"2015-06-25","MLPT"
41,41.4000015258789,41,41,60425000,"2015-06-26","MLPT"
41,41,41,41,12817500,"2015-06-29","MLPT"
41,41.2000007629395,41,41,12845000,"2015-06-30","MLPT"
41,41.2000007629395,40.5999984741211,41,34797500,"2015-07-01","MLPT"
41,41.2000007629395,41,41.2000007629395,51590000,"2015-07-02","MLPT"
41,41.2000007629395,40.7999992370605,41.2000007629395,90000,"2015-07-03","MLPT"
41.2000007629395,41.2000007629395,41,41.2000007629395,15042500,"2015-07-06","MLPT"
41,43,41,42.4000015258789,86782500,"2015-07-07","MLPT"
42.4000015258789,43,42.4000015258789,43,113515000,"2015-07-08","MLPT"
43,43,43,43,14777500,"2015-07-09","MLPT"
43,44.4000015258789,43,44.4000015258789,92045000,"2015-07-10","MLPT"
44.4000015258789,45.2000007629395,44.4000015258789,45.2000007629395,107742500,"2015-07-13","MLPT"
45.2000007629395,46.4000015258789,45.2000007629395,46,94680000,"2015-07-14","MLPT"
46,46.7999992370605,44.7999992370605,45.5999984741211,112585000,"2015-07-15","MLPT"
45.5999984741211,47.7999992370605,45.5999984741211,47.7999992370605,113040000,"2015-07-22","MLPT"
47.7999992370605,50.4000015258789,47.7999992370605,50.4000015258789,118762500,"2015-07-23","MLPT"
50.4000015258789,51.2000007629395,50.4000015258789,51.2000007629395,68282500,"2015-07-24","MLPT"
51.2000007629395,51.7999992370605,51,51,64042500,"2015-07-27","MLPT"
51.2000007629395,51.2000007629395,50.7999992370605,50.7999992370605,9677500,"2015-07-28","MLPT"
50.5999984741211,51.4000015258789,50,51.2000007629395,46715000,"2015-07-29","MLPT"
51.2000007629395,55,51.2000007629395,53.5999984741211,33900000,"2015-07-30","MLPT"
53.4000015258789,53.4000015258789,52.4000015258789,53.2000007629395,535000,"2015-07-31","MLPT"
53.2000007629395,53.7999992370605,52.7999992370605,53.5999984741211,56985000,"2015-08-03","MLPT"
53.5999984741211,54.2000007629395,53.5999984741211,54,45162500,"2015-08-04","MLPT"
54,55.2000007629395,54,54.5999984741211,90670000,"2015-08-05","MLPT"
54.5999984741211,55.2000007629395,54.2000007629395,54.5999984741211,70232500,"2015-08-06","MLPT"
54.5999984741211,54.5999984741211,53.2000007629395,53.2000007629395,18770000,"2015-08-07","MLPT"
53.2000007629395,53.7999992370605,53.2000007629395,53.2000007629395,102102500,"2015-08-10","MLPT"
53.2000007629395,53.4000015258789,51.2000007629395,51.7999992370605,19467500,"2015-08-11","MLPT"
51.5999984741211,51.5999984741211,40.5999984741211,50.4000015258789,767500,"2015-08-12","MLPT"
50.2000007629395,51.2000007629395,49.7999992370605,51,120472500,"2015-08-13","MLPT"
51,52,50.7999992370605,51.2000007629395,22732500,"2015-08-14","MLPT"
51.2000007629395,53.7999992370605,51.2000007629395,52.4000015258789,111165000,"2015-08-18","MLPT"
52.4000015258789,52.4000015258789,52.4000015258789,52.4000015258789,0,"2015-08-19","MLPT"
52.2000007629395,52.2000007629395,51.5999984741211,51.5999984741211,137500,"2015-08-20","MLPT"
51.5999984741211,51.5999984741211,51.2000007629395,51.2000007629395,23687500,"2015-08-21","MLPT"
51.2000007629395,51.2000007629395,49.2000007629395,50.4000015258789,20322500,"2015-08-24","MLPT"
50.4000015258789,51.5999984741211,49.4000015258789,51,116265000,"2015-08-25","MLPT"
50.5999984741211,51,50.2000007629395,50.5999984741211,12817500,"2015-08-26","MLPT"
50.5999984741211,52.7999992370605,50.5999984741211,51.5999984741211,99192500,"2015-08-27","MLPT"
51.5999984741211,54,49.4000015258789,52.7999992370605,100057500,"2015-08-28","MLPT"
52.5999984741211,53.4000015258789,52.5999984741211,53.4000015258789,62262500,"2015-08-31","MLPT"
53.4000015258789,53.4000015258789,52.4000015258789,52.4000015258789,11780000,"2015-09-01","MLPT"
52.4000015258789,52.4000015258789,50.4000015258789,52.4000015258789,13125000,"2015-09-02","MLPT"
52.4000015258789,52.4000015258789,52.4000015258789,52.4000015258789,12845000,"2015-09-03","MLPT"
52.4000015258789,53.5999984741211,52.4000015258789,52.7999992370605,50220000,"2015-09-04","MLPT"
52.7999992370605,52.7999992370605,52.7999992370605,52.7999992370605,25165000,"2015-09-07","MLPT"
52.5999984741211,53.2000007629395,52.5999984741211,52.7999992370605,36347500,"2015-09-08","MLPT"
52.7999992370605,54,52.7999992370605,54,77457500,"2015-09-09","MLPT"
54,54.4000015258789,53.7999992370605,54.4000015258789,28430000,"2015-09-10","MLPT"
54.4000015258789,55.2000007629395,54.4000015258789,54.5999984741211,41110000,"2015-09-11","MLPT"
54.5999984741211,55.5999984741211,54.5999984741211,55.2000007629395,44572500,"2015-09-14","MLPT"
55.2000007629395,56,54.7999992370605,55.2000007629395,85920000,"2015-09-15","MLPT"
55.2000007629395,57.5999984741211,52.7999992370605,56.4000015258789,90687500,"2015-09-16","MLPT"
56.4000015258789,57.7999992370605,56.4000015258789,56.7999992370605,116080000,"2015-09-17","MLPT"
56.5999984741211,58.7999992370605,56.5999984741211,58.5999984741211,79737500,"2015-09-18","MLPT"
58.5999984741211,60,58.4000015258789,58.4000015258789,93157500,"2015-09-21","MLPT"
58.5999984741211,59.2000007629395,56.7999992370605,58.4000015258789,108587500,"2015-09-22","MLPT"
58.4000015258789,59,58.4000015258789,58.5999984741211,94197500,"2015-09-23","MLPT"
58.5999984741211,59.5999984741211,58.5999984741211,59.5999984741211,106930000,"2015-09-25","MLPT"
59.5999984741211,60.7999992370605,59.5999984741211,60,106847500,"2015-09-28","MLPT"
60,60.5999984741211,59.5999984741211,60.5999984741211,67302500,"2015-09-29","MLPT"
60.5999984741211,62,60.5999984741211,61.5999984741211,127587500,"2015-09-30","MLPT"
61.5999984741211,62.4000015258789,61.5999984741211,62,110180000,"2015-10-01","MLPT"
62,62.4000015258789,62,62,78255000,"2015-10-02","MLPT"
62.4000015258789,63.4000015258789,62,63.2000007629395,88915000,"2015-10-05","MLPT"
63.2000007629395,63.5999984741211,62.7999992370605,63.2000007629395,19532500,"2015-10-06","MLPT"
63.2000007629395,65,63.2000007629395,64.5999984741211,172115000,"2015-10-07","MLPT"
64.5999984741211,66.4000015258789,64.5999984741211,66.4000015258789,163827500,"2015-10-08","MLPT"
66.4000015258789,68,66.4000015258789,66.8000030517578,161935000,"2015-10-09","MLPT"
66.8000030517578,67.4000015258789,60.2000007629395,63,72772500,"2015-10-12","MLPT"
62.7999992370605,62.7999992370605,57.4000015258789,61.2000007629395,2760000,"2015-10-13","MLPT"
61.2000007629395,62.2000007629395,60.5999984741211,61.5999984741211,75917500,"2015-10-15","MLPT"
61.5999984741211,61.7999992370605,61.4000015258789,61.5999984741211,15937500,"2015-10-16","MLPT"
61.5999984741211,62.5999984741211,61.5999984741211,61.5999984741211,47652500,"2015-10-19","MLPT"
61.5999984741211,62.5999984741211,61.5999984741211,62.5999984741211,103065000,"2015-10-20","MLPT"
62.4000015258789,63.4000015258789,62.4000015258789,63,55592500,"2015-10-21","MLPT"
63,63.5999984741211,63,63.2000007629395,71105000,"2015-10-22","MLPT"
63.2000007629395,64.4000015258789,63.2000007629395,63.5999984741211,123332500,"2015-10-23","MLPT"
63.5999984741211,65.5999984741211,63.5999984741211,64.5999984741211,107310000,"2015-10-26","MLPT"
64.5999984741211,64.5999984741211,64.4000015258789,64.4000015258789,20032500,"2015-10-27","MLPT"
64.4000015258789,64.4000015258789,58.2000007629395,59.4000015258789,27867500,"2015-10-28","MLPT"
59.4000015258789,60.4000015258789,59.2000007629395,59.4000015258789,19020000,"2015-10-29","MLPT"
59.4000015258789,60,59.2000007629395,59.4000015258789,65290000,"2015-10-30","MLPT"
59.4000015258789,59.4000015258789,58.2000007629395,58.5999984741211,880000,"2015-11-02","MLPT"
58.4000015258789,58.5999984741211,56,56.5999984741211,1030000,"2015-11-03","MLPT"
56.5999984741211,57.5999984741211,56.4000015258789,57.2000007629395,6017500,"2015-11-04","MLPT"
57.2000007629395,57.2000007629395,57.2000007629395,57.2000007629395,2500,"2015-11-05","MLPT"
57.2000007629395,57.2000007629395,56.7999992370605,56.7999992370605,242500,"2015-11-06","MLPT"
56.5999984741211,56.5999984741211,56,56,160000,"2015-11-09","MLPT"
55.7999992370605,55.7999992370605,54.4000015258789,54.7999992370605,257500,"2015-11-10","MLPT"
54.5999984741211,54.5999984741211,54.4000015258789,54.4000015258789,62500,"2015-11-11","MLPT"
54.2000007629395,54.4000015258789,49,54.4000015258789,1125000,"2015-11-12","MLPT"
54,54.4000015258789,53.4000015258789,54.4000015258789,132500,"2015-11-13","MLPT"
54.2000007629395,54.5999984741211,52.4000015258789,54.5999984741211,3967500,"2015-11-16","MLPT"
54.4000015258789,55,52.4000015258789,55,12047500,"2015-11-17","MLPT"
54.7999992370605,55.4000015258789,52.7999992370605,55.4000015258789,28372500,"2015-11-18","MLPT"
55.2000007629395,55.5999984741211,54.4000015258789,55.5999984741211,152500,"2015-11-19","MLPT"
55.5999984741211,55.7999992370605,54,55.5999984741211,665000,"2015-11-20","MLPT"
55.5999984741211,55.5999984741211,54.4000015258789,55.2000007629395,11817500,"2015-11-23","MLPT"
55,55.2000007629395,50.4000015258789,51.7999992370605,26205000,"2015-11-24","MLPT"
51.5999984741211,51.7999992370605,50,51.5999984741211,4e+05,"2015-11-25","MLPT"
51.2000007629395,51.5999984741211,50.4000015258789,51.5999984741211,60000,"2015-11-26","MLPT"
51.4000015258789,51.5999984741211,51,51.5999984741211,105000,"2015-11-27","MLPT"
51.4000015258789,51.4000015258789,51.4000015258789,51.4000015258789,5000,"2015-11-30","MLPT"
51.2000007629395,51.4000015258789,51,51,10000,"2015-12-01","MLPT"
50.7999992370605,53.4000015258789,50.2000007629395,51.4000015258789,29230000,"2015-12-02","MLPT"
51.2000007629395,51.4000015258789,51.2000007629395,51.4000015258789,14427500,"2015-12-03","MLPT"
51.2000007629395,51.4000015258789,51.2000007629395,51.4000015258789,12500,"2015-12-04","MLPT"
51.4000015258789,51.4000015258789,50.4000015258789,50.4000015258789,45000,"2015-12-07","MLPT"
50.2000007629395,50.2000007629395,49.4000015258789,49.4000015258789,45000,"2015-12-08","MLPT"
49.4000015258789,49.4000015258789,49.4000015258789,49.4000015258789,0,"2015-12-09","MLPT"
48,48,48,48,37500,"2015-12-10","MLPT"
47.7999992370605,48,45.5999984741211,45.5999984741211,127500,"2015-12-11","MLPT"
45.4000015258789,45.5999984741211,45.2000007629395,45.5999984741211,27500,"2015-12-14","MLPT"
45.5999984741211,45.5999984741211,45.2000007629395,45.5999984741211,14495000,"2015-12-15","MLPT"
45.4000015258789,45.7999992370605,45.4000015258789,45.7999992370605,2275000,"2015-12-16","MLPT"
46,46,45.5999984741211,45.7999992370605,2732500,"2015-12-17","MLPT"
45.7999992370605,45.7999992370605,45.7999992370605,45.7999992370605,175000,"2015-12-18","MLPT"
45.5999984741211,45.7999992370605,45.5999984741211,45.7999992370605,12500,"2015-12-21","MLPT"
45.7999992370605,45.7999992370605,45.7999992370605,45.7999992370605,0,"2015-12-22","MLPT"
45.7999992370605,45.7999992370605,45.5999984741211,45.5999984741211,15000,"2015-12-23","MLPT"
45.4000015258789,45.4000015258789,45.4000015258789,45.4000015258789,2500,"2015-12-28","MLPT"
45.4000015258789,45.4000015258789,45.4000015258789,45.4000015258789,5000,"2015-12-29","MLPT"
45.4000015258789,45.4000015258789,45.4000015258789,45.4000015258789,0,"2015-12-30","MLPT"
45.4000015258789,45.4000015258789,45.4000015258789,45.4000015258789,0,"2016-01-04","MLPT"
45.4000015258789,45.4000015258789,45.4000015258789,45.4000015258789,0,"2016-01-05","MLPT"
45.4000015258789,45.4000015258789,45.4000015258789,45.4000015258789,0,"2016-01-06","MLPT"
45.4000015258789,45.4000015258789,45.4000015258789,45.4000015258789,0,"2016-01-07","MLPT"
45.4000015258789,45.4000015258789,45.4000015258789,45.4000015258789,0,"2016-01-08","MLPT"
45.4000015258789,45.4000015258789,45.4000015258789,45.4000015258789,0,"2016-01-11","MLPT"
45.4000015258789,45.4000015258789,45.4000015258789,45.4000015258789,0,"2016-01-12","MLPT"
45.4000015258789,45.4000015258789,45.4000015258789,45.4000015258789,0,"2016-01-13","MLPT"
45.4000015258789,45.4000015258789,45.4000015258789,45.4000015258789,0,"2016-01-14","MLPT"
45.4000015258789,45.4000015258789,45.4000015258789,45.4000015258789,0,"2016-01-15","MLPT"
45.4000015258789,45.4000015258789,45.4000015258789,45.4000015258789,0,"2016-01-18","MLPT"
45.4000015258789,45.4000015258789,45.4000015258789,45.4000015258789,0,"2016-01-19","MLPT"
45.4000015258789,45.4000015258789,45.4000015258789,45.4000015258789,0,"2016-01-20","MLPT"
45.4000015258789,45.4000015258789,45.4000015258789,45.4000015258789,0,"2016-01-21","MLPT"
45.4000015258789,45.4000015258789,45.4000015258789,45.4000015258789,0,"2016-01-22","MLPT"
45.4000015258789,45.4000015258789,45.4000015258789,45.4000015258789,0,"2016-01-25","MLPT"
45.4000015258789,45.4000015258789,45.4000015258789,45.4000015258789,0,"2016-01-26","MLPT"
45.4000015258789,45.4000015258789,45.4000015258789,45.4000015258789,0,"2016-01-27","MLPT"
45.4000015258789,45.4000015258789,45.4000015258789,45.4000015258789,0,"2016-01-28","MLPT"
45.4000015258789,45.4000015258789,45.4000015258789,45.4000015258789,0,"2016-01-29","MLPT"
45.4000015258789,45.4000015258789,45.4000015258789,45.4000015258789,0,"2016-02-01","MLPT"
45.4000015258789,45.4000015258789,45.4000015258789,45.4000015258789,0,"2016-02-02","MLPT"
45.4000015258789,45.4000015258789,45.4000015258789,45.4000015258789,0,"2016-02-03","MLPT"
45.4000015258789,45.4000015258789,45.4000015258789,45.4000015258789,677500,"2016-02-04","MLPT"
45.4000015258789,45.4000015258789,45.4000015258789,45.4000015258789,22500,"2016-02-05","MLPT"
45.4000015258789,45.4000015258789,45.4000015258789,45.4000015258789,17500,"2016-02-09","MLPT"
46,46,45.7999992370605,45.7999992370605,7500,"2016-02-10","MLPT"
45.7999992370605,45.7999992370605,45.7999992370605,45.7999992370605,0,"2016-02-11","MLPT"
45.4000015258789,45.4000015258789,45.4000015258789,45.4000015258789,395000,"2016-02-12","MLPT"
45.4000015258789,45.4000015258789,45.4000015258789,45.4000015258789,15000,"2016-02-15","MLPT"
45.4000015258789,45.4000015258789,45.4000015258789,45.4000015258789,0,"2016-02-16","MLPT"
45.4000015258789,45.4000015258789,45.4000015258789,45.4000015258789,0,"2016-02-17","MLPT"
45.5999984741211,45.5999984741211,45.5999984741211,45.5999984741211,2500,"2016-02-18","MLPT"
45.5999984741211,45.5999984741211,45.5999984741211,45.5999984741211,0,"2016-02-19","MLPT"
45.4000015258789,45.4000015258789,45.4000015258789,45.4000015258789,177500,"2016-02-22","MLPT"
45.4000015258789,45.4000015258789,45.4000015258789,45.4000015258789,0,"2016-02-23","MLPT"
45.4000015258789,45.4000015258789,45.4000015258789,45.4000015258789,2500,"2016-02-24","MLPT"
45.4000015258789,45.4000015258789,45.4000015258789,45.4000015258789,67500,"2016-02-25","MLPT"
45.4000015258789,45.4000015258789,45.4000015258789,45.4000015258789,0,"2016-02-26","MLPT"
45.4000015258789,45.4000015258789,45.4000015258789,45.4000015258789,0,"2016-02-29","MLPT"
45.4000015258789,45.4000015258789,45.4000015258789,45.4000015258789,75000,"2016-03-01","MLPT"
45.4000015258789,45.4000015258789,45.4000015258789,45.4000015258789,0,"2016-03-02","MLPT"
45.4000015258789,45.4000015258789,45.4000015258789,45.4000015258789,0,"2016-03-03","MLPT"
45.4000015258789,45.4000015258789,45.4000015258789,45.4000015258789,0,"2016-03-04","MLPT"
45.4000015258789,45.4000015258789,45.4000015258789,45.4000015258789,2500,"2016-03-07","MLPT"
45.5999984741211,45.5999984741211,45.5999984741211,45.5999984741211,7500,"2016-03-08","MLPT"
45.4000015258789,45.4000015258789,45.4000015258789,45.4000015258789,13322500,"2016-03-10","MLPT"
NA,NA,NA,NA,NA,"2016-03-11","MLPT"
NA,NA,NA,NA,NA,"2016-03-14","MLPT"
41.5999984741211,41.5999984741211,41.5999984741211,41.5999984741211,25000,"2016-03-15","MLPT"
41.5999984741211,41.5999984741211,41.5999984741211,41.5999984741211,0,"2016-03-16","MLPT"
41.5999984741211,41.5999984741211,41.5999984741211,41.5999984741211,0,"2016-03-17","MLPT"
41.5999984741211,41.5999984741211,41.5999984741211,41.5999984741211,0,"2016-03-18","MLPT"
45.5999984741211,45.5999984741211,45.5999984741211,45.5999984741211,2500,"2016-03-21","MLPT"
43.4000015258789,43.4000015258789,43.4000015258789,43.4000015258789,5000,"2016-03-22","MLPT"
43.4000015258789,43.4000015258789,43.4000015258789,43.4000015258789,0,"2016-03-23","MLPT"
43.4000015258789,43.4000015258789,43.4000015258789,43.4000015258789,0,"2016-03-24","MLPT"
43.4000015258789,43.4000015258789,43.4000015258789,43.4000015258789,0,"2016-03-28","MLPT"
43.4000015258789,43.4000015258789,43.4000015258789,43.4000015258789,0,"2016-03-29","MLPT"
43.4000015258789,43.4000015258789,43.4000015258789,43.4000015258789,0,"2016-03-30","MLPT"
39.5999984741211,42,39.5999984741211,42,77500,"2016-03-31","MLPT"
42,42,42,42,0,"2016-04-01","MLPT"
44,44,44,44,2500,"2016-04-04","MLPT"
44,44,43.2000007629395,43.2000007629395,10000,"2016-04-05","MLPT"
43.5999984741211,46,43.2000007629395,46,25000,"2016-04-06","MLPT"
46,48,46,48,17500,"2016-04-07","MLPT"
48,50.4000015258789,48,48,335000,"2016-04-08","MLPT"
NA,NA,NA,NA,NA,"2016-04-11","MLPT"
43.2000007629395,43.2000007629395,43.2000007629395,43.2000007629395,2500,"2016-04-12","MLPT"
NA,NA,NA,NA,NA,"2016-04-13","MLPT"
NA,NA,NA,NA,NA,"2016-04-14","MLPT"
NA,NA,NA,NA,NA,"2016-04-15","MLPT"
NA,NA,NA,NA,NA,"2016-04-18","MLPT"
43.2000007629395,43.2000007629395,43.2000007629395,43.2000007629395,0,"2016-04-19","MLPT"
43.2000007629395,43.2000007629395,43.2000007629395,43.2000007629395,0,"2016-04-20","MLPT"
43.2000007629395,43.2000007629395,43.2000007629395,43.2000007629395,0,"2016-04-21","MLPT"
43.2000007629395,43.2000007629395,43.2000007629395,43.2000007629395,0,"2016-04-22","MLPT"
42.4000015258789,42.4000015258789,40,40,70000,"2016-04-25","MLPT"
40,41.5999984741211,36,41.5999984741211,50000,"2016-04-26","MLPT"
51,51,44,44,27500,"2016-04-27","MLPT"
44,44,44,44,0,"2016-04-28","MLPT"
44,44,44,44,0,"2016-04-29","MLPT"
44,44,44,44,0,"2016-05-02","MLPT"
44,44,44,44,0,"2016-05-03","MLPT"
44,44,44,44,0,"2016-05-04","MLPT"
40,40,40,40,35000,"2016-05-09","MLPT"
40,40,40,40,0,"2016-05-10","MLPT"
38,38,36.2000007629395,38,287500,"2016-05-11","MLPT"
38.5999984741211,44,38.5999984741211,44,25000,"2016-05-12","MLPT"
44,53.2000007629395,44,44,17500,"2016-05-13","MLPT"
44,44,44,44,0,"2016-05-16","MLPT"
44,44,44,44,0,"2016-05-17","MLPT"
51.5999984741211,51.5999984741211,40,40,307500,"2016-05-18","MLPT"
40,40,40,40,0,"2016-05-19","MLPT"
40,40,40,40,0,"2016-05-20","MLPT"
40,40,40,40,0,"2016-05-23","MLPT"
40,40,40,40,0,"2016-05-24","MLPT"
40,40,40,40,0,"2016-05-25","MLPT"
40,40,38,38,7500,"2016-05-26","MLPT"
38,38,38,38,0,"2016-05-27","MLPT"
38,38,38,38,0,"2016-05-30","MLPT"
40,40.4000015258789,40,40.4000015258789,22500,"2016-05-31","MLPT"
40.4000015258789,40.4000015258789,40.4000015258789,40.4000015258789,0,"2016-06-01","MLPT"
40.4000015258789,40.4000015258789,40.4000015258789,40.4000015258789,0,"2016-06-02","MLPT"
40.4000015258789,40.4000015258789,40.4000015258789,40.4000015258789,0,"2016-06-03","MLPT"
40.4000015258789,40.4000015258789,40.4000015258789,40.4000015258789,0,"2016-06-06","MLPT"
40.4000015258789,40.4000015258789,40.4000015258789,40.4000015258789,0,"2016-06-07","MLPT"
40.4000015258789,40.4000015258789,40.4000015258789,40.4000015258789,0,"2016-06-08","MLPT"
42,50.4000015258789,42,50.4000015258789,362500,"2016-06-09","MLPT"
52,56,52,55.2000007629395,145000,"2016-06-10","MLPT"
55.2000007629395,55.2000007629395,55.2000007629395,55.2000007629395,0,"2016-06-13","MLPT"
55.2000007629395,55.2000007629395,55.2000007629395,55.2000007629395,0,"2016-06-14","MLPT"
55.2000007629395,55.2000007629395,55.2000007629395,55.2000007629395,0,"2016-06-15","MLPT"
54,54,54,54,2500,"2016-06-16","MLPT"
48.7999992370605,48.7999992370605,48.7999992370605,48.7999992370605,2500,"2016-06-17","MLPT"
48.7999992370605,48.7999992370605,48.7999992370605,48.7999992370605,0,"2016-06-20","MLPT"
48.7999992370605,48.7999992370605,48.7999992370605,48.7999992370605,0,"2016-06-21","MLPT"
48.7999992370605,48.7999992370605,48.7999992370605,48.7999992370605,0,"2016-06-22","MLPT"
48.7999992370605,48.7999992370605,48.7999992370605,48.7999992370605,0,"2016-06-23","MLPT"
48.7999992370605,48.7999992370605,48.7999992370605,48.7999992370605,0,"2016-06-24","MLPT"
48.7999992370605,48.7999992370605,48.7999992370605,48.7999992370605,0,"2016-06-27","MLPT"
48.7999992370605,48.7999992370605,48.7999992370605,48.7999992370605,0,"2016-06-28","MLPT"
48.7999992370605,48.7999992370605,48.7999992370605,48.7999992370605,0,"2016-06-29","MLPT"
48.7999992370605,48.7999992370605,48.7999992370605,48.7999992370605,0,"2016-06-30","MLPT"
48.7999992370605,48.7999992370605,48.7999992370605,48.7999992370605,0,"2016-07-01","MLPT"
48.7999992370605,48.7999992370605,48.7999992370605,48.7999992370605,0,"2016-07-11","MLPT"
48.5999984741211,48.5999984741211,44,44,165000,"2016-07-12","MLPT"
44,44,44,44,0,"2016-07-13","MLPT"
44,44,44,44,0,"2016-07-14","MLPT"
44,44,44,44,0,"2016-07-15","MLPT"
40,40,40,40,20000,"2016-07-18","MLPT"
46,46,45.5999984741211,45.5999984741211,115000,"2016-07-19","MLPT"
43.5999984741211,43.5999984741211,43.5999984741211,43.5999984741211,5000,"2016-07-20","MLPT"
43.5999984741211,43.5999984741211,43.5999984741211,43.5999984741211,0,"2016-07-21","MLPT"
43.5999984741211,43.5999984741211,43.5999984741211,43.5999984741211,0,"2016-07-22","MLPT"
43.5999984741211,43.5999984741211,43.5999984741211,43.5999984741211,0,"2016-07-25","MLPT"
43.5999984741211,43.5999984741211,43.5999984741211,43.5999984741211,0,"2016-07-26","MLPT"
41.2000007629395,41.2000007629395,41.2000007629395,41.2000007629395,12500,"2016-07-27","MLPT"
41.2000007629395,42.4000015258789,41.2000007629395,42.4000015258789,55000,"2016-07-28","MLPT"
42.4000015258789,42.4000015258789,42.4000015258789,42.4000015258789,75000,"2016-07-29","MLPT"
42.4000015258789,42.4000015258789,42.4000015258789,42.4000015258789,0,"2016-08-01","MLPT"
42.4000015258789,42.4000015258789,42.4000015258789,42.4000015258789,0,"2016-08-02","MLPT"
42.4000015258789,42.4000015258789,42.4000015258789,42.4000015258789,0,"2016-08-03","MLPT"
42.4000015258789,42.4000015258789,42.4000015258789,42.4000015258789,0,"2016-08-04","MLPT"
42.4000015258789,42.4000015258789,42.4000015258789,42.4000015258789,0,"2016-08-05","MLPT"
42.4000015258789,42.4000015258789,42.2000007629395,42.2000007629395,125000,"2016-08-08","MLPT"
42.2000007629395,42.2000007629395,42.2000007629395,42.2000007629395,0,"2016-08-09","MLPT"
42.2000007629395,42.2000007629395,42.2000007629395,42.2000007629395,150000,"2016-08-10","MLPT"
42.2000007629395,42.2000007629395,42.2000007629395,42.2000007629395,0,"2016-08-11","MLPT"
42.2000007629395,42.2000007629395,42.2000007629395,42.2000007629395,0,"2016-08-12","MLPT"
42.2000007629395,42.2000007629395,42.2000007629395,42.2000007629395,0,"2016-08-15","MLPT"
42.2000007629395,42.2000007629395,42.2000007629395,42.2000007629395,0,"2016-08-16","MLPT"
42.2000007629395,42.2000007629395,42.2000007629395,42.2000007629395,0,"2016-08-18","MLPT"
42.2000007629395,42.2000007629395,42.2000007629395,42.2000007629395,0,"2016-08-19","MLPT"
39.5999984741211,40,39.5999984741211,40,45000,"2016-08-22","MLPT"
40,40,40,40,0,"2016-08-23","MLPT"
39.5999984741211,39.5999984741211,39.5999984741211,39.5999984741211,2500,"2016-08-24","MLPT"
39.5999984741211,39.5999984741211,39.5999984741211,39.5999984741211,0,"2016-08-25","MLPT"
39.5999984741211,39.5999984741211,39.5999984741211,39.5999984741211,0,"2016-08-26","MLPT"
38,38,38,38,2500,"2016-08-29","MLPT"
42,42,42,42,5000,"2016-08-30","MLPT"
42,42,42,42,2500,"2016-08-31","MLPT"
42,42,42,42,0,"2016-09-01","MLPT"
42,42,42,42,0,"2016-09-02","MLPT"
39.5999984741211,39.5999984741211,39.5999984741211,39.5999984741211,7500,"2016-09-05","MLPT"
39.5999984741211,39.5999984741211,39.5999984741211,39.5999984741211,0,"2016-09-06","MLPT"
39.5999984741211,39.5999984741211,39.5999984741211,39.5999984741211,0,"2016-09-07","MLPT"
39.5999984741211,39.5999984741211,39.5999984741211,39.5999984741211,0,"2016-09-08","MLPT"
38,41.5999984741211,38,41.5999984741211,5000,"2016-09-09","MLPT"
41.5999984741211,41.5999984741211,41.5999984741211,41.5999984741211,0,"2016-09-13","MLPT"
41.5999984741211,41.5999984741211,41.5999984741211,41.5999984741211,0,"2016-09-14","MLPT"
41.5999984741211,41.5999984741211,41.5999984741211,41.5999984741211,0,"2016-09-15","MLPT"
41.5999984741211,41.5999984741211,41.5999984741211,41.5999984741211,0,"2016-09-16","MLPT"
41.5999984741211,41.5999984741211,41.5999984741211,41.5999984741211,0,"2016-09-19","MLPT"
41.5999984741211,41.5999984741211,41.5999984741211,41.5999984741211,0,"2016-09-20","MLPT"
41.5999984741211,41.5999984741211,41.5999984741211,41.5999984741211,0,"2016-09-21","MLPT"
41.5999984741211,41.5999984741211,40,40.2000007629395,50000,"2016-09-22","MLPT"
40.2000007629395,40.2000007629395,40.2000007629395,40.2000007629395,0,"2016-09-23","MLPT"
40.2000007629395,40.2000007629395,40.2000007629395,40.2000007629395,0,"2016-09-26","MLPT"
40.2000007629395,40.2000007629395,40.2000007629395,40.2000007629395,0,"2016-09-27","MLPT"
40.2000007629395,40.2000007629395,40.2000007629395,40.2000007629395,0,"2016-09-28","MLPT"
40.2000007629395,40.2000007629395,40.2000007629395,40.2000007629395,0,"2016-09-29","MLPT"
40.2000007629395,41.5999984741211,37,41.5999984741211,67500,"2016-09-30","MLPT"
41.5999984741211,41.5999984741211,41.5999984741211,41.5999984741211,0,"2016-10-03","MLPT"
41.5999984741211,41.5999984741211,41.5999984741211,41.5999984741211,0,"2016-10-04","MLPT"
41.5999984741211,41.5999984741211,41.5999984741211,41.5999984741211,0,"2016-10-05","MLPT"
41.5999984741211,41.5999984741211,41.5999984741211,41.5999984741211,0,"2016-10-06","MLPT"
41.5999984741211,41.5999984741211,41.5999984741211,41.5999984741211,0,"2016-10-07","MLPT"
41.5999984741211,41.5999984741211,41.5999984741211,41.5999984741211,0,"2016-10-10","MLPT"
41.5999984741211,41.5999984741211,41.5999984741211,41.5999984741211,0,"2016-10-11","MLPT"
41.5999984741211,41.5999984741211,41.5999984741211,41.5999984741211,0,"2016-10-12","MLPT"
41.5999984741211,41.5999984741211,41.5999984741211,41.5999984741211,0,"2016-10-13","MLPT"
41.5999984741211,41.5999984741211,41.5999984741211,41.5999984741211,0,"2016-10-14","MLPT"
41.5999984741211,41.5999984741211,41.5999984741211,41.5999984741211,0,"2016-10-17","MLPT"
41.5999984741211,41.5999984741211,41.5999984741211,41.5999984741211,0,"2016-10-18","MLPT"
40,40,40,40,2500,"2016-10-19","MLPT"
39.2000007629395,39.2000007629395,38.4000015258789,39.2000007629395,310000,"2016-10-20","MLPT"
39.2000007629395,39.2000007629395,39.2000007629395,39.2000007629395,0,"2016-10-21","MLPT"
39.2000007629395,39.2000007629395,39.2000007629395,39.2000007629395,2500,"2016-10-24","MLPT"
39.2000007629395,39.2000007629395,39.2000007629395,39.2000007629395,0,"2016-10-25","MLPT"
39.2000007629395,39.2000007629395,39.2000007629395,39.2000007629395,7500,"2016-10-26","MLPT"
39.2000007629395,39.2000007629395,39.2000007629395,39.2000007629395,0,"2016-10-27","MLPT"
43.5999984741211,43.5999984741211,43.5999984741211,43.5999984741211,2500,"2016-10-28","MLPT"
43.5999984741211,43.5999984741211,43.5999984741211,43.5999984741211,0,"2016-10-31","MLPT"
43.5999984741211,43.5999984741211,43.5999984741211,43.5999984741211,0,"2016-11-01","MLPT"
43.5999984741211,43.5999984741211,43.5999984741211,43.5999984741211,0,"2016-11-02","MLPT"
43.5999984741211,43.5999984741211,43.5999984741211,43.5999984741211,0,"2016-11-03","MLPT"
43.5999984741211,43.5999984741211,43.5999984741211,43.5999984741211,0,"2016-11-04","MLPT"
43.5999984741211,43.5999984741211,43.5999984741211,43.5999984741211,0,"2016-11-07","MLPT"
39.5999984741211,39.5999984741211,39.5999984741211,39.5999984741211,20000,"2016-11-08","MLPT"
39.5999984741211,39.5999984741211,39.5999984741211,39.5999984741211,2500,"2016-11-09","MLPT"
39.5999984741211,39.5999984741211,39.5999984741211,39.5999984741211,0,"2016-11-10","MLPT"
39.5999984741211,39.5999984741211,39.5999984741211,39.5999984741211,0,"2016-11-11","MLPT"
39.5999984741211,39.5999984741211,39.5999984741211,39.5999984741211,0,"2016-11-14","MLPT"
39.5999984741211,39.5999984741211,39.5999984741211,39.5999984741211,0,"2016-11-15","MLPT"
39.5999984741211,41.5999984741211,39.5999984741211,41.5999984741211,240000,"2016-11-16","MLPT"
41.2000007629395,41.2000007629395,41.2000007629395,41.2000007629395,240000,"2016-11-17","MLPT"
43.5999984741211,43.5999984741211,43.5999984741211,43.5999984741211,2500,"2016-11-18","MLPT"
43.5999984741211,43.5999984741211,42.7999992370605,43.5999984741211,1367500,"2016-11-21","MLPT"
54.2000007629395,54.2000007629395,54.2000007629395,54.2000007629395,2500,"2016-11-22","MLPT"
54.2000007629395,54.2000007629395,54.2000007629395,54.2000007629395,0,"2016-11-23","MLPT"
54.2000007629395,54.2000007629395,54.2000007629395,54.2000007629395,0,"2016-11-24","MLPT"
56,56,56,56,2500,"2016-11-25","MLPT"
56,56,56,56,0,"2016-11-28","MLPT"
56,56,56,56,0,"2016-11-29","MLPT"
56,56,56,56,0,"2016-11-30","MLPT"
56,56,56,56,0,"2016-12-01","MLPT"
56,69.1999969482422,56,64,12500,"2016-12-02","MLPT"
64,64,64,64,0,"2016-12-05","MLPT"
64,64,64,64,0,"2016-12-06","MLPT"
64,64,64,64,0,"2016-12-07","MLPT"
64,64,64,64,0,"2016-12-08","MLPT"
64,64,64,64,0,"2016-12-09","MLPT"
64,64,62,64,75000,"2016-12-13","MLPT"
64,64,64,64,0,"2016-12-14","MLPT"
64,64,64,64,0,"2016-12-15","MLPT"
64,64,64,64,0,"2016-12-16","MLPT"
62,68,62,66,1187500,"2016-12-19","MLPT"
66,70,66,68,935000,"2016-12-20","MLPT"
68,72,68,68,1820000,"2016-12-21","MLPT"
68,69.1999969482422,68,68.4000015258789,8295000,"2016-12-22","MLPT"
68.8000030517578,69.1999969482422,68.8000030517578,69.1999969482422,37500,"2016-12-23","MLPT"
69.5999984741211,69.8000030517578,69.1999969482422,69.8000030517578,2065000,"2016-12-27","MLPT"
70,70,69.8000030517578,70,812500,"2016-12-28","MLPT"
70.1999969482422,70.4000015258789,70.1999969482422,70.1999969482422,277500,"2016-12-29","MLPT"
70.4000015258789,70.4000015258789,70.1999969482422,70.4000015258789,610000,"2016-12-30","MLPT"
70.4000015258789,70.4000015258789,70.4000015258789,70.4000015258789,0,"2017-01-02","MLPT"
70.4000015258789,71.1999969482422,70.4000015258789,71.1999969482422,62500,"2017-01-03","MLPT"
71.1999969482422,71.5999984741211,71.1999969482422,71.5999984741211,127500,"2017-01-04","MLPT"
71.5999984741211,71.5999984741211,71.5999984741211,71.5999984741211,0,"2017-01-05","MLPT"
71.5999984741211,71.5999984741211,71.5999984741211,71.5999984741211,137500,"2017-01-06","MLPT"
71.5999984741211,71.8000030517578,71.5999984741211,71.5999984741211,250000,"2017-01-09","MLPT"
71.5999984741211,71.8000030517578,71.5999984741211,71.8000030517578,817500,"2017-01-10","MLPT"
71.8000030517578,71.8000030517578,71.5999984741211,71.8000030517578,2967500,"2017-01-11","MLPT"
71.8000030517578,71.8000030517578,70.1999969482422,71.8000030517578,2267500,"2017-01-12","MLPT"
71.8000030517578,71.8000030517578,71.8000030517578,71.8000030517578,187500,"2017-01-13","MLPT"
71.8000030517578,71.8000030517578,71.8000030517578,71.8000030517578,325000,"2017-01-16","MLPT"
71.8000030517578,71.8000030517578,71.8000030517578,71.8000030517578,25000,"2017-01-17","MLPT"
71.8000030517578,71.8000030517578,71.8000030517578,71.8000030517578,0,"2017-01-18","MLPT"
71.5999984741211,71.8000030517578,71.5999984741211,71.8000030517578,262500,"2017-01-19","MLPT"
71.8000030517578,71.8000030517578,71.8000030517578,71.8000030517578,12500,"2017-01-20","MLPT"
71.8000030517578,71.8000030517578,71.8000030517578,71.8000030517578,50000,"2017-01-23","MLPT"
71.8000030517578,71.8000030517578,71.8000030517578,71.8000030517578,0,"2017-01-24","MLPT"
71.8000030517578,71.8000030517578,71.8000030517578,71.8000030517578,0,"2017-01-25","MLPT"
71.8000030517578,71.8000030517578,71.8000030517578,71.8000030517578,0,"2017-01-26","MLPT"
72,72,72,72,12500,"2017-01-27","MLPT"
72,72,72,72,0,"2017-01-30","MLPT"
72,72,72,72,0,"2017-01-31","MLPT"
72,72,72,72,0,"2017-02-01","MLPT"
72,72,72,72,0,"2017-02-02","MLPT"
72,72,72,72,0,"2017-02-03","MLPT"
72,72,72,72,0,"2017-02-06","MLPT"
72,72,72,72,0,"2017-02-07","MLPT"
72,72,72,72,0,"2017-02-08","MLPT"
72,72,72,72,0,"2017-02-09","MLPT"
72,72,72,72,0,"2017-02-10","MLPT"
72,72,72,72,0,"2017-02-13","MLPT"
72,72,72,72,0,"2017-02-14","MLPT"
72,72,72,72,0,"2017-02-15","MLPT"
72,72,72,72,0,"2017-02-16","MLPT"
72,72,72,72,0,"2017-02-17","MLPT"
72,72,72,72,0,"2017-02-20","MLPT"
72,72,72,72,0,"2017-02-21","MLPT"
72,72,72,72,0,"2017-02-22","MLPT"
72,72,72,72,0,"2017-02-23","MLPT"
70,70,69.8000030517578,69.8000030517578,1120000,"2017-02-24","MLPT"
69.8000030517578,69.8000030517578,69.8000030517578,69.8000030517578,0,"2017-02-27","MLPT"
69.8000030517578,69.8000030517578,69.8000030517578,69.8000030517578,0,"2017-02-28","MLPT"
69.8000030517578,69.8000030517578,69.8000030517578,69.8000030517578,0,"2017-03-01","MLPT"
68.4000015258789,68.4000015258789,68.4000015258789,68.4000015258789,10000,"2017-03-02","MLPT"
69.1999969482422,69.1999969482422,68,68.4000015258789,20000,"2017-03-03","MLPT"
68.4000015258789,68.4000015258789,68.4000015258789,68.4000015258789,0,"2017-03-06","MLPT"
69,69,69,69,5000,"2017-03-07","MLPT"
69,69,69,69,0,"2017-03-08","MLPT"
69,69,69,69,0,"2017-03-09","MLPT"
69.1999969482422,69.1999969482422,69.1999969482422,69.1999969482422,7500,"2017-03-10","MLPT"
70.4000015258789,70.4000015258789,70.4000015258789,70.4000015258789,12500,"2017-03-13","MLPT"
71,71,71,71,12500,"2017-03-14","MLPT"
66.4000015258789,66.4000015258789,66.4000015258789,66.4000015258789,12500,"2017-03-15","MLPT"
66,66,66,66,30000,"2017-03-16","MLPT"
66,66,66,66,0,"2017-03-17","MLPT"
66,66,66,66,0,"2017-03-20","MLPT"
66,66,66,66,0,"2017-03-21","MLPT"
66,66,61.5999984741211,61.5999984741211,5000,"2017-03-22","MLPT"
61.5999984741211,61.5999984741211,55.5999984741211,55.5999984741211,60000,"2017-03-23","MLPT"
55.5999984741211,55.5999984741211,55.5999984741211,55.5999984741211,0,"2017-03-24","MLPT"
55.5999984741211,55.5999984741211,55.5999984741211,55.5999984741211,0,"2017-03-27","MLPT"
54.7999992370605,54.7999992370605,54,54,30000,"2017-03-29","MLPT"
54,54,54,54,0,"2017-03-30","MLPT"
52.7999992370605,52.7999992370605,52,52,25000,"2017-03-31","MLPT"
51.2000007629395,51.2000007629395,51.2000007629395,51.2000007629395,2500,"2017-04-03","MLPT"
51.2000007629395,51.2000007629395,51.2000007629395,51.2000007629395,0,"2017-04-04","MLPT"
NA,NA,NA,NA,NA,"2017-04-05","MLPT"
48,48,48,48,12500,"2017-04-06","MLPT"
48,48,48,48,0,"2017-04-07","MLPT"
48,48,45.5999984741211,45.7999992370605,30000,"2017-04-10","MLPT"
45.7999992370605,45.7999992370605,44,44,30000,"2017-04-11","MLPT"
42,42,42,42,12500,"2017-04-12","MLPT"
42,42,39.2000007629395,39.2000007629395,2785000,"2017-04-13","MLPT"
39.2000007629395,48.7999992370605,39.2000007629395,48.7999992370605,85000,"2017-04-17","MLPT"
42,42,41.5999984741211,41.5999984741211,110000,"2017-04-18","MLPT"
41.5999984741211,41.5999984741211,41.5999984741211,41.5999984741211,0,"2017-04-19","MLPT"
41.5999984741211,42,39.5999984741211,39.5999984741211,67500,"2017-04-20","MLPT"
40,41.2000007629395,39.5999984741211,39.5999984741211,47500,"2017-04-21","MLPT"
39.5999984741211,40,38.4000015258789,39.2000007629395,65000,"2017-04-25","MLPT"
39.2000007629395,40,39.2000007629395,39.2000007629395,10000,"2017-04-26","MLPT"
39.2000007629395,40,38.7999992370605,40,47500,"2017-04-27","MLPT"
40,40,38.4000015258789,39.5999984741211,277500,"2017-04-28","MLPT"
39.5999984741211,40.7999992370605,38.7999992370605,38.7999992370605,855000,"2017-05-02","MLPT"
40,40,37.2000007629395,38.2000007629395,3207500,"2017-05-03","MLPT"
39.7999992370605,39.7999992370605,38.2000007629395,39.5999984741211,45000,"2017-05-04","MLPT"
39.7999992370605,40,36.7999992370605,38,1702500,"2017-05-05","MLPT"
37.7999992370605,38,35.5999984741211,37.7999992370605,322500,"2017-05-08","MLPT"
37.5999984741211,37.7999992370605,36,37.5999984741211,250000,"2017-05-09","MLPT"
37.4000015258789,37.5999984741211,36,36.4000015258789,332500,"2017-05-10","MLPT"
36.4000015258789,37.7999992370605,34,35.7999992370605,255000,"2017-05-12","MLPT"
35.7999992370605,37.2000007629395,35.7999992370605,35.7999992370605,7500,"2017-05-15","MLPT"
35.7999992370605,37.2000007629395,35,35.7999992370605,127500,"2017-05-16","MLPT"
35.7999992370605,35.7999992370605,34.4000015258789,34.4000015258789,65000,"2017-05-17","MLPT"
34.4000015258789,35.7999992370605,33.2000007629395,35.4000015258789,177500,"2017-05-18","MLPT"
35.4000015258789,35.4000015258789,34.7999992370605,34.7999992370605,20000,"2017-05-19","MLPT"
34.7999992370605,36,32.7999992370605,34.5999984741211,280000,"2017-05-22","MLPT"
34.5999984741211,35.5999984741211,34.5999984741211,35.2000007629395,12500,"2017-05-23","MLPT"
34.7999992370605,34.7999992370605,34.7999992370605,34.7999992370605,2500,"2017-05-24","MLPT"
34.7999992370605,35.5999984741211,33.2000007629395,34.7999992370605,122500,"2017-05-26","MLPT"
34.7999992370605,35.5999984741211,34.4000015258789,35,110000,"2017-05-29","MLPT"
35.2000007629395,35.5999984741211,34.7999992370605,35.2000007629395,67500,"2017-05-30","MLPT"
35.2000007629395,39.5999984741211,34,39.5999984741211,232500,"2017-05-31","MLPT"
39.5999984741211,39.5999984741211,39.5999984741211,39.5999984741211,0,"2017-06-01","MLPT"
36.4000015258789,37.5999984741211,36,37.4000015258789,177500,"2017-06-02","MLPT"
36.4000015258789,37.7999992370605,35.5999984741211,37.2000007629395,72500,"2017-06-05","MLPT"
36.4000015258789,37.4000015258789,36.4000015258789,36.4000015258789,20000,"2017-06-06","MLPT"
37.7999992370605,37.7999992370605,37.7999992370605,37.7999992370605,5000,"2017-06-07","MLPT"
37.7999992370605,37.7999992370605,37.7999992370605,37.7999992370605,0,"2017-06-08","MLPT"
37.7999992370605,37.7999992370605,37.7999992370605,37.7999992370605,0,"2017-06-09","MLPT"
36.4000015258789,37.2000007629395,35.5999984741211,36.7999992370605,50000,"2017-06-12","MLPT"
36.4000015258789,36.7999992370605,35.5999984741211,36.4000015258789,40000,"2017-06-13","MLPT"
37.2000007629395,37.2000007629395,35.5999984741211,37,40000,"2017-06-14","MLPT"
37,37,37,37,0,"2017-06-15","MLPT"
36,38.4000015258789,35.5999984741211,38.4000015258789,70000,"2017-06-16","MLPT"
36.4000015258789,38,36,38,105000,"2017-06-19","MLPT"
36.4000015258789,37.7999992370605,36,37,45000,"2017-06-20","MLPT"
37.7999992370605,37.7999992370605,36,37.2000007629395,40000,"2017-06-21","MLPT"
36.4000015258789,38,35.4000015258789,37.5999984741211,65000,"2017-06-22","MLPT"
37.5999984741211,37.5999984741211,37.5999984741211,37.5999984741211,0,"2017-06-23","MLPT"
37.5999984741211,37.5999984741211,37.5999984741211,37.5999984741211,0,"2017-06-26","MLPT"
37.5999984741211,37.5999984741211,37.5999984741211,37.5999984741211,0,"2017-06-27","MLPT"
37.5999984741211,37.5999984741211,37.5999984741211,37.5999984741211,0,"2017-06-28","MLPT"
37.5999984741211,37.5999984741211,37.5999984741211,37.5999984741211,0,"2017-06-29","MLPT"
37.5999984741211,37.5999984741211,37.5999984741211,37.5999984741211,0,"2017-06-30","MLPT"
37.5999984741211,37.5999984741211,37.5999984741211,37.5999984741211,0,"2017-07-03","MLPT"
36.4000015258789,37.4000015258789,35.5999984741211,37,137500,"2017-07-04","MLPT"
37,37.2000007629395,34.7999992370605,35.2000007629395,1357500,"2017-07-05","MLPT"
36.2000007629395,37.2000007629395,34.4000015258789,36,235000,"2017-07-06","MLPT"
35.2000007629395,36.2000007629395,34.4000015258789,36.2000007629395,142500,"2017-07-07","MLPT"
36.2000007629395,36.2000007629395,36.2000007629395,36.2000007629395,0,"2017-07-10","MLPT"
36.7999992370605,36.7999992370605,35.2000007629395,36.2000007629395,12500,"2017-07-11","MLPT"
36.2000007629395,36.2000007629395,34.7999992370605,36.2000007629395,57500,"2017-07-12","MLPT"
37.4000015258789,37.4000015258789,34.4000015258789,35.2000007629395,310000,"2017-07-13","MLPT"
34.7999992370605,36,34,35.4000015258789,75000,"2017-07-14","MLPT"
33.7999992370605,35.4000015258789,33.7999992370605,34,190000,"2017-07-17","MLPT"
32.4000015258789,36.7999992370605,32,32,3222500,"2017-07-18","MLPT"
33.4000015258789,33.5999984741211,29.2000007629395,31.7999992370605,215000,"2017-07-19","MLPT"
31.2000007629395,31.2000007629395,27.7999992370605,27.7999992370605,2092500,"2017-07-20","MLPT"
28.6000003814697,28.6000003814697,23.2000007629395,26.2000007629395,2865000,"2017-07-21","MLPT"
26.3999996185303,28.7999992370605,20,25,2592500,"2017-07-24","MLPT"
25,28.2000007629395,23.6000003814697,23.6000003814697,5867500,"2017-07-25","MLPT"
24.7999992370605,24.7999992370605,22.2000007629395,23.7999992370605,775000,"2017-07-26","MLPT"
23.7999992370605,23.7999992370605,22.7999992370605,23.7999992370605,3695000,"2017-07-27","MLPT"
23.2000007629395,23.7999992370605,22,23.7999992370605,152500,"2017-07-28","MLPT"
23.2000007629395,23.3999996185303,22,22.3999996185303,445000,"2017-07-31","MLPT"
22.3999996185303,22.3999996185303,17.1200008392334,18.8799991607666,7565000,"2017-08-01","MLPT"
17.7600002288818,18.8799991607666,17.6800003051758,17.7600002288818,1135000,"2017-08-02","MLPT"
17.7600002288818,18.7199993133545,17.2000007629395,18.6399993896484,1100000,"2017-08-03","MLPT"
18.3999996185303,18.3999996185303,18.2399997711182,18.2399997711182,260000,"2017-08-04","MLPT"
18.2399997711182,18.2399997711182,17.6000003814697,17.6000003814697,1360000,"2017-08-07","MLPT"
18.7999992370605,18.7999992370605,16,17.6000003814697,2052500,"2017-08-08","MLPT"
17.6000003814697,18.2399997711182,17.2000007629395,17.4400005340576,2807500,"2017-08-09","MLPT"
17.4400005340576,17.6800003051758,17.2800006866455,17.4400005340576,277500,"2017-08-10","MLPT"
17.2800006866455,17.6000003814697,16.8799991607666,17.6000003814697,222500,"2017-08-11","MLPT"
17.7600002288818,17.7600002288818,16.8799991607666,17.5200004577637,2762500,"2017-08-14","MLPT"
17.5200004577637,17.9200000762939,17.1200008392334,17.9200000762939,1447500,"2017-08-15","MLPT"
17.9200000762939,17.9200000762939,17.2000007629395,17.8400001525879,735000,"2017-08-16","MLPT"
17.8400001525879,17.8400001525879,17.8400001525879,17.8400001525879,0,"2017-08-17","MLPT"
17.8400001525879,22.2000007629395,17.5200004577637,22.2000007629395,8842500,"2017-08-18","MLPT"
22.3999996185303,24.3999996185303,19.5200004577637,20,8215000,"2017-08-21","MLPT"
20.2000007629395,21.2000007629395,20,20.2000007629395,2182500,"2017-08-22","MLPT"
20.2000007629395,20.7999992370605,20,20.2000007629395,665000,"2017-08-23","MLPT"
20.6000003814697,21.2000007629395,20.6000003814697,21,72500,"2017-08-24","MLPT"
20.2000007629395,21,20.2000007629395,20.2000007629395,745000,"2017-08-25","MLPT"
20.3999996185303,20.6000003814697,19.6800003051758,19.6800003051758,587500,"2017-08-28","MLPT"
19.9200000762939,19.9200000762939,19.6000003814697,19.6000003814697,112500,"2017-08-29","MLPT"
19.9200000762939,19.9200000762939,19.2800006866455,19.6800003051758,617500,"2017-08-30","MLPT"
20.3999996185303,20.3999996185303,19.3600006103516,19.5200004577637,37500,"2017-08-31","MLPT"
19.5200004577637,19.5200004577637,19.5200004577637,19.5200004577637,0,"2017-09-01","MLPT"
20.2000007629395,20.2000007629395,19.3600006103516,19.7600002288818,45000,"2017-09-04","MLPT"
19.5200004577637,20,18.9599990844727,19.6000003814697,117500,"2017-09-05","MLPT"
19.4400005340576,19.4400005340576,19.2000007629395,19.2800006866455,15000,"2017-09-06","MLPT"
19.9200000762939,24,19.4400005340576,19.6800003051758,215000,"2017-09-07","MLPT"
21.2000007629395,23.2000007629395,19.6800003051758,19.9200000762939,60000,"2017-09-08","MLPT"
19.9200000762939,20,19.2800006866455,19.6000003814697,117500,"2017-09-11","MLPT"
20,20,19.1200008392334,20,10000,"2017-09-12","MLPT"
20,20,18.9599990844727,19.4400005340576,65000,"2017-09-13","MLPT"
19.0400009155273,19.8400001525879,19.0400009155273,19.0400009155273,405000,"2017-09-14","MLPT"
19.3600006103516,19.3600006103516,18.7999992370605,18.7999992370605,125000,"2017-09-15","MLPT"
19.3600006103516,19.5200004577637,18.7999992370605,18.9599990844727,57500,"2017-09-18","MLPT"
19.4400005340576,19.4400005340576,18,18.3999996185303,145000,"2017-09-19","MLPT"
18.3999996185303,19.4400005340576,18.3999996185303,19.3600006103516,95000,"2017-09-20","MLPT"
19.3600006103516,19.3600006103516,19.3600006103516,19.3600006103516,0,"2017-09-21","MLPT"
19.3600006103516,19.4400005340576,18.3999996185303,19.4400005340576,120000,"2017-09-22","MLPT"
19.4400005340576,19.4400005340576,19.4400005340576,19.4400005340576,0,"2017-09-25","MLPT"
19.4400005340576,19.8400001525879,18.4799995422363,19.8400001525879,45000,"2017-09-26","MLPT"
19.8400001525879,19.8400001525879,19.4400005340576,19.6000003814697,37500,"2017-09-27","MLPT"
19.6000003814697,19.6000003814697,19.6000003814697,19.6000003814697,0,"2017-09-28","MLPT"
19.6000003814697,19.6000003814697,19.6000003814697,19.6000003814697,0,"2017-09-29","MLPT"
19.5200004577637,19.5200004577637,18.7999992370605,18.7999992370605,5000,"2017-10-02","MLPT"
19.9200000762939,19.9200000762939,19.9200000762939,19.9200000762939,2500,"2017-10-03","MLPT"
19.5200004577637,19.5200004577637,19.5200004577637,19.5200004577637,10000,"2017-10-04","MLPT"
19.6000003814697,19.6000003814697,19.4400005340576,19.4400005340576,17500,"2017-10-05","MLPT"
19.4400005340576,21.6000003814697,19.3600006103516,20.2000007629395,1640000,"2017-10-06","MLPT"
20.3999996185303,20.7999992370605,20.3999996185303,20.3999996185303,317500,"2017-10-09","MLPT"
20.6000003814697,21.6000003814697,20.2000007629395,21.3999996185303,1862500,"2017-10-10","MLPT"
21.3999996185303,21.3999996185303,21,21.2000007629395,667500,"2017-10-11","MLPT"
21.2000007629395,22.7999992370605,21.2000007629395,21.7999992370605,5847500,"2017-10-12","MLPT"
21.7999992370605,22.7999992370605,21.2000007629395,22.3999996185303,8e+06,"2017-10-13","MLPT"
22.3999996185303,25.2000007629395,22.3999996185303,23.3999996185303,3245000,"2017-10-16","MLPT"
23.3999996185303,24,23.2000007629395,23.7999992370605,3210000,"2017-10-17","MLPT"
25.2000007629395,25.2000007629395,23.3999996185303,23.7999992370605,3190000,"2017-10-18","MLPT"
23.6000003814697,24.3999996185303,23.6000003814697,24.2000007629395,4480000,"2017-10-19","MLPT"
24,24.7999992370605,23.7999992370605,24.6000003814697,5345000,"2017-10-20","MLPT"
24.6000003814697,26,24.6000003814697,25.6000003814697,3300000,"2017-10-23","MLPT"
26.3999996185303,27.6000003814697,25.6000003814697,26,1692500,"2017-10-24","MLPT"
26,27.2000007629395,26,27,1880000,"2017-10-25","MLPT"
27,27,26.6000003814697,26.7999992370605,877500,"2017-10-26","MLPT"
27,27.2000007629395,27,27,1622500,"2017-10-27","MLPT"
27.2000007629395,27.3999996185303,27.2000007629395,27.2000007629395,1857500,"2017-10-30","MLPT"
27.2000007629395,28,25.7999992370605,27.7999992370605,7240000,"2017-10-31","MLPT"
27.7999992370605,28.3999996185303,27.7999992370605,28.2000007629395,2605000,"2017-11-01","MLPT"
28.2000007629395,28.7999992370605,28.2000007629395,28.6000003814697,2520000,"2017-11-02","MLPT"
28.7999992370605,28.7999992370605,27.6000003814697,28.3999996185303,2732500,"2017-11-03","MLPT"
28.3999996185303,30,28.3999996185303,29.7999992370605,3137500,"2017-11-06","MLPT"
29.7999992370605,29.7999992370605,29.3999996185303,29.6000003814697,877500,"2017-11-07","MLPT"
29.6000003814697,29.7999992370605,29.3999996185303,29.6000003814697,1202500,"2017-11-08","MLPT"
30.6000003814697,30.6000003814697,29.3999996185303,29.6000003814697,967500,"2017-11-09","MLPT"
29.6000003814697,30.3999996185303,29.6000003814697,30.2000007629395,2965000,"2017-11-10","MLPT"
30,30.7999992370605,29.3999996185303,30.7999992370605,1685000,"2017-11-13","MLPT"
30.7999992370605,30.7999992370605,30.3999996185303,30.6000003814697,1057500,"2017-11-14","MLPT"
30.6000003814697,31.3999996185303,30.2000007629395,31.2000007629395,6155000,"2017-11-15","MLPT"
31.2000007629395,31.7999992370605,31.2000007629395,31.6000003814697,2297500,"2017-11-16","MLPT"
32,35.2000007629395,31,31.6000003814697,1020000,"2017-11-17","MLPT"
31,32.7999992370605,30.7999992370605,32.4000015258789,1395000,"2017-11-20","MLPT"
33.4000015258789,34.4000015258789,30.7999992370605,31.6000003814697,2452500,"2017-11-21","MLPT"
32.4000015258789,32.4000015258789,31.2000007629395,32,145000,"2017-11-22","MLPT"
31.6000003814697,32,30.7999992370605,30.7999992370605,762500,"2017-11-23","MLPT"
31.2000007629395,32.4000015258789,31.2000007629395,32.4000015258789,395000,"2017-11-24","MLPT"
32,35.7999992370605,32,34,1002500,"2017-11-27","MLPT"
34,34.5999984741211,32.4000015258789,34.4000015258789,177500,"2017-11-28","MLPT"
32.5999984741211,34,30.6000003814697,33.4000015258789,2705000,"2017-11-29","MLPT"
35.2000007629395,35.2000007629395,31.7999992370605,33.4000015258789,562500,"2017-11-30","MLPT"
33.4000015258789,33.4000015258789,33.4000015258789,33.4000015258789,0,"2017-12-01","MLPT"
32,33.5999984741211,31.6000003814697,32.4000015258789,1195000,"2017-12-04","MLPT"
32,32.4000015258789,31.2000007629395,32.4000015258789,1987500,"2017-12-05","MLPT"
32,36.7999992370605,32,35.2000007629395,587500,"2017-12-06","MLPT"
36.7999992370605,36.7999992370605,33,36,6e+05,"2017-12-07","MLPT"
34,36,34,36,35000,"2017-12-08","MLPT"
34,35.5999984741211,34,35.5999984741211,32500,"2017-12-11","MLPT"
35.2000007629395,35.5999984741211,34,35,105000,"2017-12-12","MLPT"
34.4000015258789,35,34.4000015258789,34.4000015258789,112500,"2017-12-13","MLPT"
34,34.4000015258789,33.2000007629395,33.7999992370605,120000,"2017-12-14","MLPT"
34,34,33.2000007629395,33.2000007629395,15000,"2017-12-15","MLPT"
25.2000007629395,34,25.2000007629395,32.7999992370605,450000,"2017-12-18","MLPT"
34,34,32.2000007629395,32.2000007629395,60000,"2017-12-19","MLPT"
34,34,33.7999992370605,33.7999992370605,27500,"2017-12-20","MLPT"
32.4000015258789,32.4000015258789,31.7999992370605,32.4000015258789,1370000,"2017-12-21","MLPT"
32.4000015258789,32.4000015258789,31.7999992370605,31.7999992370605,35000,"2017-12-22","MLPT"
31.7999992370605,31.7999992370605,31.7999992370605,31.7999992370605,0,"2017-12-25","MLPT"
31.7999992370605,31.7999992370605,31.7999992370605,31.7999992370605,0,"2017-12-26","MLPT"
32,32,31.3999996185303,31.3999996185303,187500,"2017-12-27","MLPT"
31.3999996185303,31.3999996185303,26,26,82500,"2017-12-28","MLPT"
26.6000003814697,30.7999992370605,24.7999992370605,24.7999992370605,342500,"2017-12-29","MLPT"
24.7999992370605,24.7999992370605,24.7999992370605,24.7999992370605,0,"2018-01-01","MLPT"
25,27,25,27,5000,"2018-01-02","MLPT"
27.6000003814697,28.3999996185303,25.2000007629395,25.2000007629395,102500,"2018-01-03","MLPT"
30,30,26,26,215000,"2018-01-04","MLPT"
26.7999992370605,32.4000015258789,26.7999992370605,31.6000003814697,365000,"2018-01-05","MLPT"
30.3999996185303,30.3999996185303,24.7999992370605,24.7999992370605,365000,"2018-01-08","MLPT"
29.6000003814697,29.6000003814697,23,23,1367500,"2018-01-09","MLPT"
23,24,22,22,1692500,"2018-01-10","MLPT"
23.6000003814697,23.6000003814697,22.2000007629395,22.2000007629395,245000,"2018-01-11","MLPT"
22.3999996185303,23.7999992370605,22.2000007629395,22.2000007629395,112500,"2018-01-12","MLPT"
22.3999996185303,22.6000003814697,20.3999996185303,20.3999996185303,692500,"2018-01-15","MLPT"
22.6000003814697,22.6000003814697,19.3600006103516,19.3600006103516,1605000,"2018-01-16","MLPT"
19.4400005340576,22,19.4400005340576,21.3999996185303,490000,"2018-01-17","MLPT"
20.7999992370605,20.7999992370605,20,20.2000007629395,3080000,"2018-01-18","MLPT"
20.2000007629395,21,20,20,1785000,"2018-01-19","MLPT"
20,20.3999996185303,19.9200000762939,19.9200000762939,677500,"2018-01-22","MLPT"
20,20,19.6800003051758,19.6800003051758,407500,"2018-01-23","MLPT"
20,20,19.2000007629395,19.3600006103516,985000,"2018-01-24","MLPT"
19.4400005340576,19.9200000762939,19.4400005340576,19.9200000762939,230000,"2018-01-25","MLPT"
19.9200000762939,20.2000007629395,19.6000003814697,20.2000007629395,1100000,"2018-01-26","MLPT"
20.3999996185303,20.7999992370605,20.2000007629395,20.7999992370605,665000,"2018-01-29","MLPT"
20.7999992370605,21.2000007629395,20.2000007629395,20.2000007629395,682500,"2018-01-30","MLPT"
20,25.2000007629395,19.6000003814697,25.2000007629395,6047500,"2018-01-31","MLPT"
27.2000007629395,31.2000007629395,25.2000007629395,28,6870000,"2018-02-01","MLPT"
27.2000007629395,29.2000007629395,25.6000003814697,28.3999996185303,1062500,"2018-02-02","MLPT"
28,28,28,28,407500,"2018-02-05","MLPT"
26.3999996185303,26.3999996185303,25.3999996185303,25.6000003814697,675000,"2018-02-06","MLPT"
27.6000003814697,31.2000007629395,26.2000007629395,31.2000007629395,9e+05,"2018-02-07","MLPT"
30,31.2000007629395,29,31.2000007629395,555000,"2018-02-08","MLPT"
29.2000007629395,30.7999992370605,29.2000007629395,30.7999992370605,240000,"2018-02-09","MLPT"
29.2000007629395,30.7999992370605,28.7999992370605,30.7999992370605,162500,"2018-02-12","MLPT"
30.7999992370605,30.7999992370605,30.7999992370605,30.7999992370605,0,"2018-02-13","MLPT"
29.3999996185303,31.2000007629395,29.2000007629395,31.2000007629395,2240000,"2018-02-14","MLPT"
31.2000007629395,31.3999996185303,31,31.2000007629395,815000,"2018-02-15","MLPT"
31.2000007629395,31.2000007629395,31.2000007629395,31.2000007629395,0,"2018-02-16","MLPT"
31.2000007629395,32,31,31.2000007629395,1395000,"2018-02-19","MLPT"
31.2000007629395,31.2000007629395,31.2000007629395,31.2000007629395,55000,"2018-02-20","MLPT"
31.2000007629395,31.2000007629395,31.2000007629395,31.2000007629395,0,"2018-02-21","MLPT"
30.3999996185303,30.3999996185303,29.6000003814697,29.6000003814697,25000,"2018-02-22","MLPT"
29.6000003814697,29.6000003814697,29.6000003814697,29.6000003814697,0,"2018-02-23","MLPT"
32,32,29.6000003814697,29.6000003814697,30000,"2018-02-26","MLPT"
29.6000003814697,29.6000003814697,29.6000003814697,29.6000003814697,15000,"2018-02-27","MLPT"
29.6000003814697,29.6000003814697,29.6000003814697,29.6000003814697,0,"2018-02-28","MLPT"
29.6000003814697,29.6000003814697,29.6000003814697,29.6000003814697,0,"2018-03-01","MLPT"
29.6000003814697,29.6000003814697,29.6000003814697,29.6000003814697,0,"2018-03-02","MLPT"
26.2000007629395,31.6000003814697,26.2000007629395,31.6000003814697,60000,"2018-03-05","MLPT"
29.6000003814697,29.6000003814697,27.7999992370605,28,1567500,"2018-03-06","MLPT"
28,28,26.7999992370605,28,205000,"2018-03-07","MLPT"
28,28,28,28,0,"2018-03-08","MLPT"
28,28,28,28,0,"2018-03-09","MLPT"
28,28,28,28,0,"2018-03-12","MLPT"
28,28,28,28,12500,"2018-03-13","MLPT"
28,28,28,28,0,"2018-03-14","MLPT"
26,29.2000007629395,26,28.3999996185303,27500,"2018-03-15","MLPT"
28,28,24.3999996185303,24.3999996185303,27500,"2018-03-16","MLPT"
29,29,24.6000003814697,27.2000007629395,32500,"2018-03-19","MLPT"
27.2000007629395,27.7999992370605,27.2000007629395,27.7999992370605,15000,"2018-03-20","MLPT"
28.2000007629395,28.2000007629395,26,26.7999992370605,87500,"2018-03-21","MLPT"
24.7999992370605,25.3999996185303,24.7999992370605,25.3999996185303,5000,"2018-03-22","MLPT"
28.6000003814697,28.6000003814697,28.6000003814697,28.6000003814697,5000,"2018-03-23","MLPT"
22,22,22,22,2500,"2018-03-26","MLPT"
22.6000003814697,22.6000003814697,22.6000003814697,22.6000003814697,2500,"2018-03-27","MLPT"
22.6000003814697,22.6000003814697,22.6000003814697,22.6000003814697,0,"2018-03-28","MLPT"
22.6000003814697,22.6000003814697,22.6000003814697,22.6000003814697,0,"2018-03-29","MLPT"
22.6000003814697,22.6000003814697,22.6000003814697,22.6000003814697,0,"2018-03-30","MLPT"
22.6000003814697,27.7999992370605,22.6000003814697,26.7999992370605,585000,"2018-04-02","MLPT"
26.2000007629395,30,24.2000007629395,28.7999992370605,92500,"2018-04-03","MLPT"
28.7999992370605,28.7999992370605,27.6000003814697,27.6000003814697,265000,"2018-04-04","MLPT"
27.6000003814697,27.6000003814697,27.6000003814697,27.6000003814697,5000,"2018-04-05","MLPT"
27.6000003814697,27.6000003814697,27.6000003814697,27.6000003814697,0,"2018-04-06","MLPT"
27.6000003814697,27.6000003814697,22,27.2000007629395,37500,"2018-04-09","MLPT"
24,27,24,27,90000,"2018-04-10","MLPT"
24.2000007629395,26,22,25.6000003814697,47500,"2018-04-11","MLPT"
22.3999996185303,27.6000003814697,22.3999996185303,26.7999992370605,110000,"2018-04-12","MLPT"
26,27.2000007629395,26,27.2000007629395,45000,"2018-04-13","MLPT"
27.2000007629395,27.2000007629395,27.2000007629395,27.2000007629395,0,"2018-04-16","MLPT"
27.2000007629395,27.2000007629395,27.2000007629395,27.2000007629395,0,"2018-04-17","MLPT"
27.6000003814697,28.3999996185303,27.6000003814697,28.3999996185303,10000,"2018-04-18","MLPT"
28.3999996185303,28.3999996185303,28.3999996185303,28.3999996185303,0,"2018-04-19","MLPT"
28.3999996185303,28.3999996185303,28.3999996185303,28.3999996185303,0,"2018-04-20","MLPT"
31.7999992370605,31.7999992370605,28.3999996185303,28.3999996185303,7500,"2018-04-23","MLPT"
32,32,32,32,2500,"2018-04-24","MLPT"
32,32,32,32,0,"2018-04-25","MLPT"
32,32,32,32,0,"2018-04-26","MLPT"
32,32,32,32,0,"2018-04-27","MLPT"
27.7999992370605,29.7999992370605,27.3999996185303,29.3999996185303,917500,"2018-04-30","MLPT"
29.3999996185303,29.3999996185303,29.3999996185303,29.3999996185303,0,"2018-05-01","MLPT"
25,29.3999996185303,25,29.3999996185303,545000,"2018-05-02","MLPT"
25,26,25,26,10000,"2018-05-03","MLPT"
26,26,26,26,0,"2018-05-04","MLPT"
26.3999996185303,26.3999996185303,24.7999992370605,26.3999996185303,82500,"2018-05-07","MLPT"
26.2000007629395,32,24.7999992370605,31.3999996185303,290000,"2018-05-08","MLPT"
31,32,31,32,485000,"2018-05-09","MLPT"
32,32,32,32,0,"2018-05-10","MLPT"
25.2000007629395,32,25.2000007629395,28,15000,"2018-05-11","MLPT"
28.2000007629395,28.2000007629395,28.2000007629395,28.2000007629395,17500,"2018-05-14","MLPT"
28.2000007629395,28.2000007629395,28.2000007629395,28.2000007629395,5000,"2018-05-15","MLPT"
28.3999996185303,28.3999996185303,28.3999996185303,28.3999996185303,7500,"2018-05-16","MLPT"
28.3999996185303,28.3999996185303,28.3999996185303,28.3999996185303,0,"2018-05-17","MLPT"
28.3999996185303,28.3999996185303,28.3999996185303,28.3999996185303,0,"2018-05-18","MLPT"
30,30,30,30,7500,"2018-05-21","MLPT"
30,30,30,30,0,"2018-05-22","MLPT"
28,28,28,28,2500,"2018-05-23","MLPT"
28,30.7999992370605,26.3999996185303,30.7999992370605,195000,"2018-05-24","MLPT"
30.7999992370605,30.7999992370605,30.7999992370605,30.7999992370605,0,"2018-05-25","MLPT"
32,32,30.7999992370605,30.7999992370605,12500,"2018-05-28","MLPT"
30.7999992370605,30.7999992370605,30.7999992370605,30.7999992370605,0,"2018-05-29","MLPT"
30.7999992370605,30.7999992370605,30.7999992370605,30.7999992370605,0,"2018-05-30","MLPT"
30.7999992370605,30.7999992370605,30.7999992370605,30.7999992370605,0,"2018-05-31","MLPT"
30.7999992370605,30.7999992370605,30.7999992370605,30.7999992370605,0,"2018-06-01","MLPT"
30.7999992370605,30.7999992370605,30.7999992370605,30.7999992370605,0,"2018-06-04","MLPT"
30.7999992370605,30.7999992370605,30.7999992370605,30.7999992370605,0,"2018-06-05","MLPT"
30.7999992370605,30.7999992370605,30.7999992370605,30.7999992370605,0,"2018-06-06","MLPT"
30.3999996185303,32,25.6000003814697,32,2165000,"2018-06-07","MLPT"
27.3999996185303,31.2000007629395,27.3999996185303,31.2000007629395,377500,"2018-06-08","MLPT"
31.2000007629395,31.2000007629395,31.2000007629395,31.2000007629395,0,"2018-06-11","MLPT"
31.2000007629395,31.2000007629395,31.2000007629395,31.2000007629395,0,"2018-06-12","MLPT"
31.2000007629395,31.2000007629395,31.2000007629395,31.2000007629395,0,"2018-06-13","MLPT"
31.2000007629395,31.2000007629395,31.2000007629395,31.2000007629395,0,"2018-06-14","MLPT"
31.2000007629395,31.2000007629395,31.2000007629395,31.2000007629395,0,"2018-06-15","MLPT"
31.2000007629395,31.2000007629395,31.2000007629395,31.2000007629395,0,"2018-06-18","MLPT"
31.2000007629395,31.2000007629395,31.2000007629395,31.2000007629395,0,"2018-06-19","MLPT"
31.2000007629395,34,28,34,1577500,"2018-06-20","MLPT"
33.7999992370605,34,28.6000003814697,34,1645000,"2018-06-21","MLPT"
30.6000003814697,33.5999984741211,30,32,1287500,"2018-06-22","MLPT"
24,32,24,32,245000,"2018-06-25","MLPT"
32.2000007629395,36.7999992370605,31.7999992370605,32,157500,"2018-06-26","MLPT"
30.3999996185303,37,28.7999992370605,33.5999984741211,37500,"2018-06-27","MLPT"
33.5999984741211,33.5999984741211,33.5999984741211,33.5999984741211,0,"2018-06-28","MLPT"
37,37,30.6000003814697,37,515000,"2018-06-29","MLPT"
36,36.4000015258789,36,36.4000015258789,7500,"2018-07-02","MLPT"
30,30.3999996185303,30,30.3999996185303,15000,"2018-07-03","MLPT"
30.3999996185303,30.3999996185303,30.3999996185303,30.3999996185303,0,"2018-07-04","MLPT"
30.3999996185303,30.3999996185303,30.3999996185303,30.3999996185303,0,"2018-07-05","MLPT"
30.3999996185303,30.3999996185303,30.3999996185303,30.3999996185303,0,"2018-07-06","MLPT"
30.3999996185303,30.3999996185303,30.3999996185303,30.3999996185303,0,"2018-07-09","MLPT"
30.3999996185303,30.3999996185303,30.3999996185303,30.3999996185303,27500,"2018-07-10","MLPT"
33.5999984741211,37,33.5999984741211,37,32500,"2018-07-11","MLPT"
30,30.3999996185303,30,30.3999996185303,5000,"2018-07-12","MLPT"
37,37,36.4000015258789,36.4000015258789,520000,"2018-07-13","MLPT"
27.6000003814697,27.6000003814697,27.6000003814697,27.6000003814697,2500,"2018-07-16","MLPT"
27.6000003814697,27.6000003814697,27.6000003814697,27.6000003814697,0,"2018-07-17","MLPT"
27.6000003814697,27.6000003814697,27.6000003814697,27.6000003814697,0,"2018-07-18","MLPT"
27.6000003814697,27.6000003814697,27.6000003814697,27.6000003814697,0,"2018-07-19","MLPT"
27.6000003814697,27.6000003814697,27.6000003814697,27.6000003814697,0,"2018-07-20","MLPT"
27.6000003814697,27.6000003814697,27.6000003814697,27.6000003814697,0,"2018-07-23","MLPT"
27.6000003814697,27.6000003814697,27.6000003814697,27.6000003814697,0,"2018-07-24","MLPT"
28.3999996185303,34.7999992370605,28.3999996185303,34.7999992370605,550000,"2018-07-25","MLPT"
34.7999992370605,37,28,29,297500,"2018-07-26","MLPT"
30,36,29.7999992370605,36,1285000,"2018-07-27","MLPT"
36,36,30.2000007629395,32.4000015258789,457500,"2018-07-30","MLPT"
32.4000015258789,36,30,35.5999984741211,355000,"2018-07-31","MLPT"
35.5999984741211,35.5999984741211,35.5999984741211,35.5999984741211,0,"2018-08-01","MLPT"
30.2000007629395,33.7999992370605,30.2000007629395,31,175000,"2018-08-02","MLPT"
31,31,31,31,0,"2018-08-03","MLPT"
33,33,30,30.2000007629395,515000,"2018-08-06","MLPT"
31.6000003814697,31.6000003814697,31.2000007629395,31.3999996185303,22500,"2018-08-07","MLPT"
28.6000003814697,30.7999992370605,28.6000003814697,29.3999996185303,220000,"2018-08-08","MLPT"
32,32,30,31.7999992370605,10000,"2018-08-09","MLPT"
31.7999992370605,31.7999992370605,31.7999992370605,31.7999992370605,0,"2018-08-10","MLPT"
32.4000015258789,32.4000015258789,32.4000015258789,32.4000015258789,2500,"2018-08-13","MLPT"
32.4000015258789,32.4000015258789,32.4000015258789,32.4000015258789,0,"2018-08-14","MLPT"
32.4000015258789,32.4000015258789,32.4000015258789,32.4000015258789,0,"2018-08-15","MLPT"
28.3999996185303,31,26.7999992370605,30.3999996185303,90000,"2018-08-16","MLPT"
30.3999996185303,30.3999996185303,30.3999996185303,30.3999996185303,0,"2018-08-17","MLPT"
31.3999996185303,31.3999996185303,31.2000007629395,31.2000007629395,5000,"2018-08-20","MLPT"
31.2000007629395,31.2000007629395,31.2000007629395,31.2000007629395,0,"2018-08-21","MLPT"
31.2000007629395,31.2000007629395,31.2000007629395,31.2000007629395,0,"2018-08-22","MLPT"
31.2000007629395,31.2000007629395,31.2000007629395,31.2000007629395,0,"2018-08-23","MLPT"
31.2000007629395,31.2000007629395,31.2000007629395,31.2000007629395,0,"2018-08-24","MLPT"
31.2000007629395,31.2000007629395,31.2000007629395,31.2000007629395,0,"2018-08-27","MLPT"
31.3999996185303,37,31.3999996185303,35.2000007629395,197500,"2018-08-28","MLPT"
35.2000007629395,35.2000007629395,35.2000007629395,35.2000007629395,0,"2018-08-29","MLPT"
35.2000007629395,35.2000007629395,28.7999992370605,35.2000007629395,47500,"2018-08-30","MLPT"
35.2000007629395,35.2000007629395,35.2000007629395,35.2000007629395,0,"2018-08-31","MLPT"
35.2000007629395,35.2000007629395,35.2000007629395,35.2000007629395,0,"2018-09-03","MLPT"
35.2000007629395,35.2000007629395,35.2000007629395,35.2000007629395,0,"2018-09-04","MLPT"
35.2000007629395,35.2000007629395,35.2000007629395,35.2000007629395,0,"2018-09-05","MLPT"
35.2000007629395,35.2000007629395,35.2000007629395,35.2000007629395,0,"2018-09-06","MLPT"
35.2000007629395,35.2000007629395,35.2000007629395,35.2000007629395,0,"2018-09-07","MLPT"
35.2000007629395,35.2000007629395,35.2000007629395,35.2000007629395,0,"2018-09-10","MLPT"
35.2000007629395,35.2000007629395,35.2000007629395,35.2000007629395,0,"2018-09-11","MLPT"
35.2000007629395,35.2000007629395,35.2000007629395,35.2000007629395,0,"2018-09-12","MLPT"
35.2000007629395,35.2000007629395,35.2000007629395,35.2000007629395,0,"2018-09-13","MLPT"
35.2000007629395,35.2000007629395,35.2000007629395,35.2000007629395,0,"2018-09-14","MLPT"
35.2000007629395,35.2000007629395,35.2000007629395,35.2000007629395,0,"2018-09-17","MLPT"
35.2000007629395,35.2000007629395,35.2000007629395,35.2000007629395,0,"2018-09-18","MLPT"
35.2000007629395,35.2000007629395,35.2000007629395,35.2000007629395,0,"2018-09-19","MLPT"
35.2000007629395,35.2000007629395,35.2000007629395,35.2000007629395,0,"2018-09-20","MLPT"
35.2000007629395,35.2000007629395,35.2000007629395,35.2000007629395,0,"2018-09-21","MLPT"
35.2000007629395,35.2000007629395,35.2000007629395,35.2000007629395,0,"2018-09-24","MLPT"
35.2000007629395,35.2000007629395,35.2000007629395,35.2000007629395,0,"2018-09-25","MLPT"
35.2000007629395,35.2000007629395,35.2000007629395,35.2000007629395,0,"2018-09-26","MLPT"
35.2000007629395,35.2000007629395,35.2000007629395,35.2000007629395,0,"2018-09-27","MLPT"
35.2000007629395,35.2000007629395,35.2000007629395,35.2000007629395,0,"2018-09-28","MLPT"
35.2000007629395,35.2000007629395,35.2000007629395,35.2000007629395,0,"2018-10-01","MLPT"
35.2000007629395,35.2000007629395,35.2000007629395,35.2000007629395,0,"2018-10-02","MLPT"
35.2000007629395,35.2000007629395,35.2000007629395,35.2000007629395,0,"2018-10-03","MLPT"
35.2000007629395,35.2000007629395,35.2000007629395,35.2000007629395,0,"2018-10-04","MLPT"
35.2000007629395,35.2000007629395,35.2000007629395,35.2000007629395,0,"2018-10-05","MLPT"
35.2000007629395,35.2000007629395,35.2000007629395,35.2000007629395,0,"2018-10-08","MLPT"
35.2000007629395,35.2000007629395,35.2000007629395,35.2000007629395,0,"2018-10-09","MLPT"
35.2000007629395,35.2000007629395,35.2000007629395,35.2000007629395,0,"2018-10-10","MLPT"
35.2000007629395,35.2000007629395,35.2000007629395,35.2000007629395,0,"2018-10-11","MLPT"
35.2000007629395,35.2000007629395,35.2000007629395,35.2000007629395,0,"2018-10-12","MLPT"
35.2000007629395,35.2000007629395,35.2000007629395,35.2000007629395,0,"2018-10-15","MLPT"
24.2000007629395,31,24.2000007629395,30.6000003814697,62500,"2018-10-16","MLPT"
30.6000003814697,30.6000003814697,30.6000003814697,30.6000003814697,0,"2018-10-17","MLPT"
30.6000003814697,30.6000003814697,30.6000003814697,30.6000003814697,0,"2018-10-18","MLPT"
30.6000003814697,30.6000003814697,30.6000003814697,30.6000003814697,0,"2018-10-19","MLPT"
30.6000003814697,30.6000003814697,30.6000003814697,30.6000003814697,0,"2018-10-22","MLPT"
29.7999992370605,36.7999992370605,29.7999992370605,36,220000,"2018-10-23","MLPT"
28.7999992370605,39,28.7999992370605,39,590000,"2018-10-24","MLPT"
30.3999996185303,40,30.3999996185303,39.7999992370605,217500,"2018-10-25","MLPT"
30,36,30,36,4870000,"2018-10-26","MLPT"
30.6000003814697,32.7999992370605,30.2000007629395,32.5999984741211,2660000,"2018-10-29","MLPT"
30.6000003814697,40,30.6000003814697,40,1310000,"2018-10-30","MLPT"
32.5999984741211,33.5999984741211,31.3999996185303,31.3999996185303,5512500,"2018-10-31","MLPT"
30.6000003814697,32.5999984741211,30.6000003814697,31.3999996185303,1582500,"2018-11-01","MLPT"
30.7999992370605,31.7999992370605,30.3999996185303,31.6000003814697,1155000,"2018-11-02","MLPT"
30.7999992370605,31.6000003814697,23.7999992370605,23.7999992370605,2245000,"2018-11-05","MLPT"
27.7999992370605,29.2000007629395,26.7999992370605,29.2000007629395,1930000,"2018-11-06","MLPT"
29.2000007629395,32.5999984741211,29.2000007629395,32.4000015258789,2707500,"2018-11-07","MLPT"
32,33.5999984741211,32,33.5999984741211,2197500,"2018-11-08","MLPT"
33.2000007629395,33.2000007629395,32.2000007629395,33.2000007629395,1367500,"2018-11-09","MLPT"
31.7999992370605,32.7999992370605,31.7999992370605,32.7999992370605,885000,"2018-11-12","MLPT"
31.2000007629395,33.5999984741211,31.2000007629395,33.2000007629395,962500,"2018-11-13","MLPT"
32,34.7999992370605,32,34.7999992370605,1150000,"2018-11-14","MLPT"
32.2000007629395,35.5999984741211,32.2000007629395,35.5999984741211,240000,"2018-11-15","MLPT"
36,36,33.4000015258789,33.4000015258789,367500,"2018-11-16","MLPT"
32.4000015258789,35.5999984741211,32.4000015258789,35.5999984741211,130000,"2018-11-19","MLPT"
35.5999984741211,35.5999984741211,35.5999984741211,35.5999984741211,0,"2018-11-20","MLPT"
35.4000015258789,35.5999984741211,33,33.2000007629395,112500,"2018-11-21","MLPT"
33.2000007629395,33.2000007629395,33.2000007629395,33.2000007629395,0,"2018-11-22","MLPT"
32.4000015258789,32.4000015258789,32.4000015258789,32.4000015258789,5000,"2018-11-23","MLPT"
30.3999996185303,32,30.3999996185303,32,92500,"2018-11-26","MLPT"
30,31.7999992370605,26.7999992370605,29,1982500,"2018-11-27","MLPT"
28,31.2000007629395,28,31.2000007629395,35000,"2018-11-28","MLPT"
28,31.6000003814697,28,31.6000003814697,135000,"2018-11-29","MLPT"
28.7999992370605,30.3999996185303,28.7999992370605,30.3999996185303,252500,"2018-11-30","MLPT"
30.3999996185303,34,30.3999996185303,34,150000,"2018-12-03","MLPT"
35.2000007629395,35.2000007629395,35.2000007629395,35.2000007629395,50000,"2018-12-04","MLPT"
34,36,32.4000015258789,36,152500,"2018-12-05","MLPT"
32,36,32,36,255000,"2018-12-06","MLPT"
36,36,36,36,125000,"2018-12-07","MLPT"
36,36,36,36,0,"2018-12-10","MLPT"
36,36.4000015258789,32.4000015258789,36.4000015258789,260000,"2018-12-11","MLPT"
36.4000015258789,36.4000015258789,36.4000015258789,36.4000015258789,0,"2018-12-12","MLPT"
36.4000015258789,36.4000015258789,36.4000015258789,36.4000015258789,0,"2018-12-13","MLPT"
36.4000015258789,36.4000015258789,36.4000015258789,36.4000015258789,0,"2018-12-14","MLPT"
36.4000015258789,36.4000015258789,36.4000015258789,36.4000015258789,0,"2018-12-17","MLPT"
33.2000007629395,36.4000015258789,33.2000007629395,36.4000015258789,52500,"2018-12-18","MLPT"
36.4000015258789,36.4000015258789,36.4000015258789,36.4000015258789,0,"2018-12-19","MLPT"
34.4000015258789,36.7999992370605,34.4000015258789,36.7999992370605,127500,"2018-12-20","MLPT"
36.7999992370605,36.7999992370605,36.7999992370605,36.7999992370605,0,"2018-12-21","MLPT"
36.7999992370605,36.7999992370605,36.7999992370605,36.7999992370605,0,"2018-12-24","MLPT"
36.7999992370605,36.7999992370605,36.7999992370605,36.7999992370605,0,"2018-12-25","MLPT"
36.7999992370605,36.7999992370605,36.7999992370605,36.7999992370605,0,"2018-12-26","MLPT"
36.7999992370605,36.7999992370605,36.7999992370605,36.7999992370605,0,"2018-12-27","MLPT"
36.7999992370605,36.7999992370605,36.7999992370605,36.7999992370605,0,"2018-12-28","MLPT"
36.7999992370605,36.7999992370605,36.7999992370605,36.7999992370605,0,"2018-12-31","MLPT"
36.7999992370605,36.7999992370605,36.7999992370605,36.7999992370605,0,"2019-01-01","MLPT"
36.7999992370605,36.7999992370605,36.7999992370605,36.7999992370605,0,"2019-01-02","MLPT"
36.7999992370605,36.7999992370605,36.7999992370605,36.7999992370605,0,"2019-01-03","MLPT"
36.5999984741211,36.5999984741211,36.5999984741211,36.5999984741211,30000,"2019-01-04","MLPT"
35.5999984741211,36,31.3999996185303,36,67500,"2019-01-07","MLPT"
36,36,36,36,0,"2019-01-08","MLPT"
36.4000015258789,36.4000015258789,36.4000015258789,36.4000015258789,25000,"2019-01-09","MLPT"
36.4000015258789,36.4000015258789,36.4000015258789,36.4000015258789,0,"2019-01-10","MLPT"
28.7999992370605,28.7999992370605,28.7999992370605,28.7999992370605,5000,"2019-01-11","MLPT"
28.7999992370605,28.7999992370605,28.7999992370605,28.7999992370605,0,"2019-01-14","MLPT"
30.3999996185303,30.7999992370605,30.3999996185303,30.7999992370605,7500,"2019-01-15","MLPT"
30.7999992370605,31,30.7999992370605,31,42500,"2019-01-16","MLPT"
31.3999996185303,36,30.7999992370605,30.7999992370605,132500,"2019-01-17","MLPT"
30.7999992370605,38.2000007629395,30.7999992370605,34.5999984741211,57500,"2019-01-18","MLPT"
43,43,31.2000007629395,34,645000,"2019-01-21","MLPT"
42.2000007629395,42.2000007629395,34,41.2000007629395,190000,"2019-01-22","MLPT"
41.2000007629395,41.2000007629395,41.2000007629395,41.2000007629395,0,"2019-01-23","MLPT"
41.2000007629395,41.2000007629395,41.2000007629395,41.2000007629395,0,"2019-01-24","MLPT"
43.2000007629395,43.2000007629395,42.2000007629395,42.2000007629395,5000,"2019-01-25","MLPT"
42.4000015258789,44,41.7999992370605,41.7999992370605,10000,"2019-01-28","MLPT"
41.7999992370605,41.7999992370605,41.7999992370605,41.7999992370605,0,"2019-01-29","MLPT"
42.4000015258789,48,32.4000015258789,36,137500,"2019-01-30","MLPT"
36,36.2000007629395,36,36.2000007629395,1207500,"2019-01-31","MLPT"
36.2000007629395,36.2000007629395,32,32,10000,"2019-02-01","MLPT"
32,32,32,32,0,"2019-02-04","MLPT"
32,32,32,32,0,"2019-02-05","MLPT"
33.7999992370605,33.7999992370605,32,32,7500,"2019-02-06","MLPT"
31.2000007629395,32,31.2000007629395,32,20000,"2019-02-07","MLPT"
33.2000007629395,33.2000007629395,32.2000007629395,32.4000015258789,37500,"2019-02-08","MLPT"
32.4000015258789,32.4000015258789,32.4000015258789,32.4000015258789,0,"2019-02-11","MLPT"
30,32,30,32,65000,"2019-02-12","MLPT"
32,32,32,32,0,"2019-02-13","MLPT"
32,32,32,32,0,"2019-02-14","MLPT"
32,32,32,32,0,"2019-02-15","MLPT"
32,32,32,32,0,"2019-02-18","MLPT"
32,32,32,32,0,"2019-02-19","MLPT"
32,32,32,32,0,"2019-02-20","MLPT"
32,32,32,32,0,"2019-02-21","MLPT"
34,34,34,34,37500,"2019-02-22","MLPT"
34,36,32,36,52500,"2019-02-25","MLPT"
35.5999984741211,35.5999984741211,34.2000007629395,34.2000007629395,87500,"2019-02-26","MLPT"
34.2000007629395,34.2000007629395,34.2000007629395,34.2000007629395,0,"2019-02-27","MLPT"
34.2000007629395,34.2000007629395,34.2000007629395,34.2000007629395,0,"2019-02-28","MLPT"
34.2000007629395,34.2000007629395,34.2000007629395,34.2000007629395,0,"2019-03-01","MLPT"
34.2000007629395,34.2000007629395,34.2000007629395,34.2000007629395,0,"2019-03-04","MLPT"
26,36.5999984741211,26,36.5999984741211,147500,"2019-03-05","MLPT"
36.5999984741211,36.5999984741211,36.5999984741211,36.5999984741211,0,"2019-03-06","MLPT"
36.5999984741211,36.5999984741211,36.5999984741211,36.5999984741211,0,"2019-03-07","MLPT"
36.5999984741211,36.5999984741211,36.5999984741211,36.5999984741211,0,"2019-03-08","MLPT"
36.5999984741211,36.5999984741211,36.5999984741211,36.5999984741211,0,"2019-03-11","MLPT"
36.5999984741211,36.5999984741211,36.5999984741211,36.5999984741211,0,"2019-03-12","MLPT"
36.5999984741211,36.5999984741211,36.5999984741211,36.5999984741211,0,"2019-03-13","MLPT"
36.5999984741211,36.5999984741211,36.5999984741211,36.5999984741211,0,"2019-03-14","MLPT"
36.5999984741211,36.5999984741211,36.5999984741211,36.5999984741211,0,"2019-03-15","MLPT"
36.4000015258789,45.4000015258789,30.3999996185303,45.4000015258789,110000,"2019-03-18","MLPT"
46,56.5999984741211,45.5999984741211,56.5999984741211,267500,"2019-03-19","MLPT"
56.5999984741211,56.5999984741211,56.5999984741211,56.5999984741211,0,"2019-03-20","MLPT"
56.5999984741211,56.5999984741211,56.5999984741211,56.5999984741211,0,"2019-03-21","MLPT"
56.5999984741211,56.5999984741211,56.5999984741211,56.5999984741211,0,"2019-03-22","MLPT"
56.5999984741211,56.5999984741211,56.5999984741211,56.5999984741211,0,"2019-03-25","MLPT"
56.5999984741211,56.5999984741211,56.5999984741211,56.5999984741211,0,"2019-03-26","MLPT"
56.5999984741211,56.5999984741211,56.5999984741211,56.5999984741211,0,"2019-03-27","MLPT"
56.5999984741211,56.5999984741211,56.5999984741211,56.5999984741211,0,"2019-03-28","MLPT"
56.5999984741211,56.5999984741211,56.5999984741211,56.5999984741211,0,"2019-03-29","MLPT"
56.5999984741211,56.5999984741211,56.5999984741211,56.5999984741211,0,"2019-04-01","MLPT"
56.5999984741211,56.5999984741211,56.5999984741211,56.5999984741211,0,"2019-04-02","MLPT"
56.5999984741211,56.5999984741211,56.5999984741211,56.5999984741211,0,"2019-04-03","MLPT"
55.2000007629395,55.2000007629395,55.2000007629395,55.2000007629395,125000,"2019-04-04","MLPT"
55.2000007629395,55.2000007629395,55.2000007629395,55.2000007629395,0,"2019-04-05","MLPT"
55.2000007629395,55.2000007629395,55.2000007629395,55.2000007629395,0,"2019-04-08","MLPT"
55.2000007629395,55.2000007629395,55.2000007629395,55.2000007629395,0,"2019-04-09","MLPT"
55.2000007629395,55.2000007629395,55.2000007629395,55.2000007629395,0,"2019-04-10","MLPT"
55.2000007629395,55.2000007629395,55.2000007629395,55.2000007629395,0,"2019-04-11","MLPT"
55.2000007629395,55.2000007629395,55.2000007629395,55.2000007629395,0,"2019-04-12","MLPT"
53.5999984741211,53.5999984741211,53.5999984741211,53.5999984741211,2500,"2019-04-15","MLPT"
53.5999984741211,53.5999984741211,53.5999984741211,53.5999984741211,0,"2019-04-16","MLPT"
53.5999984741211,53.5999984741211,53.5999984741211,53.5999984741211,0,"2019-04-17","MLPT"
52,52,48,48,5000,"2019-04-18","MLPT"
48,48,48,48,0,"2019-04-19","MLPT"
48,48,48,48,0,"2019-04-22","MLPT"
48,48,48,48,0,"2019-04-23","MLPT"
48,48,48,48,0,"2019-04-24","MLPT"
48,48,48,48,0,"2019-04-25","MLPT"
48,48,36.7999992370605,36.7999992370605,5000,"2019-04-26","MLPT"
36.7999992370605,38,36.7999992370605,36.7999992370605,65000,"2019-04-29","MLPT"
36,36,34,36,25000,"2019-04-30","MLPT"
36,36,36,36,0,"2019-05-01","MLPT"
36,36,34.4000015258789,35.5999984741211,37500,"2019-05-02","MLPT"
35.5999984741211,35.5999984741211,35.5999984741211,35.5999984741211,2500,"2019-05-03","MLPT"
35.5999984741211,35.5999984741211,35.5999984741211,35.5999984741211,102500,"2019-05-06","MLPT"
35.5999984741211,35.5999984741211,35,35.5999984741211,2e+05,"2019-05-07","MLPT"
35,35,30,30.6000003814697,120000,"2019-05-08","MLPT"
30.6000003814697,30.6000003814697,30.6000003814697,30.6000003814697,2500,"2019-05-09","MLPT"
30.7999992370605,30.7999992370605,30.7999992370605,30.7999992370605,95000,"2019-05-10","MLPT"
30.3999996185303,35.5999984741211,30.3999996185303,35.5999984741211,7500,"2019-05-13","MLPT"
35,35,35,35,2500,"2019-05-14","MLPT"
34.4000015258789,34.4000015258789,34.4000015258789,34.4000015258789,5000,"2019-05-15","MLPT"
33.5999984741211,33.5999984741211,31,33.5999984741211,30000,"2019-05-16","MLPT"
33.5999984741211,33.5999984741211,33.5999984741211,33.5999984741211,0,"2019-05-17","MLPT"
33.5999984741211,33.5999984741211,33.5999984741211,33.5999984741211,0,"2019-05-20","MLPT"
33.5999984741211,33.5999984741211,33.5999984741211,33.5999984741211,0,"2019-05-21","MLPT"
33.5999984741211,33.5999984741211,33.5999984741211,33.5999984741211,0,"2019-05-22","MLPT"
33.5999984741211,33.5999984741211,33.5999984741211,33.5999984741211,0,"2019-05-23","MLPT"
33,33,33,33,37500,"2019-05-24","MLPT"
33,33,33,33,0,"2019-05-27","MLPT"
35.4000015258789,35.4000015258789,33.2000007629395,33.2000007629395,20000,"2019-05-28","MLPT"
33.2000007629395,33.2000007629395,33.2000007629395,33.2000007629395,7500,"2019-05-29","MLPT"
33.2000007629395,33.2000007629395,33.2000007629395,33.2000007629395,0,"2019-05-30","MLPT"
33.2000007629395,33.2000007629395,33.2000007629395,33.2000007629395,0,"2019-05-31","MLPT"
33.2000007629395,33.2000007629395,33.2000007629395,33.2000007629395,0,"2019-06-03","MLPT"
33.2000007629395,33.2000007629395,33.2000007629395,33.2000007629395,0,"2019-06-04","MLPT"
33.2000007629395,33.2000007629395,33.2000007629395,33.2000007629395,0,"2019-06-05","MLPT"
33.2000007629395,33.2000007629395,33.2000007629395,33.2000007629395,0,"2019-06-06","MLPT"
33.2000007629395,33.2000007629395,33.2000007629395,33.2000007629395,0,"2019-06-07","MLPT"
33.2000007629395,33.2000007629395,33.2000007629395,33.2000007629395,2500,"2019-06-10","MLPT"
31.2000007629395,33.2000007629395,31.2000007629395,32.7999992370605,15000,"2019-06-11","MLPT"
32.4000015258789,32.4000015258789,32,32,35000,"2019-06-12","MLPT"
30,30,30,30,2500,"2019-06-13","MLPT"
30,30,30,30,0,"2019-06-14","MLPT"
30,30,30,30,10000,"2019-06-17","MLPT"
30,30,30,30,0,"2019-06-18","MLPT"
30,30,30,30,0,"2019-06-19","MLPT"
26.3999996185303,28,26.3999996185303,28,5000,"2019-06-20","MLPT"
28,28,28,28,0,"2019-06-21","MLPT"
28,28,28,28,7500,"2019-06-24","MLPT"
28,28,28,28,0,"2019-06-25","MLPT"
28.6000003814697,28.6000003814697,28,28,510000,"2019-06-26","MLPT"
30,30,28,28,1380000,"2019-06-27","MLPT"
28,28,28,28,0,"2019-06-28","MLPT"
28,28,28,28,27500,"2019-07-01","MLPT"
31,31,28,28,360000,"2019-07-02","MLPT"
30,30,29.6000003814697,29.6000003814697,25000,"2019-07-03","MLPT"
31,31,27.2000007629395,27.6000003814697,477500,"2019-07-04","MLPT"
27.6000003814697,27.6000003814697,27.6000003814697,27.6000003814697,0,"2019-07-05","MLPT"
27.6000003814697,27.6000003814697,27.6000003814697,27.6000003814697,0,"2019-07-08","MLPT"
27.6000003814697,27.6000003814697,27.6000003814697,27.6000003814697,0,"2019-07-09","MLPT"
27.6000003814697,27.6000003814697,27.6000003814697,27.6000003814697,0,"2019-07-10","MLPT"
27.6000003814697,27.6000003814697,27.6000003814697,27.6000003814697,0,"2019-07-11","MLPT"
20.7999992370605,27.6000003814697,20.7999992370605,27.3999996185303,117500,"2019-07-12","MLPT"
22.3999996185303,26.7999992370605,22.3999996185303,26.7999992370605,10000,"2019-07-15","MLPT"
28,28,28,28,2500,"2019-07-16","MLPT"
28,28,28,28,0,"2019-07-17","MLPT"
28,28,28,28,0,"2019-07-18","MLPT"
28,28,28,28,0,"2019-07-19","MLPT"
28,28,28,28,0,"2019-07-22","MLPT"
29.7999992370605,29.7999992370605,27.6000003814697,27.6000003814697,17500,"2019-07-23","MLPT"
28,29,22.2000007629395,24,72500,"2019-07-24","MLPT"
24,27.6000003814697,24,27.6000003814697,30000,"2019-07-25","MLPT"
27.6000003814697,27.6000003814697,27.6000003814697,27.6000003814697,0,"2019-07-26","MLPT"
27.6000003814697,27.6000003814697,27.6000003814697,27.6000003814697,0,"2019-07-29","MLPT"
27.6000003814697,27.6000003814697,27.6000003814697,27.6000003814697,0,"2019-07-30","MLPT"
28,28,28,28,2500,"2019-07-31","MLPT"
28,28,28,28,2500,"2019-08-01","MLPT"
28,28,28,28,0,"2019-08-02","MLPT"
28,28,28,28,0,"2019-08-05","MLPT"
21,21,21,21,2500,"2019-08-06","MLPT"
21,21,21,21,0,"2019-08-07","MLPT"
23.6000003814697,25.6000003814697,23.6000003814697,25.6000003814697,5000,"2019-08-08","MLPT"
28,28,27.6000003814697,27.6000003814697,7500,"2019-08-09","MLPT"
27.6000003814697,27.6000003814697,27.6000003814697,27.6000003814697,0,"2019-08-12","MLPT"
27.6000003814697,27.6000003814697,27.6000003814697,27.6000003814697,0,"2019-08-13","MLPT"
27.6000003814697,28.7999992370605,27.6000003814697,27.6000003814697,90000,"2019-08-14","MLPT"
27.6000003814697,27.6000003814697,27.6000003814697,27.6000003814697,0,"2019-08-15","MLPT"
27.6000003814697,27.6000003814697,27.6000003814697,27.6000003814697,0,"2019-08-16","MLPT"
27.6000003814697,27.6000003814697,25.6000003814697,27.6000003814697,10000,"2019-08-19","MLPT"
27.2000007629395,27.2000007629395,26,26,17500,"2019-08-20","MLPT"
26,26.7999992370605,26,26.7999992370605,15000,"2019-08-21","MLPT"
26.7999992370605,26.7999992370605,26.7999992370605,26.7999992370605,2500,"2019-08-22","MLPT"
26.7999992370605,26.7999992370605,26.7999992370605,26.7999992370605,0,"2019-08-23","MLPT"
26,26,26,26,50000,"2019-08-26","MLPT"
27.2000007629395,27.2000007629395,27.2000007629395,27.2000007629395,7500,"2019-08-27","MLPT"
27.2000007629395,28,27.2000007629395,27.6000003814697,85000,"2019-08-28","MLPT"
28,28,27.2000007629395,28,112500,"2019-08-29","MLPT"
28,28,28,28,27500,"2019-08-30","MLPT"
28,35,28,28,1105000,"2019-09-02","MLPT"
28,28,28,28,125000,"2019-09-03","MLPT"
28,28,28,28,0,"2019-09-04","MLPT"
28,28,28,28,2500,"2019-09-05","MLPT"
25.6000003814697,25.6000003814697,21,21,20000,"2019-09-06","MLPT"
21,21,21,21,0,"2019-09-09","MLPT"
24,24,24,24,2500,"2019-09-10","MLPT"
25.7999992370605,28,25.7999992370605,27,210000,"2019-09-11","MLPT"
27.6000003814697,28,27,27,292500,"2019-09-12","MLPT"
27,27,27,27,0,"2019-09-13","MLPT"
26.7999992370605,26.7999992370605,26.7999992370605,26.7999992370605,37500,"2019-09-16","MLPT"
26.7999992370605,26.7999992370605,26.7999992370605,26.7999992370605,0,"2019-09-17","MLPT"
26.7999992370605,26.7999992370605,26.7999992370605,26.7999992370605,0,"2019-09-18","MLPT"
26.7999992370605,26.7999992370605,26.7999992370605,26.7999992370605,0,"2019-09-19","MLPT"
28,28,28,28,70000,"2019-09-20","MLPT"
27.7999992370605,28,27.7999992370605,28,37500,"2019-09-23","MLPT"
28,28,28,28,0,"2019-09-24","MLPT"
28,28,28,28,0,"2019-09-25","MLPT"
28,28,28,28,0,"2019-09-26","MLPT"
28,28,28,28,0,"2019-09-27","MLPT"
28,28,28,28,0,"2019-09-30","MLPT"
28,28,28,28,5000,"2019-10-01","MLPT"
28,28,28,28,105000,"2019-10-02","MLPT"
28,28,28,28,0,"2019-10-03","MLPT"
28,28,28,28,0,"2019-10-04","MLPT"
28,28,28,28,0,"2019-10-07","MLPT"
27.7999992370605,27.7999992370605,24.3999996185303,27.6000003814697,32500,"2019-10-08","MLPT"
27.6000003814697,27.6000003814697,27.6000003814697,27.6000003814697,32500,"2019-10-09","MLPT"
27.6000003814697,27.6000003814697,27.6000003814697,27.6000003814697,17500,"2019-10-10","MLPT"
27.6000003814697,27.6000003814697,27.6000003814697,27.6000003814697,0,"2019-10-11","MLPT"
27.6000003814697,27.6000003814697,27.6000003814697,27.6000003814697,0,"2019-10-14","MLPT"
27.6000003814697,27.6000003814697,27.6000003814697,27.6000003814697,0,"2019-10-15","MLPT"
27.6000003814697,27.6000003814697,27.6000003814697,27.6000003814697,0,"2019-10-16","MLPT"
27.6000003814697,27.6000003814697,27.6000003814697,27.6000003814697,0,"2019-10-17","MLPT"
27.6000003814697,27.6000003814697,27.6000003814697,27.6000003814697,0,"2019-10-18","MLPT"
28,28,28,28,12500,"2019-10-21","MLPT"
28,28,28,28,5000,"2019-10-22","MLPT"
28,28,28,28,0,"2019-10-23","MLPT"
28,28,28,28,0,"2019-10-24","MLPT"
28,28,28,28,0,"2019-10-25","MLPT"
28,28,28,28,0,"2019-10-28","MLPT"
28,28,28,28,0,"2019-10-29","MLPT"
28,28,28,28,0,"2019-10-30","MLPT"
28,28,28,28,0,"2019-10-31","MLPT"
24,24,24,24,2500,"2019-11-01","MLPT"
24.7999992370605,24.7999992370605,24,24.7999992370605,335000,"2019-11-04","MLPT"
28,28,24.7999992370605,24.7999992370605,157500,"2019-11-05","MLPT"
24.7999992370605,26,24.7999992370605,26,70000,"2019-11-06","MLPT"
26,28,25,28,15000,"2019-11-07","MLPT"
28,28,28,28,0,"2019-11-08","MLPT"
28,28,28,28,0,"2019-11-11","MLPT"
28,28,28,28,2500,"2019-11-12","MLPT"
27.6000003814697,27.6000003814697,27.6000003814697,27.6000003814697,5000,"2019-11-13","MLPT"
27.6000003814697,27.6000003814697,21.2000007629395,23,110000,"2019-11-14","MLPT"
23.2000007629395,23.2000007629395,23,23,242500,"2019-11-15","MLPT"
24.7999992370605,24.7999992370605,24.7999992370605,24.7999992370605,2500,"2019-11-18","MLPT"
24.3999996185303,24.3999996185303,24,24,45000,"2019-11-19","MLPT"
22.3999996185303,22.3999996185303,22.3999996185303,22.3999996185303,17500,"2019-11-20","MLPT"
22.7999992370605,22.7999992370605,22.7999992370605,22.7999992370605,5000,"2019-11-21","MLPT"
22.7999992370605,22.7999992370605,21.2000007629395,21.2000007629395,15000,"2019-11-22","MLPT"
21.2000007629395,21.2000007629395,21.2000007629395,21.2000007629395,0,"2019-11-25","MLPT"
23.2000007629395,23.7999992370605,23.2000007629395,23.7999992370605,15000,"2019-11-26","MLPT"
23.7999992370605,23.7999992370605,23.7999992370605,23.7999992370605,5000,"2019-11-27","MLPT"
23.6000003814697,23.6000003814697,23.3999996185303,23.3999996185303,7500,"2019-11-28","MLPT"
23.3999996185303,23.3999996185303,23,23,15000,"2019-11-29","MLPT"
23.7999992370605,23.7999992370605,22,22,480000,"2019-12-02","MLPT"
22,23.7999992370605,19.6000003814697,20,7742500,"2019-12-03","MLPT"
20,20,19.2000007629395,19.2000007629395,4e+05,"2019-12-04","MLPT"
20,20,17.7600002288818,17.7600002288818,5005000,"2019-12-05","MLPT"
18,18.1599998474121,16.4799995422363,18,3540000,"2019-12-06","MLPT"
18,18.1599998474121,17.6000003814697,17.6000003814697,190000,"2019-12-09","MLPT"
17.6000003814697,17.6000003814697,16.3199996948242,17.0400009155273,1712500,"2019-12-10","MLPT"
17.3600006103516,18.4799995422363,16.7999992370605,16.8799991607666,1350000,"2019-12-11","MLPT"
17.6000003814697,18,17.6000003814697,17.6000003814697,135000,"2019-12-12","MLPT"
17.6000003814697,18.4799995422363,17.6000003814697,17.6000003814697,665000,"2019-12-13","MLPT"
17.8400001525879,20,17.5200004577637,17.5200004577637,342500,"2019-12-16","MLPT"
17.6000003814697,17.6000003814697,17.3600006103516,17.3600006103516,260000,"2019-12-17","MLPT"
17.6000003814697,17.6000003814697,17.3600006103516,17.3600006103516,15000,"2019-12-18","MLPT"
18,18,17.6800003051758,18,27500,"2019-12-19","MLPT"
17.2000007629395,20,17.2000007629395,18.9599990844727,35000,"2019-12-20","MLPT"
18.9599990844727,18.9599990844727,18.8799991607666,18.8799991607666,20000,"2019-12-23","MLPT"
18.3999996185303,18.7999992370605,17.9200000762939,18,195000,"2019-12-26","MLPT"
17.9200000762939,18.7999992370605,17.7600002288818,18.7999992370605,362500,"2019-12-27","MLPT"
18.1599998474121,18.1599998474121,17.8400001525879,17.9200000762939,582500,"2019-12-30","MLPT"
17.9200000762939,17.9200000762939,17.4400005340576,17.5200004577637,925000,"2020-01-02","MLPT"
18.7999992370605,18.7999992370605,18.7999992370605,18.7999992370605,2500,"2020-01-03","MLPT"
18.7999992370605,18.7999992370605,18.7199993133545,18.7199993133545,15000,"2020-01-06","MLPT"
18.6399993896484,18.6399993896484,17.6800003051758,18.5599994659424,42500,"2020-01-07","MLPT"
18.3999996185303,18.3999996185303,17.6000003814697,17.6000003814697,77500,"2020-01-08","MLPT"
17.5200004577637,18.3999996185303,16.7999992370605,16.9599990844727,130000,"2020-01-09","MLPT"
16.9599990844727,17.1200008392334,16.9599990844727,17.0400009155273,80000,"2020-01-10","MLPT"
18,18.5599994659424,17.2800006866455,17.2800006866455,140000,"2020-01-13","MLPT"
17.2800006866455,17.2800006866455,17.2800006866455,17.2800006866455,32500,"2020-01-14","MLPT"
17.2800006866455,18.7199993133545,17.2000007629395,17.2000007629395,232500,"2020-01-15","MLPT"
17.2000007629395,17.2000007629395,16.3999996185303,16.4799995422363,1335000,"2020-01-16","MLPT"
16.8799991607666,16.8799991607666,16,16.2399997711182,1712500,"2020-01-17","MLPT"
16.7999992370605,17.0400009155273,16.2399997711182,16.3999996185303,1170000,"2020-01-20","MLPT"
16.2399997711182,16.3999996185303,16,16.0799999237061,2252500,"2020-01-21","MLPT"
16.1599998474121,16.1599998474121,16,16,2102500,"2020-01-22","MLPT"
16,16.3999996185303,15.9200000762939,15.9200000762939,32500,"2020-01-23","MLPT"
15.9200000762939,15.9200000762939,15.8400001525879,15.8400001525879,2312500,"2020-01-24","MLPT"
15.8400001525879,16.1599998474121,15.8400001525879,16.1599998474121,630000,"2020-01-27","MLPT"
16.1599998474121,17.6000003814697,15.3599996566772,15.4399995803833,3537500,"2020-01-28","MLPT"
15.4399995803833,15.6000003814697,14.6400003433228,14.8000001907349,23145000,"2020-01-29","MLPT"
15.1999998092651,15.1999998092651,14.0799999237061,14.0799999237061,1010000,"2020-01-30","MLPT"
14.2399997711182,14.2399997711182,14,14,2280000,"2020-01-31","MLPT"
14,14.8000001907349,13.8400001525879,13.8400001525879,507500,"2020-02-03","MLPT"
14.6400003433228,14.6400003433228,12,13.1999998092651,1212500,"2020-02-04","MLPT"
13.1999998092651,13.6000003814697,13.1999998092651,13.1999998092651,5510000,"2020-02-05","MLPT"
13.1999998092651,13.1999998092651,13.039999961853,13.1999998092651,797500,"2020-02-06","MLPT"
13.1999998092651,14,13.039999961853,13.039999961853,2837500,"2020-02-07","MLPT"
13.1999998092651,13.2799997329712,13.1999998092651,13.1999998092651,367500,"2020-02-10","MLPT"
14,14.7200002670288,12.8800001144409,14.7200002670288,110000,"2020-02-11","MLPT"
14.3999996185303,14.3999996185303,13.3599996566772,14,860000,"2020-02-12","MLPT"
14,14.7200002670288,14,14,137500,"2020-02-13","MLPT"
14.8000001907349,14.8000001907349,13.8400001525879,13.8400001525879,152500,"2020-02-14","MLPT"
13.1999998092651,13.3599996566772,13.1999998092651,13.2799997329712,140000,"2020-02-17","MLPT"
14,14,13.4399995803833,13.4399995803833,15000,"2020-02-18","MLPT"
13.6000003814697,15.6000003814697,13.6000003814697,15.5200004577637,170000,"2020-02-19","MLPT"
15.3599996566772,15.3599996566772,15.3599996566772,15.3599996566772,7500,"2020-02-20","MLPT"
15.3599996566772,15.3599996566772,15.1999998092651,15.1999998092651,15000,"2020-02-21","MLPT"
15.1999998092651,15.6000003814697,15.039999961853,15.6000003814697,772500,"2020-02-24","MLPT"
14.8000001907349,15.5200004577637,14.8000001907349,15.5200004577637,40000,"2020-02-25","MLPT"
15.5200004577637,15.5200004577637,15.1999998092651,15.5200004577637,90000,"2020-02-26","MLPT"
15.5200004577637,15.5200004577637,12.960000038147,15.4399995803833,130000,"2020-02-27","MLPT"
15.1199998855591,15.1199998855591,14.7200002670288,14.7200002670288,262500,"2020-02-28","MLPT"
11.039999961853,14.3999996185303,11.039999961853,14,595000,"2020-03-02","MLPT"
14.8000001907349,15.6000003814697,14.8000001907349,15.6000003814697,222500,"2020-03-03","MLPT"
15.6000003814697,15.6000003814697,14.8000001907349,14.8800001144409,75000,"2020-03-04","MLPT"
14.8800001144409,14.8800001144409,14.8800001144409,14.8800001144409,0,"2020-03-05","MLPT"
15.1999998092651,15.9200000762939,15.1999998092651,15.8400001525879,220000,"2020-03-06","MLPT"
15.6000003814697,16,15.6000003814697,16,42500,"2020-03-09","MLPT"
15.1999998092651,16,14.960000038147,16,112500,"2020-03-10","MLPT"
16,16,15.039999961853,15.039999961853,97500,"2020-03-11","MLPT"
15.039999961853,15.5200004577637,13.6800003051758,14.3199996948242,40000,"2020-03-12","MLPT"
13.6800003051758,13.6800003051758,13.6800003051758,13.6800003051758,22500,"2020-03-13","MLPT"
13.6000003814697,13.6000003814697,12.8000001907349,12.8000001907349,1410000,"2020-03-16","MLPT"
13.6000003814697,13.6000003814697,13.6000003814697,13.6000003814697,5000,"2020-03-17","MLPT"
13.6000003814697,13.6000003814697,13.6000003814697,13.6000003814697,2500,"2020-03-18","MLPT"
12.960000038147,16.9599990844727,12.7200002670288,15.3599996566772,30000,"2020-03-19","MLPT"
14.3999996185303,14.3999996185303,14.3199996948242,14.3199996948242,242500,"2020-03-20","MLPT"
14.3199996948242,14.3199996948242,13.3599996566772,14.3199996948242,60000,"2020-03-23","MLPT"
13.3599996566772,14,13.3599996566772,13.9200000762939,260000,"2020-03-24","MLPT"
14.0799999237061,16.7999992370605,12.960000038147,15.4399995803833,707500,"2020-03-26","MLPT"
16.2399997711182,16.2399997711182,14.3999996185303,14.3999996185303,635000,"2020-03-27","MLPT"
14.3999996185303,14.3999996185303,14.3999996185303,14.3999996185303,0,"2020-03-30","MLPT"
13.4399995803833,13.6800003051758,13.4399995803833,13.6800003051758,5000,"2020-03-31","MLPT"
13.3599996566772,14.6400003433228,12.8000001907349,14.4799995422363,822500,"2020-04-01","MLPT"
13.6800003051758,14.3199996948242,13.6000003814697,13.6000003814697,107500,"2020-04-02","MLPT"
13.6800003051758,15.039999961853,13.6800003051758,13.7600002288818,150000,"2020-04-03","MLPT"
16.5599994659424,16.5599994659424,15.7600002288818,15.7600002288818,5000,"2020-04-06","MLPT"
16.2399997711182,16.2399997711182,14.7200002670288,15.4399995803833,187500,"2020-04-07","MLPT"
15.1999998092651,15.1999998092651,14.3999996185303,14.3999996185303,32500,"2020-04-08","MLPT"
13.5200004577637,13.9200000762939,13.4399995803833,13.4399995803833,4770000,"2020-04-09","MLPT"
13.4399995803833,13.4399995803833,12.5600004196167,13.2799997329712,9042500,"2020-04-13","MLPT"
13.2799997329712,13.6000003814697,12.7200002670288,13.1199998855591,702500,"2020-04-14","MLPT"
13.2799997329712,13.6000003814697,13.1999998092651,13.1999998092651,2767500,"2020-04-15","MLPT"
12.6400003433228,15.6800003051758,12.5600004196167,15.1999998092651,2715000,"2020-04-16","MLPT"
14.8000001907349,15.1199998855591,14.1599998474121,14.7200002670288,3127500,"2020-04-17","MLPT"
15.1999998092651,15.1999998092651,14,14.6400003433228,777500,"2020-04-20","MLPT"
14.6400003433228,14.6400003433228,13.6800003051758,13.6800003051758,2485000,"2020-04-21","MLPT"
13.6800003051758,14.0799999237061,13.1999998092651,13.5200004577637,310000,"2020-04-22","MLPT"
13.9200000762939,14.3999996185303,13.8400001525879,14.3999996185303,417500,"2020-04-23","MLPT"
14.8800001144409,14.8800001144409,14,14,572500,"2020-04-24","MLPT"
14.3999996185303,14.3999996185303,13.6800003051758,13.6800003051758,285000,"2020-04-27","MLPT"
13.5200004577637,14.0799999237061,13.5200004577637,13.7600002288818,25000,"2020-04-28","MLPT"
14.1599998474121,14.7200002670288,13.9200000762939,14.7200002670288,730000,"2020-04-29","MLPT"
14.7200002670288,14.7200002670288,14.6400003433228,14.7200002670288,22500,"2020-04-30","MLPT"
14.8000001907349,15.6000003814697,14.7200002670288,14.7200002670288,1842500,"2020-05-04","MLPT"
14.7200002670288,15.6000003814697,14.2399997711182,15.1999998092651,477500,"2020-05-05","MLPT"
15.1199998855591,15.1999998092651,14.3999996185303,15.1199998855591,3102500,"2020-05-06","MLPT"
15.1199998855591,15.6000003814697,14.960000038147,15.5200004577637,1380000,"2020-05-08","MLPT"
15.5200004577637,17.6000003814697,15.4399995803833,16.7999992370605,2917500,"2020-05-11","MLPT"
16.8799991607666,17.6000003814697,16.7199993133545,16.7199993133545,6890000,"2020-05-12","MLPT"
16.7999992370605,16.7999992370605,16.4799995422363,16.7999992370605,1310000,"2020-05-13","MLPT"
16.7999992370605,16.7999992370605,16.3999996185303,16.3999996185303,397500,"2020-05-14","MLPT"
16.7999992370605,16.7999992370605,16.3199996948242,16.7999992370605,3640000,"2020-05-15","MLPT"
16.2399997711182,16.3999996185303,16.2399997711182,16.3199996948242,260000,"2020-05-18","MLPT"
16.7999992370605,16.7999992370605,16.5599994659424,16.6399993896484,1200000,"2020-05-19","MLPT"
16.6399993896484,20,16.6399993896484,17.6000003814697,1072500,"2020-05-20","MLPT"
19.2000007629395,19.6000003814697,17.6000003814697,18.4799995422363,3082500,"2020-05-26","MLPT"
18.4799995422363,23,18,21.3999996185303,5285000,"2020-05-27","MLPT"
21.3999996185303,23.7999992370605,21.3999996185303,23,4065000,"2020-05-28","MLPT"
22.7999992370605,23.2000007629395,21.3999996185303,21.3999996185303,4487500,"2020-05-29","MLPT"
21.6000003814697,23.6000003814697,21.3999996185303,22.6000003814697,15115000,"2020-06-02","MLPT"
25.3999996185303,28.2000007629395,25.3999996185303,28.2000007629395,62377500,"2020-06-03","MLPT"
30.2000007629395,35,30,32.7999992370605,84700000,"2020-06-04","MLPT"
37.5999984741211,37.5999984741211,33,35.4000015258789,94320000,"2020-06-05","MLPT"
36.2000007629395,44.2000007629395,36,44.2000007629395,106905000,"2020-06-08","MLPT"
45.4000015258789,54.5999984741211,45.4000015258789,54,103315000,"2020-06-09","MLPT"
56,58,50.4000015258789,50.4000015258789,51930000,"2020-06-10","MLPT"
47,47,47,47,712500,"2020-06-11","MLPT"
43.7999992370605,43.7999992370605,43.7999992370605,43.7999992370605,277500,"2020-06-12","MLPT"
40.7999992370605,40.7999992370605,40.7999992370605,40.7999992370605,355000,"2020-06-15","MLPT"
38.4000015258789,38.4000015258789,38,38,1040000,"2020-06-16","MLPT"
35.4000015258789,35.4000015258789,35.4000015258789,35.4000015258789,2245000,"2020-06-17","MLPT"
35.4000015258789,35.4000015258789,33,33,1480000,"2020-06-18","MLPT"
30.7999992370605,35.2000007629395,30.7999992370605,30.7999992370605,219852500,"2020-06-19","MLPT"
28.7999992370605,28.7999992370605,28.7999992370605,28.7999992370605,43292500,"2020-06-22","MLPT"
26.7999992370605,26.7999992370605,26.7999992370605,26.7999992370605,8815000,"2020-06-23","MLPT"
25,26.7999992370605,25,25,29300000,"2020-06-24","MLPT"
23.3999996185303,23.6000003814697,23.3999996185303,23.3999996185303,21662500,"2020-06-25","MLPT"
21.7999992370605,29.2000007629395,21.7999992370605,28.7999992370605,276060000,"2020-06-26","MLPT"
29.6000003814697,29.6000003814697,26.7999992370605,26.7999992370605,44302500,"2020-06-29","MLPT"
25,25,25,25,6650000,"2020-06-30","MLPT"
25,27.2000007629395,23.3999996185303,24,72755000,"2020-07-01","MLPT"
23.6000003814697,25.6000003814697,23.6000003814697,23.7999992370605,19957500,"2020-07-02","MLPT"
24.2000007629395,24.2000007629395,23.6000003814697,23.7999992370605,8620000,"2020-07-03","MLPT"
23.7999992370605,24.3999996185303,23.6000003814697,23.7999992370605,4395000,"2020-07-06","MLPT"
23.7999992370605,23.7999992370605,23,23.3999996185303,10625000,"2020-07-07","MLPT"
23.3999996185303,24.2000007629395,23,23.6000003814697,8065000,"2020-07-08","MLPT"
23.6000003814697,23.7999992370605,23,23.2000007629395,4645000,"2020-07-09","MLPT"
23.2000007629395,27,23,24,80687500,"2020-07-10","MLPT"
24,24.6000003814697,23.7999992370605,23.7999992370605,5987500,"2020-07-13","MLPT"
24,24.3999996185303,23.6000003814697,24,7400000,"2020-07-14","MLPT"
24,25,23.7999992370605,24.2000007629395,5302500,"2020-07-15","MLPT"
23.7999992370605,24.2000007629395,23.7999992370605,24,3840000,"2020-07-16","MLPT"
24,24.2000007629395,23.7999992370605,24,2902500,"2020-07-17","MLPT"
24,24,23.2000007629395,23.3999996185303,5362500,"2020-07-20","MLPT"
23.2000007629395,24,23,23.6000003814697,4985000,"2020-07-21","MLPT"
23.6000003814697,25.3999996185303,23.2000007629395,24.3999996185303,16915000,"2020-07-22","MLPT"
24.3999996185303,24.3999996185303,23.3999996185303,23.6000003814697,7887500,"2020-07-23","MLPT"
23.6000003814697,23.7999992370605,22.7999992370605,23.2000007629395,6875000,"2020-07-24","MLPT"
23.2000007629395,23.2000007629395,22.6000003814697,23,4385000,"2020-07-27","MLPT"
23,23,21.7999992370605,22.2000007629395,5337500,"2020-07-28","MLPT"
22.6000003814697,24,22.6000003814697,22.7999992370605,8972500,"2020-07-29","MLPT"
23.3999996185303,24.7999992370605,23.3999996185303,23.3999996185303,26625000,"2020-07-30","MLPT"
23.3999996185303,23.3999996185303,21.7999992370605,22.2000007629395,12265000,"2020-08-03","MLPT"
22.3999996185303,23.2000007629395,22.2000007629395,22.3999996185303,4922500,"2020-08-04","MLPT"
23,23,22.3999996185303,22.6000003814697,2995000,"2020-08-05","MLPT"
22.7999992370605,23.2000007629395,22.6000003814697,22.7999992370605,3077500,"2020-08-06","MLPT"
22.6000003814697,23.3999996185303,22.3999996185303,22.7999992370605,4595000,"2020-08-07","MLPT"
23,23.3999996185303,22.7999992370605,23,4772500,"2020-08-10","MLPT"
23,23.6000003814697,23,23.2000007629395,3105000,"2020-08-11","MLPT"
23.2000007629395,23.6000003814697,23,23.2000007629395,3212500,"2020-08-12","MLPT"
23.6000003814697,27.3999996185303,23.6000003814697,24.2000007629395,71170000,"2020-08-13","MLPT"
24.2000007629395,24.2000007629395,23.3999996185303,23.6000003814697,5735000,"2020-08-14","MLPT"
23.3999996185303,23.6000003814697,23.2000007629395,23.6000003814697,2932500,"2020-08-18","MLPT"
23.6000003814697,24.6000003814697,23,24.2000007629395,8005000,"2020-08-19","MLPT"
24.2000007629395,25.2000007629395,24,24.6000003814697,5870000,"2020-08-24","MLPT"
24.6000003814697,26.7999992370605,24.3999996185303,24.7999992370605,5225000,"2020-08-25","MLPT"
24.7999992370605,24.7999992370605,23.7999992370605,24.3999996185303,3645000,"2020-08-26","MLPT"
24.3999996185303,25.2000007629395,23.7999992370605,24.2000007629395,3767500,"2020-08-27","MLPT"
24.3999996185303,24.3999996185303,24,24.3999996185303,1782500,"2020-08-28","MLPT"
24.7999992370605,25,23.3999996185303,23.7999992370605,7955000,"2020-08-31","MLPT"
23.6000003814697,24.6000003814697,23.3999996185303,24.2000007629395,5455000,"2020-09-01","MLPT"
24.2000007629395,24.6000003814697,23.6000003814697,24,3082500,"2020-09-02","MLPT"
24.3999996185303,24.3999996185303,23.7999992370605,24,1035000,"2020-09-03","MLPT"
23.6000003814697,23.7999992370605,23.3999996185303,23.6000003814697,5272500,"2020-09-04","MLPT"
23.3999996185303,24.7999992370605,23.3999996185303,23.7999992370605,8212500,"2020-09-07","MLPT"
24,24.2000007629395,23.2000007629395,24,5780000,"2020-09-08","MLPT"
23.2000007629395,23.7999992370605,23.2000007629395,23.2000007629395,2737500,"2020-09-09","MLPT"
23.2000007629395,23.6000003814697,21.7999992370605,22.3999996185303,5090000,"2020-09-10","MLPT"
21.7999992370605,23.6000003814697,21.2000007629395,23,3672500,"2020-09-11","MLPT"
23,23.6000003814697,23,23.6000003814697,1615000,"2020-09-14","MLPT"
23.7999992370605,23.7999992370605,23,23.6000003814697,3060000,"2020-09-15","MLPT"
23.6000003814697,23.7999992370605,23.2000007629395,23.3999996185303,870000,"2020-09-16","MLPT"
23.3999996185303,23.6000003814697,23.2000007629395,23.3999996185303,1840000,"2020-09-17","MLPT"
23.2000007629395,23.6000003814697,23.2000007629395,23.3999996185303,667500,"2020-09-18","MLPT"
23.3999996185303,23.6000003814697,23.2000007629395,23.6000003814697,2847500,"2020-09-21","MLPT"
22.7999992370605,23.6000003814697,22.3999996185303,23.2000007629395,1455000,"2020-09-22","MLPT"
23.2000007629395,24,22.7999992370605,23.2000007629395,3810000,"2020-09-23","MLPT"
23.2000007629395,23.2000007629395,21.6000003814697,22.6000003814697,3360000,"2020-09-24","MLPT"
22.7999992370605,23.2000007629395,22.6000003814697,23,1085000,"2020-09-25","MLPT"
23,23.3999996185303,22.7999992370605,23,1812500,"2020-09-28","MLPT"
23.3999996185303,23.6000003814697,22.7999992370605,23.2000007629395,1347500,"2020-09-29","MLPT"
23.2000007629395,23.2000007629395,22.2000007629395,22.7999992370605,2772500,"2020-09-30","MLPT"
23.2000007629395,23.2000007629395,23,23,575000,"2020-10-01","MLPT"
22.7999992370605,24,22.7999992370605,23,1750000,"2020-10-02","MLPT"
23,23.2000007629395,23,23,732500,"2020-10-05","MLPT"
23,23.3999996185303,23,23.2000007629395,690000,"2020-10-06","MLPT"
23.2000007629395,24.7999992370605,23.2000007629395,23.7999992370605,3812500,"2020-10-07","MLPT"
24,24.2000007629395,23.3999996185303,23.7999992370605,1270000,"2020-10-08","MLPT"
24,24.3999996185303,23.6000003814697,24,772500,"2020-10-09","MLPT"
24.3999996185303,24.3999996185303,23.6000003814697,24,2500000,"2020-10-12","MLPT"
24,24.7999992370605,23.2000007629395,24,372500,"2020-10-13","MLPT"
23.6000003814697,24.2000007629395,23.6000003814697,24,742500,"2020-10-14","MLPT"
24,24.2000007629395,23.6000003814697,24,2127500,"2020-10-15","MLPT"
24,24,23.7999992370605,23.7999992370605,4550000,"2020-10-16","MLPT"
23.7999992370605,23.7999992370605,23.2000007629395,23.2000007629395,3050000,"2020-10-19","MLPT"
23.2000007629395,24,23.2000007629395,23.6000003814697,2762500,"2020-10-20","MLPT"
23.6000003814697,23.6000003814697,23.2000007629395,23.2000007629395,3297500,"2020-10-21","MLPT"
23.2000007629395,23.7999992370605,23.2000007629395,23.6000003814697,660000,"2020-10-22","MLPT"
23.6000003814697,23.6000003814697,23.3999996185303,23.6000003814697,480000,"2020-10-23","MLPT"
23.6000003814697,23.7999992370605,23.2000007629395,23.6000003814697,4310000,"2020-10-26","MLPT"
23.2000007629395,23.6000003814697,23.2000007629395,23.6000003814697,2657500,"2020-10-27","MLPT"
23.6000003814697,23.6000003814697,22.7999992370605,23.3999996185303,8447500,"2020-11-02","MLPT"
23,23.6000003814697,23,23.2000007629395,2955000,"2020-11-03","MLPT"
23.6000003814697,23.6000003814697,23.3999996185303,23.3999996185303,177500,"2020-11-04","MLPT"
23.6000003814697,23.6000003814697,23.2000007629395,23.3999996185303,1082500,"2020-11-05","MLPT"
23.6000003814697,23.7999992370605,23,23.6000003814697,7685000,"2020-11-06","MLPT"
23.6000003814697,23.6000003814697,23.3999996185303,23.6000003814697,4487500,"2020-11-09","MLPT"
23.3999996185303,23.7999992370605,23.3999996185303,23.6000003814697,3390000,"2020-11-10","MLPT"
23.6000003814697,24,23.6000003814697,23.7999992370605,3145000,"2020-11-11","MLPT"
24,24,23.7999992370605,23.7999992370605,2022500,"2020-11-12","MLPT"
24,24.2000007629395,24,24,855000,"2020-11-13","MLPT"
24.3999996185303,26.7999992370605,24.2000007629395,24.6000003814697,3865000,"2020-11-16","MLPT"
24.6000003814697,26.6000003814697,24.3999996185303,24.6000003814697,2777500,"2020-11-17","MLPT"
24.7999992370605,27.6000003814697,24.7999992370605,26.7999992370605,21755000,"2020-11-18","MLPT"
27,27,26,26.2000007629395,5567500,"2020-11-19","MLPT"
26.2000007629395,26.3999996185303,26,26,2340000,"2020-11-20","MLPT"
26,27,25.6000003814697,26.6000003814697,8990000,"2020-11-23","MLPT"
26.6000003814697,28.6000003814697,26.6000003814697,27.7999992370605,6545000,"2020-11-24","MLPT"
28.2000007629395,28.7999992370605,27.3999996185303,27.7999992370605,7155000,"2020-11-25","MLPT"
27.7999992370605,28.2000007629395,27.6000003814697,28,7080000,"2020-11-26","MLPT"
28,28.6000003814697,27.2000007629395,27.7999992370605,3930000,"2020-11-27","MLPT"
27.7999992370605,28.2000007629395,27,27.6000003814697,15277500,"2020-11-30","MLPT"
28,28.6000003814697,27.7999992370605,28,4480000,"2020-12-01","MLPT"
28,28.6000003814697,27.7999992370605,28.6000003814697,2310000,"2020-12-02","MLPT"
28.6000003814697,29.2000007629395,28.3999996185303,28.7999992370605,10635000,"2020-12-03","MLPT"
28.7999992370605,29,28.3999996185303,28.6000003814697,2322500,"2020-12-04","MLPT"
28.7999992370605,30,28.3999996185303,30,7792500,"2020-12-07","MLPT"
31.7999992370605,31.7999992370605,29.2000007629395,29.7999992370605,6635000,"2020-12-08","MLPT"
29.7999992370605,30,28.7999992370605,29.6000003814697,8052500,"2020-12-10","MLPT"
30,30,28.7999992370605,29,2072500,"2020-12-11","MLPT"
29,29.6000003814697,29,29.2000007629395,1515000,"2020-12-14","MLPT"
29.2000007629395,30,28.7999992370605,29.2000007629395,4465000,"2020-12-15","MLPT"
29,29.6000003814697,29,29.2000007629395,2485000,"2020-12-16","MLPT"
29.2000007629395,30,28.7999992370605,29.6000003814697,3900000,"2020-12-17","MLPT"
30,30,28.7999992370605,28.7999992370605,2687500,"2020-12-18","MLPT"
30,30,28.7999992370605,29.2000007629395,4742500,"2020-12-21","MLPT"
29.2000007629395,29.3999996185303,28.2000007629395,28.2000007629395,4587500,"2020-12-22","MLPT"
28.2000007629395,29.2000007629395,27.2000007629395,29,4632500,"2020-12-23","MLPT"
29,29,28.3999996185303,28.7999992370605,2442500,"2020-12-28","MLPT"
28.7999992370605,29,28.3999996185303,28.3999996185303,2565000,"2020-12-29","MLPT"
28.7999992370605,29,28.3999996185303,28.3999996185303,1937500,"2020-12-30","MLPT"
29.2000007629395,29.2000007629395,28.2000007629395,28.7999992370605,3357500,"2021-01-04","MLPT"
28.7999992370605,29.3999996185303,28.6000003814697,28.7999992370605,12022500,"2021-01-05","MLPT"
29,29.2000007629395,28.3999996185303,29.2000007629395,2225000,"2021-01-06","MLPT"
29.2000007629395,31.2000007629395,29,29.6000003814697,6350000,"2021-01-07","MLPT"
31.2000007629395,31.2000007629395,29.7999992370605,30.6000003814697,3665000,"2021-01-08","MLPT"
30.6000003814697,36.5999984741211,30.6000003814697,35.5999984741211,19405000,"2021-01-11","MLPT"
35.5999984741211,37.2000007629395,34,34.5999984741211,10257500,"2021-01-12","MLPT"
34.5999984741211,35.7999992370605,34.2000007629395,34.7999992370605,2717500,"2021-01-13","MLPT"
34.7999992370605,36,34.7999992370605,35.5999984741211,3797500,"2021-01-14","MLPT"
36,36.5999984741211,35,35.5999984741211,4280000,"2021-01-15","MLPT"
35.5999984741211,35.7999992370605,34.7999992370605,34.7999992370605,3692500,"2021-01-18","MLPT"
34.7999992370605,35.7999992370605,33.5999984741211,35,7865000,"2021-01-19","MLPT"
34.2000007629395,35.2000007629395,34.2000007629395,35.2000007629395,1910000,"2021-01-20","MLPT"
35.2000007629395,35.2000007629395,33.2000007629395,35,4580000,"2021-01-21","MLPT"
35,35.2000007629395,33,35,6805000,"2021-01-22","MLPT"
34,34.7999992370605,33.2000007629395,34,3450000,"2021-01-25","MLPT"
34,34.7999992370605,33.7999992370605,34.5999984741211,4202500,"2021-01-26","MLPT"
34.5999984741211,34.5999984741211,33.4000015258789,33.5999984741211,4670000,"2021-01-27","MLPT"
33.5999984741211,34.4000015258789,33.2000007629395,33.4000015258789,3222500,"2021-01-28","MLPT"
33.5999984741211,38.5999984741211,33.4000015258789,33.5999984741211,7715000,"2021-01-29","MLPT"
33.4000015258789,34,33,33.7999992370605,2460000,"2021-02-01","MLPT"
33.7999992370605,34.7999992370605,32,34.2000007629395,3905000,"2021-02-02","MLPT"
34.4000015258789,34.5999984741211,33.7999992370605,34.4000015258789,4765000,"2021-02-03","MLPT"
34.4000015258789,35.2000007629395,34.4000015258789,35,1992500,"2021-02-04","MLPT"
35.2000007629395,39.5999984741211,35,39,8242500,"2021-02-05","MLPT"
39,41,38.7999992370605,39,7917500,"2021-02-08","MLPT"
39.2000007629395,39.2000007629395,38,38.5999984741211,2040000,"2021-02-09","MLPT"
38.5999984741211,40,38,39,1347500,"2021-02-10","MLPT"
39,39.2000007629395,37.7999992370605,38.5999984741211,952500,"2021-02-11","MLPT"
38.5999984741211,43,37.5999984741211,37.5999984741211,10115000,"2021-02-15","MLPT"
37.5999984741211,38.7999992370605,37.5999984741211,38.2000007629395,1772500,"2021-02-16","MLPT"
38.2000007629395,39,37.7999992370605,38.2000007629395,1772500,"2021-02-17","MLPT"
38.2000007629395,38.4000015258789,37.7999992370605,38.2000007629395,1412500,"2021-02-18","MLPT"
37.4000015258789,38.5999984741211,37.2000007629395,37.7999992370605,2987500,"2021-02-19","MLPT"
37.7999992370605,39.5999984741211,37.5999984741211,38,5030000,"2021-02-22","MLPT"
37.7999992370605,40,37.5999984741211,39,865000,"2021-02-23","MLPT"
39,40.4000015258789,38.2000007629395,39.2000007629395,12432500,"2021-02-24","MLPT"
39.5999984741211,44,39.5999984741211,42.7999992370605,6635000,"2021-02-25","MLPT"
43.7999992370605,48,42,44.7999992370605,11290000,"2021-02-26","MLPT"
44.7999992370605,47.5999984741211,44,45.7999992370605,3852500,"2021-03-01","MLPT"
46.4000015258789,56,45.7999992370605,49,21415000,"2021-03-02","MLPT"
50.4000015258789,51.7999992370605,46.4000015258789,46.7999992370605,6260000,"2021-03-03","MLPT"
46.7999992370605,49,43.5999984741211,46,2692500,"2021-03-04","MLPT"
44,46.4000015258789,43.2000007629395,46.2000007629395,3250000,"2021-03-05","MLPT"
47.2000007629395,47.4000015258789,45.5999984741211,46.4000015258789,3637500,"2021-03-08","MLPT"
46,48,44.7999992370605,47,1745000,"2021-03-09","MLPT"
48,48,45.5999984741211,47.4000015258789,2437500,"2021-03-10","MLPT"
47.5999984741211,48,46,48,2825000,"2021-03-12","MLPT"
48.2000007629395,50,47.7999992370605,48,5417500,"2021-03-15","MLPT"
48.2000007629395,49.4000015258789,48.2000007629395,48.7999992370605,2177500,"2021-03-16","MLPT"
49,49.4000015258789,48,48.7999992370605,4590000,"2021-03-17","MLPT"
49,50.2000007629395,48,48.5999984741211,8187500,"2021-03-18","MLPT"
48.7999992370605,48.7999992370605,46.7999992370605,47.2000007629395,2192500,"2021-03-19","MLPT"
47.2000007629395,48,46,48,1450000,"2021-03-22","MLPT"
47.5999984741211,48.4000015258789,46.7999992370605,47.2000007629395,1060000,"2021-03-23","MLPT"
47.2000007629395,47.5999984741211,46,46.2000007629395,5827500,"2021-03-24","MLPT"
46.2000007629395,46.5999984741211,45,45.5999984741211,7415000,"2021-03-25","MLPT"
45.5999984741211,47.5999984741211,45.4000015258789,46.5999984741211,370000,"2021-03-26","MLPT"
46.5999984741211,48,46.5999984741211,47.7999992370605,2002500,"2021-03-29","MLPT"
48,48.2000007629395,46.2000007629395,46.4000015258789,8882500,"2021-03-30","MLPT"
46.4000015258789,47,45.5999984741211,46.5999984741211,7612500,"2021-03-31","MLPT"
46,47.4000015258789,46,47.4000015258789,822500,"2021-04-01","MLPT"
47.4000015258789,49.4000015258789,46.4000015258789,48,2880000,"2021-04-05","MLPT"
48,48.2000007629395,46.5999984741211,47.5999984741211,1487500,"2021-04-06","MLPT"
47.5999984741211,48.4000015258789,47.5999984741211,47.5999984741211,1302500,"2021-04-07","MLPT"
48,51,48,48.4000015258789,9095000,"2021-04-08","MLPT"
48.4000015258789,51.5999984741211,48.4000015258789,50.4000015258789,4897500,"2021-04-09","MLPT"
50.5999984741211,51.5999984741211,49.2000007629395,50.2000007629395,5825000,"2021-04-12","MLPT"
50.4000015258789,50.4000015258789,48,49.5999984741211,1835000,"2021-04-13","MLPT"
49.7999992370605,50.4000015258789,48.5999984741211,50.2000007629395,3542500,"2021-04-14","MLPT"
50.2000007629395,50.5999984741211,49.5999984741211,50.4000015258789,2775000,"2021-04-15","MLPT"
50.4000015258789,53,50.4000015258789,52.4000015258789,2777500,"2021-04-16","MLPT"
53.4000015258789,53.5999984741211,52.4000015258789,53.5999984741211,4527500,"2021-04-19","MLPT"
53.5999984741211,53.5999984741211,52.4000015258789,53,1277500,"2021-04-20","MLPT"
53,54,52.7999992370605,53.5999984741211,4187500,"2021-04-21","MLPT"
53.5999984741211,58.7999992370605,52.4000015258789,58.4000015258789,13475000,"2021-04-22","MLPT"
58.7999992370605,70,57.2000007629395,69,62025000,"2021-04-23","MLPT"
69,79.5999984741211,64.5999984741211,70,25107500,"2021-04-26","MLPT"
70.1999969482422,75.4000015258789,67.5999984741211,74.1999969482422,22515000,"2021-04-27","MLPT"
75,76.5999984741211,74.1999969482422,76.5999984741211,23680000,"2021-04-28","MLPT"
78.4000015258789,78.4000015258789,72.8000030517578,78.1999969482422,24610000,"2021-04-29","MLPT"
78.1999969482422,83.5999984741211,72.8000030517578,78.4000015258789,103370000,"2021-04-30","MLPT"
79.4000015258789,80,73,73,22340000,"2021-05-03","MLPT"
73,74,68,73.1999969482422,40035000,"2021-05-04","MLPT"
73.1999969482422,74.8000030517578,72.4000015258789,74,24275000,"2021-05-05","MLPT"
75.1999969482422,77.5999984741211,74.4000015258789,75.8000030517578,12012500,"2021-05-06","MLPT"
76,78.8000030517578,76,76.8000030517578,18402500,"2021-05-07","MLPT"
77,79.1999969482422,77,79.1999969482422,42457500,"2021-05-10","MLPT"
78.8000030517578,80.4000015258789,73.8000030517578,73.8000030517578,13405000,"2021-05-11","MLPT"
72,72,68.8000030517578,68.8000030517578,5575000,"2021-05-17","MLPT"
68.8000030517578,76,64,73.8000030517578,28012500,"2021-05-18","MLPT"
73.5999984741211,73.8000030517578,68.8000030517578,68.8000030517578,7382500,"2021-05-19","MLPT"
68.8000030517578,69,64,64,8982500,"2021-05-20","MLPT"
64.1999969482422,67.8000030517578,64,65,3680000,"2021-05-21","MLPT"
65.1999969482422,67.5999984741211,60.5999984741211,60.5999984741211,4802500,"2021-05-24","MLPT"
60.5999984741211,60.5999984741211,56.4000015258789,56.4000015258789,9500000,"2021-05-25","MLPT"
56.4000015258789,56.4000015258789,52.5999984741211,53.4000015258789,7930000,"2021-05-27","MLPT"
53.4000015258789,54.7999992370605,51.2000007629395,54.2000007629395,3605000,"2021-05-28","MLPT"
54.2000007629395,63.5999984741211,54.2000007629395,57.2000007629395,13545000,"2021-05-31","MLPT"
57.2000007629395,61.4000015258789,55.5999984741211,59.5999984741211,4837500,"2021-06-02","MLPT"
60,62.5999984741211,59,59.7999992370605,4850000,"2021-06-03","MLPT"
60.4000015258789,70,60,68.4000015258789,16230000,"2021-06-04","MLPT"
69.1999969482422,79.5999984741211,68.4000015258789,76.4000015258789,29507500,"2021-06-07","MLPT"
76.4000015258789,95.1999969482422,76.4000015258789,95.1999969482422,33235000,"2021-06-08","MLPT"
102,118.800003051758,102,118.800003051758,25110000,"2021-06-09","MLPT"
128,148.399993896484,128,148.399993896484,41172500,"2021-06-10","MLPT"
148,185.199996948242,138.399993896484,184,92820000,"2021-06-11","MLPT"
184,184,184,184,0,"2021-06-14","MLPT"
180,230,171.600006103516,171.600006103516,183887500,"2021-06-15","MLPT"
171.600006103516,214,163.600006103516,214,198307500,"2021-06-16","MLPT"
214,214,214,214,0,"2021-06-17","MLPT"
214,214,214,214,0,"2021-06-18","MLPT"
214,214,214,214,0,"2021-06-21","MLPT"
214,214,214,214,0,"2021-06-22","MLPT"
214,214,214,214,0,"2021-06-23","MLPT"
214,214,214,214,0,"2021-06-24","MLPT"
214,225,199.199996948242,199.199996948242,204860000,"2021-06-25","MLPT"
199.199996948242,199.199996948242,185.600006103516,185.600006103516,15627500,"2021-06-28","MLPT"
172.800003051758,172.800003051758,172.800003051758,172.800003051758,2102500,"2021-06-29","MLPT"
160.800003051758,160.800003051758,160.800003051758,160.800003051758,3682500,"2021-06-30","MLPT"
149.600006103516,189.199996948242,149.600006103516,159.199996948242,246312500,"2021-07-01","MLPT"
160.399993896484,160.399993896484,148.399993896484,148.399993896484,73357500,"2021-07-02","MLPT"
148.399993896484,158,138.800003051758,141.600006103516,98337500,"2021-07-05","MLPT"
141.600006103516,143.600006103516,132,135.199996948242,57025000,"2021-07-06","MLPT"
135.199996948242,147.199996948242,132.399993896484,135.199996948242,87840000,"2021-07-07","MLPT"
136.399993896484,144,126.800003051758,135.199996948242,109947500,"2021-07-08","MLPT"
135.199996948242,146.399993896484,132.800003051758,144,144202500,"2021-07-09","MLPT"
146,166,144,148,291567500,"2021-07-12","MLPT"
150,156.800003051758,139.199996948242,140,113275000,"2021-07-13","MLPT"
140,146.800003051758,132.399993896484,145.600006103516,47017500,"2021-07-14","MLPT"
147.199996948242,164,147.199996948242,150,239272500,"2021-07-15","MLPT"
152,156,150.800003051758,156,58005000,"2021-07-16","MLPT"
158,164,148,148,152550000,"2021-07-19","MLPT"
151.199996948242,162.399993896484,151.199996948242,161.199996948242,95330000,"2021-07-21","MLPT"
162.800003051758,176,158,174.399993896484,140540000,"2021-07-22","MLPT"
179.600006103516,205,179.600006103516,190.399993896484,436060000,"2021-07-23","MLPT"
191.199996948242,192.800003051758,178.399993896484,182.800003051758,322635000,"2021-07-26","MLPT"
183.600006103516,185.600006103516,170.399993896484,177.600006103516,350442500,"2021-07-27","MLPT"
175.199996948242,177.600006103516,165.199996948242,168,213372500,"2021-07-28","MLPT"
166.800003051758,181.600006103516,162,177.199996948242,451652500,"2021-07-29","MLPT"
180.800003051758,182,166.800003051758,169.600006103516,245777500,"2021-07-30","MLPT"
172,172.399993896484,160.399993896484,163.600006103516,199785000,"2021-08-02","MLPT"
164,164,155.199996948242,160,264240000,"2021-08-03","MLPT"
160,164,159.600006103516,163.600006103516,249062500,"2021-08-04","MLPT"
164,170,160.399993896484,164,255727500,"2021-08-05","MLPT"
163.199996948242,163.199996948242,157.199996948242,158,186442500,"2021-08-06","MLPT"
157.199996948242,176,154,167.199996948242,360827500,"2021-08-09","MLPT"
167.199996948242,168,155.600006103516,158.800003051758,322545000,"2021-08-10","MLPT"
158.800003051758,158.800003051758,148,148.399993896484,49327500,"2021-08-12","MLPT"
145.199996948242,154.399993896484,144,152,80177500,"2021-08-13","MLPT"
152,154.800003051758,142.800003051758,144,28087500,"2021-08-16","MLPT"
143.600006103516,143.600006103516,134,142,76970000,"2021-08-18","MLPT"
142,146,132.399993896484,140.399993896484,187175000,"2021-08-19","MLPT"
136.399993896484,144.399993896484,136,142.800003051758,18107500,"2021-08-20","MLPT"
143.199996948242,158.800003051758,143.199996948242,158.800003051758,62467500,"2021-08-23","MLPT"
159.199996948242,172,150,150,74547500,"2021-08-24","MLPT"
150,158.800003051758,144.399993896484,158,58395000,"2021-08-25","MLPT"
158,158,147.199996948242,147.199996948242,81477500,"2021-08-26","MLPT"
148,148.399993896484,140.800003051758,144,138327500,"2021-08-27","MLPT"
147.199996948242,148,142.399993896484,143.600006103516,69285000,"2021-08-30","MLPT"
144.800003051758,146,141.199996948242,142,27240000,"2021-08-31","MLPT"
142.399993896484,146.800003051758,136,136,44207500,"2021-09-01","MLPT"
138.800003051758,139.600006103516,134.800003051758,135.199996948242,14357500,"2021-09-02","MLPT"
135.600006103516,143.199996948242,135.600006103516,140.800003051758,41692500,"2021-09-03","MLPT"
140.800003051758,146.800003051758,140.800003051758,146,174487500,"2021-09-06","MLPT"
146.399993896484,146.399993896484,143.600006103516,144.800003051758,68447500,"2021-09-07","MLPT"
146.399993896484,151.199996948242,144.399993896484,146.800003051758,49330000,"2021-09-08","MLPT"
146.800003051758,148,142,145.600006103516,39202500,"2021-09-09","MLPT"
146,146,143.199996948242,144.399993896484,7940000,"2021-09-10","MLPT"
144.399993896484,147.600006103516,143.600006103516,146.399993896484,39375000,"2021-09-13","MLPT"
147.199996948242,148,146.399993896484,146.399993896484,5027500,"2021-09-14","MLPT"
147.199996948242,160,147.199996948242,148.399993896484,163742500,"2021-09-15","MLPT"
149.199996948242,152,138.800003051758,139.600006103516,62692500,"2021-09-16","MLPT"
140,143.199996948242,138,140,34755000,"2021-09-17","MLPT"
140.800003051758,142,134,136.800003051758,78220000,"2021-09-20","MLPT"
136.800003051758,142.800003051758,136,141.600006103516,34952500,"2021-09-21","MLPT"
141.600006103516,143.199996948242,138.399993896484,139.199996948242,9582500,"2021-09-22","MLPT"
140,144,139.600006103516,140.399993896484,51787500,"2021-09-23","MLPT"
140.399993896484,144,138.399993896484,140,19460000,"2021-09-24","MLPT"
140,144,139.199996948242,141.199996948242,34985000,"2021-09-27","MLPT"
141.600006103516,142.399993896484,138.800003051758,139.600006103516,68715000,"2021-09-28","MLPT"
139.600006103516,146,138.399993896484,143.600006103516,32880000,"2021-09-29","MLPT"
143.600006103516,144.800003051758,140.800003051758,140.800003051758,5545000,"2021-09-30","MLPT"
141.199996948242,142.800003051758,138.800003051758,138.800003051758,5107500,"2021-10-01","MLPT"
138.800003051758,142,138.399993896484,138.399993896484,38432500,"2021-10-04","MLPT"
138.399993896484,138.399993896484,134,136.800003051758,20950000,"2021-10-05","MLPT"
136.399993896484,136.399993896484,127.599998474121,132,32322500,"2021-10-06","MLPT"
130,130,123.199996948242,128.399993896484,17742500,"2021-10-07","MLPT"
128.800003051758,136,119.599998474121,122.400001525879,166442500,"2021-10-08","MLPT"
122.400001525879,126,119.599998474121,122.400001525879,21282500,"2021-10-11","MLPT"
122.400001525879,125.199996948242,120.400001525879,120.400001525879,9492500,"2021-10-12","MLPT"
120.400001525879,122.800003051758,113.599998474121,115.199996948242,7172500,"2021-10-13","MLPT"
115.199996948242,118,113.199996948242,116.400001525879,9507500,"2021-10-14","MLPT"
117.599998474121,117.599998474121,115.599998474121,115.599998474121,3515000,"2021-10-15","MLPT"
117.599998474121,122,115.599998474121,122,12510000,"2021-10-18","MLPT"
122,124.800003051758,120.400001525879,123.199996948242,13570000,"2021-10-19","MLPT"
123.199996948242,154,123.199996948242,154,140887500,"2021-10-21","MLPT"
156,159.199996948242,145.600006103516,156,42287500,"2021-10-22","MLPT"
156,168.399993896484,145.199996948242,145.199996948242,382380000,"2021-10-25","MLPT"
145.199996948242,146,136,139.600006103516,26467500,"2021-10-26","MLPT"
139.600006103516,146,137.600006103516,142,84692500,"2021-10-27","MLPT"
143.199996948242,144.399993896484,136,140.399993896484,36187500,"2021-10-28","MLPT"
142,142.399993896484,138,139.600006103516,3095000,"2021-10-29","MLPT"
141.600006103516,141.600006103516,136.800003051758,138,2605000,"2021-11-01","MLPT"
137.600006103516,139.199996948242,136.399993896484,136.399993896484,2225000,"2021-11-02","MLPT"
136.399993896484,137.199996948242,135.199996948242,136,1890000,"2021-11-03","MLPT"
136.399993896484,139.199996948242,136,136.800003051758,595000,"2021-11-04","MLPT"
136.800003051758,140.399993896484,136.800003051758,138,2475000,"2021-11-05","MLPT"
138,138.800003051758,136,136,1782500,"2021-11-08","MLPT"
136,138,135.199996948242,136,3015000,"2021-11-09","MLPT"
136.399993896484,138,136,136.800003051758,3637500,"2021-11-10","MLPT"
136.800003051758,137.199996948242,136,136.800003051758,832500,"2021-11-11","MLPT"
136.800003051758,136.800003051758,135.199996948242,135.199996948242,2017500,"2021-11-12","MLPT"
135.199996948242,136.800003051758,134.399993896484,134.800003051758,1620000,"2021-11-15","MLPT"
134.399993896484,136,134.399993896484,135.199996948242,4645000,"2021-11-16","MLPT"
134.399993896484,139.199996948242,134,138.800003051758,14920000,"2021-11-17","MLPT"
140,144,140,144,13217500,"2021-11-18","MLPT"
145.199996948242,148,136.399993896484,140,6840000,"2021-11-19","MLPT"
140,142,137.600006103516,139.199996948242,4290000,"2021-11-22","MLPT"
139.199996948242,144,138.800003051758,142,9620000,"2021-11-23","MLPT"
142,146,142,144,12215000,"2021-11-24","MLPT"
145.600006103516,145.600006103516,140,140,3322500,"2021-11-25","MLPT"
140,140.399993896484,136.800003051758,137.600006103516,32175000,"2021-11-26","MLPT"
137.600006103516,139.600006103516,137.600006103516,138.800003051758,3120000,"2021-11-29","MLPT"
139.600006103516,144,136.800003051758,138.800003051758,3087500,"2021-11-30","MLPT"
137.199996948242,142,137.199996948242,139.199996948242,1510000,"2021-12-01","MLPT"
139.199996948242,140.800003051758,136,140.800003051758,1332500,"2021-12-02","MLPT"
140.399993896484,141.600006103516,138.800003051758,140.399993896484,1310000,"2021-12-03","MLPT"
140.399993896484,140.399993896484,130.800003051758,140.399993896484,22302500,"2021-12-06","MLPT"
140.399993896484,140.399993896484,134,137.199996948242,1327500,"2021-12-07","MLPT"
136.800003051758,137.199996948242,135.199996948242,135.600006103516,1022500,"2021-12-08","MLPT"
135.199996948242,138.399993896484,135.199996948242,136,1417500,"2021-12-09","MLPT"
136.800003051758,140,134.800003051758,140,8585000,"2021-12-10","MLPT"
140.399993896484,142,138.399993896484,138.399993896484,785000,"2021-12-13","MLPT"
138.399993896484,138.399993896484,135.199996948242,135.199996948242,845000,"2021-12-14","MLPT"
136,136.800003051758,135.199996948242,136,970000,"2021-12-15","MLPT"
136,139.600006103516,136,136,257500,"2021-12-16","MLPT"
136,140,135.199996948242,136,1325000,"2021-12-17","MLPT"
138,138.399993896484,135.199996948242,135.199996948242,525000,"2021-12-20","MLPT"
135.199996948242,137.199996948242,128,133.199996948242,2452500,"2021-12-21","MLPT"
133.199996948242,135.600006103516,132,134.800003051758,149055000,"2021-12-22","MLPT"
136,136.399993896484,133.199996948242,133.199996948242,915000,"2021-12-23","MLPT"
132.800003051758,141.600006103516,132.399993896484,140,5730000,"2021-12-24","MLPT"
140.399993896484,148,138,143.600006103516,82152500,"2021-12-27","MLPT"
144.800003051758,145.600006103516,138,143.600006103516,67777500,"2021-12-28","MLPT"
144,145.199996948242,140,142.800003051758,27692500,"2021-12-29","MLPT"
143.600006103516,145.199996948242,140,140.399993896484,15050000,"2021-12-30","MLPT"
140.399993896484,170,140.399993896484,164,401767500,"2022-01-03","MLPT"
164,172,152.800003051758,152.800003051758,158987500,"2022-01-04","MLPT"
153.199996948242,155.600006103516,142.399993896484,154.399993896484,68450000,"2022-01-05","MLPT"
154.399993896484,158,149.600006103516,152.800003051758,102292500,"2022-01-06","MLPT"
153.199996948242,156.800003051758,151.199996948242,152,85010000,"2022-01-07","MLPT"
152,152,142.399993896484,143.600006103516,6267500,"2022-01-10","MLPT"
143.600006103516,145.600006103516,133.600006103516,138,8995000,"2022-01-11","MLPT"
138,138,133.600006103516,136.399993896484,8827500,"2022-01-12","MLPT"
135.199996948242,137.600006103516,132,134.800003051758,4785000,"2022-01-13","MLPT"
135.199996948242,138.399993896484,134.800003051758,135.199996948242,13165000,"2022-01-14","MLPT"
135.199996948242,138,132.800003051758,132.800003051758,12370000,"2022-01-17","MLPT"
133.199996948242,137.199996948242,132,132,10250000,"2022-01-18","MLPT"
132.399993896484,136.399993896484,124.400001525879,132,15055000,"2022-01-19","MLPT"
132,132,126,127.599998474121,3352500,"2022-01-20","MLPT"
126,130.399993896484,125.199996948242,130,4205000,"2022-01-21","MLPT"
130,130,125.599998474121,129.600006103516,33065000,"2022-01-24","MLPT"
129.199996948242,132,124.400001525879,132,29067500,"2022-01-25","MLPT"
128,130.800003051758,126.800003051758,130,12365000,"2022-01-26","MLPT"
127.599998474121,133.199996948242,127.599998474121,130,2.1e+07,"2022-01-27","MLPT"
128,132.800003051758,126.400001525879,130.399993896484,57575000,"2022-01-28","MLPT"
130.399993896484,130.399993896484,128.399993896484,130.399993896484,947500,"2022-01-31","MLPT"
130.399993896484,134,129.199996948242,134,22967500,"2022-02-02","MLPT"
134,136.800003051758,130,134,9415000,"2022-02-03","MLPT"
134,134.399993896484,131.199996948242,131.199996948242,15457500,"2022-02-04","MLPT"
131.199996948242,136,130,136,3140000,"2022-02-07","MLPT"
135.600006103516,136.800003051758,129.600006103516,130.800003051758,10357500,"2022-02-08","MLPT"
131.199996948242,132.800003051758,130,130,36152500,"2022-02-09","MLPT"
130,162.399993896484,130,151.600006103516,386690000,"2022-02-10","MLPT"
151.600006103516,152,141.199996948242,146,255027500,"2022-02-11","MLPT"
146,146,136.399993896484,137.600006103516,4730000,"2022-02-14","MLPT"
137.600006103516,137.600006103516,134.399993896484,134.800003051758,1622500,"2022-02-15","MLPT"
134.800003051758,144,134.800003051758,141.199996948242,4737500,"2022-02-16","MLPT"
141.199996948242,143.600006103516,136,136.800003051758,2260000,"2022-02-17","MLPT"
136.800003051758,141.600006103516,134.800003051758,137.600006103516,1985000,"2022-02-18","MLPT"
137.600006103516,160,135.600006103516,160,91532500,"2022-02-21","MLPT"
159.199996948242,160.800003051758,154,158,140295000,"2022-02-22","MLPT"
156.399993896484,162,156.399993896484,160,101910000,"2022-02-23","MLPT"
160,162,148.800003051758,160,29342500,"2022-02-24","MLPT"
159.600006103516,159.600006103516,152.399993896484,158,12732500,"2022-02-25","MLPT"
158,158.800003051758,151.199996948242,158,10442500,"2022-03-01","MLPT"
157.199996948242,157.199996948242,147.199996948242,147.199996948242,3697500,"2022-03-02","MLPT"
146.800003051758,146.800003051758,137.600006103516,146.399993896484,18065000,"2022-03-04","MLPT"
144.399993896484,144.399993896484,136.399993896484,136.399993896484,7980000,"2022-03-07","MLPT"
134,141.600006103516,132,141.600006103516,12905000,"2022-03-08","MLPT"
139.199996948242,140,133.600006103516,140,8005000,"2022-03-09","MLPT"
139.199996948242,140,134.800003051758,134.800003051758,56727500,"2022-03-10","MLPT"
134.399993896484,138.800003051758,134.399993896484,136,36115000,"2022-03-11","MLPT"
136,145.199996948242,136,140.800003051758,98077500,"2022-03-14","MLPT"
141.199996948242,148,137.600006103516,148,23250000,"2022-03-15","MLPT"
147.600006103516,148.800003051758,140,141.600006103516,12875000,"2022-03-16","MLPT"
143.199996948242,143.199996948242,136.800003051758,139.199996948242,11362500,"2022-03-17","MLPT"
139.199996948242,148,136.800003051758,139.199996948242,40712500,"2022-03-18","MLPT"
139.199996948242,142.399993896484,138,139.600006103516,38997500,"2022-03-21","MLPT"
139.199996948242,141.600006103516,137.600006103516,137.600006103516,23902500,"2022-03-22","MLPT"
137.600006103516,140,137.600006103516,138,1165000,"2022-03-23","MLPT"
138,138.399993896484,136.800003051758,136.800003051758,692500,"2022-03-24","MLPT"
138,139.199996948242,136.800003051758,138,990000,"2022-03-25","MLPT"
137.600006103516,140,136,140,10440000,"2022-03-28","MLPT"
140,140.399993896484,136.399993896484,136.399993896484,9535000,"2022-03-29","MLPT"
137.600006103516,137.600006103516,136,136.399993896484,1242500,"2022-03-30","MLPT"
136.399993896484,136.800003051758,135.600006103516,136,242500,"2022-03-31","MLPT"
136,137.600006103516,132.399993896484,135.199996948242,8220000,"2022-04-01","MLPT"
135.199996948242,137.600006103516,135.199996948242,136,1885000,"2022-04-04","MLPT"
137.600006103516,137.600006103516,135.199996948242,135.199996948242,8612500,"2022-04-05","MLPT"
135.199996948242,139.199996948242,135.199996948242,135.199996948242,3432500,"2022-04-06","MLPT"
135.199996948242,137.199996948242,132.800003051758,134,27375000,"2022-04-07","MLPT"
136.800003051758,137.199996948242,133.600006103516,133.600006103516,3697500,"2022-04-08","MLPT"
136,137.600006103516,126.800003051758,137.600006103516,4425000,"2022-04-11","MLPT"
135.199996948242,135.600006103516,132.399993896484,132.399993896484,3140000,"2022-04-12","MLPT"
132.800003051758,135.600006103516,131.199996948242,132.800003051758,8650000,"2022-04-13","MLPT"
133.199996948242,135.600006103516,130.800003051758,134.399993896484,960000,"2022-04-14","MLPT"
134.399993896484,136.800003051758,132,132.800003051758,562500,"2022-04-18","MLPT"
132.800003051758,132.800003051758,130.800003051758,131.199996948242,392500,"2022-04-19","MLPT"
131.199996948242,131.199996948242,130.399993896484,130.800003051758,502500,"2022-04-20","MLPT"
130.800003051758,133.199996948242,130,130,15982500,"2022-04-21","MLPT"
130.399993896484,130.399993896484,128.800003051758,128.800003051758,305000,"2022-04-22","MLPT"
128.800003051758,129.199996948242,128,129.199996948242,1117500,"2022-04-25","MLPT"
129.199996948242,129.199996948242,125.199996948242,125.199996948242,732500,"2022-04-26","MLPT"
125.199996948242,130,125.199996948242,126,450000,"2022-04-27","MLPT"
129.600006103516,132,129.199996948242,129.600006103516,547500,"2022-04-28","MLPT"
129.199996948242,129.199996948242,124.800003051758,124.800003051758,920000,"2022-05-09","MLPT"
124.800003051758,128,116.400001525879,128,10860000,"2022-05-10","MLPT"
128,128.399993896484,127.199996948242,128,4735000,"2022-05-11","MLPT"
131.600006103516,133.600006103516,128,128,19797500,"2022-05-12","MLPT"
128,131.199996948242,126.400001525879,126.800003051758,5820000,"2022-05-13","MLPT"
130,130,126,129.199996948242,10262500,"2022-05-17","MLPT"
129.199996948242,129.199996948242,126.400001525879,128,957500,"2022-05-18","MLPT"
128,129.199996948242,126.400001525879,126.400001525879,1565000,"2022-05-19","MLPT"
126.400001525879,129.199996948242,126.400001525879,126.800003051758,527500,"2022-05-20","MLPT"
126.800003051758,126.800003051758,124.400001525879,124.800003051758,322500,"2022-05-23","MLPT"
125.599998474121,125.599998474121,121.599998474121,122.800003051758,687500,"2022-05-24","MLPT"
122.800003051758,122.800003051758,120.800003051758,120.800003051758,337500,"2022-05-25","MLPT"
120.800003051758,126,120.800003051758,124,36440000,"2022-05-27","MLPT"
124,126,122.400001525879,124.400001525879,15710000,"2022-05-30","MLPT"
124.800003051758,126,124,124.800003051758,10187500,"2022-05-31","MLPT"
124.800003051758,126,124.400001525879,125.199996948242,9047500,"2022-06-02","MLPT"
125.199996948242,126.800003051758,124.400001525879,124.400001525879,9717500,"2022-06-03","MLPT"
124.800003051758,126.400001525879,124.400001525879,124.400001525879,10810000,"2022-06-06","MLPT"
124.400001525879,126.400001525879,124.400001525879,126.400001525879,550000,"2022-06-07","MLPT"
126.400001525879,126.800003051758,124,126,325000,"2022-06-08","MLPT"
124,126,124,126,512500,"2022-06-09","MLPT"
124,126,121.199996948242,126,425000,"2022-06-10","MLPT"
126,126,121.599998474121,125.599998474121,5192500,"2022-06-13","MLPT"
125.199996948242,125.199996948242,122,122,230000,"2022-06-14","MLPT"
121.199996948242,125.199996948242,118.800003051758,120,835000,"2022-06-15","MLPT"
120,124,120,122.800003051758,387500,"2022-06-16","MLPT"
122.800003051758,124,119.599998474121,119.599998474121,457500,"2022-06-17","MLPT"
119.599998474121,125.199996948242,119.599998474121,120.400001525879,33892500,"2022-06-20","MLPT"
120,121.599998474121,119.599998474121,119.599998474121,10597500,"2022-06-21","MLPT"
119.599998474121,119.599998474121,117.599998474121,117.599998474121,322500,"2022-06-22","MLPT"
116.800003051758,117.199996948242,114.400001525879,116.400001525879,977500,"2022-06-23","MLPT"
120,120,116.400001525879,116.800003051758,492500,"2022-06-24","MLPT"
117.199996948242,118,116.400001525879,118,1127500,"2022-06-27","MLPT"
116,120,115.599998474121,115.599998474121,552500,"2022-06-28","MLPT"
115.599998474121,115.599998474121,114.800003051758,114.800003051758,437500,"2022-06-29","MLPT"
114.800003051758,114.800003051758,112,112,935000,"2022-06-30","MLPT"
112,112,104.400001525879,111.199996948242,5735000,"2022-07-01","MLPT"
111.199996948242,111.199996948242,105.599998474121,106,142500,"2022-07-04","MLPT"
105.599998474121,105.599998474121,104.800003051758,104.800003051758,152500,"2022-07-05","MLPT"
104.800003051758,104.800003051758,100.400001525879,102.800003051758,7037500,"2022-07-06","MLPT"
100,102.800003051758,100,102.400001525879,50000,"2022-07-07","MLPT"
102.400001525879,105.199996948242,102.400001525879,104.400001525879,120000,"2022-07-08","MLPT"
103.199996948242,106.800003051758,102,105.599998474121,717500,"2022-07-11","MLPT"
105.599998474121,106,105.599998474121,105.599998474121,52500,"2022-07-12","MLPT"
105.599998474121,105.599998474121,102.800003051758,103.599998474121,195000,"2022-07-13","MLPT"
104,104,103.199996948242,104,95000,"2022-07-14","MLPT"
104,104,103.599998474121,103.599998474121,147500,"2022-07-15","MLPT"
103.599998474121,104,103.599998474121,103.599998474121,367500,"2022-07-18","MLPT"
102.800003051758,102.800003051758,102,102.800003051758,190000,"2022-07-19","MLPT"
102.800003051758,104,102,102,410000,"2022-07-20","MLPT"
102.400001525879,103.199996948242,101.199996948242,101.199996948242,95000,"2022-07-21","MLPT"
102.800003051758,102.800003051758,102.400001525879,102.400001525879,257500,"2022-07-22","MLPT"
101.599998474121,101.599998474121,100,100,547500,"2022-07-25","MLPT"
100,101.599998474121,99.5999984741211,100,285000,"2022-07-26","MLPT"
100,100.800003051758,100,100.800003051758,117500,"2022-07-27","MLPT"
100.800003051758,103.599998474121,99.5999984741211,100,1177500,"2022-07-28","MLPT"
100,101.599998474121,98.8000030517578,100,1147500,"2022-07-29","MLPT"
100,102,100,101.599998474121,937500,"2022-08-01","MLPT"
103.199996948242,103.199996948242,101.599998474121,102,172500,"2022-08-02","MLPT"
101.199996948242,102,100,101.599998474121,127500,"2022-08-03","MLPT"
101.599998474121,102.400001525879,101.599998474121,101.599998474121,175000,"2022-08-04","MLPT"
101.599998474121,102.800003051758,101.599998474121,102,70000,"2022-08-05","MLPT"
100.400001525879,103.599998474121,100.400001525879,101.599998474121,112500,"2022-08-08","MLPT"
103.199996948242,103.599998474121,103.199996948242,103.199996948242,192500,"2022-08-09","MLPT"
103.199996948242,103.199996948242,102,102,32500,"2022-08-10","MLPT"
99.1999969482422,103.199996948242,99.1999969482422,100,360000,"2022-08-11","MLPT"
100.400001525879,102.400001525879,100,102,40000,"2022-08-12","MLPT"
102,102,100,102,187500,"2022-08-15","MLPT"
101.199996948242,101.199996948242,99.5999984741211,99.5999984741211,452500,"2022-08-16","MLPT"
99.5999984741211,99.5999984741211,96,98,652500,"2022-08-18","MLPT"
98,98.4000015258789,96,96.4000015258789,360000,"2022-08-19","MLPT"
96.4000015258789,96.4000015258789,96,96,50000,"2022-08-22","MLPT"
96,97.1999969482422,96,96.8000030517578,6452500,"2022-08-23","MLPT"
97.1999969482422,98.8000030517578,96.8000030517578,97.5999984741211,277500,"2022-08-24","MLPT"
95.5999984741211,96.8000030517578,95.5999984741211,96.8000030517578,380000,"2022-08-25","MLPT"
96.8000030517578,97.5999984741211,96,96,412500,"2022-08-26","MLPT"
96,96,94.4000015258789,94.4000015258789,497500,"2022-08-29","MLPT"
94.4000015258789,95.1999969482422,94.4000015258789,95.1999969482422,180000,"2022-08-30","MLPT"
94,96,94,96,157500,"2022-08-31","MLPT"
96,96,89.5999984741211,94.4000015258789,525000,"2022-09-01","MLPT"
94.8000030517578,96.4000015258789,93.1999969482422,93.1999969482422,640000,"2022-09-02","MLPT"
93.1999969482422,96,92,95.5999984741211,597500,"2022-09-05","MLPT"
95.5999984741211,96.8000030517578,89.5999984741211,96.4000015258789,632500,"2022-09-06","MLPT"
99.5999984741211,115.599998474121,99.1999969482422,114.800003051758,11452500,"2022-09-07","MLPT"
114.800003051758,126.400001525879,114.400001525879,120,10122500,"2022-09-08","MLPT"
120.800003051758,124,119.599998474121,120.400001525879,6405000,"2022-09-09","MLPT"
120.400001525879,123.599998474121,120,121.199996948242,6840000,"2022-09-12","MLPT"
121.599998474121,123.599998474121,121.199996948242,122.800003051758,6022500,"2022-09-13","MLPT"
122.800003051758,124,120.800003051758,122,9870000,"2022-09-14","MLPT"
120,120,113.599998474121,113.599998474121,4102500,"2022-09-15","MLPT"
111.199996948242,113.599998474121,106,113.599998474121,4680000,"2022-09-16","MLPT"
113.599998474121,113.599998474121,106,108.400001525879,1135000,"2022-09-19","MLPT"
108.400001525879,108.400001525879,103.599998474121,104.800003051758,1072500,"2022-09-20","MLPT"
104,106,98.4000015258789,100,770000,"2022-09-21","MLPT"
100,103.199996948242,96.4000015258789,100,8e+05,"2022-09-22","MLPT"
100.400001525879,103.199996948242,99.5999984741211,100,2242500,"2022-09-23","MLPT"
104,104,93.1999969482422,97.5999984741211,3015000,"2022-09-26","MLPT"
95.5999984741211,98,95.5999984741211,97.5999984741211,177500,"2022-09-27","MLPT"
97.5999984741211,100.800003051758,94,94,1772500,"2022-09-28","MLPT"
94,96,88,88,2582500,"2022-09-29","MLPT"
88,89.5999984741211,88,89.5999984741211,2060000,"2022-09-30","MLPT"
90,90.8000030517578,89.5999984741211,90,870000,"2022-10-03","MLPT"
90,90.8000030517578,90,90.8000030517578,320000,"2022-10-04","MLPT"
90.4000015258789,92.8000030517578,90,92,645000,"2022-10-05","MLPT"
92,98,91.5999984741211,96,587500,"2022-10-06","MLPT"
96,96.4000015258789,93.1999969482422,95.5999984741211,4e+05,"2022-10-07","MLPT"
96.4000015258789,96.4000015258789,93.1999969482422,93.1999969482422,305000,"2022-10-10","MLPT"
92.8000030517578,103.599998474121,92.8000030517578,94.8000030517578,837500,"2022-10-11","MLPT"
93.5999984741211,93.5999984741211,88.4000015258789,88.8000030517578,3175000,"2022-10-12","MLPT"
88.4000015258789,92,88.4000015258789,88.8000030517578,365000,"2022-10-13","MLPT"
89.1999969482422,89.1999969482422,86,87.5999984741211,277500,"2022-10-14","MLPT"
86,86,81.5999984741211,85.1999969482422,760000,"2022-10-17","MLPT"
85.1999969482422,85.1999969482422,83.1999969482422,83.5999984741211,295000,"2022-10-18","MLPT"
83.5999984741211,83.5999984741211,83.1999969482422,83.1999969482422,422500,"2022-10-19","MLPT"
83.1999969482422,83.5999984741211,81.5999984741211,83.5999984741211,262500,"2022-10-20","MLPT"
83.5999984741211,84.8000030517578,83.1999969482422,84.8000030517578,315000,"2022-10-21","MLPT"
84.8000030517578,88.8000030517578,84.8000030517578,86,327500,"2022-10-24","MLPT"
88.4000015258789,88.4000015258789,83.5999984741211,85.1999969482422,257500,"2022-10-25","MLPT"
84.8000030517578,87.1999969482422,84.8000030517578,86.8000030517578,225000,"2022-10-26","MLPT"
88,90,87.1999969482422,88.8000030517578,405000,"2022-10-27","MLPT"
88.8000030517578,88.8000030517578,84.8000030517578,86,512500,"2022-10-28","MLPT"
86,86,85.1999969482422,86,250000,"2022-10-31","MLPT"
86,86,82,84.8000030517578,372500,"2022-11-01","MLPT"
82.4000015258789,85.1999969482422,82.4000015258789,85.1999969482422,205000,"2022-11-02","MLPT"
84,84.8000030517578,84,84.8000030517578,150000,"2022-11-03","MLPT"
84.8000030517578,86,82,82.8000030517578,572500,"2022-11-04","MLPT"
82.4000015258789,83.5999984741211,82.4000015258789,83.1999969482422,262500,"2022-11-07","MLPT"
83.1999969482422,84,83.1999969482422,83.5999984741211,625000,"2022-11-08","MLPT"
83.5999984741211,84.8000030517578,83.5999984741211,83.5999984741211,187500,"2022-11-09","MLPT"
84,84.4000015258789,80.4000015258789,81.5999984741211,897500,"2022-11-10","MLPT"
83.1999969482422,88,81.1999969482422,84,1772500,"2022-11-11","MLPT"
84,88,83.1999969482422,86.4000015258789,4e+05,"2022-11-14","MLPT"
86.4000015258789,86.4000015258789,84,84.4000015258789,410000,"2022-11-15","MLPT"
85.1999969482422,88.8000030517578,84.4000015258789,86,3197500,"2022-11-16","MLPT"
86,86.4000015258789,84,84,422500,"2022-11-17","MLPT"
84,84.8000030517578,84,84.4000015258789,137500,"2022-11-18","MLPT"
84,85.5999984741211,84,84,312500,"2022-11-21","MLPT"
84,84.8000030517578,84,84,717500,"2022-11-22","MLPT"
84,84.4000015258789,83.5999984741211,84.4000015258789,237500,"2022-11-23","MLPT"
84.4000015258789,85.5999984741211,84.4000015258789,84.4000015258789,67500,"2022-11-24","MLPT"
84.4000015258789,84.8000030517578,84.4000015258789,84.4000015258789,1e+05,"2022-11-25","MLPT"
84,84,83.1999969482422,83.1999969482422,247500,"2022-11-28","MLPT"
83.1999969482422,84.8000030517578,82.4000015258789,82.8000030517578,365000,"2022-11-29","MLPT"
82.8000030517578,84,82.8000030517578,83.5999984741211,172500,"2022-11-30","MLPT"
83.5999984741211,84,83.1999969482422,84,352500,"2022-12-01","MLPT"
83.1999969482422,83.5999984741211,82,83.5999984741211,360000,"2022-12-02","MLPT"
83.5999984741211,84,82.4000015258789,82.8000030517578,102500,"2022-12-05","MLPT"
82.8000030517578,83.1999969482422,82.4000015258789,82.4000015258789,142500,"2022-12-06","MLPT"
82.8000030517578,84,82,82.4000015258789,110000,"2022-12-07","MLPT"
82,82.4000015258789,82,82,1e+05,"2022-12-08","MLPT"
82,82,82,82,67500,"2022-12-09","MLPT"
82,82,82,82,55000,"2022-12-12","MLPT"
82,82,80.8000030517578,81.5999984741211,80000,"2022-12-13","MLPT"
83.5999984741211,83.5999984741211,82.4000015258789,82.4000015258789,72500,"2022-12-14","MLPT"
82.4000015258789,84,82.4000015258789,82.8000030517578,110000,"2022-12-15","MLPT"
82.8000030517578,82.8000030517578,82,82.4000015258789,47500,"2022-12-16","MLPT"
83.1999969482422,84.4000015258789,82.8000030517578,82.8000030517578,45000,"2022-12-19","MLPT"
84.4000015258789,84.4000015258789,82.4000015258789,82.4000015258789,13067500,"2022-12-20","MLPT"
82.8000030517578,82.8000030517578,81.1999969482422,82.4000015258789,302500,"2022-12-21","MLPT"
81.1999969482422,83.1999969482422,80.4000015258789,82.8000030517578,137500,"2022-12-22","MLPT"
82.8000030517578,83.5999984741211,82,82,187500,"2022-12-23","MLPT"
82.4000015258789,84.4000015258789,82.4000015258789,82.8000030517578,480000,"2022-12-26","MLPT"
82.8000030517578,82.8000030517578,79.8000030517578,82,480000,"2022-12-27","MLPT"
82,82,81.1999969482422,81.5999984741211,142500,"2022-12-28","MLPT"
81.5999984741211,81.5999984741211,81.1999969482422,81.1999969482422,75000,"2022-12-29","MLPT"
81.1999969482422,81.1999969482422,80.8000030517578,81.1999969482422,232500,"2022-12-30","MLPT"
81.1999969482422,81.5999984741211,80,80.4000015258789,317500,"2023-01-02","MLPT"
81.5999984741211,81.5999984741211,80.4000015258789,80.8000030517578,177500,"2023-01-03","MLPT"
81.5999984741211,81.5999984741211,80.8000030517578,80.8000030517578,485000,"2023-01-04","MLPT"
80.4000015258789,81.5999984741211,79.5999984741211,79.8000030517578,682500,"2023-01-05","MLPT"
80,80,79.4000015258789,79.4000015258789,260000,"2023-01-06","MLPT"
79.4000015258789,80,78.8000030517578,78.8000030517578,1277500,"2023-01-09","MLPT"
78.8000030517578,79.4000015258789,78.4000015258789,78.5999984741211,170000,"2023-01-10","MLPT"
78.4000015258789,78.5999984741211,76,77.5999984741211,257500,"2023-01-11","MLPT"
78,78.4000015258789,77.5999984741211,78.1999969482422,175000,"2023-01-12","MLPT"
78.5999984741211,78.5999984741211,78,78.5999984741211,42500,"2023-01-13","MLPT"
78.1999969482422,78.4000015258789,78.1999969482422,78.1999969482422,102500,"2023-01-16","MLPT"
78,78.4000015258789,76.8000030517578,76.8000030517578,415000,"2023-01-17","MLPT"
76.8000030517578,78.8000030517578,76.8000030517578,77.1999969482422,1140000,"2023-01-18","MLPT"
77.5999984741211,77.5999984741211,77.4000015258789,77.4000015258789,125000,"2023-01-19","MLPT"
77.4000015258789,78.8000030517578,77.4000015258789,78.4000015258789,172500,"2023-01-20","MLPT"
78.4000015258789,78.8000030517578,78,78.1999969482422,140000,"2023-01-24","MLPT"
78.4000015258789,78.4000015258789,78,78,225000,"2023-01-25","MLPT"
78,78.8000030517578,78,78.4000015258789,192500,"2023-01-26","MLPT"
78.4000015258789,78.5999984741211,78.4000015258789,78.4000015258789,335000,"2023-01-27","MLPT"
78.4000015258789,78.8000030517578,78.1999969482422,78.1999969482422,117500,"2023-01-30","MLPT"
78.1999969482422,78.1999969482422,77.4000015258789,77.4000015258789,177500,"2023-01-31","MLPT"
77.4000015258789,77.4000015258789,77,77.4000015258789,1910000,"2023-02-01","MLPT"
77.4000015258789,77.5999984741211,76.8000030517578,77.1999969482422,129577500,"2023-02-02","MLPT"
78.8000030517578,79,77.8000030517578,78.1999969482422,1042500,"2023-02-03","MLPT"
78.8000030517578,79.1999969482422,77,77,622500,"2023-02-06","MLPT"
77,78.8000030517578,77,77.8000030517578,147500,"2023-02-07","MLPT"
77.8000030517578,78.5999984741211,77.5999984741211,78,252500,"2023-02-08","MLPT"
78,78.5999984741211,78,78.1999969482422,162500,"2023-02-09","MLPT"
78.1999969482422,79,78.1999969482422,78.4000015258789,175000,"2023-02-10","MLPT"
78.4000015258789,78.8000030517578,78.4000015258789,78.4000015258789,187500,"2023-02-13","MLPT"
78.4000015258789,78.4000015258789,78,78.1999969482422,262500,"2023-02-14","MLPT"
78.5999984741211,78.5999984741211,77.5999984741211,77.5999984741211,197500,"2023-02-15","MLPT"
77.5999984741211,78.5999984741211,76.4000015258789,78.1999969482422,185000,"2023-02-16","MLPT"
78.4000015258789,78.4000015258789,77.4000015258789,77.5999984741211,202500,"2023-02-17","MLPT"
77.5999984741211,77.8000030517578,77.5999984741211,77.5999984741211,147500,"2023-02-20","MLPT"
77.8000030517578,78.5999984741211,77.8000030517578,78.4000015258789,32500,"2023-02-21","MLPT"
78.4000015258789,78.4000015258789,78,78.1999969482422,552500,"2023-02-22","MLPT"
78.1999969482422,78.4000015258789,78.1999969482422,78.1999969482422,277500,"2023-02-23","MLPT"
79,79.1999969482422,78.1999969482422,78.8000030517578,95000,"2023-02-24","MLPT"
78.8000030517578,78.8000030517578,77.8000030517578,78,272500,"2023-02-27","MLPT"
78.1999969482422,78.1999969482422,78,78.1999969482422,220000,"2023-02-28","MLPT"
78.1999969482422,78.1999969482422,77.8000030517578,78,485000,"2023-03-01","MLPT"
78,78,77,77.8000030517578,247500,"2023-03-02","MLPT"
77.8000030517578,79.1999969482422,77.4000015258789,78.1999969482422,617500,"2023-03-03","MLPT"
78.4000015258789,82,78.1999969482422,80.4000015258789,2275000,"2023-03-06","MLPT"
80.4000015258789,84,79.1999969482422,79.8000030517578,687500,"2023-03-07","MLPT"
80,83.5999984741211,78.8000030517578,80.8000030517578,1010000,"2023-03-08","MLPT"
80.8000030517578,81.1999969482422,77.8000030517578,79.5999984741211,840000,"2023-03-09","MLPT"
79.5999984741211,82.8000030517578,79.5999984741211,80,185000,"2023-03-10","MLPT"
80,82,79.5999984741211,79.5999984741211,97500,"2023-03-13","MLPT"
79.5999984741211,79.8000030517578,78,78,245000,"2023-03-14","MLPT"
79.5999984741211,79.5999984741211,77.8000030517578,78.4000015258789,180000,"2023-03-15","MLPT"
78.4000015258789,78.4000015258789,76.1999969482422,77,277500,"2023-03-16","MLPT"
77,77.8000030517578,76,77.8000030517578,357500,"2023-03-17","MLPT"
77.8000030517578,77.8000030517578,76,76.8000030517578,137500,"2023-03-20","MLPT"
76.8000030517578,77.1999969482422,76,77.1999969482422,172500,"2023-03-21","MLPT"
78,78.8000030517578,77.4000015258789,77.4000015258789,802500,"2023-03-24","MLPT"
78.8000030517578,78.8000030517578,77.1999969482422,78.4000015258789,125000,"2023-03-27","MLPT"
78.4000015258789,78.4000015258789,77.5999984741211,78,367500,"2023-03-28","MLPT"
78,79.1999969482422,77.5999984741211,78.1999969482422,152500,"2023-03-29","MLPT"
78.1999969482422,78.8000030517578,78.1999969482422,78.4000015258789,377500,"2023-03-30","MLPT"
78.5999984741211,78.5999984741211,78.1999969482422,78.4000015258789,185000,"2023-03-31","MLPT"
78.5999984741211,78.5999984741211,78,78.1999969482422,282500,"2023-04-03","MLPT"
78.1999969482422,78.4000015258789,77.8000030517578,78,380000,"2023-04-04","MLPT"
78.1999969482422,78.1999969482422,77.5999984741211,77.5999984741211,367500,"2023-04-05","MLPT"
77.5999984741211,77.5999984741211,77.1999969482422,77.4000015258789,285000,"2023-04-06","MLPT"
77.4000015258789,77.5999984741211,77.4000015258789,77.5999984741211,105000,"2023-04-10","MLPT"
77.5999984741211,77.5999984741211,77.4000015258789,77.5999984741211,382500,"2023-04-11","MLPT"
78.8000030517578,79.4000015258789,78,79,1342500,"2023-04-12","MLPT"
79,79,78,78.5999984741211,2035000,"2023-04-13","MLPT"
78.5999984741211,78.5999984741211,78,78,732500,"2023-04-14","MLPT"
78,79.1999969482422,78,79,402500,"2023-04-17","MLPT"
78,79.8000030517578,78,78.5999984741211,747500,"2023-04-18","MLPT"
79.8000030517578,79.8000030517578,78.1999969482422,78.8000030517578,322500,"2023-04-26","MLPT"
78.8000030517578,78.8000030517578,78.4000015258789,78.4000015258789,357500,"2023-04-27","MLPT"
78.5999984741211,81.5999984741211,78.5999984741211,78.8000030517578,2430000,"2023-04-28","MLPT"
78.5999984741211,85.5999984741211,78.5999984741211,81.5999984741211,3472500,"2023-05-02","MLPT"
81.5999984741211,82.8000030517578,80.8000030517578,81.5999984741211,2555000,"2023-05-03","MLPT"
81.5999984741211,83.1999969482422,81.5999984741211,83.1999969482422,1682500,"2023-05-04","MLPT"
82,82,77.4000015258789,77.4000015258789,1745000,"2023-05-05","MLPT"
77.1999969482422,77.5999984741211,72.1999969482422,74,2417500,"2023-05-08","MLPT"
73.1999969482422,75.8000030517578,73.1999969482422,75.1999969482422,560000,"2023-05-09","MLPT"
74.1999969482422,75.1999969482422,74,74,467500,"2023-05-10","MLPT"
74,74.1999969482422,72.8000030517578,74.1999969482422,410000,"2023-05-11","MLPT"
74.4000015258789,74.5999984741211,73,74.5999984741211,172500,"2023-05-12","MLPT"
74.5999984741211,74.8000030517578,73,74.8000030517578,120000,"2023-05-15","MLPT"
74.5999984741211,74.5999984741211,72.8000030517578,73.8000030517578,442500,"2023-05-16","MLPT"
73.8000030517578,73.8000030517578,73,73.1999969482422,95000,"2023-05-17","MLPT"
73.1999969482422,74.1999969482422,72,73.1999969482422,1005000,"2023-05-19","MLPT"
73.4000015258789,74,73.4000015258789,73.5999984741211,387500,"2023-05-22","MLPT"
74,74.5999984741211,74,74.4000015258789,810000,"2023-05-23","MLPT"
73.8000030517578,73.8000030517578,71,73.1999969482422,340000,"2023-05-24","MLPT"
73.1999969482422,73.4000015258789,72,72.8000030517578,180000,"2023-05-25","MLPT"
72.8000030517578,74.4000015258789,72.8000030517578,74.4000015258789,372500,"2023-05-26","MLPT"
73.5999984741211,73.5999984741211,72.8000030517578,72.8000030517578,85000,"2023-05-29","MLPT"
72.8000030517578,74.5999984741211,72,74,182500,"2023-05-30","MLPT"
74,74.5999984741211,72.1999969482422,73.8000030517578,97500,"2023-05-31","MLPT"
73.8000030517578,73.8000030517578,73.5999984741211,73.8000030517578,127500,"2023-06-05","MLPT"
73.5999984741211,73.5999984741211,72.5999984741211,72.5999984741211,310000,"2023-06-06","MLPT"
73.5999984741211,73.5999984741211,72.1999969482422,72.8000030517578,325000,"2023-06-07","MLPT"
72.8000030517578,73.8000030517578,72.8000030517578,72.8000030517578,95000,"2023-06-08","MLPT"
72.8000030517578,73.8000030517578,72.8000030517578,73.4000015258789,40000,"2023-06-09","MLPT"
73.4000015258789,73.5999984741211,73.1999969482422,73.4000015258789,155000,"2023-06-12","MLPT"
73.4000015258789,73.5999984741211,73.4000015258789,73.5999984741211,105000,"2023-06-13","MLPT"
73.5999984741211,73.5999984741211,72.4000015258789,73.1999969482422,137500,"2023-06-14","MLPT"
73.4000015258789,73.5999984741211,73,73,257500,"2023-06-15","MLPT"
73.5999984741211,73.5999984741211,73.1999969482422,73.1999969482422,82500,"2023-06-16","MLPT"
73.1999969482422,73.1999969482422,73.1999969482422,73.1999969482422,162500,"2023-06-19","MLPT"
73.1999969482422,73.1999969482422,73,73.1999969482422,27500,"2023-06-20","MLPT"
73.1999969482422,73.1999969482422,73,73,117500,"2023-06-21","MLPT"
73,73.8000030517578,72.5999984741211,72.5999984741211,310000,"2023-06-22","MLPT"
74,74,72.5999984741211,72.5999984741211,442500,"2023-06-23","MLPT"
74,74,72.4000015258789,72.4000015258789,225000,"2023-06-26","MLPT"
72.5999984741211,72.5999984741211,72.4000015258789,72.5999984741211,337500,"2023-06-27","MLPT"
72.5999984741211,73.5999984741211,72.5999984741211,73.5999984741211,85000,"2023-07-03","MLPT"
73.1999969482422,74.4000015258789,73.1999969482422,73.5999984741211,157500,"2023-07-04","MLPT"
73.5999984741211,73.5999984741211,73,73,32500,"2023-07-05","MLPT"
73,74.8000030517578,73,73,165000,"2023-07-06","MLPT"
73.8000030517578,74,72.8000030517578,74,92500,"2023-07-07","MLPT"
73.5999984741211,74,73,74,55000,"2023-07-10","MLPT"
74.1999969482422,74.1999969482422,73.4000015258789,73.4000015258789,167500,"2023-07-11","MLPT"
73.1999969482422,75,73,74.5999984741211,537500,"2023-07-12","MLPT"
73.8000030517578,73.8000030517578,73.1999969482422,73.1999969482422,565000,"2023-07-13","MLPT"
74.4000015258789,74.4000015258789,74.4000015258789,74.4000015258789,142500,"2023-07-14","MLPT"
74.4000015258789,74.5999984741211,73.5999984741211,74.5999984741211,572500,"2023-07-17","MLPT"
74.5999984741211,74.8000030517578,74,74,295000,"2023-07-18","MLPT"
74.5999984741211,74.8000030517578,74,74.8000030517578,112500,"2023-07-20","MLPT"
74.8000030517578,75.1999969482422,74.8000030517578,75.1999969482422,482500,"2023-07-21","MLPT"
75.1999969482422,76,75.1999969482422,76,895000,"2023-07-24","MLPT"
76,77.1999969482422,76,77,1357500,"2023-07-25","MLPT"
77,77,75.4000015258789,75.8000030517578,710000,"2023-07-26","MLPT"
76.1999969482422,76.8000030517578,75,75,657500,"2023-07-27","MLPT"
75,76.8000030517578,74.8000030517578,76.5999984741211,217500,"2023-07-28","MLPT"
77,77,76,76,545000,"2023-07-31","MLPT"
76,76,74,74.1999969482422,207500,"2023-08-01","MLPT"
74.4000015258789,75.4000015258789,73.5999984741211,75.4000015258789,80000,"2023-08-02","MLPT"
75.4000015258789,75.4000015258789,74,74,332500,"2023-08-03","MLPT"
74,74.5999984741211,73.4000015258789,73.4000015258789,387500,"2023-08-04","MLPT"
73.4000015258789,74.4000015258789,73.4000015258789,73.5999984741211,257500,"2023-08-07","MLPT"
73.5999984741211,74,73.4000015258789,73.8000030517578,62500,"2023-08-08","MLPT"
74,74,72.4000015258789,72.4000015258789,560000,"2023-08-09","MLPT"
72.1999969482422,72.4000015258789,70.8000030517578,70.8000030517578,1915000,"2023-08-10","MLPT"
71.1999969482422,71.1999969482422,69.5999984741211,69.5999984741211,660000,"2023-08-11","MLPT"
69.5999984741211,72,69,71,355000,"2023-08-14","MLPT"
70.8000030517578,71,70.4000015258789,71,340000,"2023-08-15","MLPT"
71,71.8000030517578,70.5999984741211,71.8000030517578,232500,"2023-08-16","MLPT"
72.8000030517578,73.1999969482422,72.8000030517578,72.8000030517578,535000,"2023-08-18","MLPT"
72.8000030517578,73.8000030517578,72.5999984741211,72.8000030517578,412500,"2023-08-21","MLPT"
73,73,72.5999984741211,72.5999984741211,172500,"2023-08-22","MLPT"
72.5999984741211,72.8000030517578,72,72,380000,"2023-08-23","MLPT"
72,72,72,72,215000,"2023-08-24","MLPT"
72.5999984741211,73.4000015258789,72.5999984741211,73,107500,"2023-08-25","MLPT"
73,73.4000015258789,71.8000030517578,72,122500,"2023-08-28","MLPT"
72,72,71.8000030517578,71.8000030517578,185000,"2023-08-29","MLPT"
72,74.4000015258789,71.5999984741211,72.8000030517578,330000,"2023-08-30","MLPT"
72.8000030517578,72.8000030517578,71.5999984741211,72,367500,"2023-08-31","MLPT"
72.8000030517578,72.8000030517578,72.5999984741211,72.5999984741211,72500,"2023-09-01","MLPT"
72.5999984741211,73.1999969482422,71.4000015258789,71.4000015258789,430000,"2023-09-04","MLPT"
71.4000015258789,72.1999969482422,70.8000030517578,72,235000,"2023-09-05","MLPT"
72.5999984741211,72.5999984741211,71.5999984741211,71.8000030517578,52500,"2023-09-06","MLPT"
71.8000030517578,72.5999984741211,71.4000015258789,71.8000030517578,155000,"2023-09-07","MLPT"
71.8000030517578,71.8000030517578,71.5999984741211,71.5999984741211,102500,"2023-09-08","MLPT"
71.5999984741211,71.8000030517578,71.5999984741211,71.8000030517578,120000,"2023-09-11","MLPT"
72.4000015258789,72.5999984741211,71.5999984741211,71.5999984741211,62500,"2023-09-12","MLPT"
71.5999984741211,72.8000030517578,71.1999969482422,71.4000015258789,110000,"2023-09-13","MLPT"
71.1999969482422,71.8000030517578,70.8000030517578,71.8000030517578,290000,"2023-09-14","MLPT"
71,72,71,71.1999969482422,2e+05,"2023-09-15","MLPT"
71.1999969482422,71.1999969482422,68.4000015258789,70.8000030517578,422500,"2023-09-18","MLPT"
72.5999984741211,72.5999984741211,68.4000015258789,69.4000015258789,327500,"2023-09-19","MLPT"
69.1999969482422,71,68.8000030517578,70.8000030517578,392500,"2023-09-20","MLPT"
70.1999969482422,70.8000030517578,69,70,125000,"2023-09-21","MLPT"
69.5999984741211,71.1999969482422,69.5999984741211,71.1999969482422,57500,"2023-09-22","MLPT"
71.1999969482422,72,70,70.4000015258789,75000,"2023-09-25","MLPT"
70.5999984741211,71.5999984741211,70.1999969482422,70.4000015258789,70000,"2023-09-26","MLPT"
70.5999984741211,70.5999984741211,70.1999969482422,70.4000015258789,85000,"2023-09-27","MLPT"
70.4000015258789,71,70.4000015258789,70.4000015258789,60000,"2023-09-29","MLPT"
70.4000015258789,71,70,70.1999969482422,150000,"2023-10-02","MLPT"
71,71,70.4000015258789,70.8000030517578,35000,"2023-10-03","MLPT"
70.8000030517578,70.8000030517578,70,70,52500,"2023-10-04","MLPT"
70,70,70,70,80000,"2023-10-05","MLPT"
70,70.1999969482422,70,70.1999969482422,77500,"2023-10-06","MLPT"
70.4000015258789,70.4000015258789,69.5999984741211,70.1999969482422,122500,"2023-10-09","MLPT"
70,70,69.4000015258789,69.4000015258789,75000,"2023-10-10","MLPT"
70,70,69.5999984741211,70,32500,"2023-10-11","MLPT"
70,70,69.1999969482422,69.8000030517578,127500,"2023-10-12","MLPT"
69.8000030517578,69.8000030517578,65.1999969482422,68,162500,"2023-10-13","MLPT"
69.8000030517578,69.8000030517578,67.4000015258789,68,310000,"2023-10-16","MLPT"
68,68,68,68,17500,"2023-10-17","MLPT"
68,68.1999969482422,67.8000030517578,68,117500,"2023-10-18","MLPT"
68,68,66.1999969482422,66.4000015258789,297500,"2023-10-19","MLPT"
66.5999984741211,66.5999984741211,66,66.4000015258789,155000,"2023-10-20","MLPT"
66,66.1999969482422,65.8000030517578,66,127500,"2023-10-23","MLPT"
66,68,66,68,270000,"2023-10-24","MLPT"
66,68.4000015258789,66,67.5999984741211,35000,"2023-10-25","MLPT"
67.4000015258789,67.4000015258789,67.1999969482422,67.1999969482422,17500,"2023-10-26","MLPT"
67.1999969482422,67.1999969482422,65.8000030517578,65.8000030517578,227500,"2023-10-27","MLPT"
65.5999984741211,65.8000030517578,65.1999969482422,65.1999969482422,112500,"2023-10-30","MLPT"
65.1999969482422,65.1999969482422,58,62.7999992370605,985000,"2023-10-31","MLPT"
64,65.1999969482422,64,65.1999969482422,40000,"2023-11-01","MLPT"
65.1999969482422,65.1999969482422,63,64.5999984741211,210000,"2023-11-02","MLPT"
64.5999984741211,64.8000030517578,64,64,105000,"2023-11-03","MLPT"
66,66,64.1999969482422,64.8000030517578,220000,"2023-11-06","MLPT"
64.5999984741211,64.8000030517578,64.4000015258789,64.5999984741211,125000,"2023-11-07","MLPT"
64.5999984741211,64.5999984741211,64.5999984741211,64.5999984741211,12500,"2023-11-08","MLPT"
64,64,64,64,7500,"2023-11-09","MLPT"
64,64,64,64,92500,"2023-11-10","MLPT"
64,64,63.2000007629395,63.2000007629395,55000,"2023-11-13","MLPT"
62.7999992370605,63.7999992370605,59.7999992370605,63.7999992370605,202500,"2023-11-14","MLPT"
63.5999984741211,64,63.2000007629395,64,110000,"2023-11-15","MLPT"
64.4000015258789,64.4000015258789,63.5999984741211,63.5999984741211,35000,"2023-11-16","MLPT"
63.2000007629395,63.2000007629395,63.2000007629395,63.2000007629395,82500,"2023-11-17","MLPT"
63.2000007629395,63.5999984741211,63,63.5999984741211,32500,"2023-11-20","MLPT"
63.7999992370605,64,63.7999992370605,64,15000,"2023-11-21","MLPT"
64,74,64,64,1997500,"2023-11-22","MLPT"
66,66,63.5999984741211,64.4000015258789,435000,"2023-11-23","MLPT"
64.4000015258789,64.4000015258789,64,64,140000,"2023-11-24","MLPT"
64.1999969482422,66,63.7999992370605,65,327500,"2023-11-27","MLPT"
65,65,63,63.2000007629395,292500,"2023-11-28","MLPT"
65,65,62.4000015258789,62.4000015258789,195000,"2023-11-29","MLPT"
62.4000015258789,64.5999984741211,62.4000015258789,63,195000,"2023-11-30","MLPT"
63.2000007629395,64,60.4000015258789,61.4000015258789,337500,"2023-12-01","MLPT"
61.5999984741211,63.7999992370605,61.5999984741211,62.7999992370605,295000,"2023-12-04","MLPT"
63,64.1999969482422,62,64.1999969482422,192500,"2023-12-05","MLPT"
64.1999969482422,64.1999969482422,64,64,267500,"2023-12-06","MLPT"
62,64.5999984741211,62,64,115000,"2023-12-07","MLPT"
63.5999984741211,64,63.5999984741211,64,40000,"2023-12-08","MLPT"
64,64,62.4000015258789,63.2000007629395,702500,"2023-12-11","MLPT"
62.7999992370605,64.1999969482422,62.4000015258789,62.7999992370605,135000,"2023-12-12","MLPT"
64,64.4000015258789,62.4000015258789,64.4000015258789,295000,"2023-12-13","MLPT"
64.4000015258789,64.4000015258789,64.1999969482422,64.1999969482422,10000,"2023-12-14","MLPT"
63.5999984741211,64.5999984741211,62.2000007629395,64.5999984741211,70000,"2023-12-15","MLPT"
62.7999992370605,64.5999984741211,62.7999992370605,62.7999992370605,75000,"2023-12-18","MLPT"
62.7999992370605,64.1999969482422,62.7999992370605,63.7999992370605,185000,"2023-12-19","MLPT"
63.7999992370605,64.1999969482422,60.4000015258789,63,482500,"2023-12-20","MLPT"
62.4000015258789,63,60,60,350000,"2023-12-21","MLPT"
60,63.2000007629395,60,60.7999992370605,602500,"2023-12-22","MLPT"
60.7999992370605,62.7999992370605,60.7999992370605,62.5999984741211,722500,"2023-12-27","MLPT"
62.5999984741211,62.5999984741211,62.2000007629395,62.5999984741211,90000,"2023-12-28","MLPT"
63.2000007629395,63.2000007629395,62.5999984741211,62.7999992370605,1125000,"2023-12-29","MLPT"
63.4000015258789,63.4000015258789,61,62,107500,"2024-01-02","MLPT"
62.7999992370605,63.2000007629395,62.2000007629395,62.4000015258789,122500,"2024-01-03","MLPT"
63.4000015258789,63.4000015258789,63.4000015258789,63.4000015258789,25000,"2024-01-04","MLPT"
63.4000015258789,64.1999969482422,63.2000007629395,64,1660000,"2024-01-05","MLPT"
64,64,63.5999984741211,63.5999984741211,157500,"2024-01-08","MLPT"
64,65.4000015258789,63.5999984741211,63.5999984741211,775000,"2024-01-09","MLPT"
63.2000007629395,64.4000015258789,63.2000007629395,64.4000015258789,235000,"2024-01-10","MLPT"
64.4000015258789,64.5999984741211,64.4000015258789,64.5999984741211,130000,"2024-01-11","MLPT"
64.5999984741211,64.8000030517578,64.4000015258789,64.5999984741211,145000,"2024-01-12","MLPT"
64.5999984741211,65.1999969482422,64.5999984741211,65.1999969482422,142500,"2024-01-15","MLPT"
64.5999984741211,65.1999969482422,64.5999984741211,65,150000,"2024-01-16","MLPT"
64.5999984741211,65,64.1999969482422,64.1999969482422,105000,"2024-01-17","MLPT"
65,65,64.1999969482422,65,157500,"2024-01-18","MLPT"
65,65,64.5999984741211,64.5999984741211,47500,"2024-01-19","MLPT"
64.5999984741211,65.4000015258789,64.5999984741211,64.8000030517578,422500,"2024-01-22","MLPT"
65.4000015258789,65.4000015258789,64.5999984741211,65.1999969482422,97500,"2024-01-23","MLPT"
65.1999969482422,65.1999969482422,64,64,80000,"2024-01-24","MLPT"
64.4000015258789,76.8000030517578,64.4000015258789,76,1307500,"2024-01-25","MLPT"
74,75.5999984741211,68,74.8000030517578,1137500,"2024-01-26","MLPT"
74.8000030517578,74.8000030517578,69,72.5999984741211,852500,"2024-01-29","MLPT"
70.5999984741211,83.5999984741211,70.5999984741211,73.1999969482422,1707500,"2024-01-30","MLPT"
73.1999969482422,77.8000030517578,62.7999992370605,68.1999969482422,1472500,"2024-01-31","MLPT"
68.1999969482422,68.1999969482422,59.2000007629395,61,3550000,"2024-02-01","MLPT"
62.4000015258789,62.7999992370605,60.4000015258789,60.7999992370605,290000,"2024-02-02","MLPT"
61.4000015258789,62,61.4000015258789,62,217500,"2024-02-05","MLPT"
62.2000007629395,62.4000015258789,62,62.4000015258789,47500,"2024-02-06","MLPT"
62.4000015258789,62.4000015258789,60.4000015258789,61.5999984741211,92500,"2024-02-07","MLPT"
61.5999984741211,63.5999984741211,60.2000007629395,61.5999984741211,455000,"2024-02-12","MLPT"
61.5999984741211,64,60.5999984741211,63.7999992370605,295000,"2024-02-13","MLPT"
63.7999992370605,63.7999992370605,61.4000015258789,63,130000,"2024-02-15","MLPT"
62.7999992370605,62.7999992370605,60.4000015258789,60.7999992370605,337500,"2024-02-16","MLPT"
60.7999992370605,61.2000007629395,60,61.2000007629395,435000,"2024-02-19","MLPT"
61.2000007629395,61.7999992370605,61.2000007629395,61.5999984741211,32500,"2024-02-20","MLPT"
61.5999984741211,61.5999984741211,61.4000015258789,61.5999984741211,35000,"2024-02-21","MLPT"
61.5999984741211,61.5999984741211,60.2000007629395,61.5999984741211,140000,"2024-02-22","MLPT"
61.4000015258789,63,60.2000007629395,63,45000,"2024-02-23","MLPT"
63,63,60,62.5999984741211,320000,"2024-02-26","MLPT"
62.7999992370605,64,60.5999984741211,60.7999992370605,275000,"2024-02-27","MLPT"
61.2000007629395,61.4000015258789,60.4000015258789,61.2000007629395,160000,"2024-02-28","MLPT"
61,61,60.4000015258789,60.4000015258789,315000,"2024-02-29","MLPT"
60.4000015258789,61,60,61,130000,"2024-03-01","MLPT"
60.7999992370605,60.7999992370605,60.2000007629395,60.4000015258789,255000,"2024-03-04","MLPT"
60.2000007629395,61.2000007629395,60,60,142500,"2024-03-05","MLPT"
60,61,59.2000007629395,59.5999984741211,230000,"2024-03-06","MLPT"
59.5999984741211,61.2000007629395,59.4000015258789,60.5999984741211,217500,"2024-03-07","MLPT"
60.5999984741211,60.7999992370605,59.4000015258789,60,180000,"2024-03-08","MLPT"
60,62,60,61.2000007629395,125000,"2024-03-13","MLPT"
61.2000007629395,61.2000007629395,60.7999992370605,60.7999992370605,42500,"2024-03-14","MLPT"
60.7999992370605,61.2000007629395,60.2000007629395,61,57500,"2024-03-15","MLPT"
61,61,60.7999992370605,61,85000,"2024-03-18","MLPT"
61,61,59.4000015258789,60,180000,"2024-03-19","MLPT"
60,60.5999984741211,59.5999984741211,59.7999992370605,142500,"2024-03-20","MLPT"
59.7999992370605,61,59.7999992370605,60.7999992370605,195000,"2024-03-21","MLPT"
60.5999984741211,60.5999984741211,60.5999984741211,60.5999984741211,55000,"2024-03-22","MLPT"
60.7999992370605,60.7999992370605,60.4000015258789,60.4000015258789,192500,"2024-03-25","MLPT"
61.2000007629395,61.2000007629395,59.7999992370605,59.7999992370605,332500,"2024-03-26","MLPT"
59.7999992370605,60.4000015258789,59.7999992370605,60.4000015258789,40000,"2024-03-27","MLPT"
60.4000015258789,72,55.5999984741211,63.5999984741211,4702500,"2024-03-28","MLPT"
63.5999984741211,63.5999984741211,60,60.5999984741211,867500,"2024-04-01","MLPT"
61.2000007629395,67.8000030517578,61.2000007629395,63.4000015258789,905000,"2024-04-02","MLPT"
63.5999984741211,65.4000015258789,59.5999984741211,62.7999992370605,950000,"2024-04-03","MLPT"
61.5999984741211,62.7999992370605,58,59.4000015258789,1395000,"2024-04-04","MLPT"
60.5999984741211,60.7999992370605,59.2000007629395,59.2000007629395,820000,"2024-04-05","MLPT"
70,72,60,60,240000,"2024-04-16","MLPT"
60,60.5999984741211,60,60,327500,"2024-04-17","MLPT"
60.2000007629395,61.2000007629395,60.2000007629395,61.2000007629395,292500,"2024-04-18","MLPT"
62,62.2000007629395,61,62,197500,"2024-04-19","MLPT"
61.2000007629395,62,61.2000007629395,61.7999992370605,52500,"2024-04-22","MLPT"
62.5999984741211,62.5999984741211,61.7999992370605,61.7999992370605,515000,"2024-04-23","MLPT"
60.2000007629395,61.7999992370605,60.2000007629395,61.2000007629395,572500,"2024-04-24","MLPT"
61.2000007629395,61.2000007629395,60.2000007629395,61,62500,"2024-04-25","MLPT"
61,61,60.4000015258789,60.4000015258789,122500,"2024-04-26","MLPT"
60.4000015258789,62,56,59.7999992370605,115000,"2024-04-29","MLPT"
62.4000015258789,62.7999992370605,56.5999984741211,61.2000007629395,355000,"2024-04-30","MLPT"
61.5999984741211,63.7999992370605,60.4000015258789,62.2000007629395,1937500,"2024-05-02","MLPT"
62.4000015258789,64,62.2000007629395,62.7999992370605,725000,"2024-05-03","MLPT"
62.7999992370605,67.1999969482422,62.7999992370605,64.8000030517578,12537500,"2024-05-06","MLPT"
59.2000007629395,60,52,57,7325000,"2024-05-07","MLPT"
57,58.4000015258789,54.4000015258789,56.2000007629395,1235000,"2024-05-08","MLPT"
56,56.7999992370605,52.4000015258789,52.7999992370605,1350000,"2024-05-13","MLPT"
52.7999992370605,52.7999992370605,48.5999984741211,51.4000015258789,1942500,"2024-05-14","MLPT"
50,50.4000015258789,48,48,1557500,"2024-05-15","MLPT"
48.2000007629395,48.4000015258789,47.4000015258789,48.4000015258789,1770000,"2024-05-16","MLPT"
48.7999992370605,52,48.7999992370605,49.2000007629395,572500,"2024-05-17","MLPT"
49.5999984741211,50,48.7999992370605,49.5999984741211,1367500,"2024-05-20","MLPT"
49.5999984741211,49.7999992370605,48.4000015258789,49.2000007629395,480000,"2024-05-21","MLPT"
48.4000015258789,50.2000007629395,48.4000015258789,49.5999984741211,285000,"2024-05-22","MLPT"
49.5999984741211,49.7999992370605,49.4000015258789,49.5999984741211,955000,"2024-05-27","MLPT"
49.5999984741211,49.5999984741211,49.4000015258789,49.5999984741211,662500,"2024-05-28","MLPT"
49.5999984741211,49.7999992370605,49.4000015258789,49.4000015258789,465000,"2024-05-29","MLPT"
49.4000015258789,49.7999992370605,49.2000007629395,49.4000015258789,115000,"2024-05-30","MLPT"
51.4000015258789,51.4000015258789,48.2000007629395,48.4000015258789,365000,"2024-05-31","MLPT"
49.4000015258789,49.4000015258789,48.4000015258789,49.2000007629395,215000,"2024-06-03","MLPT"
49.4000015258789,49.4000015258789,49,49,167500,"2024-06-04","MLPT"
49,49.2000007629395,48.4000015258789,48.7999992370605,117500,"2024-06-05","MLPT"
48.7999992370605,49.4000015258789,48,49.4000015258789,390000,"2024-06-06","MLPT"
49.5999984741211,49.5999984741211,49.2000007629395,49.2000007629395,180000,"2024-06-07","MLPT"
52,52,49.2000007629395,51.5999984741211,1390000,"2024-06-10","MLPT"
51.5999984741211,52,50.4000015258789,50.4000015258789,605000,"2024-06-11","MLPT"
52,52,50.7999992370605,50.7999992370605,2e+05,"2024-06-12","MLPT"
51,51,49.2000007629395,50.4000015258789,67500,"2024-06-13","MLPT"
51.5999984741211,51.5999984741211,49.5999984741211,50,67500,"2024-06-14","MLPT"
50,50,48,49.2000007629395,510000,"2024-06-19","MLPT"
49.2000007629395,49.2000007629395,47.7999992370605,48,455000,"2024-06-20","MLPT"
49.2000007629395,50,49.2000007629395,49.2000007629395,192500,"2024-06-21","MLPT"
49.2000007629395,50.4000015258789,49.2000007629395,49.4000015258789,195000,"2024-06-24","MLPT"
49.2000007629395,49.4000015258789,48.5999984741211,48.7999992370605,112500,"2024-06-25","MLPT"
48.7999992370605,49.4000015258789,48.5999984741211,48.5999984741211,87500,"2024-06-26","MLPT"
48.7999992370605,49.2000007629395,48.7999992370605,49.2000007629395,20000,"2024-06-27","MLPT"
49.5999984741211,49.5999984741211,48.7999992370605,49.4000015258789,220000,"2024-06-28","MLPT"
49.5999984741211,50,48.5999984741211,48.7999992370605,180000,"2024-07-01","MLPT"
48.4000015258789,48.7999992370605,48.4000015258789,48.4000015258789,455000,"2024-07-02","MLPT"
48.5999984741211,49.4000015258789,48.2000007629395,48.4000015258789,905000,"2024-07-03","MLPT"
48.5999984741211,49.5999984741211,48.5999984741211,49.4000015258789,70000,"2024-07-04","MLPT"
49.4000015258789,49.4000015258789,48.5999984741211,48.7999992370605,407500,"2024-07-05","MLPT"
48.7999992370605,48.7999992370605,48.5999984741211,48.7999992370605,360000,"2024-07-08","MLPT"
48.5999984741211,48.7999992370605,48.4000015258789,48.4000015258789,185000,"2024-07-09","MLPT"
48.4000015258789,49.2000007629395,48.4000015258789,49,685000,"2024-07-10","MLPT"
48.7999992370605,49.2000007629395,48.7999992370605,48.7999992370605,342500,"2024-07-11","MLPT"
48.7999992370605,49.2000007629395,48.5999984741211,49.2000007629395,505000,"2024-07-12","MLPT"
49.2000007629395,49.4000015258789,48.7999992370605,49.4000015258789,667500,"2024-07-15","MLPT"
49.4000015258789,49.5999984741211,48,49.4000015258789,1357500,"2024-07-16","MLPT"
49.2000007629395,49.4000015258789,49,49,730000,"2024-07-17","MLPT"
49,49.2000007629395,49,49,155000,"2024-07-18","MLPT"
49.2000007629395,49.4000015258789,48.7999992370605,49.4000015258789,787500,"2024-07-19","MLPT"
49.4000015258789,49.5999984741211,49.4000015258789,49.5999984741211,1665000,"2024-07-22","MLPT"
49.5999984741211,49.5999984741211,49.5999984741211,49.5999984741211,245000,"2024-07-23","MLPT"
50.2000007629395,50.2000007629395,49.4000015258789,49.5999984741211,1152500,"2024-07-24","MLPT"
49.5999984741211,49.5999984741211,49.4000015258789,49.5999984741211,85000,"2024-07-25","MLPT"
49.5999984741211,49.7999992370605,49.5999984741211,49.5999984741211,260000,"2024-07-26","MLPT"
49.5999984741211,49.5999984741211,49.2000007629395,49.2000007629395,307500,"2024-07-29","MLPT"
49.2000007629395,55.7999992370605,49.2000007629395,54.2000007629395,9232500,"2024-07-30","MLPT"
54,54.5999984741211,51.7999992370605,53.2000007629395,2507500,"2024-07-31","MLPT"
53.4000015258789,55.2000007629395,53.2000007629395,54.5999984741211,1402500,"2024-08-01","MLPT"
54.5999984741211,54.5999984741211,53.7999992370605,54,622500,"2024-08-02","MLPT"
54,54,51.7999992370605,51.7999992370605,1440000,"2024-08-05","MLPT"
52,56,51.7999992370605,56,3167500,"2024-08-06","MLPT"
55.5999984741211,57,55,56,2405000,"2024-08-07","MLPT"
56,60.4000015258789,55.2000007629395,58,2992500,"2024-08-08","MLPT"
58,64,56,57.7999992370605,4372500,"2024-08-09","MLPT"
57.7999992370605,59.7999992370605,57,58,1e+06,"2024-08-12","MLPT"
58,61.5999984741211,57.5999984741211,61.4000015258789,5885000,"2024-08-13","MLPT"
61.5999984741211,73,61.4000015258789,67.8000030517578,35480000,"2024-08-14","MLPT"
67.8000030517578,71.4000015258789,67.8000030517578,67.8000030517578,88730000,"2024-08-15","MLPT"
68,70,67.8000030517578,70,21482500,"2024-08-16","MLPT"
70,71.4000015258789,70,70.1999969482422,44222500,"2024-08-19","MLPT"
70.1999969482422,71,70,70.1999969482422,40557500,"2024-08-20","MLPT"
70.4000015258789,71,70,70.4000015258789,77545000,"2024-08-21","MLPT"
68,68,62,62.5999984741211,23177500,"2024-08-22","MLPT"
62.5999984741211,63.5999984741211,62,63.4000015258789,9802500,"2024-08-23","MLPT"
63.4000015258789,64,57.4000015258789,61.2000007629395,15217500,"2024-08-26","MLPT"
61.2000007629395,61.7999992370605,60.5999984741211,61,8940000,"2024-08-27","MLPT"
61,61.4000015258789,60.5999984741211,61.2000007629395,5220000,"2024-08-28","MLPT"
61.2000007629395,64,60,61.5999984741211,44340000,"2024-08-29","MLPT"
61.5999984741211,66,61.5999984741211,65.1999969482422,18030000,"2024-08-30","MLPT"
65.4000015258789,68.1999969482422,65.1999969482422,68,36205000,"2024-09-02","MLPT"
68,70.4000015258789,68,69.1999969482422,17405000,"2024-09-03","MLPT"
69.1999969482422,69.4000015258789,67.8000030517578,68.8000030517578,9892500,"2024-09-04","MLPT"
68.4000015258789,71.1999969482422,68,69.8000030517578,15740000,"2024-09-05","MLPT"
70,75.8000030517578,69.8000030517578,74,52065000,"2024-09-06","MLPT"
74.1999969482422,92.4000015258789,74,92.4000015258789,34890000,"2024-09-09","MLPT"
104,115.199996948242,104,115.199996948242,25527500,"2024-09-10","MLPT"
122,144,119.199996948242,144,25417500,"2024-09-11","MLPT"
144,144,144,144,0,"2024-09-12","MLPT"
146.800003051758,180,140,173.199996948242,82587500,"2024-09-13","MLPT"
173.199996948242,173.199996948242,173.199996948242,173.199996948242,0,"2024-09-17","MLPT"
173.199996948242,173.199996948242,173.199996948242,173.199996948242,0,"2024-09-18","MLPT"
173.199996948242,173.199996948242,173.199996948242,173.199996948242,0,"2024-09-19","MLPT"
173.199996948242,173.199996948242,173.199996948242,173.199996948242,0,"2024-09-20","MLPT"
173.199996948242,173.199996948242,173.199996948242,173.199996948242,0,"2024-09-23","MLPT"
173.199996948242,173.199996948242,173.199996948242,173.199996948242,0,"2024-09-24","MLPT"
190.399993896484,190.399993896484,190.399993896484,190.399993896484,17167500,"2024-09-25","MLPT"
209,209,209,209,21575000,"2024-09-26","MLPT"
229,229,229,229,22447500,"2024-09-27","MLPT"
251,251,251,251,21990000,"2024-09-30","MLPT"
276,276,251,251,38522500,"2024-10-01","MLPT"
234,234,226,226,780000,"2024-10-02","MLPT"
205,226,205,226,24865000,"2024-10-03","MLPT"
226,244,192,216,9917500,"2024-10-04","MLPT"
216,230,191.199996948242,196,10500000,"2024-10-07","MLPT"
196,197.199996948242,180,192,5217500,"2024-10-08","MLPT"
192,209,192,205,17442500,"2024-10-09","MLPT"
208,245,208,242,13085000,"2024-10-10","MLPT"
242,277,240,272,15827500,"2024-10-11","MLPT"
276,324,276,320,14310000,"2024-10-14","MLPT"
321,384,320,364,91482500,"2024-10-15","MLPT"
364,431,364,388,41537500,"2024-10-16","MLPT"
391,465,391,464,44502500,"2024-10-17","MLPT"
467,556,467,556,28150000,"2024-10-18","MLPT"
556,556,556,556,0,"2024-10-21","MLPT"
556,556,556,556,0,"2024-10-22","MLPT"
556,556,556,556,0,"2024-10-23","MLPT"
556,556,556,556,0,"2024-10-24","MLPT"
556,556,556,556,0,"2024-10-25","MLPT"
600,611,600,611,16620000,"2024-10-28","MLPT"
610,640,601,632,4120000,"2024-10-29","MLPT"
624,624,569,569,5745000,"2024-10-30","MLPT"
608,616,608,616,1725000,"2024-10-31","MLPT"
677,677,677,677,2602500,"2024-11-01","MLPT"
688,712,688,712,1852500,"2024-11-04","MLPT"
712,712,688,688,1032500,"2024-11-05","MLPT"
684,692,581,618,5860000,"2024-11-06","MLPT"
618,620,500,500,8010000,"2024-11-07","MLPT"
500,600,461,600,12980000,"2024-11-08","MLPT"
610,720,610,720,25957500,"2024-11-11","MLPT"
720,864,720,864,10957500,"2024-11-12","MLPT"
880,1036,876,1036,15240000,"2024-11-13","MLPT"
1048,1243,1048,1242,11637500,"2024-11-14","MLPT"
1243,1480,1036,1281,17085000,"2024-11-15","MLPT"
1281,1404,1025,1030,10772500,"2024-11-18","MLPT"
1030,1220,1024,1081,16007500,"2024-11-19","MLPT"
1085,1128,960,968,6782500,"2024-11-20","MLPT"
971,1084,930,1036,7767500,"2024-11-21","MLPT"
1036,1040,986,1000,2205000,"2024-11-22","MLPT"
1000,1012,964,974,18095000,"2024-11-25","MLPT"
972,993,941,956,6030000,"2024-11-26","MLPT"
956,956,881,909,4830000,"2024-11-28","MLPT"
909,929,830,856,2550000,"2024-11-29","MLPT"
856,960,805,856,6362500,"2024-12-02","MLPT"
856,892,856,872,957500,"2024-12-03","MLPT"
872,900,856,876,1190000,"2024-12-04","MLPT"
868,991,868,886,3652500,"2024-12-05","MLPT"
886,906,872,878,1122500,"2024-12-06","MLPT"
888,888,860,860,2182500,"2024-12-09","MLPT"
860,860,820,826,1920000,"2024-12-10","MLPT"
827,860,816,822,1335000,"2024-12-11","MLPT"
823,823,780,807,1227500,"2024-12-12","MLPT"
809,853,791,820,2047500,"2024-12-13","MLPT"
820,823,742,744,1752500,"2024-12-16","MLPT"
747,759,729,731,830000,"2024-12-17","MLPT"
731,748,718,730,560000,"2024-12-18","MLPT"
720,720,672,699,1047500,"2024-12-19","MLPT"
699,724,679,720,1845000,"2024-12-20","MLPT"
722,739,700,720,657500,"2024-12-23","MLPT"
720,774,700,760,1947500,"2024-12-24","MLPT"
761,761,740,746,187500,"2024-12-27","MLPT"
746,746,724,740,640000,"2024-12-30","MLPT"
722,806,722,775,840000,"2025-01-02","MLPT"
775,777,755,755,392500,"2025-01-03","MLPT"
756,775,754,770,370000,"2025-01-06","MLPT"
770,775,753,755,637500,"2025-01-07","MLPT"
755,760,748,748,39257500,"2025-01-08","MLPT"
748,761,700,760,392500,"2025-01-09","MLPT"
761,770,736,750,940000,"2025-01-10","MLPT"
751,764,721,743,747500,"2025-01-13","MLPT"
743,746,732,744,157500,"2025-01-14","MLPT"
744,744,724,738,2452500,"2025-01-15","MLPT"
738,753,728,746,345000,"2025-01-16","MLPT"
754,754,729,730,155000,"2025-01-17","MLPT"
730,736,720,724,417500,"2025-01-20","MLPT"
724,728,709,720,720000,"2025-01-21","MLPT"
720,720,698,719,880000,"2025-01-22","MLPT"
719,719,697,698,442500,"2025-01-23","MLPT"
697,704,689,696,2797500,"2025-01-24","MLPT"
696,704,694,696,2145000,"2025-01-30","MLPT"
696,760,695,727,952500,"2025-01-31","MLPT"
718,872,718,872,11632500,"2025-02-03","MLPT"
968,1046,957,1046,5260000,"2025-02-04","MLPT"
1120,1255,1120,1255,8950000,"2025-02-05","MLPT"
1255,1255,1255,1255,0,"2025-02-06","MLPT"
1506,1506,1020,1200,5327500,"2025-02-07","MLPT"
1160,1432,1144,1250,2162500,"2025-02-10","MLPT"
1252,1360,1231,1319,1532500,"2025-02-11","MLPT"
1327,1412,1140,1224,1980000,"2025-02-12","MLPT"
1224,1312,1224,1242,1200000,"2025-02-13","MLPT"
1250,1280,1221,1232,690000,"2025-02-14","MLPT"
1232,1287,1232,1276,1165000,"2025-02-17","MLPT"
1276,1531,1275,1531,2890000,"2025-02-18","MLPT"
1531,1531,1531,1531,0,"2025-02-19","MLPT"
1531,1531,1531,1531,0,"2025-02-20","MLPT"
1531,1531,1531,1531,0,"2025-02-21","MLPT"
1531,1531,1531,1531,0,"2025-02-24","MLPT"
1531,1531,1531,1531,0,"2025-02-25","MLPT"
1684,1684,1680,1680,4547500,"2025-02-26","MLPT"
1686,1686,1512,1512,1102500,"2025-02-27","MLPT"
1444,1600,1444,1600,665000,"2025-02-28","MLPT"
1600,1600,1599,1599,345000,"2025-03-03","MLPT"
1560,1560,1540,1540,302500,"2025-03-04","MLPT"
1536,1536,1484,1535,60000,"2025-03-05","MLPT"
1600,1680,1600,1600,987500,"2025-03-06","MLPT"
1640,1656,1470,1588,1517500,"2025-03-07","MLPT"
1588,1905,1510,1765,9855000,"2025-03-10","MLPT"
1757,1920,1699,1859,3425000,"2025-03-11","MLPT"
1859,1860,1618,1664,1555000,"2025-03-12","MLPT"
1664,1771,1652,1711,727500,"2025-03-13","MLPT"
1711,1711,1580,1700,1017500,"2025-03-14","MLPT"
1696,1696,1580,1640,682500,"2025-03-17","MLPT"
1640,1702,1540,1660,680000,"2025-03-18","MLPT"
1597,1680,1575,1639,1577500,"2025-03-19","MLPT"
1639,1679,1594,1622,495000,"2025-03-20","MLPT"
1622,1700,1616,1622,460000,"2025-03-21","MLPT"
1624,1681,1526,1679,547500,"2025-03-24","MLPT"
1676,1676,1640,1640,85000,"2025-03-25","MLPT"
1640,1660,1580,1640,277500,"2025-03-26","MLPT"
1640,1670,1608,1628,267500,"2025-03-27","MLPT"
1580,1580,1471,1480,550000,"2025-04-08","MLPT"
1480,1480,1281,1400,1082500,"2025-04-09","MLPT"
1380,1400,1379,1388,520000,"2025-04-10","MLPT"
1387,1400,1340,1400,445000,"2025-04-11","MLPT"
1520,1520,1470,1490,210000,"2025-04-14","MLPT"
1490,1499,1400,1400,5502500,"2025-04-15","MLPT"
1408,1490,1392,1413,12720000,"2025-04-16","MLPT"
1413,1448,1413,1448,107500,"2025-04-17","MLPT"
1460,1484,1449,1480,2320000,"2025-04-21","MLPT"
1480,1482,1434,1440,682500,"2025-04-22","MLPT"
1443,1454,1440,1440,465000,"2025-04-23","MLPT"
1443,1458,1410,1420,455000,"2025-04-24","MLPT"
1421,1427,1420,1420,60000,"2025-04-25","MLPT"
1420,1424,1400,1400,147500,"2025-04-28","MLPT"
1402,1412,1389,1400,102500,"2025-04-29","MLPT"
1400,1400,1396,1396,92500,"2025-04-30","MLPT"
1396,1396,1355,1355,142500,"2025-05-02","MLPT"
1340,1342,1315,1316,435000,"2025-05-05","MLPT"
1316,1316,1258,1265,260000,"2025-05-06","MLPT"
1265,1430,1265,1360,455000,"2025-05-07","MLPT"
1360,1360,1301,1302,172500,"2025-05-08","MLPT"
1302,1304,1300,1300,75000,"2025-05-09","MLPT"
1306,1332,1201,1201,917500,"2025-05-14","MLPT"
1204,1276,1204,1241,537500,"2025-05-15","MLPT"
1241,1286,1239,1239,202500,"2025-05-16","MLPT"
1239,1239,1202,1202,305000,"2025-05-19","MLPT"
1202,1206,1194,1194,325000,"2025-05-20","MLPT"
1200,1200,1017,1050,1995000,"2025-05-21","MLPT"
1051,1076,1048,1050,632500,"2025-05-22","MLPT"
1040,1040,1019,1030,162500,"2025-05-23","MLPT"
1030,1030,1011,1019,192500,"2025-05-26","MLPT"
1019,1020,972,985,245000,"2025-05-27","MLPT"
985,985,936,947,140000,"2025-05-28","MLPT"
930,930,874,882,570000,"2025-06-02","MLPT"
821,864,821,843,427500,"2025-06-03","MLPT"
843,1011,842,1011,672500,"2025-06-04","MLPT"
1213,1213,1132,1213,6547500,"2025-06-05","MLPT"
1240,1455,1240,1455,3537500,"2025-06-10","MLPT"
1581,1730,1484,1584,4032500,"2025-06-11","MLPT"
1616,1616,1408,1408,1445000,"2025-06-12","MLPT"
1408,1436,1278,1366,745000,"2025-06-13","MLPT"
1364,1366,1293,1302,442500,"2025-06-16","MLPT"
1536,1536,1410,1440,1132500,"2025-06-17","MLPT"
1450,1450,1380,1394,1080000,"2025-06-18","MLPT"
1394,1395,1330,1340,370000,"2025-06-19","MLPT"
1340,1608,1340,1578,3315000,"2025-06-20","MLPT"
1600,1609,1429,1488,657500,"2025-06-23","MLPT"
1444,1488,1413,1444,225000,"2025-06-24","MLPT"
1444,1444,1398,1438,140000,"2025-06-25","MLPT"
1438,1438,1392,1400,12757500,"2025-06-26","MLPT"
1430,1460,1400,1420,135000,"2025-06-30","MLPT"
1420,1440,1400,1440,157500,"2025-07-01","MLPT"
1440,1440,1332,1357,282500,"2025-07-02","MLPT"
1360,1389,1358,1358,107500,"2025-07-03","MLPT"
1358,1361,1356,1356,50000,"2025-07-04","MLPT"
1356,1360,1321,1321,362500,"2025-07-07","MLPT"
1322,1324,1240,1277,387500,"2025-07-08","MLPT"
1277,1300,1256,1279,305000,"2025-07-09","MLPT"
1279,1280,1232,1258,930000,"2025-07-10","MLPT"
1263,1283,1263,1275,207500,"2025-07-11","MLPT"
1355,1355,1261,1288,157500,"2025-07-14","MLPT"
1285,1288,1258,1260,252500,"2025-07-15","MLPT"
1261,1262,1259,1261,160000,"2025-07-16","MLPT"
1262,1321,1258,1280,457500,"2025-07-17","MLPT"
1280,1340,1274,1304,572500,"2025-07-18","MLPT"
1303,1303,1279,1298,157500,"2025-07-21","MLPT"
1298,1304,1280,1288,142500,"2025-07-22","MLPT"
1288,1294,1278,1294,190000,"2025-07-23","MLPT"
1295,1320,1290,1301,712500,"2025-07-24","MLPT"
1301,1301,1276,1281,532500,"2025-07-25","MLPT"
1284,1295,1283,1295,50000,"2025-07-28","MLPT"
1295,1554,1284,1554,5017500,"2025-07-29","MLPT"
1658,1799,1554,1563,2592500,"2025-07-30","MLPT"
1563,1564,1441,1477,402500,"2025-07-31","MLPT"
1477,1586,1477,1586,795000,"2025-08-01","MLPT"
1586,1680,1576,1640,1477500,"2025-08-04","MLPT"
1660,1679,1600,1610,347500,"2025-08-05","MLPT"
1627,1648,1592,1596,207500,"2025-08-06","MLPT"
1596,1624,1586,1600,347500,"2025-08-07","MLPT"
1590,1720,1590,1720,1125000,"2025-08-08","MLPT"
1720,2064,1720,2064,1827500,"2025-08-11","MLPT"
2340,2476,2060,2476,2577500,"2025-08-12","MLPT"
2521,2971,2520,2670,5220000,"2025-08-13","MLPT"
2670,2670,2670,2670,0,"2025-08-14","MLPT"
2800,3200,2800,2820,6275000,"2025-08-15","MLPT"
2981,3217,2720,2720,5605000,"2025-08-19","MLPT"
2901,3116,2820,2820,6225000,"2025-08-20","MLPT"
2999,3246,2912,2912,6470000,"2025-08-21","MLPT"
3000,3220,3000,3037,4607500,"2025-08-22","MLPT"
3202,3239,3032,3080,8430000,"2025-08-25","MLPT"
3140,3220,3134,3180,3725000,"2025-08-26","MLPT"
3180,3180,3180,3180,0,"2025-08-27","MLPT"
3180,3180,3180,3180,0,"2025-08-28","MLPT"
3180,3180,3180,3180,0,"2025-08-29","MLPT"
3180,3180,3180,3180,0,"2025-09-01","MLPT"
3176,3176,3120,3120,152500,"2025-09-02","MLPT"
3120,3120,3114,3114,4e+05,"2025-09-03","MLPT"
3120,3120,3116,3117,902500,"2025-09-04","MLPT"
3117,3117,3096,3096,110000,"2025-09-08","MLPT"
3088,3088,2900,2900,1155000,"2025-09-09","MLPT"
2900,2900,2890,2890,122500,"2025-09-10","MLPT"
2890,2892,2890,2892,155000,"2025-09-11","MLPT"
2892,3439,2890,3201,1492500,"2025-09-12","MLPT"
3340,3640,3201,3640,7785000,"2025-09-15","MLPT"
3640,4368,3640,4368,5347500,"2025-09-16","MLPT"
4692,5241,4692,5241,2222500,"2025-09-17","MLPT"
6000,6289,6000,6289,1797500,"2025-09-18","MLPT"
6289,6289,6289,6289,0,"2025-09-19","MLPT"
6289,6289,6289,6289,0,"2025-09-22","MLPT"
6289,6289,6289,6289,0,"2025-09-23","MLPT"
6289,6289,6289,6289,0,"2025-09-24","MLPT"
6289,6289,6289,6289,0,"2025-09-25","MLPT"
6289,6289,6289,6289,0,"2025-09-26","MLPT"
6080,6088,5960,5960,620000,"2025-09-29","MLPT"
5958,5958,5880,5880,510000,"2025-09-30","MLPT"
5880,5928,5880,5928,125000,"2025-10-01","MLPT"
5940,6520,5940,6520,135000,"2025-10-02","MLPT"
7172,7172,7172,7172,80000,"2025-10-03","MLPT"
7800,7889,7800,7889,927500,"2025-10-06","MLPT"
8677,8677,8596,8596,975000,"2025-10-07","MLPT"
8764,10315,7880,9028,1565000,"2025-10-08","MLPT"
9028,9280,7674,7676,1745000,"2025-10-09","MLPT"
7676,8116,6579,8000,950000,"2025-10-10","MLPT"
8000,8410,8000,8163,1117500,"2025-10-13","MLPT"
8166,8166,7596,7726,740000,"2025-10-14","MLPT"
7726,7726,6568,6568,1612500,"2025-10-15","MLPT"
6568,7000,5583,5880,1175000,"2025-10-16","MLPT"
5880,5905,4998,4998,490000,"2025-10-17","MLPT"
4998,4998,4249,4249,347500,"2025-10-20","MLPT"
4248,4248,3612,3612,3367500,"2025-10-21","MLPT"
3080,3755,3080,3400,4702500,"2025-10-22","MLPT"
3401,3568,3279,3420,2082500,"2025-10-23","MLPT"
3420,3420,3300,3390,737500,"2025-10-24","MLPT"
3390,3390,2940,2961,1447500,"2025-10-27","MLPT"
2978,3437,2978,3392,2580000,"2025-10-28","MLPT"
3410,3410,3160,3200,985000,"2025-10-29","MLPT"
3229,3282,3229,3240,465000,"2025-10-30","MLPT"
3280,3290,3200,3200,362500,"2025-10-31","MLPT"
3269,3270,3170,3200,417500,"2025-11-03","MLPT"
3232,3232,3170,3176,407500,"2025-11-04","MLPT"
3200,3260,3180,3191,165000,"2025-11-05","MLPT"
3192,3219,3184,3185,420000,"2025-11-06","MLPT"
3192,3192,3144,3152,192500,"2025-11-07","MLPT"
3154,3180,3152,3180,197500,"2025-11-10","MLPT"
3180,3180,3040,3067,272500,"2025-11-11","MLPT"
3096,3236,3088,3143,305000,"2025-11-12","MLPT"
3143,3180,3125,3128,137500,"2025-11-13","MLPT"
3128,3140,3100,3101,95000,"2025-11-14","MLPT"
3102,3128,3098,3120,182500,"2025-11-17","MLPT"
3108,3120,3108,3120,247500,"2025-11-18","MLPT"
3120,3120,3097,3098,90000,"2025-11-19","MLPT"
3098,3098,3000,3038,272500,"2025-11-20","MLPT"
3038,3040,3020,3020,57500,"2025-11-21","MLPT"
3020,3020,2920,2926,375000,"2025-11-24","MLPT"
2926,2958,2882,2892,240000,"2025-11-25","MLPT"
2892,3000,2880,2999,307500,"2025-11-26","MLPT"
3270,3442,2976,3002,637500,"2025-11-27","MLPT"
3004,3019,2999,3008,160000,"2025-11-28","MLPT"
2964,2964,2919,2921,105000,"2025-12-01","MLPT"
2959,2959,2880,2880,217500,"2025-12-02","MLPT"
2881,2894,2880,2889,172500,"2025-12-03","MLPT"
2889,2900,2889,2900,45000,"2025-12-04","MLPT"
2900,2900,2880,2895,67500,"2025-12-05","MLPT"
2895,2895,2881,2885,70000,"2025-12-08","MLPT"
2885,2900,2880,2900,117500,"2025-12-09","MLPT"
2899,2899,2832,2841,197500,"2025-12-10","MLPT"
2842,2944,2760,2800,157500,"2025-12-11","MLPT"
2800,2800,2709,2710,142500,"2025-12-12","MLPT"
2710,2710,2452,2496,250000,"2025-12-15","MLPT"
2496,2740,2496,2628,215000,"2025-12-16","MLPT"
2720,2725,2420,2552,137500,"2025-12-17","MLPT"
2500,2520,2402,2452,117500,"2025-12-18","MLPT"
2453,2453,2404,2404,95000,"2025-12-19","MLPT"
2404,2404,2280,2280,425000,"2025-12-22","MLPT"
2281,2410,2281,2408,212500,"2025-12-23","MLPT"
2408,2408,2380,2380,77500,"2025-12-24","MLPT"
2480,2480,2278,2312,130000,"2025-12-29","MLPT"
2312,2560,2312,2496,220000,"2025-12-30","MLPT"
2498,2502,2490,2490,110000,"2026-01-02","MLPT"
2320,2600,2320,2504,125000,"2026-01-05","MLPT"
2505,2720,2489,2692,180000,"2026-01-06","MLPT"
2691,2697,2656,2664,77500,"2026-01-07","MLPT"
2658,2658,2640,2640,77500,"2026-01-08","MLPT"
2636,2636,2583,2583,57500,"2026-01-09","MLPT"
2567,2568,2488,2488,75000,"2026-01-12","MLPT"
2520,2562,2437,2480,215000,"2026-01-13","MLPT"
2480,2495,2480,2495,80000,"2026-01-14","MLPT"
2495,2495,2480,2480,45000,"2026-01-15","MLPT"
2480,2504,2480,2496,42500,"2026-01-19","MLPT"
2504,2562,2504,2562,37500,"2026-01-20","MLPT"
2562,2562,2445,2461,245000,"2026-01-21","MLPT"
2465,2544,2462,2467,75000,"2026-01-22","MLPT"
2467,2526,2426,2441,107500,"2026-01-23","MLPT"
2440,2519,2408,2519,217500,"2026-01-26","MLPT"
2425,2440,2374,2424,215000,"2026-01-27","MLPT"
2424,2424,2240,2240,112500,"2026-01-28","MLPT"
2240,2240,1947,1948,287500,"2026-01-29","MLPT"
1900,1929,1813,1818,555000,"2026-01-30","MLPT"
1818,1819,1546,1546,612500,"2026-02-02","MLPT"
1546,1620,1488,1581,335000,"2026-02-03","MLPT"
1581,1581,1560,1566,120000,"2026-02-04","MLPT"
1566,1566,1540,1540,40000,"2026-02-05","MLPT"
1539,1539,1393,1436,175000,"2026-02-06","MLPT"
1380,1528,1280,1346,340000,"2026-02-09","MLPT"
1416,1476,1416,1476,290000,"2026-02-10","MLPT"
1476,1542,1468,1503,847500,"2026-02-11","MLPT"
1503,1503,1480,1482,145000,"2026-02-12","MLPT"
1499,1499,1422,1440,187500,"2026-02-13","MLPT"
1440,1487,1438,1445,275000,"2026-02-18","MLPT"
1440,1445,1440,1440,75000,"2026-02-19","MLPT"
1430,1430,1380,1401,1e+05,"2026-02-20","MLPT"
1406,1408,1348,1359,157500,"2026-02-23","MLPT"
1359,1360,1280,1319,202500,"2026-02-24","MLPT"
1319,1327,1280,1280,120000,"2026-02-25","MLPT"
1280,1380,1101,1116,1030000,"2026-02-26","MLPT"
1116,1168,1116,1123,340000,"2026-02-27","MLPT"
1126,1126,964,1000,707500,"2026-03-02","MLPT"
1000,1000,960,969,142500,"2026-03-03","MLPT"
969,969,868,880,227500,"2026-03-04","MLPT"
892,993,892,993,227500,"2026-03-05","MLPT"
993,994,972,980,85000,"2026-03-06","MLPT"
940,944,849,888,225000,"2026-03-09","MLPT"
888,922,840,858,302500,"2026-03-10","MLPT"
858,858,760,765,455000,"2026-03-11","MLPT"
765,788,720,770,215000,"2026-03-12","MLPT"
800,924,698,714,3185000,"2026-03-13","MLPT"
718,719,620,632,470000,"2026-03-16","MLPT"
647,664,608,608,520000,"2026-03-17","MLPT"
658,660,608,622,440000,"2026-03-25","MLPT"
630,630,560,578,602500,"2026-03-26","MLPT"
578,578,578,578,0,"2026-03-27","MLPT"
578,652,495,637,1700000,"2026-03-30","MLPT"
640,640,598,601,1035000,"2026-03-31","MLPT"
602,602,582,589,730000,"2026-04-01","MLPT"
589,600,545,545,810000,"2026-04-02","MLPT"
545,545,496,531,612500,"2026-04-06","MLPT"
532,619,532,570,442500,"2026-04-07","MLPT"
611,624,560,607,1087500,"2026-04-08","MLPT"
606,627,580,604,575000,"2026-04-09","MLPT"
603,724,600,724,2737500,"2026-04-10","MLPT"
723,744,652,741,3290000,"2026-04-13","MLPT"
764,810,760,810,2642500,"2026-04-14","MLPT"
816,972,816,972,8725000,"2026-04-15","MLPT"
1080,1166,1079,1166,2267500,"2026-04-16","MLPT"
1360,1399,1160,1160,6527500,"2026-04-17","MLPT"
1080,1080,986,986,8620000,"2026-04-20","MLPT"
986,1144,986,1080,4707500,"2026-04-21","MLPT"
1119,1119,1024,1032,2400000,"2026-04-22","MLPT"
1032,1088,984,1011,1362500,"2026-04-23","MLPT"
1039,1039,908,940,1400000,"2026-04-24","MLPT"
940,983,894,945,1747500,"2026-04-27","MLPT"
952,953,889,912,780000,"2026-04-28","MLPT"
913,990,888,916,1320000,"2026-04-29","MLPT"
921,921,845,862,1192500,"2026-04-30","MLPT"
862,862,862,862,0,"2026-05-01","MLPT"
862,867,842,843,482500,"2026-05-04","MLPT"
846,846,760,817,1400000,"2026-05-05","MLPT"
814,980,786,980,5735000,"2026-05-06","MLPT"
983,1076,900,937,2512500,"2026-05-07","MLPT"
937,983,818,845,772500,"2026-05-08","MLPT"
846,980,840,852,1267500,"2026-05-11","MLPT"
862,896,820,853,880000,"2026-05-12","MLPT"
853,853,784,808,1735000,"2026-05-13","MLPT"
808,808,808,808,0,"2026-05-14","MLPT"
808,808,808,808,0,"2026-05-15","MLPT"
808,810,760,792,1295000,"2026-05-18","MLPT"
792,840,760,766,685000,"2026-05-19","MLPT"
767,880,740,819,1887500,"2026-05-20","MLPT"
814,814,769,769,852500,"2026-05-21","MLPT"
760,790,755,768,420000,"2026-05-22","MLPT"
769,800,760,794,850000,"2026-05-25","MLPT"
794,808,756,756,487500,"2026-05-26","MLPT"
756,756,756,756,0,"2026-05-27","MLPT"
756,756,756,756,0,"2026-05-28","MLPT"
756,780,747,760,4e+05,"2026-05-29","MLPT"
760,760,760,760,0,"2026-06-01","MLPT"
799,799,740,757,360000,"2026-06-02","MLPT"
757,757,672,691,327500,"2026-06-03","MLPT"
691,691,591,617,985000,"2026-06-04","MLPT"
618,622,552,552,755000,"2026-06-05","MLPT"
525,539,480,500,1420000,"2026-06-08","MLPT"
516,600,516,600,717500,"2026-06-09","MLPT"
613,720,613,720,1037500,"2026-06-10","MLPT"
808,864,757,816,4665000,"2026-06-11","MLPT"
816,887,807,808,1870000,"2026-06-12","MLPT"
808,832,764,800,1630000,"2026-06-15","MLPT"
800,800,800,800,0,"2026-06-16","MLPT"
840,840,772,772,1485000,"2026-06-17","MLPT"
777,777,735,768,582500,"2026-06-18","MLPT"
784,796,653,653,1362500,"2026-06-19","MLPT"
716,783,688,760,4945000,"2026-06-22","MLPT"
760,780,717,742,1742500,"2026-06-23","MLPT"
742,765,719,724,757500,"2026-06-24","MLPT"
726,753,716,743,357500,"2026-06-25","MLPT"
732,732,700,712,377500,"2026-06-26","MLPT"
724,738,715,720,292500,"2026-06-29","MLPT"
720,720,680,688,285000,"2026-06-30","MLPT"
688,700,660,680,395000,"2026-07-01","MLPT"
681,701,678,700,380000,"2026-07-02","MLPT"
700,740,700,731,412500,"2026-07-03","MLPT"
732,734,721,721,227500,"2026-07-06","MLPT"
725,731,716,721,192500,"2026-07-07","MLPT"
721,728,716,716,172500,"2026-07-08","MLPT"
728,728,716,725,67500,"2026-07-09","MLPT"
725,745,719,732,462500,"2026-07-10","MLPT"
733,760,733,740,245000,"2026-07-13","MLPT"
745,755,742,749,477500,"2026-07-14","MLPT"
756,898,744,826,2902500,"2026-07-15","MLPT"
900,991,855,991,3282500,"2026-07-16","MLPT"
1060,1180,1055,1169,11345000,"2026-07-17","MLPT"
1169,1169,1000,1038,4710000,"2026-07-20","MLPT"
1120,1300,1075,1300,19858900,"2026-07-21","MLPT"
1425,1625,1400,1625,40805600,"2026-07-22","MLPT"
1800,2030,1600,1785,69907900,"2026-07-23","MLPT"
1785,2020,1580,1780,42268200,"2026-07-24","MLPT"
1780,1860,1565,1605,12118900,"2026-07-27","MLPT"
1615,1620,1470,1495,7384900,"2026-07-28","MLPT"
1510,1640,1510,1630,8942600,"2026-07-29","MLPT"
1660,1700,1590,1590,8431000,"2026-07-30","MLPT"
1595,1985,1570,1925,29312000,"2026-07-31","MLPT"
1935,2000,1740,1740,13233400,"2026-08-03","MLPT"
1750,1780,1625,1700,6271300,"2026-08-04","MLPT"
1700,1755,1645,1665,7516800,"2026-08-05","MLPT"
1690,1695,1585,1605,6439800,"2026-08-06","MLPT"
1605,1650,1570,1615,4532100,"2026-08-07","MLPT"
1630,1670,1590,1590,3168900,"2026-08-10","MLPT"
1590,1595,1410,1445,6810600,"2026-08-11","MLPT"
1455,1550,1455,1505,3086400,"2026-08-12","MLPT"
1540,1545,1445,1455,1814300,"2026-08-13","MLPT"
1445,1450,1400,1415,2305600,"2026-08-14","MLPT"
NA,NA,NA,NA,NA,"2026-08-17","MLPT"
1415,1420,1340,1355,3856300,"2026-08-18","MLPT"
1355,1355,1265,1290,3933800,"2026-08-19","MLPT"
1290,1575,1275,1460,23462400,"2026-08-20","MLPT"
1480,1520,1370,1400,5530400,"2026-08-21","MLPT"
1405,1435,1335,1360,4362200,"2026-08-24","MLPT"
NA,NA,NA,NA,NA,"2026-08-25","MLPT"
1360,1360,1280,1285,3654500,"2026-08-26","MLPT"
1260,1380,1255,1335,3565200,"2026-08-27","MLPT"
1335,1335,1285,1295,3164500,"2026-08-28","MLPT"
1295,1325,1270,1275,3683400,"2026-08-31","MLPT"
1290,1310,1270,1300,3266300,"2026-09-01","MLPT"
1310,1315,1240,1260,3836500,"2026-09-02","MLPT"
1275,1275,1220,1225,3013700,"2026-09-03","MLPT"
1225,1230,1195,1205,3709600,"2026-09-04","MLPT"
1210,1245,1195,1195,2023600,"2026-09-07","MLPT"
1200,1240,1200,1225,1597700,"2026-09-08","MLPT"
1230,1240,1205,1235,1189600,"2026-09-09","MLPT"
1245,1250,1200,1205,1484300,"2026-09-10","MLPT"
1205,1210,1180,1185,1178000,"2026-09-11","MLPT"
1185,1185,1105,1150,2868100,"2026-09-14","MLPT"
1150,1175,1125,1135,954600,"2026-09-15","MLPT"
1135,1250,1130,1160,4912900,"2026-09-16","MLPT"
1165,1200,1120,1150,9956600,"2026-09-17","MLPT"
1150,1220,1120,1220,1027100,"2026-09-18","MLPT"
1220,1220,1150,1175,1580800,"2026-09-21","MLPT"
1200,1200,1120,1125,1286900,"2026-09-22","MLPT"
1125,1145,1065,1095,1672500,"2026-09-23","MLPT"
1125,1125,1030,1030,1521300,"2026-09-24","MLPT"
1030,1040,985,1005,2093700,"2026-09-25","MLPT"
1000,1020,965,965,1475000,"2026-09-28","MLPT"
965,1015,925,1005,1587100,"2026-09-29","MLPT"
1005,1015,975,NA,917800,"2026-09-30","MLPT"
