"Open","High","Low","Close","Volume","Date","Emiten"
186.486480712891,186.486480712891,186.486480712891,186.486480712891,1190956,"2018-07-09","RISE"
232.432434082031,232.432434082031,232.432434082031,232.432434082031,45732,"2018-07-10","RISE"
290.54052734375,290.54052734375,275.675689697266,290.54052734375,33699452,"2018-07-11","RISE"
304.054046630859,306.756744384766,277.027038574219,285.135131835938,11970980,"2018-07-12","RISE"
286.486480712891,290.54052734375,281.081085205078,287.837829589844,6813772,"2018-07-13","RISE"
287.837829589844,290.54052734375,282.432434082031,287.837829589844,5975352,"2018-07-16","RISE"
287.837829589844,297.297302246094,285.135131835938,294.594604492188,6451468,"2018-07-17","RISE"
295.945953369141,297.297302246094,293.243255615234,294.594604492188,6245156,"2018-07-18","RISE"
294.594604492188,297.297302246094,293.243255615234,294.594604492188,5506488,"2018-07-19","RISE"
294.594604492188,318.918914794922,293.243255615234,313.513519287109,14854464,"2018-07-20","RISE"
313.513519287109,344.594604492188,313.513519287109,336.486480712891,12953700,"2018-07-23","RISE"
337.837829589844,351.351348876953,336.486480712891,337.837829589844,15179620,"2018-07-24","RISE"
341.216217041016,341.216217041016,333.783782958984,335.135131835938,4917744,"2018-07-25","RISE"
333.783782958984,335.135131835938,322.972961425781,331.081085205078,6213336,"2018-07-26","RISE"
331.081085205078,333.783782958984,324.324310302734,324.324310302734,4551444,"2018-07-27","RISE"
324.324310302734,324.324310302734,314.864868164062,318.918914794922,4356972,"2018-07-30","RISE"
317.567565917969,317.567565917969,301.351348876953,313.513519287109,6566168,"2018-07-31","RISE"
312.162170410156,332.432434082031,306.756744384766,317.567565917969,14374648,"2018-08-01","RISE"
318.918914794922,318.918914794922,313.513519287109,317.567565917969,3341988,"2018-08-02","RISE"
317.567565917969,344.594604492188,316.216217041016,322.972961425781,18137696,"2018-08-03","RISE"
322.972961425781,331.081085205078,320.270263671875,325.675689697266,6150584,"2018-08-06","RISE"
324.324310302734,324.324310302734,317.567565917969,322.972961425781,2403964,"2018-08-07","RISE"
321.621612548828,337.837829589844,321.621612548828,336.486480712891,10386936,"2018-08-08","RISE"
337.837829589844,381.756744384766,336.486480712891,381.756744384766,14688556,"2018-08-09","RISE"
388.513519287109,422.297302246094,361.486480712891,381.756744384766,20444868,"2018-08-10","RISE"
381.756744384766,381.756744384766,351.351348876953,354.729736328125,3672916,"2018-08-13","RISE"
351.351348876953,375,341.216217041016,375,3767044,"2018-08-14","RISE"
378.378387451172,402.027038574219,368.243255615234,395.270263671875,8388344,"2018-08-15","RISE"
395.270263671875,418.918914794922,395.270263671875,412.162170410156,9268056,"2018-08-16","RISE"
412.162170410156,412.162170410156,412.162170410156,412.162170410156,0,"2018-08-17","RISE"
412.162170410156,432.432434082031,405.405395507812,425.675689697266,7405624,"2018-08-20","RISE"
429.054046630859,429.054046630859,408.783782958984,425.675689697266,6967544,"2018-08-21","RISE"
425.675689697266,425.675689697266,425.675689697266,425.675689697266,0,"2018-08-22","RISE"
425.675689697266,429.054046630859,408.783782958984,415.54052734375,3855548,"2018-08-23","RISE"
415.54052734375,422.297302246094,408.783782958984,422.297302246094,5845704,"2018-08-24","RISE"
422.297302246094,422.297302246094,408.783782958984,418.918914794922,5160316,"2018-08-27","RISE"
422.297302246094,422.297302246094,408.783782958984,408.783782958984,2817180,"2018-08-28","RISE"
408.783782958984,408.783782958984,395.270263671875,408.783782958984,4632992,"2018-08-29","RISE"
408.783782958984,408.783782958984,385.135131835938,402.027038574219,5441072,"2018-08-30","RISE"
398.648651123047,402.027038574219,395.270263671875,402.027038574219,3073812,"2018-08-31","RISE"
402.027038574219,402.027038574219,395.270263671875,398.648651123047,2319308,"2018-09-03","RISE"
405.405395507812,405.405395507812,398.648651123047,402.027038574219,2380432,"2018-09-04","RISE"
405.405395507812,405.405395507812,364.864868164062,388.513519287109,2489804,"2018-09-05","RISE"
381.756744384766,388.513519287109,371.621612548828,385.135131835938,3726344,"2018-09-06","RISE"
388.513519287109,388.513519287109,381.756744384766,385.135131835938,3189104,"2018-09-07","RISE"
381.756744384766,388.513519287109,381.756744384766,388.513519287109,2634992,"2018-09-10","RISE"
388.513519287109,388.513519287109,388.513519287109,388.513519287109,0,"2018-09-11","RISE"
388.513519287109,398.648651123047,388.513519287109,398.648651123047,3563100,"2018-09-12","RISE"
398.648651123047,462.837829589844,398.648651123047,459.45947265625,21662612,"2018-09-13","RISE"
459.45947265625,483.108093261719,442.567565917969,442.567565917969,18934232,"2018-09-14","RISE"
449.324310302734,459.45947265625,429.054046630859,439.189178466797,7320080,"2018-09-17","RISE"
439.189178466797,459.45947265625,435.810821533203,445.945953369141,7385940,"2018-09-18","RISE"
445.945953369141,452.702697753906,442.567565917969,445.945953369141,4672064,"2018-09-19","RISE"
445.945953369141,500,442.567565917969,452.702697753906,11750756,"2018-09-20","RISE"
452.702697753906,462.837829589844,449.324310302734,456.081085205078,4464716,"2018-09-21","RISE"
456.081085205078,466.216217041016,456.081085205078,456.081085205078,4489728,"2018-09-24","RISE"
452.702697753906,459.45947265625,422.297302246094,435.810821533203,7497532,"2018-09-25","RISE"
432.432434082031,439.189178466797,429.054046630859,429.054046630859,4707288,"2018-09-26","RISE"
429.054046630859,432.432434082031,425.675689697266,425.675689697266,3648348,"2018-09-27","RISE"
425.675689697266,435.810821533203,425.675689697266,429.054046630859,3941388,"2018-09-28","RISE"
429.054046630859,429.054046630859,415.54052734375,415.54052734375,4426680,"2018-10-01","RISE"
415.54052734375,415.54052734375,371.621612548828,395.270263671875,12679900,"2018-10-02","RISE"
395.270263671875,395.270263671875,381.756744384766,385.135131835938,4263584,"2018-10-03","RISE"
385.135131835938,388.513519287109,375,388.513519287109,2391828,"2018-10-04","RISE"
388.513519287109,388.513519287109,375,385.135131835938,3631772,"2018-10-05","RISE"
378.378387451172,385.135131835938,368.243255615234,381.756744384766,3713912,"2018-10-08","RISE"
381.756744384766,391.891876220703,375,381.756744384766,3517072,"2018-10-09","RISE"
381.756744384766,385.135131835938,371.621612548828,381.756744384766,3551260,"2018-10-10","RISE"
378.378387451172,378.378387451172,364.864868164062,368.243255615234,4023528,"2018-10-11","RISE"
368.243255615234,371.621612548828,368.243255615234,368.243255615234,2802380,"2018-10-12","RISE"
368.243255615234,375,347.972961425781,351.351348876953,3459648,"2018-10-15","RISE"
344.594604492188,354.729736328125,344.594604492188,351.351348876953,3017720,"2018-10-16","RISE"
351.351348876953,378.378387451172,341.216217041016,378.378387451172,6872232,"2018-10-17","RISE"
378.378387451172,385.135131835938,354.729736328125,354.729736328125,5068408,"2018-10-18","RISE"
351.351348876953,375,344.594604492188,371.621612548828,8398556,"2018-10-19","RISE"
371.621612548828,388.513519287109,358.108093261719,381.756744384766,5902980,"2018-10-22","RISE"
381.756744384766,381.756744384766,351.351348876953,358.108093261719,4790168,"2018-10-23","RISE"
358.108093261719,358.108093261719,351.351348876953,358.108093261719,2298736,"2018-10-24","RISE"
347.972961425781,358.108093261719,347.972961425781,354.729736328125,1927108,"2018-10-25","RISE"
354.729736328125,354.729736328125,347.972961425781,347.972961425781,2513188,"2018-10-26","RISE"
347.972961425781,351.351348876953,344.594604492188,344.594604492188,1439004,"2018-10-29","RISE"
347.972961425781,388.513519287109,344.594604492188,375,10473368,"2018-10-30","RISE"
378.378387451172,385.135131835938,364.864868164062,378.378387451172,6732668,"2018-10-31","RISE"
381.756744384766,391.891876220703,347.972961425781,347.972961425781,7885292,"2018-11-01","RISE"
347.972961425781,368.243255615234,344.594604492188,364.864868164062,5455872,"2018-11-02","RISE"
361.486480712891,364.864868164062,351.351348876953,358.108093261719,2596068,"2018-11-05","RISE"
354.729736328125,361.486480712891,354.729736328125,358.108093261719,2738000,"2018-11-06","RISE"
358.108093261719,361.486480712891,351.351348876953,351.351348876953,1033188,"2018-11-07","RISE"
358.108093261719,375,351.351348876953,354.729736328125,3818696,"2018-11-08","RISE"
354.729736328125,361.486480712891,347.972961425781,354.729736328125,3013132,"2018-11-09","RISE"
351.351348876953,354.729736328125,333.783782958984,337.837829589844,2390200,"2018-11-12","RISE"
335.135131835938,341.216217041016,328.378387451172,341.216217041016,5269984,"2018-11-13","RISE"
341.216217041016,341.216217041016,336.486480712891,337.837829589844,2585560,"2018-11-14","RISE"
337.837829589844,341.216217041016,337.837829589844,337.837829589844,2501200,"2018-11-15","RISE"
335.135131835938,344.594604492188,335.135131835938,337.837829589844,1453508,"2018-11-16","RISE"
337.837829589844,337.837829589844,332.432434082031,337.837829589844,3081064,"2018-11-19","RISE"
337.837829589844,337.837829589844,337.837829589844,337.837829589844,0,"2018-11-20","RISE"
337.837829589844,337.837829589844,332.432434082031,336.486480712891,2306432,"2018-11-21","RISE"
336.486480712891,358.108093261719,333.783782958984,351.351348876953,5086760,"2018-11-22","RISE"
351.351348876953,351.351348876953,335.135131835938,337.837829589844,2065636,"2018-11-23","RISE"
337.837829589844,347.972961425781,333.783782958984,347.972961425781,4021456,"2018-11-26","RISE"
344.594604492188,347.972961425781,337.837829589844,337.837829589844,2280828,"2018-11-27","RISE"
341.216217041016,341.216217041016,332.432434082031,341.216217041016,2519996,"2018-11-28","RISE"
341.216217041016,364.864868164062,336.486480712891,344.594604492188,4068372,"2018-11-29","RISE"
341.216217041016,341.216217041016,336.486480712891,337.837829589844,2413584,"2018-11-30","RISE"
337.837829589844,337.837829589844,335.135131835938,335.135131835938,1365892,"2018-12-03","RISE"
335.135131835938,344.594604492188,333.783782958984,337.837829589844,2632328,"2018-12-04","RISE"
336.486480712891,337.837829589844,329.729736328125,335.135131835938,2551816,"2018-12-05","RISE"
335.135131835938,336.486480712891,333.783782958984,336.486480712891,2318272,"2018-12-06","RISE"
336.486480712891,336.486480712891,333.783782958984,335.135131835938,2327744,"2018-12-07","RISE"
335.135131835938,335.135131835938,329.729736328125,333.783782958984,2492172,"2018-12-10","RISE"
332.432434082031,333.783782958984,322.972961425781,329.729736328125,3055904,"2018-12-11","RISE"
329.729736328125,333.783782958984,328.378387451172,329.729736328125,2259072,"2018-12-12","RISE"
329.729736328125,331.081085205078,327.027038574219,328.378387451172,2821916,"2018-12-13","RISE"
328.378387451172,336.486480712891,325.675689697266,336.486480712891,6633212,"2018-12-14","RISE"
336.486480712891,336.486480712891,331.081085205078,333.783782958984,2563360,"2018-12-17","RISE"
332.432434082031,351.351348876953,329.729736328125,332.432434082031,4163240,"2018-12-18","RISE"
331.081085205078,341.216217041016,331.081085205078,336.486480712891,2891180,"2018-12-19","RISE"
336.486480712891,351.351348876953,336.486480712891,337.837829589844,3885444,"2018-12-20","RISE"
341.216217041016,347.972961425781,337.837829589844,344.594604492188,2934692,"2018-12-21","RISE"
344.594604492188,344.594604492188,344.594604492188,344.594604492188,0,"2018-12-24","RISE"
344.594604492188,344.594604492188,344.594604492188,344.594604492188,0,"2018-12-25","RISE"
344.594604492188,347.972961425781,335.135131835938,337.837829589844,2375696,"2018-12-26","RISE"
337.837829589844,341.216217041016,336.486480712891,341.216217041016,2640912,"2018-12-27","RISE"
337.837829589844,347.972961425781,333.783782958984,341.216217041016,2102636,"2018-12-28","RISE"
341.216217041016,341.216217041016,341.216217041016,341.216217041016,0,"2018-12-31","RISE"
341.216217041016,341.216217041016,341.216217041016,341.216217041016,0,"2019-01-01","RISE"
337.837829589844,344.594604492188,336.486480712891,341.216217041016,2773076,"2019-01-02","RISE"
341.216217041016,341.216217041016,335.135131835938,335.135131835938,2835384,"2019-01-03","RISE"
335.135131835938,341.216217041016,335.135131835938,337.837829589844,2987824,"2019-01-04","RISE"
337.837829589844,344.594604492188,335.135131835938,337.837829589844,3002032,"2019-01-07","RISE"
337.837829589844,337.837829589844,333.783782958984,335.135131835938,2642540,"2019-01-08","RISE"
335.135131835938,336.486480712891,333.783782958984,336.486480712891,2945348,"2019-01-09","RISE"
336.486480712891,336.486480712891,335.135131835938,335.135131835938,2653640,"2019-01-10","RISE"
335.135131835938,341.216217041016,335.135131835938,341.216217041016,3142484,"2019-01-11","RISE"
341.216217041016,341.216217041016,335.135131835938,337.837829589844,3284564,"2019-01-14","RISE"
337.837829589844,361.486480712891,336.486480712891,358.108093261719,5375952,"2019-01-15","RISE"
358.108093261719,361.486480712891,347.972961425781,358.108093261719,2956596,"2019-01-16","RISE"
358.108093261719,358.108093261719,347.972961425781,354.729736328125,2637360,"2019-01-17","RISE"
347.972961425781,354.729736328125,344.594604492188,351.351348876953,3214560,"2019-01-18","RISE"
351.351348876953,354.729736328125,347.972961425781,354.729736328125,3034444,"2019-01-21","RISE"
354.729736328125,354.729736328125,347.972961425781,354.729736328125,2984420,"2019-01-22","RISE"
351.351348876953,354.729736328125,341.216217041016,347.972961425781,2607908,"2019-01-23","RISE"
347.972961425781,351.351348876953,341.216217041016,347.972961425781,2596660,"2019-01-24","RISE"
344.594604492188,351.351348876953,344.594604492188,351.351348876953,3112292,"2019-01-25","RISE"
351.351348876953,351.351348876953,344.594604492188,347.972961425781,3017868,"2019-01-28","RISE"
347.972961425781,347.972961425781,341.216217041016,344.594604492188,2782844,"2019-01-29","RISE"
344.594604492188,347.972961425781,337.837829589844,337.837829589844,2483292,"2019-01-30","RISE"
341.216217041016,347.972961425781,337.837829589844,337.837829589844,2903612,"2019-01-31","RISE"
337.837829589844,344.594604492188,335.135131835938,335.135131835938,2628628,"2019-02-01","RISE"
336.486480712891,344.594604492188,333.783782958984,344.594604492188,3550816,"2019-02-04","RISE"
344.594604492188,344.594604492188,344.594604492188,344.594604492188,0,"2019-02-05","RISE"
344.594604492188,351.351348876953,341.216217041016,341.216217041016,2417580,"2019-02-06","RISE"
341.216217041016,347.972961425781,337.837829589844,344.594604492188,2417432,"2019-02-07","RISE"
344.594604492188,344.594604492188,341.216217041016,344.594604492188,2974060,"2019-02-08","RISE"
344.594604492188,347.972961425781,336.486480712891,337.837829589844,2202684,"2019-02-11","RISE"
337.837829589844,337.837829589844,335.135131835938,336.486480712891,2833312,"2019-02-12","RISE"
336.486480712891,344.594604492188,336.486480712891,341.216217041016,3073072,"2019-02-13","RISE"
341.216217041016,351.351348876953,336.486480712891,337.837829589844,3407996,"2019-02-14","RISE"
337.837829589844,341.216217041016,333.783782958984,336.486480712891,2625372,"2019-02-15","RISE"
336.486480712891,347.972961425781,335.135131835938,347.972961425781,3361376,"2019-02-18","RISE"
347.972961425781,347.972961425781,336.486480712891,344.594604492188,2747620,"2019-02-19","RISE"
344.594604492188,344.594604492188,336.486480712891,336.486480712891,2593256,"2019-02-20","RISE"
336.486480712891,341.216217041016,336.486480712891,341.216217041016,2700260,"2019-02-21","RISE"
341.216217041016,341.216217041016,337.837829589844,341.216217041016,2576384,"2019-02-22","RISE"
341.216217041016,341.216217041016,337.837829589844,341.216217041016,2770856,"2019-02-25","RISE"
341.216217041016,344.594604492188,335.135131835938,337.837829589844,2461980,"2019-02-26","RISE"
337.837829589844,337.837829589844,336.486480712891,337.837829589844,2592960,"2019-02-27","RISE"
337.837829589844,337.837829589844,336.486480712891,337.837829589844,2268988,"2019-02-28","RISE"
337.837829589844,337.837829589844,336.486480712891,337.837829589844,2600656,"2019-03-01","RISE"
337.837829589844,344.594604492188,335.135131835938,337.837829589844,2577272,"2019-03-04","RISE"
337.837829589844,337.837829589844,336.486480712891,337.837829589844,2423500,"2019-03-05","RISE"
337.837829589844,337.837829589844,336.486480712891,337.837829589844,2713876,"2019-03-06","RISE"
337.837829589844,337.837829589844,337.837829589844,337.837829589844,0,"2019-03-07","RISE"
337.837829589844,337.837829589844,335.135131835938,335.135131835938,2661928,"2019-03-08","RISE"
335.135131835938,336.486480712891,332.432434082031,333.783782958984,1557996,"2019-03-11","RISE"
335.135131835938,336.486480712891,335.135131835938,335.135131835938,1696376,"2019-03-12","RISE"
333.783782958984,335.135131835938,332.432434082031,332.432434082031,2213340,"2019-03-13","RISE"
333.783782958984,333.783782958984,333.783782958984,333.783782958984,2455616,"2019-03-14","RISE"
333.783782958984,333.783782958984,325.675689697266,325.675689697266,1166240,"2019-03-15","RISE"
328.378387451172,331.081085205078,325.675689697266,329.729736328125,2848704,"2019-03-18","RISE"
329.729736328125,332.432434082031,329.729736328125,332.432434082031,2650384,"2019-03-19","RISE"
332.432434082031,337.837829589844,332.432434082031,336.486480712891,2704700,"2019-03-20","RISE"
336.486480712891,337.837829589844,332.432434082031,335.135131835938,2919744,"2019-03-21","RISE"
335.135131835938,336.486480712891,333.783782958984,333.783782958984,2303620,"2019-03-22","RISE"
333.783782958984,333.783782958984,329.729736328125,329.729736328125,2967844,"2019-03-25","RISE"
329.729736328125,331.081085205078,327.027038574219,327.027038574219,2615308,"2019-03-26","RISE"
327.027038574219,331.081085205078,324.324310302734,331.081085205078,2747176,"2019-03-27","RISE"
332.432434082031,337.837829589844,332.432434082031,336.486480712891,3178892,"2019-03-28","RISE"
337.837829589844,341.216217041016,325.675689697266,331.081085205078,2572684,"2019-03-29","RISE"
332.432434082031,336.486480712891,332.432434082031,336.486480712891,2874160,"2019-04-01","RISE"
336.486480712891,336.486480712891,333.783782958984,335.135131835938,2780772,"2019-04-02","RISE"
335.135131835938,335.135131835938,335.135131835938,335.135131835938,0,"2019-04-03","RISE"
335.135131835938,335.135131835938,331.081085205078,332.432434082031,2616936,"2019-04-04","RISE"
332.432434082031,333.783782958984,331.081085205078,331.081085205078,2132236,"2019-04-05","RISE"
331.081085205078,332.432434082031,328.378387451172,329.729736328125,3506712,"2019-04-08","RISE"
329.729736328125,329.729736328125,327.027038574219,328.378387451172,3036812,"2019-04-09","RISE"
328.378387451172,328.378387451172,325.675689697266,325.675689697266,3015056,"2019-04-10","RISE"
325.675689697266,325.675689697266,324.324310302734,324.324310302734,3022012,"2019-04-11","RISE"
324.324310302734,324.324310302734,313.513519287109,321.621612548828,2498240,"2019-04-12","RISE"
324.324310302734,324.324310302734,320.270263671875,322.972961425781,3079880,"2019-04-15","RISE"
321.621612548828,322.972961425781,320.270263671875,320.270263671875,2508600,"2019-04-16","RISE"
320.270263671875,320.270263671875,320.270263671875,320.270263671875,0,"2019-04-17","RISE"
320.270263671875,324.324310302734,320.270263671875,324.324310302734,2616492,"2019-04-18","RISE"
324.324310302734,324.324310302734,324.324310302734,324.324310302734,0,"2019-04-19","RISE"
324.324310302734,325.675689697266,322.972961425781,325.675689697266,3124132,"2019-04-22","RISE"
325.675689697266,327.027038574219,324.324310302734,327.027038574219,1853552,"2019-04-23","RISE"
327.027038574219,327.027038574219,316.216217041016,324.324310302734,1084396,"2019-04-24","RISE"
324.324310302734,331.081085205078,321.621612548828,322.972961425781,2660152,"2019-04-25","RISE"
322.972961425781,322.972961425781,320.270263671875,322.972961425781,1872940,"2019-04-26","RISE"
322.972961425781,324.324310302734,321.621612548828,324.324310302734,1846448,"2019-04-29","RISE"
324.324310302734,324.324310302734,321.621612548828,322.972961425781,2086652,"2019-04-30","RISE"
322.972961425781,322.972961425781,322.972961425781,322.972961425781,0,"2019-05-01","RISE"
322.972961425781,322.972961425781,321.621612548828,322.972961425781,1568208,"2019-05-02","RISE"
322.972961425781,322.972961425781,321.621612548828,322.972961425781,1555184,"2019-05-03","RISE"
322.972961425781,322.972961425781,322.972961425781,322.972961425781,1639840,"2019-05-06","RISE"
322.972961425781,325.675689697266,321.621612548828,325.675689697266,1604616,"2019-05-07","RISE"
325.675689697266,328.378387451172,325.675689697266,328.378387451172,1799088,"2019-05-08","RISE"
328.378387451172,332.432434082031,328.378387451172,331.081085205078,3020976,"2019-05-09","RISE"
331.081085205078,332.432434082031,331.081085205078,332.432434082031,2447328,"2019-05-10","RISE"
333.783782958984,336.486480712891,332.432434082031,336.486480712891,2149404,"2019-05-13","RISE"
336.486480712891,336.486480712891,333.783782958984,335.135131835938,3158024,"2019-05-14","RISE"
335.135131835938,344.594604492188,335.135131835938,344.594604492188,2785656,"2019-05-15","RISE"
347.972961425781,375,347.972961425781,361.486480712891,5240532,"2019-05-16","RISE"
364.864868164062,375,358.108093261719,358.108093261719,2975392,"2019-05-17","RISE"
361.486480712891,361.486480712891,341.216217041016,358.108093261719,3310908,"2019-05-20","RISE"
361.486480712891,385.135131835938,358.108093261719,378.378387451172,4307096,"2019-05-21","RISE"
381.756744384766,385.135131835938,368.243255615234,381.756744384766,4126536,"2019-05-22","RISE"
381.756744384766,395.270263671875,378.378387451172,381.756744384766,4035368,"2019-05-23","RISE"
381.756744384766,385.135131835938,378.378387451172,381.756744384766,2899172,"2019-05-24","RISE"
381.756744384766,385.135131835938,375,378.378387451172,2608944,"2019-05-27","RISE"
378.378387451172,378.378387451172,371.621612548828,375,3133752,"2019-05-28","RISE"
375,391.891876220703,371.621612548828,391.891876220703,4516368,"2019-05-29","RISE"
391.891876220703,391.891876220703,391.891876220703,391.891876220703,0,"2019-05-30","RISE"
395.270263671875,412.162170410156,391.891876220703,412.162170410156,3219888,"2019-05-31","RISE"
412.162170410156,412.162170410156,412.162170410156,412.162170410156,0,"2019-06-03","RISE"
412.162170410156,412.162170410156,412.162170410156,412.162170410156,0,"2019-06-04","RISE"
412.162170410156,412.162170410156,412.162170410156,412.162170410156,0,"2019-06-05","RISE"
412.162170410156,412.162170410156,412.162170410156,412.162170410156,0,"2019-06-06","RISE"
412.162170410156,412.162170410156,412.162170410156,412.162170410156,0,"2019-06-07","RISE"
412.162170410156,425.675689697266,408.783782958984,418.918914794922,4199648,"2019-06-10","RISE"
418.918914794922,418.918914794922,415.54052734375,418.918914794922,3139080,"2019-06-11","RISE"
418.918914794922,418.918914794922,415.54052734375,418.918914794922,2745252,"2019-06-12","RISE"
418.918914794922,429.054046630859,415.54052734375,429.054046630859,4227176,"2019-06-13","RISE"
429.054046630859,435.810821533203,425.675689697266,435.810821533203,2597252,"2019-06-14","RISE"
435.810821533203,449.324310302734,435.810821533203,445.945953369141,2593108,"2019-06-17","RISE"
445.945953369141,466.216217041016,439.189178466797,445.945953369141,5889956,"2019-06-18","RISE"
445.945953369141,462.837829589844,442.567565917969,459.45947265625,4847000,"2019-06-19","RISE"
459.45947265625,469.594604492188,456.081085205078,462.837829589844,3314608,"2019-06-20","RISE"
462.837829589844,469.594604492188,462.837829589844,462.837829589844,4737480,"2019-06-21","RISE"
462.837829589844,462.837829589844,449.324310302734,449.324310302734,3662260,"2019-06-24","RISE"
452.702697753906,452.702697753906,439.189178466797,442.567565917969,3405184,"2019-06-25","RISE"
439.189178466797,452.702697753906,439.189178466797,452.702697753906,3092164,"2019-06-26","RISE"
452.702697753906,469.594604492188,452.702697753906,459.45947265625,3976612,"2019-06-27","RISE"
459.45947265625,466.216217041016,456.081085205078,459.45947265625,3577456,"2019-06-28","RISE"
459.45947265625,459.45947265625,449.324310302734,449.324310302734,3179632,"2019-07-01","RISE"
449.324310302734,449.324310302734,439.189178466797,442.567565917969,1824544,"2019-07-02","RISE"
442.567565917969,442.567565917969,425.675689697266,425.675689697266,1106300,"2019-07-03","RISE"
425.675689697266,425.675689697266,402.027038574219,415.54052734375,2815256,"2019-07-04","RISE"
418.918914794922,425.675689697266,415.54052734375,425.675689697266,3575088,"2019-07-05","RISE"
429.054046630859,439.189178466797,429.054046630859,439.189178466797,3248008,"2019-07-08","RISE"
439.189178466797,439.189178466797,432.432434082031,435.810821533203,2726456,"2019-07-09","RISE"
435.810821533203,439.189178466797,435.810821533203,439.189178466797,1930364,"2019-07-10","RISE"
439.189178466797,442.567565917969,432.432434082031,439.189178466797,2412548,"2019-07-11","RISE"
442.567565917969,449.324310302734,442.567565917969,449.324310302734,2218964,"2019-07-12","RISE"
449.324310302734,459.45947265625,449.324310302734,459.45947265625,4037588,"2019-07-15","RISE"
459.45947265625,466.216217041016,442.567565917969,459.45947265625,2475300,"2019-07-16","RISE"
459.45947265625,459.45947265625,442.567565917969,449.324310302734,3018608,"2019-07-17","RISE"
449.324310302734,449.324310302734,435.810821533203,435.810821533203,2858620,"2019-07-18","RISE"
435.810821533203,435.810821533203,429.054046630859,432.432434082031,2001996,"2019-07-19","RISE"
432.432434082031,432.432434082031,422.297302246094,432.432434082031,3099712,"2019-07-22","RISE"
432.432434082031,432.432434082031,422.297302246094,425.675689697266,2447328,"2019-07-23","RISE"
425.675689697266,425.675689697266,415.54052734375,425.675689697266,4290964,"2019-07-24","RISE"
425.675689697266,425.675689697266,418.918914794922,422.297302246094,2656008,"2019-07-25","RISE"
422.297302246094,425.675689697266,422.297302246094,425.675689697266,2372292,"2019-07-26","RISE"
425.675689697266,425.675689697266,415.54052734375,418.918914794922,2149996,"2019-07-29","RISE"
418.918914794922,418.918914794922,412.162170410156,412.162170410156,1995040,"2019-07-30","RISE"
415.54052734375,415.54052734375,405.405395507812,405.405395507812,2900060,"2019-07-31","RISE"
408.783782958984,412.162170410156,405.405395507812,412.162170410156,3111996,"2019-08-01","RISE"
412.162170410156,412.162170410156,402.027038574219,405.405395507812,1228844,"2019-08-02","RISE"
405.405395507812,405.405395507812,395.270263671875,398.648651123047,1359380,"2019-08-05","RISE"
398.648651123047,398.648651123047,385.135131835938,395.270263671875,3116436,"2019-08-06","RISE"
395.270263671875,395.270263671875,391.891876220703,391.891876220703,825840,"2019-08-07","RISE"
391.891876220703,391.891876220703,385.135131835938,385.135131835938,1990156,"2019-08-08","RISE"
385.135131835938,402.027038574219,381.756744384766,395.270263671875,4857508,"2019-08-09","RISE"
398.648651123047,398.648651123047,388.513519287109,395.270263671875,2509192,"2019-08-12","RISE"
395.270263671875,412.162170410156,391.891876220703,408.783782958984,3629996,"2019-08-13","RISE"
408.783782958984,425.675689697266,408.783782958984,408.783782958984,4028264,"2019-08-14","RISE"
412.162170410156,412.162170410156,405.405395507812,408.783782958984,1925776,"2019-08-15","RISE"
408.783782958984,412.162170410156,405.405395507812,408.783782958984,2083692,"2019-08-16","RISE"
412.162170410156,412.162170410156,398.648651123047,408.783782958984,3531428,"2019-08-19","RISE"
408.783782958984,408.783782958984,402.027038574219,402.027038574219,2255224,"2019-08-20","RISE"
405.405395507812,405.405395507812,398.648651123047,398.648651123047,1979500,"2019-08-21","RISE"
402.027038574219,412.162170410156,391.891876220703,412.162170410156,3122356,"2019-08-22","RISE"
412.162170410156,439.189178466797,408.783782958984,432.432434082031,4268024,"2019-08-23","RISE"
435.810821533203,445.945953369141,432.432434082031,432.432434082031,2861136,"2019-08-26","RISE"
435.810821533203,435.810821533203,425.675689697266,429.054046630859,891552,"2019-08-27","RISE"
432.432434082031,432.432434082031,429.054046630859,429.054046630859,2771300,"2019-08-28","RISE"
429.054046630859,429.054046630859,422.297302246094,425.675689697266,2261736,"2019-08-29","RISE"
425.675689697266,429.054046630859,422.297302246094,425.675689697266,2420836,"2019-08-30","RISE"
425.675689697266,425.675689697266,418.918914794922,418.918914794922,2390792,"2019-09-02","RISE"
418.918914794922,425.675689697266,415.54052734375,425.675689697266,3119692,"2019-09-03","RISE"
429.054046630859,429.054046630859,408.783782958984,415.54052734375,1576496,"2019-09-04","RISE"
415.54052734375,415.54052734375,412.162170410156,415.54052734375,1511820,"2019-09-05","RISE"
415.54052734375,415.54052734375,408.783782958984,412.162170410156,1866280,"2019-09-06","RISE"
412.162170410156,412.162170410156,408.783782958984,412.162170410156,1780440,"2019-09-09","RISE"
412.162170410156,412.162170410156,408.783782958984,412.162170410156,2304360,"2019-09-10","RISE"
412.162170410156,415.54052734375,408.783782958984,415.54052734375,1768452,"2019-09-11","RISE"
415.54052734375,415.54052734375,412.162170410156,412.162170410156,2156508,"2019-09-12","RISE"
415.54052734375,415.54052734375,412.162170410156,415.54052734375,2034704,"2019-09-13","RISE"
415.54052734375,415.54052734375,405.405395507812,405.405395507812,2652160,"2019-09-16","RISE"
405.405395507812,408.783782958984,388.513519287109,408.783782958984,3433896,"2019-09-17","RISE"
408.783782958984,415.54052734375,405.405395507812,408.783782958984,2279200,"2019-09-18","RISE"
408.783782958984,425.675689697266,398.648651123047,425.675689697266,3127240,"2019-09-19","RISE"
425.675689697266,425.675689697266,415.54052734375,418.918914794922,793724,"2019-09-20","RISE"
418.918914794922,418.918914794922,405.405395507812,418.918914794922,1952712,"2019-09-23","RISE"
418.918914794922,418.918914794922,405.405395507812,408.783782958984,1631256,"2019-09-24","RISE"
408.783782958984,408.783782958984,402.027038574219,405.405395507812,2045952,"2019-09-25","RISE"
405.405395507812,408.783782958984,398.648651123047,408.783782958984,2589112,"2019-09-26","RISE"
408.783782958984,408.783782958984,398.648651123047,405.405395507812,1813740,"2019-09-27","RISE"
405.405395507812,408.783782958984,398.648651123047,408.783782958984,2107076,"2019-09-30","RISE"
408.783782958984,408.783782958984,402.027038574219,408.783782958984,2410476,"2019-10-01","RISE"
408.783782958984,412.162170410156,402.027038574219,405.405395507812,2402188,"2019-10-02","RISE"
405.405395507812,405.405395507812,398.648651123047,398.648651123047,896880,"2019-10-03","RISE"
398.648651123047,398.648651123047,381.756744384766,395.270263671875,1839788,"2019-10-04","RISE"
395.270263671875,395.270263671875,391.891876220703,395.270263671875,1345024,"2019-10-07","RISE"
395.270263671875,405.405395507812,391.891876220703,405.405395507812,2335884,"2019-10-08","RISE"
405.405395507812,415.54052734375,398.648651123047,415.54052734375,2557588,"2019-10-09","RISE"
415.54052734375,422.297302246094,415.54052734375,422.297302246094,2361044,"2019-10-10","RISE"
422.297302246094,435.810821533203,422.297302246094,435.810821533203,3628664,"2019-10-11","RISE"
435.810821533203,445.945953369141,435.810821533203,445.945953369141,2802824,"2019-10-14","RISE"
445.945953369141,462.837829589844,442.567565917969,445.945953369141,4788688,"2019-10-15","RISE"
445.945953369141,456.081085205078,432.432434082031,432.432434082031,2115364,"2019-10-16","RISE"
432.432434082031,445.945953369141,429.054046630859,439.189178466797,2705440,"2019-10-17","RISE"
439.189178466797,439.189178466797,425.675689697266,439.189178466797,1938208,"2019-10-18","RISE"
439.189178466797,442.567565917969,432.432434082031,439.189178466797,2258776,"2019-10-21","RISE"
439.189178466797,439.189178466797,432.432434082031,439.189178466797,1495540,"2019-10-22","RISE"
439.189178466797,442.567565917969,435.810821533203,442.567565917969,2152512,"2019-10-23","RISE"
442.567565917969,445.945953369141,435.810821533203,442.567565917969,1825284,"2019-10-24","RISE"
442.567565917969,449.324310302734,442.567565917969,445.945953369141,2112404,"2019-10-25","RISE"
445.945953369141,445.945953369141,439.189178466797,439.189178466797,2014872,"2019-10-28","RISE"
439.189178466797,439.189178466797,422.297302246094,439.189178466797,1846448,"2019-10-29","RISE"
439.189178466797,439.189178466797,432.432434082031,432.432434082031,1945904,"2019-10-30","RISE"
432.432434082031,435.810821533203,432.432434082031,432.432434082031,1576940,"2019-10-31","RISE"
432.432434082031,432.432434082031,425.675689697266,432.432434082031,1649608,"2019-11-01","RISE"
432.432434082031,432.432434082031,425.675689697266,429.054046630859,1060124,"2019-11-04","RISE"
429.054046630859,435.810821533203,422.297302246094,432.432434082031,3970100,"2019-11-05","RISE"
432.432434082031,432.432434082031,422.297302246094,425.675689697266,1420652,"2019-11-06","RISE"
425.675689697266,425.675689697266,415.54052734375,422.297302246094,1764752,"2019-11-07","RISE"
422.297302246094,429.054046630859,412.162170410156,429.054046630859,2300808,"2019-11-08","RISE"
429.054046630859,429.054046630859,418.918914794922,429.054046630859,2067856,"2019-11-11","RISE"
429.054046630859,435.810821533203,415.54052734375,432.432434082031,3238536,"2019-11-12","RISE"
432.432434082031,439.189178466797,425.675689697266,432.432434082031,1988380,"2019-11-13","RISE"
432.432434082031,435.810821533203,429.054046630859,435.810821533203,1583896,"2019-11-14","RISE"
435.810821533203,445.945953369141,425.675689697266,439.189178466797,2361044,"2019-11-15","RISE"
439.189178466797,452.702697753906,439.189178466797,452.702697753906,2128388,"2019-11-18","RISE"
456.081085205078,456.081085205078,439.189178466797,439.189178466797,1778812,"2019-11-19","RISE"
439.189178466797,449.324310302734,429.054046630859,449.324310302734,2435192,"2019-11-20","RISE"
445.945953369141,445.945953369141,432.432434082031,432.432434082031,1848520,"2019-11-21","RISE"
432.432434082031,432.432434082031,429.054046630859,432.432434082031,1695636,"2019-11-22","RISE"
432.432434082031,432.432434082031,425.675689697266,429.054046630859,1815220,"2019-11-25","RISE"
425.675689697266,439.189178466797,422.297302246094,439.189178466797,1776740,"2019-11-26","RISE"
442.567565917969,442.567565917969,435.810821533203,442.567565917969,1968548,"2019-11-27","RISE"
442.567565917969,445.945953369141,425.675689697266,442.567565917969,2445404,"2019-11-28","RISE"
442.567565917969,442.567565917969,429.054046630859,429.054046630859,755244,"2019-11-29","RISE"
432.432434082031,432.432434082031,425.675689697266,429.054046630859,1518184,"2019-12-02","RISE"
429.054046630859,435.810821533203,429.054046630859,432.432434082031,1328596,"2019-12-03","RISE"
432.432434082031,435.810821533203,422.297302246094,429.054046630859,1765048,"2019-12-04","RISE"
432.432434082031,432.432434082031,425.675689697266,429.054046630859,1712064,"2019-12-05","RISE"
429.054046630859,429.054046630859,422.297302246094,425.675689697266,1405556,"2019-12-06","RISE"
425.675689697266,425.675689697266,422.297302246094,425.675689697266,1489768,"2019-12-09","RISE"
425.675689697266,432.432434082031,422.297302246094,432.432434082031,1669736,"2019-12-10","RISE"
432.432434082031,439.189178466797,429.054046630859,439.189178466797,1584340,"2019-12-11","RISE"
439.189178466797,442.567565917969,439.189178466797,442.567565917969,1187108,"2019-12-12","RISE"
442.567565917969,442.567565917969,439.189178466797,439.189178466797,884596,"2019-12-13","RISE"
439.189178466797,442.567565917969,435.810821533203,442.567565917969,1383948,"2019-12-16","RISE"
442.567565917969,442.567565917969,435.810821533203,442.567565917969,1466680,"2019-12-17","RISE"
442.567565917969,442.567565917969,432.432434082031,435.810821533203,330780,"2019-12-18","RISE"
435.810821533203,442.567565917969,429.054046630859,439.189178466797,1810780,"2019-12-19","RISE"
439.189178466797,442.567565917969,432.432434082031,442.567565917969,1763420,"2019-12-20","RISE"
442.567565917969,442.567565917969,425.675689697266,429.054046630859,1035704,"2019-12-23","RISE"
429.054046630859,429.054046630859,412.162170410156,429.054046630859,1775408,"2019-12-26","RISE"
425.675689697266,425.675689697266,408.783782958984,408.783782958984,1114736,"2019-12-27","RISE"
405.405395507812,408.783782958984,385.135131835938,408.783782958984,966588,"2019-12-30","RISE"
408.783782958984,408.783782958984,385.135131835938,405.405395507812,1637768,"2020-01-02","RISE"
405.405395507812,405.405395507812,385.135131835938,395.270263671875,1218040,"2020-01-03","RISE"
395.270263671875,395.270263671875,371.621612548828,371.621612548828,1716208,"2020-01-06","RISE"
368.243255615234,368.243255615234,361.486480712891,368.243255615234,1614088,"2020-01-07","RISE"
368.243255615234,371.621612548828,351.351348876953,371.621612548828,2178560,"2020-01-08","RISE"
371.621612548828,378.378387451172,368.243255615234,371.621612548828,1625780,"2020-01-09","RISE"
371.621612548828,371.621612548828,364.864868164062,364.864868164062,1411180,"2020-01-10","RISE"
361.486480712891,361.486480712891,358.108093261719,361.486480712891,562400,"2020-01-13","RISE"
361.486480712891,361.486480712891,358.108093261719,361.486480712891,870240,"2020-01-14","RISE"
361.486480712891,361.486480712891,347.972961425781,358.108093261719,1294852,"2020-01-15","RISE"
354.729736328125,361.486480712891,337.837829589844,361.486480712891,1394456,"2020-01-16","RISE"
361.486480712891,375,361.486480712891,375,1748768,"2020-01-17","RISE"
364.864868164062,375,361.486480712891,368.243255615234,1628296,"2020-01-20","RISE"
368.243255615234,371.621612548828,368.243255615234,371.621612548828,1231212,"2020-01-21","RISE"
371.621612548828,371.621612548828,361.486480712891,364.864868164062,1456172,"2020-01-22","RISE"
364.864868164062,364.864868164062,351.351348876953,351.351348876953,1783696,"2020-01-23","RISE"
354.729736328125,354.729736328125,351.351348876953,351.351348876953,976800,"2020-01-24","RISE"
351.351348876953,354.729736328125,337.837829589844,354.729736328125,1503976,"2020-01-27","RISE"
354.729736328125,354.729736328125,351.351348876953,354.729736328125,1112516,"2020-01-28","RISE"
354.729736328125,354.729736328125,351.351348876953,351.351348876953,1298848,"2020-01-29","RISE"
351.351348876953,351.351348876953,337.837829589844,344.594604492188,555148,"2020-01-30","RISE"
344.594604492188,344.594604492188,335.135131835938,337.837829589844,1017352,"2020-01-31","RISE"
337.837829589844,337.837829589844,333.783782958984,333.783782958984,191660,"2020-02-03","RISE"
332.432434082031,333.783782958984,325.675689697266,331.081085205078,1006696,"2020-02-04","RISE"
331.081085205078,331.081085205078,329.729736328125,329.729736328125,692048,"2020-02-05","RISE"
328.378387451172,329.729736328125,320.270263671875,322.972961425781,376808,"2020-02-06","RISE"
322.972961425781,324.324310302734,317.567565917969,321.621612548828,506160,"2020-02-07","RISE"
321.621612548828,321.621612548828,314.864868164062,318.918914794922,185592,"2020-02-10","RISE"
318.918914794922,321.621612548828,314.864868164062,321.621612548828,1049024,"2020-02-11","RISE"
321.621612548828,322.972961425781,312.162170410156,322.972961425781,886224,"2020-02-12","RISE"
321.621612548828,322.972961425781,310.810821533203,322.972961425781,534872,"2020-02-13","RISE"
321.621612548828,322.972961425781,318.918914794922,320.270263671875,469752,"2020-02-14","RISE"
318.918914794922,320.270263671875,318.918914794922,318.918914794922,653420,"2020-02-17","RISE"
317.567565917969,321.621612548828,308.108093261719,321.621612548828,1066044,"2020-02-18","RISE"
320.270263671875,320.270263671875,312.162170410156,312.162170410156,32264,"2020-02-19","RISE"
313.513519287109,317.567565917969,313.513519287109,316.216217041016,737780,"2020-02-20","RISE"
316.216217041016,317.567565917969,316.216217041016,317.567565917969,912420,"2020-02-21","RISE"
317.567565917969,317.567565917969,312.162170410156,317.567565917969,927812,"2020-02-24","RISE"
316.216217041016,316.216217041016,309.45947265625,316.216217041016,668812,"2020-02-25","RISE"
316.216217041016,316.216217041016,313.513519287109,314.864868164062,539756,"2020-02-26","RISE"
314.864868164062,317.567565917969,313.513519287109,314.864868164062,1060272,"2020-02-27","RISE"
313.513519287109,314.864868164062,304.054046630859,313.513519287109,358308,"2020-02-28","RISE"
313.513519287109,313.513519287109,310.810821533203,313.513519287109,633292,"2020-03-02","RISE"
313.513519287109,314.864868164062,310.810821533203,314.864868164062,553520,"2020-03-03","RISE"
313.513519287109,322.972961425781,313.513519287109,322.972961425781,1757648,"2020-03-04","RISE"
322.972961425781,325.675689697266,321.621612548828,324.324310302734,1109852,"2020-03-05","RISE"
322.972961425781,322.972961425781,321.621612548828,321.621612548828,916860,"2020-03-06","RISE"
320.270263671875,320.270263671875,320.270263671875,320.270263671875,819180,"2020-03-09","RISE"
320.270263671875,327.027038574219,320.270263671875,327.027038574219,991156,"2020-03-10","RISE"
327.027038574219,331.081085205078,325.675689697266,331.081085205078,1405852,"2020-03-11","RISE"
331.081085205078,331.081085205078,328.378387451172,328.378387451172,421948,"2020-03-12","RISE"
327.027038574219,327.027038574219,318.918914794922,324.324310302734,13468,"2020-03-13","RISE"
322.972961425781,322.972961425781,321.621612548828,322.972961425781,1628,"2020-03-16","RISE"
322.972961425781,322.972961425781,318.918914794922,321.621612548828,1314684,"2020-03-17","RISE"
321.621612548828,321.621612548828,318.918914794922,318.918914794922,511784,"2020-03-18","RISE"
317.567565917969,317.567565917969,316.216217041016,317.567565917969,1310984,"2020-03-19","RISE"
316.216217041016,316.216217041016,316.216217041016,316.216217041016,1065896,"2020-03-20","RISE"
316.216217041016,316.216217041016,313.513519287109,314.864868164062,1135012,"2020-03-23","RISE"
314.864868164062,314.864868164062,308.108093261719,312.162170410156,526584,"2020-03-24","RISE"
312.162170410156,312.162170410156,309.45947265625,309.45947265625,609168,"2020-03-26","RISE"
309.45947265625,309.45947265625,308.108093261719,309.45947265625,851148,"2020-03-27","RISE"
309.45947265625,309.45947265625,308.108093261719,308.108093261719,488252,"2020-03-30","RISE"
308.108093261719,308.108093261719,306.756744384766,306.756744384766,215044,"2020-03-31","RISE"
306.756744384766,309.45947265625,306.756744384766,308.108093261719,944980,"2020-04-01","RISE"
306.756744384766,306.756744384766,301.351348876953,301.351348876953,163688,"2020-04-02","RISE"
301.351348876953,301.351348876953,298.648651123047,298.648651123047,4440,"2020-04-03","RISE"
298.648651123047,301.351348876953,298.648651123047,301.351348876953,971768,"2020-04-06","RISE"
300,300,297.297302246094,297.297302246094,419580,"2020-04-07","RISE"
297.297302246094,297.297302246094,282.432434082031,295.945953369141,408480,"2020-04-08","RISE"
295.945953369141,297.297302246094,293.243255615234,295.945953369141,599992,"2020-04-09","RISE"
295.945953369141,308.108093261719,295.945953369141,308.108093261719,1225588,"2020-04-13","RISE"
309.45947265625,309.45947265625,304.054046630859,305.405395507812,553224,"2020-04-14","RISE"
305.405395507812,305.405395507812,295.945953369141,305.405395507812,452584,"2020-04-15","RISE"
305.405395507812,305.405395507812,289.189178466797,293.243255615234,256928,"2020-04-16","RISE"
293.243255615234,295.945953369141,283.783782958984,290.54052734375,612868,"2020-04-17","RISE"
290.54052734375,298.648651123047,286.486480712891,298.648651123047,1079216,"2020-04-20","RISE"
300,300,290.54052734375,293.243255615234,466052,"2020-04-21","RISE"
293.243255615234,294.594604492188,289.189178466797,293.243255615234,330188,"2020-04-22","RISE"
293.243255615234,293.243255615234,286.486480712891,286.486480712891,413216,"2020-04-23","RISE"
286.486480712891,286.486480712891,279.729736328125,281.081085205078,378436,"2020-04-24","RISE"
279.729736328125,286.486480712891,279.729736328125,286.486480712891,639508,"2020-04-27","RISE"
286.486480712891,290.54052734375,286.486480712891,286.486480712891,713212,"2020-04-28","RISE"
286.486480712891,290.54052734375,286.486480712891,287.837829589844,650164,"2020-04-29","RISE"
287.837829589844,291.891876220703,287.837829589844,289.189178466797,606948,"2020-04-30","RISE"
289.189178466797,290.54052734375,289.189178466797,289.189178466797,443852,"2020-05-04","RISE"
289.189178466797,293.243255615234,289.189178466797,289.189178466797,613164,"2020-05-05","RISE"
289.189178466797,291.891876220703,289.189178466797,289.189178466797,759536,"2020-05-06","RISE"
289.189178466797,289.189178466797,286.486480712891,287.837829589844,606356,"2020-05-08","RISE"
287.837829589844,289.189178466797,287.837829589844,289.189178466797,711732,"2020-05-11","RISE"
289.189178466797,289.189178466797,289.189178466797,289.189178466797,523624,"2020-05-12","RISE"
289.189178466797,290.54052734375,289.189178466797,289.189178466797,645280,"2020-05-13","RISE"
289.189178466797,289.189178466797,286.486480712891,287.837829589844,625892,"2020-05-14","RISE"
287.837829589844,287.837829589844,282.432434082031,283.783782958984,295852,"2020-05-15","RISE"
283.783782958984,287.837829589844,283.783782958984,285.135131835938,710548,"2020-05-18","RISE"
285.135131835938,286.486480712891,283.783782958984,285.135131835938,608724,"2020-05-19","RISE"
285.135131835938,285.135131835938,283.783782958984,285.135131835938,622784,"2020-05-20","RISE"
285.135131835938,285.135131835938,283.783782958984,285.135131835938,601472,"2020-05-26","RISE"
285.135131835938,287.837829589844,283.783782958984,286.486480712891,707440,"2020-05-27","RISE"
286.486480712891,286.486480712891,281.081085205078,286.486480712891,643948,"2020-05-28","RISE"
285.135131835938,287.837829589844,285.135131835938,287.837829589844,673400,"2020-05-29","RISE"
287.837829589844,287.837829589844,279.729736328125,287.837829589844,609908,"2020-06-02","RISE"
287.837829589844,289.189178466797,285.135131835938,289.189178466797,586524,"2020-06-03","RISE"
289.189178466797,290.54052734375,286.486480712891,290.54052734375,599696,"2020-06-04","RISE"
289.189178466797,290.54052734375,286.486480712891,287.837829589844,595256,"2020-06-05","RISE"
287.837829589844,289.189178466797,282.432434082031,287.837829589844,479520,"2020-06-08","RISE"
287.837829589844,289.189178466797,286.486480712891,287.837829589844,599696,"2020-06-09","RISE"
287.837829589844,287.837829589844,286.486480712891,286.486480712891,576016,"2020-06-10","RISE"
286.486480712891,290.54052734375,286.486480712891,289.189178466797,624856,"2020-06-11","RISE"
290.54052734375,290.54052734375,289.189178466797,290.54052734375,595256,"2020-06-12","RISE"
290.54052734375,293.243255615234,289.189178466797,293.243255615234,565064,"2020-06-15","RISE"
293.243255615234,302.702697753906,293.243255615234,302.702697753906,964664,"2020-06-16","RISE"
302.702697753906,308.108093261719,301.351348876953,308.108093261719,945128,"2020-06-17","RISE"
308.108093261719,312.162170410156,306.756744384766,312.162170410156,755984,"2020-06-18","RISE"
312.162170410156,314.864868164062,308.108093261719,308.108093261719,667036,"2020-06-19","RISE"
308.108093261719,309.45947265625,306.756744384766,308.108093261719,635068,"2020-06-22","RISE"
308.108093261719,308.108093261719,302.702697753906,308.108093261719,689532,"2020-06-23","RISE"
308.108093261719,310.810821533203,298.648651123047,310.810821533203,650904,"2020-06-24","RISE"
309.45947265625,309.45947265625,297.297302246094,297.297302246094,756280,"2020-06-25","RISE"
297.297302246094,305.405395507812,297.297302246094,305.405395507812,592888,"2020-06-26","RISE"
305.405395507812,310.810821533203,297.297302246094,310.810821533203,1770820,"2020-06-29","RISE"
310.810821533203,310.810821533203,309.45947265625,310.810821533203,597032,"2020-06-30","RISE"
310.810821533203,317.567565917969,310.810821533203,317.567565917969,767380,"2020-07-01","RISE"
317.567565917969,318.918914794922,317.567565917969,318.918914794922,600732,"2020-07-02","RISE"
318.918914794922,318.918914794922,310.810821533203,317.567565917969,566396,"2020-07-03","RISE"
317.567565917969,317.567565917969,314.864868164062,317.567565917969,584304,"2020-07-06","RISE"
317.567565917969,318.918914794922,314.864868164062,318.918914794922,559292,"2020-07-07","RISE"
318.918914794922,321.621612548828,318.918914794922,321.621612548828,692344,"2020-07-08","RISE"
321.621612548828,325.675689697266,321.621612548828,325.675689697266,573648,"2020-07-09","RISE"
325.675689697266,328.378387451172,325.675689697266,328.378387451172,577348,"2020-07-10","RISE"
328.378387451172,329.729736328125,328.378387451172,329.729736328125,553372,"2020-07-13","RISE"
329.729736328125,331.081085205078,329.729736328125,331.081085205078,704776,"2020-07-14","RISE"
331.081085205078,331.081085205078,321.621612548828,321.621612548828,900580,"2020-07-15","RISE"
321.621612548828,322.972961425781,310.810821533203,310.810821533203,402560,"2020-07-16","RISE"
310.810821533203,310.810821533203,302.702697753906,304.054046630859,586524,"2020-07-17","RISE"
304.054046630859,304.054046630859,300,300,593480,"2020-07-20","RISE"
298.648651123047,298.648651123047,286.486480712891,286.486480712891,652976,"2020-07-21","RISE"
286.486480712891,290.54052734375,286.486480712891,287.837829589844,589040,"2020-07-22","RISE"
287.837829589844,287.837829589844,277.027038574219,277.027038574219,733192,"2020-07-23","RISE"
277.027038574219,277.027038574219,271.621612548828,272.972961425781,508528,"2020-07-24","RISE"
274.324310302734,274.324310302734,266.216217041016,266.216217041016,636696,"2020-07-27","RISE"
268.918914794922,268.918914794922,263.513519287109,264.864868164062,420172,"2020-07-28","RISE"
267.567565917969,267.567565917969,263.513519287109,264.864868164062,530876,"2020-07-29","RISE"
264.864868164062,267.567565917969,263.513519287109,263.513519287109,416916,"2020-07-30","RISE"
264.864868164062,274.324310302734,264.864868164062,274.324310302734,408480,"2020-08-03","RISE"
275.675689697266,282.432434082031,275.675689697266,281.081085205078,618344,"2020-08-04","RISE"
281.081085205078,282.432434082031,279.729736328125,281.081085205078,466792,"2020-08-05","RISE"
282.432434082031,283.783782958984,281.081085205078,283.783782958984,641728,"2020-08-06","RISE"
285.135131835938,285.135131835938,283.783782958984,283.783782958984,605172,"2020-08-07","RISE"
283.783782958984,283.783782958984,282.432434082031,283.783782958984,516520,"2020-08-10","RISE"
283.783782958984,283.783782958984,283.783782958984,283.783782958984,581048,"2020-08-11","RISE"
283.783782958984,285.135131835938,281.081085205078,283.783782958984,581640,"2020-08-12","RISE"
283.783782958984,286.486480712891,283.783782958984,283.783782958984,475228,"2020-08-13","RISE"
283.783782958984,285.135131835938,282.432434082031,285.135131835938,636104,"2020-08-14","RISE"
285.135131835938,286.486480712891,285.135131835938,286.486480712891,561660,"2020-08-18","RISE"
286.486480712891,287.837829589844,286.486480712891,287.837829589844,548192,"2020-08-19","RISE"
287.837829589844,287.837829589844,286.486480712891,287.837829589844,468716,"2020-08-24","RISE"
287.837829589844,287.837829589844,274.324310302734,278.378387451172,865800,"2020-08-25","RISE"
279.729736328125,279.729736328125,274.324310302734,278.378387451172,499056,"2020-08-26","RISE"
278.378387451172,283.783782958984,278.378387451172,283.783782958984,782624,"2020-08-27","RISE"
283.783782958984,287.837829589844,283.783782958984,287.837829589844,550560,"2020-08-28","RISE"
287.837829589844,289.189178466797,285.135131835938,287.837829589844,658600,"2020-08-31","RISE"
287.837829589844,287.837829589844,275.675689697266,283.783782958984,435120,"2020-09-01","RISE"
283.783782958984,285.135131835938,283.783782958984,285.135131835938,487956,"2020-09-02","RISE"
285.135131835938,289.189178466797,285.135131835938,287.837829589844,619972,"2020-09-03","RISE"
286.486480712891,286.486480712891,278.378387451172,285.135131835938,635512,"2020-09-04","RISE"
285.135131835938,286.486480712891,285.135131835938,285.135131835938,536500,"2020-09-07","RISE"
285.135131835938,286.486480712891,281.081085205078,285.135131835938,735264,"2020-09-08","RISE"
285.135131835938,285.135131835938,281.081085205078,283.783782958984,65120,"2020-09-09","RISE"
283.783782958984,283.783782958984,278.378387451172,283.783782958984,370592,"2020-09-10","RISE"
283.783782958984,285.135131835938,283.783782958984,285.135131835938,566544,"2020-09-11","RISE"
285.135131835938,290.54052734375,285.135131835938,290.54052734375,545380,"2020-09-14","RISE"
290.54052734375,294.594604492188,290.54052734375,291.891876220703,610648,"2020-09-15","RISE"
291.891876220703,294.594604492188,291.891876220703,294.594604492188,546712,"2020-09-16","RISE"
294.594604492188,295.945953369141,290.54052734375,295.945953369141,530876,"2020-09-17","RISE"
295.945953369141,297.297302246094,293.243255615234,297.297302246094,588892,"2020-09-18","RISE"
297.297302246094,298.648651123047,297.297302246094,298.648651123047,609316,"2020-09-21","RISE"
298.648651123047,298.648651123047,295.945953369141,297.297302246094,611684,"2020-09-22","RISE"
297.297302246094,298.648651123047,294.594604492188,297.297302246094,615384,"2020-09-23","RISE"
297.297302246094,297.297302246094,295.945953369141,297.297302246094,633884,"2020-09-24","RISE"
297.297302246094,300,294.594604492188,297.297302246094,735264,"2020-09-25","RISE"
297.297302246094,298.648651123047,290.54052734375,290.54052734375,586672,"2020-09-28","RISE"
289.189178466797,289.189178466797,277.027038574219,286.486480712891,712324,"2020-09-29","RISE"
287.837829589844,290.54052734375,287.837829589844,290.54052734375,606356,"2020-09-30","RISE"
290.54052734375,290.54052734375,287.837829589844,289.189178466797,602360,"2020-10-01","RISE"
289.189178466797,289.189178466797,286.486480712891,287.837829589844,600732,"2020-10-02","RISE"
287.837829589844,291.891876220703,287.837829589844,291.891876220703,556480,"2020-10-05","RISE"
291.891876220703,295.945953369141,291.891876220703,295.945953369141,610352,"2020-10-06","RISE"
295.945953369141,298.648651123047,289.189178466797,297.297302246094,591704,"2020-10-07","RISE"
297.297302246094,298.648651123047,297.297302246094,298.648651123047,592296,"2020-10-08","RISE"
298.648651123047,301.351348876953,295.945953369141,300,614052,"2020-10-09","RISE"
300,302.702697753906,300,301.351348876953,595552,"2020-10-12","RISE"
301.351348876953,302.702697753906,301.351348876953,302.702697753906,590964,"2020-10-13","RISE"
301.351348876953,304.054046630859,301.351348876953,304.054046630859,625152,"2020-10-14","RISE"
304.054046630859,305.405395507812,302.702697753906,302.702697753906,619972,"2020-10-15","RISE"
302.702697753906,305.405395507812,301.351348876953,301.351348876953,438228,"2020-10-16","RISE"
301.351348876953,302.702697753906,300,301.351348876953,524068,"2020-10-19","RISE"
301.351348876953,304.054046630859,298.648651123047,300,622636,"2020-10-20","RISE"
300,301.351348876953,297.297302246094,301.351348876953,603692,"2020-10-21","RISE"
300,301.351348876953,297.297302246094,298.648651123047,609464,"2020-10-22","RISE"
298.648651123047,298.648651123047,295.945953369141,297.297302246094,596292,"2020-10-23","RISE"
297.297302246094,300,295.945953369141,298.648651123047,605616,"2020-10-26","RISE"
298.648651123047,298.648651123047,295.945953369141,298.648651123047,602212,"2020-10-27","RISE"
297.297302246094,298.648651123047,295.945953369141,297.297302246094,590076,"2020-11-02","RISE"
297.297302246094,298.648651123047,297.297302246094,298.648651123047,619232,"2020-11-03","RISE"
298.648651123047,300,298.648651123047,298.648651123047,521700,"2020-11-04","RISE"
298.648651123047,298.648651123047,295.945953369141,298.648651123047,573500,"2020-11-05","RISE"
298.648651123047,301.351348876953,295.945953369141,300,599252,"2020-11-06","RISE"
300,302.702697753906,298.648651123047,301.351348876953,594812,"2020-11-09","RISE"
301.351348876953,304.054046630859,301.351348876953,304.054046630859,603248,"2020-11-10","RISE"
304.054046630859,305.405395507812,302.702697753906,304.054046630859,654604,"2020-11-11","RISE"
304.054046630859,304.054046630859,302.702697753906,304.054046630859,624856,"2020-11-12","RISE"
304.054046630859,305.405395507812,302.702697753906,304.054046630859,560920,"2020-11-13","RISE"
304.054046630859,305.405395507812,302.702697753906,304.054046630859,601768,"2020-11-16","RISE"
304.054046630859,306.756744384766,302.702697753906,304.054046630859,610056,"2020-11-17","RISE"
304.054046630859,305.405395507812,302.702697753906,305.405395507812,555296,"2020-11-18","RISE"
305.405395507812,305.405395507812,302.702697753906,305.405395507812,607540,"2020-11-19","RISE"
305.405395507812,305.405395507812,302.702697753906,304.054046630859,592592,"2020-11-20","RISE"
304.054046630859,304.054046630859,302.702697753906,304.054046630859,615976,"2020-11-23","RISE"
304.054046630859,305.405395507812,304.054046630859,304.054046630859,369112,"2020-11-24","RISE"
304.054046630859,305.405395507812,302.702697753906,302.702697753906,950012,"2020-11-25","RISE"
302.702697753906,302.702697753906,298.648651123047,302.702697753906,376808,"2020-11-26","RISE"
302.702697753906,304.054046630859,298.648651123047,300,773300,"2020-11-27","RISE"
300,301.351348876953,293.243255615234,297.297302246094,296888,"2020-11-30","RISE"
297.297302246094,298.648651123047,294.594604492188,295.945953369141,893772,"2020-12-01","RISE"
295.945953369141,295.945953369141,285.135131835938,291.891876220703,370296,"2020-12-02","RISE"
291.891876220703,291.891876220703,289.189178466797,289.189178466797,952972,"2020-12-03","RISE"
289.189178466797,290.54052734375,289.189178466797,290.54052734375,278980,"2020-12-04","RISE"
290.54052734375,294.594604492188,290.54052734375,291.891876220703,765604,"2020-12-07","RISE"
291.891876220703,294.594604492188,291.891876220703,294.594604492188,384800,"2020-12-08","RISE"
294.594604492188,301.351348876953,294.594604492188,295.945953369141,901912,"2020-12-10","RISE"
295.945953369141,297.297302246094,289.189178466797,289.189178466797,294964,"2020-12-11","RISE"
289.189178466797,289.189178466797,283.783782958984,285.135131835938,382876,"2020-12-14","RISE"
285.135131835938,285.135131835938,281.081085205078,283.783782958984,154364,"2020-12-15","RISE"
283.783782958984,283.783782958984,279.729736328125,282.432434082031,269804,"2020-12-16","RISE"
282.432434082031,286.486480712891,281.081085205078,283.783782958984,178044,"2020-12-17","RISE"
285.135131835938,289.189178466797,285.135131835938,289.189178466797,272764,"2020-12-18","RISE"
289.189178466797,291.891876220703,287.837829589844,290.54052734375,505716,"2020-12-21","RISE"
290.54052734375,293.243255615234,287.837829589844,289.189178466797,231176,"2020-12-22","RISE"
289.189178466797,289.189178466797,286.486480712891,286.486480712891,107300,"2020-12-23","RISE"
286.486480712891,286.486480712891,285.135131835938,285.135131835938,317312,"2020-12-28","RISE"
285.135131835938,285.135131835938,285.135131835938,285.135131835938,118696,"2020-12-29","RISE"
285.135131835938,286.486480712891,285.135131835938,286.486480712891,83620,"2020-12-30","RISE"
286.486480712891,286.486480712891,283.783782958984,286.486480712891,93536,"2021-01-04","RISE"
283.783782958984,287.837829589844,283.783782958984,287.837829589844,147408,"2021-01-05","RISE"
287.837829589844,287.837829589844,285.135131835938,287.837829589844,3700,"2021-01-06","RISE"
286.486480712891,287.837829589844,286.486480712891,287.837829589844,5032,"2021-01-07","RISE"
286.486480712891,286.486480712891,283.783782958984,285.135131835938,59792,"2021-01-08","RISE"
285.135131835938,285.135131835938,282.432434082031,283.783782958984,82732,"2021-01-11","RISE"
283.783782958984,283.783782958984,282.432434082031,282.432434082031,77552,"2021-01-12","RISE"
282.432434082031,282.432434082031,279.729736328125,282.432434082031,170644,"2021-01-13","RISE"
282.432434082031,282.432434082031,281.081085205078,281.081085205078,4144,"2021-01-14","RISE"
281.081085205078,281.081085205078,281.081085205078,281.081085205078,105820,"2021-01-15","RISE"
281.081085205078,281.081085205078,275.675689697266,278.378387451172,24864,"2021-01-18","RISE"
278.378387451172,279.729736328125,278.378387451172,279.729736328125,93536,"2021-01-19","RISE"
279.729736328125,282.432434082031,279.729736328125,282.432434082031,166796,"2021-01-20","RISE"
282.432434082031,283.783782958984,282.432434082031,283.783782958984,180264,"2021-01-21","RISE"
283.783782958984,283.783782958984,275.675689697266,283.783782958984,31080,"2021-01-22","RISE"
283.783782958984,286.486480712891,283.783782958984,286.486480712891,117660,"2021-01-25","RISE"
286.486480712891,286.486480712891,285.135131835938,285.135131835938,78292,"2021-01-26","RISE"
285.135131835938,286.486480712891,285.135131835938,286.486480712891,185000,"2021-01-27","RISE"
285.135131835938,285.135131835938,285.135131835938,285.135131835938,74148,"2021-01-28","RISE"
285.135131835938,285.135131835938,278.378387451172,285.135131835938,31820,"2021-01-29","RISE"
285.135131835938,287.837829589844,285.135131835938,287.837829589844,91464,"2021-02-01","RISE"
287.837829589844,287.837829589844,285.135131835938,287.837829589844,67192,"2021-02-02","RISE"
287.837829589844,287.837829589844,283.783782958984,286.486480712891,32412,"2021-02-03","RISE"
286.486480712891,287.837829589844,286.486480712891,287.837829589844,168868,"2021-02-04","RISE"
287.837829589844,289.189178466797,286.486480712891,287.837829589844,191216,"2021-02-05","RISE"
287.837829589844,289.189178466797,287.837829589844,289.189178466797,209272,"2021-02-08","RISE"
289.189178466797,289.189178466797,286.486480712891,286.486480712891,215636,"2021-02-09","RISE"
286.486480712891,286.486480712891,285.135131835938,286.486480712891,250120,"2021-02-10","RISE"
286.486480712891,287.837829589844,286.486480712891,287.837829589844,263440,"2021-02-11","RISE"
287.837829589844,289.189178466797,286.486480712891,287.837829589844,201872,"2021-02-15","RISE"
287.837829589844,289.189178466797,287.837829589844,287.837829589844,216820,"2021-02-16","RISE"
287.837829589844,289.189178466797,286.486480712891,289.189178466797,205720,"2021-02-17","RISE"
289.189178466797,290.54052734375,289.189178466797,290.54052734375,255596,"2021-02-18","RISE"
290.54052734375,290.54052734375,286.486480712891,290.54052734375,283124,"2021-02-19","RISE"
290.54052734375,291.891876220703,289.189178466797,290.54052734375,216672,"2021-02-22","RISE"
290.54052734375,291.891876220703,289.189178466797,289.189178466797,264920,"2021-02-23","RISE"
289.189178466797,291.891876220703,289.189178466797,290.54052734375,358604,"2021-02-24","RISE"
290.54052734375,291.891876220703,287.837829589844,290.54052734375,333444,"2021-02-25","RISE"
290.54052734375,290.54052734375,287.837829589844,287.837829589844,282976,"2021-02-26","RISE"
287.837829589844,289.189178466797,287.837829589844,289.189178466797,280756,"2021-03-01","RISE"
289.189178466797,290.54052734375,287.837829589844,290.54052734375,308432,"2021-03-02","RISE"
290.54052734375,291.891876220703,287.837829589844,289.189178466797,262404,"2021-03-03","RISE"
289.189178466797,289.189178466797,283.783782958984,283.783782958984,342768,"2021-03-04","RISE"
283.783782958984,285.135131835938,282.432434082031,283.783782958984,292596,"2021-03-05","RISE"
283.783782958984,285.135131835938,281.081085205078,281.081085205078,196100,"2021-03-08","RISE"
281.081085205078,281.081085205078,278.378387451172,281.081085205078,307988,"2021-03-09","RISE"
281.081085205078,282.432434082031,281.081085205078,281.081085205078,348540,"2021-03-10","RISE"
281.081085205078,290.54052734375,281.081085205078,290.54052734375,403744,"2021-03-12","RISE"
290.54052734375,291.891876220703,289.189178466797,289.189178466797,386576,"2021-03-15","RISE"
289.189178466797,290.54052734375,289.189178466797,290.54052734375,304584,"2021-03-16","RISE"
290.54052734375,290.54052734375,287.837829589844,289.189178466797,323380,"2021-03-17","RISE"
289.189178466797,291.891876220703,289.189178466797,291.891876220703,348540,"2021-03-18","RISE"
291.891876220703,291.891876220703,287.837829589844,290.54052734375,309616,"2021-03-19","RISE"
290.54052734375,290.54052734375,289.189178466797,290.54052734375,372812,"2021-03-22","RISE"
290.54052734375,291.891876220703,290.54052734375,290.54052734375,340400,"2021-03-23","RISE"
290.54052734375,290.54052734375,287.837829589844,287.837829589844,249380,"2021-03-24","RISE"
287.837829589844,287.837829589844,285.135131835938,286.486480712891,339512,"2021-03-25","RISE"
286.486480712891,290.54052734375,286.486480712891,289.189178466797,349872,"2021-03-26","RISE"
289.189178466797,290.54052734375,289.189178466797,290.54052734375,380656,"2021-03-29","RISE"
290.54052734375,290.54052734375,287.837829589844,287.837829589844,352092,"2021-03-30","RISE"
287.837829589844,287.837829589844,283.783782958984,285.135131835938,408924,"2021-03-31","RISE"
285.135131835938,286.486480712891,285.135131835938,286.486480712891,382580,"2021-04-01","RISE"
286.486480712891,287.837829589844,286.486480712891,287.837829589844,346616,"2021-04-05","RISE"
287.837829589844,290.54052734375,286.486480712891,290.54052734375,393088,"2021-04-06","RISE"
290.54052734375,291.891876220703,289.189178466797,290.54052734375,333888,"2021-04-07","RISE"
290.54052734375,291.891876220703,290.54052734375,290.54052734375,364080,"2021-04-08","RISE"
290.54052734375,291.891876220703,290.54052734375,291.891876220703,463240,"2021-04-09","RISE"
291.891876220703,293.243255615234,290.54052734375,291.891876220703,399304,"2021-04-12","RISE"
291.891876220703,291.891876220703,290.54052734375,291.891876220703,349280,"2021-04-13","RISE"
291.891876220703,297.297302246094,291.891876220703,297.297302246094,529840,"2021-04-14","RISE"
297.297302246094,300,297.297302246094,297.297302246094,542716,"2021-04-15","RISE"
297.297302246094,300,295.945953369141,300,446368,"2021-04-16","RISE"
300,300,297.297302246094,300,350760,"2021-04-19","RISE"
300,300,297.297302246094,298.648651123047,382284,"2021-04-20","RISE"
298.648651123047,300,297.297302246094,300,416028,"2021-04-21","RISE"
300,302.702697753906,300,301.351348876953,449920,"2021-04-22","RISE"
301.351348876953,304.054046630859,301.351348876953,304.054046630859,419728,"2021-04-23","RISE"
304.054046630859,305.405395507812,302.702697753906,304.054046630859,355940,"2021-04-26","RISE"
304.054046630859,306.756744384766,302.702697753906,305.405395507812,477892,"2021-04-27","RISE"
305.405395507812,308.108093261719,305.405395507812,306.756744384766,541680,"2021-04-28","RISE"
306.756744384766,312.162170410156,306.756744384766,309.45947265625,550116,"2021-04-29","RISE"
309.45947265625,310.810821533203,306.756744384766,309.45947265625,492692,"2021-04-30","RISE"
309.45947265625,312.162170410156,301.351348876953,304.054046630859,610648,"2021-05-03","RISE"
304.054046630859,304.054046630859,289.189178466797,298.648651123047,547452,"2021-05-04","RISE"
298.648651123047,301.351348876953,298.648651123047,301.351348876953,450808,"2021-05-05","RISE"
301.351348876953,302.702697753906,298.648651123047,298.648651123047,402116,"2021-05-06","RISE"
298.648651123047,300,297.297302246094,297.297302246094,479816,"2021-05-07","RISE"
297.297302246094,298.648651123047,297.297302246094,298.648651123047,469456,"2021-05-10","RISE"
298.648651123047,298.648651123047,295.945953369141,297.297302246094,479076,"2021-05-11","RISE"
297.297302246094,298.648651123047,295.945953369141,295.945953369141,467680,"2021-05-17","RISE"
295.945953369141,297.297302246094,294.594604492188,295.945953369141,465460,"2021-05-18","RISE"
295.945953369141,295.945953369141,294.594604492188,295.945953369141,451696,"2021-05-19","RISE"
295.945953369141,297.297302246094,293.243255615234,295.945953369141,513412,"2021-05-20","RISE"
295.945953369141,297.297302246094,295.945953369141,295.945953369141,455544,"2021-05-21","RISE"
295.945953369141,297.297302246094,294.594604492188,295.945953369141,531912,"2021-05-24","RISE"
295.945953369141,297.297302246094,295.945953369141,297.297302246094,474932,"2021-05-25","RISE"
297.297302246094,298.648651123047,297.297302246094,298.648651123047,523476,"2021-05-27","RISE"
298.648651123047,300,294.594604492188,294.594604492188,512376,"2021-05-28","RISE"
294.594604492188,295.945953369141,290.54052734375,290.54052734375,574832,"2021-05-31","RISE"
290.54052734375,293.243255615234,290.54052734375,291.891876220703,494468,"2021-06-02","RISE"
291.891876220703,293.243255615234,290.54052734375,291.891876220703,487512,"2021-06-03","RISE"
291.891876220703,293.243255615234,289.189178466797,290.54052734375,500092,"2021-06-04","RISE"
290.54052734375,290.54052734375,289.189178466797,290.54052734375,467088,"2021-06-07","RISE"
289.189178466797,289.189178466797,287.837829589844,289.189178466797,508676,"2021-06-08","RISE"
287.837829589844,290.54052734375,286.486480712891,290.54052734375,492248,"2021-06-09","RISE"
290.54052734375,291.891876220703,290.54052734375,291.891876220703,475376,"2021-06-10","RISE"
291.891876220703,293.243255615234,287.837829589844,290.54052734375,538276,"2021-06-11","RISE"
290.54052734375,291.891876220703,289.189178466797,290.54052734375,487216,"2021-06-14","RISE"
290.54052734375,291.891876220703,290.54052734375,290.54052734375,478780,"2021-06-15","RISE"
290.54052734375,291.891876220703,289.189178466797,290.54052734375,459836,"2021-06-16","RISE"
290.54052734375,290.54052734375,287.837829589844,289.189178466797,450660,"2021-06-17","RISE"
289.189178466797,289.189178466797,282.432434082031,283.783782958984,407888,"2021-06-18","RISE"
283.783782958984,283.783782958984,282.432434082031,282.432434082031,356680,"2021-06-21","RISE"
282.432434082031,285.135131835938,281.081085205078,283.783782958984,473008,"2021-06-22","RISE"
283.783782958984,285.135131835938,282.432434082031,282.432434082031,435712,"2021-06-23","RISE"
282.432434082031,283.783782958984,282.432434082031,283.783782958984,395900,"2021-06-24","RISE"
282.432434082031,285.135131835938,282.432434082031,285.135131835938,464276,"2021-06-25","RISE"
285.135131835938,285.135131835938,281.081085205078,282.432434082031,481000,"2021-06-28","RISE"
282.432434082031,283.783782958984,282.432434082031,282.432434082031,533392,"2021-06-29","RISE"
282.432434082031,283.783782958984,282.432434082031,283.783782958984,464128,"2021-06-30","RISE"
283.783782958984,286.486480712891,283.783782958984,285.135131835938,488548,"2021-07-01","RISE"
285.135131835938,286.486480712891,283.783782958984,285.135131835938,416620,"2021-07-02","RISE"
285.135131835938,286.486480712891,282.432434082031,285.135131835938,564472,"2021-07-05","RISE"
285.135131835938,286.486480712891,282.432434082031,283.783782958984,478780,"2021-07-06","RISE"
283.783782958984,285.135131835938,281.081085205078,283.783782958984,465756,"2021-07-07","RISE"
283.783782958984,285.135131835938,281.081085205078,283.783782958984,503644,"2021-07-08","RISE"
283.783782958984,285.135131835938,283.783782958984,285.135131835938,505124,"2021-07-09","RISE"
285.135131835938,286.486480712891,281.081085205078,283.783782958984,476264,"2021-07-12","RISE"
283.783782958984,285.135131835938,282.432434082031,282.432434082031,473748,"2021-07-13","RISE"
282.432434082031,282.432434082031,281.081085205078,282.432434082031,322048,"2021-07-14","RISE"
282.432434082031,283.783782958984,282.432434082031,283.783782958984,449180,"2021-07-15","RISE"
283.783782958984,286.486480712891,283.783782958984,286.486480712891,451548,"2021-07-16","RISE"
286.486480712891,286.486480712891,281.081085205078,283.783782958984,477596,"2021-07-19","RISE"
283.783782958984,285.135131835938,282.432434082031,283.783782958984,523624,"2021-07-21","RISE"
283.783782958984,283.783782958984,282.432434082031,283.783782958984,466200,"2021-07-22","RISE"
283.783782958984,285.135131835938,282.432434082031,282.432434082031,424316,"2021-07-23","RISE"
282.432434082031,282.432434082031,281.081085205078,282.432434082031,451252,"2021-07-26","RISE"
282.432434082031,282.432434082031,281.081085205078,282.432434082031,460428,"2021-07-27","RISE"
282.432434082031,283.783782958984,281.081085205078,282.432434082031,455544,"2021-07-28","RISE"
282.432434082031,283.783782958984,282.432434082031,283.783782958984,441336,"2021-07-29","RISE"
283.783782958984,283.783782958984,270.270263671875,270.270263671875,336256,"2021-07-30","RISE"
268.918914794922,268.918914794922,259.45947265625,259.45947265625,435860,"2021-08-02","RISE"
259.45947265625,259.45947265625,256.756744384766,258.108093261719,165020,"2021-08-03","RISE"
258.108093261719,258.108093261719,258.108093261719,258.108093261719,201132,"2021-08-04","RISE"
256.756744384766,259.45947265625,256.756744384766,259.45947265625,270100,"2021-08-05","RISE"
259.45947265625,260.810821533203,259.45947265625,260.810821533203,298664,"2021-08-06","RISE"
260.810821533203,260.810821533203,260.810821533203,260.810821533203,270248,"2021-08-09","RISE"
260.810821533203,260.810821533203,259.45947265625,260.810821533203,605468,"2021-08-10","RISE"
260.810821533203,260.810821533203,258.108093261719,259.45947265625,549376,"2021-08-12","RISE"
259.45947265625,260.810821533203,258.108093261719,259.45947265625,495208,"2021-08-13","RISE"
259.45947265625,259.45947265625,258.108093261719,259.45947265625,382284,"2021-08-16","RISE"
259.45947265625,260.810821533203,256.756744384766,260.810821533203,418100,"2021-08-18","RISE"
260.810821533203,260.810821533203,259.45947265625,259.45947265625,352980,"2021-08-19","RISE"
259.45947265625,260.810821533203,258.108093261719,260.810821533203,372516,"2021-08-20","RISE"
260.810821533203,262.162170410156,260.810821533203,260.810821533203,377252,"2021-08-23","RISE"
260.810821533203,260.810821533203,259.45947265625,259.45947265625,357864,"2021-08-24","RISE"
259.45947265625,260.810821533203,259.45947265625,259.45947265625,352092,"2021-08-25","RISE"
258.108093261719,259.45947265625,258.108093261719,259.45947265625,353128,"2021-08-26","RISE"
259.45947265625,260.810821533203,258.108093261719,260.810821533203,421060,"2021-08-27","RISE"
260.810821533203,262.162170410156,259.45947265625,260.810821533203,392348,"2021-08-30","RISE"
260.810821533203,260.810821533203,259.45947265625,260.810821533203,274244,"2021-08-31","RISE"
260.810821533203,260.810821533203,259.45947265625,260.810821533203,378140,"2021-09-01","RISE"
263.513519287109,263.513519287109,260.810821533203,263.513519287109,378436,"2021-09-02","RISE"
263.513519287109,263.513519287109,260.810821533203,260.810821533203,226588,"2021-09-03","RISE"
260.810821533203,260.810821533203,258.108093261719,259.45947265625,324712,"2021-09-06","RISE"
259.45947265625,259.45947265625,256.756744384766,259.45947265625,363932,"2021-09-07","RISE"
259.45947265625,259.45947265625,258.108093261719,259.45947265625,320568,"2021-09-08","RISE"
259.45947265625,259.45947265625,258.108093261719,259.45947265625,340400,"2021-09-09","RISE"
260.810821533203,260.810821533203,258.108093261719,259.45947265625,388500,"2021-09-10","RISE"
259.45947265625,260.810821533203,258.108093261719,260.810821533203,327820,"2021-09-13","RISE"
260.810821533203,260.810821533203,256.756744384766,260.810821533203,373108,"2021-09-14","RISE"
260.810821533203,260.810821533203,259.45947265625,260.810821533203,312280,"2021-09-15","RISE"
260.810821533203,260.810821533203,259.45947265625,260.810821533203,349872,"2021-09-16","RISE"
259.45947265625,260.810821533203,259.45947265625,260.810821533203,326340,"2021-09-17","RISE"
260.810821533203,260.810821533203,258.108093261719,259.45947265625,322788,"2021-09-20","RISE"
259.45947265625,259.45947265625,258.108093261719,259.45947265625,326636,"2021-09-21","RISE"
259.45947265625,259.45947265625,259.45947265625,259.45947265625,270396,"2021-09-22","RISE"
259.45947265625,259.45947265625,258.108093261719,259.45947265625,282828,"2021-09-23","RISE"
258.108093261719,259.45947265625,256.756744384766,259.45947265625,323084,"2021-09-24","RISE"
259.45947265625,260.810821533203,258.108093261719,260.810821533203,371332,"2021-09-27","RISE"
259.45947265625,260.810821533203,258.108093261719,260.810821533203,323676,"2021-09-28","RISE"
260.810821533203,260.810821533203,259.45947265625,259.45947265625,263588,"2021-09-29","RISE"
259.45947265625,260.810821533203,256.756744384766,259.45947265625,395012,"2021-09-30","RISE"
259.45947265625,259.45947265625,255.405410766602,259.45947265625,251452,"2021-10-01","RISE"
259.45947265625,262.162170410156,259.45947265625,262.162170410156,374144,"2021-10-04","RISE"
262.162170410156,262.162170410156,259.45947265625,260.810821533203,298220,"2021-10-05","RISE"
260.810821533203,260.810821533203,259.45947265625,259.45947265625,285640,"2021-10-06","RISE"
259.45947265625,260.810821533203,258.108093261719,259.45947265625,354608,"2021-10-07","RISE"
259.45947265625,259.45947265625,259.45947265625,259.45947265625,284456,"2021-10-08","RISE"
259.45947265625,260.810821533203,259.45947265625,260.810821533203,318052,"2021-10-11","RISE"
260.810821533203,260.810821533203,258.108093261719,259.45947265625,255596,"2021-10-12","RISE"
259.45947265625,260.810821533203,259.45947265625,260.810821533203,300440,"2021-10-13","RISE"
260.810821533203,260.810821533203,259.45947265625,260.810821533203,298368,"2021-10-14","RISE"
260.810821533203,260.810821533203,258.108093261719,259.45947265625,353868,"2021-10-15","RISE"
259.45947265625,260.810821533203,258.108093261719,260.810821533203,406556,"2021-10-18","RISE"
260.810821533203,262.162170410156,259.45947265625,262.162170410156,427720,"2021-10-19","RISE"
262.162170410156,270.270263671875,262.162170410156,268.918914794922,612720,"2021-10-21","RISE"
268.918914794922,270.270263671875,264.864868164062,268.918914794922,528952,"2021-10-22","RISE"
267.567565917969,268.918914794922,267.567565917969,268.918914794922,288896,"2021-10-25","RISE"
268.918914794922,268.918914794922,263.513519287109,266.216217041016,370000,"2021-10-26","RISE"
264.864868164062,264.864868164062,263.513519287109,264.864868164062,319828,"2021-10-27","RISE"
264.864868164062,264.864868164062,262.162170410156,263.513519287109,227032,"2021-10-28","RISE"
263.513519287109,278.378387451172,263.513519287109,270.270263671875,1036444,"2021-10-29","RISE"
270.270263671875,272.972961425781,270.270263671875,272.972961425781,361268,"2021-11-01","RISE"
272.972961425781,277.027038574219,272.972961425781,275.675689697266,397380,"2021-11-02","RISE"
275.675689697266,277.027038574219,272.972961425781,277.027038574219,373700,"2021-11-03","RISE"
277.027038574219,278.378387451172,274.324310302734,275.675689697266,323380,"2021-11-04","RISE"
275.675689697266,277.027038574219,274.324310302734,277.027038574219,333000,"2021-11-05","RISE"
277.027038574219,282.432434082031,277.027038574219,282.432434082031,341288,"2021-11-08","RISE"
282.432434082031,289.189178466797,282.432434082031,289.189178466797,445332,"2021-11-09","RISE"
289.189178466797,297.297302246094,289.189178466797,295.945953369141,795056,"2021-11-10","RISE"
295.945953369141,298.648651123047,295.945953369141,297.297302246094,662596,"2021-11-11","RISE"
297.297302246094,298.648651123047,294.594604492188,297.297302246094,542716,"2021-11-12","RISE"
297.297302246094,298.648651123047,294.594604492188,297.297302246094,473452,"2021-11-15","RISE"
297.297302246094,301.351348876953,295.945953369141,300,750064,"2021-11-16","RISE"
300,371.621612548828,300,322.972961425781,1088244,"2021-11-17","RISE"
322.972961425781,322.972961425781,308.108093261719,308.108093261719,815036,"2021-11-18","RISE"
306.756744384766,308.108093261719,300,301.351348876953,667036,"2021-11-19","RISE"
301.351348876953,301.351348876953,293.243255615234,293.243255615234,468272,"2021-11-22","RISE"
293.243255615234,300,290.54052734375,300,429348,"2021-11-23","RISE"
300,305.405395507812,293.243255615234,293.243255615234,757760,"2021-11-24","RISE"
293.243255615234,293.243255615234,272.972961425781,272.972961425781,772264,"2021-11-25","RISE"
274.324310302734,274.324310302734,266.216217041016,266.216217041016,430828,"2021-11-26","RISE"
266.216217041016,266.216217041016,258.108093261719,258.108093261719,420616,"2021-11-29","RISE"
258.108093261719,258.108093261719,256.756744384766,256.756744384766,435564,"2021-11-30","RISE"
256.756744384766,256.756744384766,252.702697753906,256.756744384766,422836,"2021-12-01","RISE"
256.756744384766,256.756744384766,254.054046630859,256.756744384766,428460,"2021-12-02","RISE"
256.756744384766,256.756744384766,254.054046630859,254.054046630859,336256,"2021-12-03","RISE"
254.054046630859,256.756744384766,254.054046630859,256.756744384766,444592,"2021-12-06","RISE"
256.756744384766,259.45947265625,256.756744384766,259.45947265625,460724,"2021-12-07","RISE"
259.45947265625,260.810821533203,259.45947265625,260.810821533203,484108,"2021-12-08","RISE"
260.810821533203,260.810821533203,259.45947265625,260.810821533203,424908,"2021-12-09","RISE"
260.810821533203,266.216217041016,260.810821533203,266.216217041016,480556,"2021-12-10","RISE"
264.864868164062,266.216217041016,256.756744384766,260.810821533203,475672,"2021-12-13","RISE"
260.810821533203,260.810821533203,256.756744384766,260.810821533203,380360,"2021-12-14","RISE"
260.810821533203,262.162170410156,259.45947265625,260.810821533203,463980,"2021-12-15","RISE"
260.810821533203,262.162170410156,258.108093261719,258.108093261719,420912,"2021-12-16","RISE"
258.108093261719,259.45947265625,252.702697753906,255.405410766602,397380,"2021-12-17","RISE"
255.405410766602,256.756744384766,252.702697753906,256.756744384766,206756,"2021-12-20","RISE"
256.756744384766,258.108093261719,252.702697753906,258.108093261719,111148,"2021-12-21","RISE"
255.405410766602,255.405410766602,252.702697753906,254.054046630859,102268,"2021-12-22","RISE"
254.054046630859,254.054046630859,251.351348876953,254.054046630859,190180,"2021-12-23","RISE"
254.054046630859,256.756744384766,252.702697753906,256.756744384766,235764,"2021-12-24","RISE"
256.756744384766,258.108093261719,250,256.756744384766,317312,"2021-12-27","RISE"
256.756744384766,258.108093261719,255.405410766602,258.108093261719,235468,"2021-12-28","RISE"
258.108093261719,259.45947265625,255.405410766602,258.108093261719,332556,"2021-12-29","RISE"
258.108093261719,259.45947265625,252.702697753906,258.108093261719,352684,"2021-12-30","RISE"
258.108093261719,259.45947265625,254.054046630859,256.756744384766,437636,"2022-01-03","RISE"
255.405410766602,256.756744384766,250,256.756744384766,343360,"2022-01-04","RISE"
256.756744384766,256.756744384766,252.702697753906,256.756744384766,198468,"2022-01-05","RISE"
255.405410766602,256.756744384766,250,256.756744384766,198320,"2022-01-06","RISE"
256.756744384766,256.756744384766,250,256.756744384766,219188,"2022-01-07","RISE"
255.405410766602,255.405410766602,250,255.405410766602,186776,"2022-01-10","RISE"
255.405410766602,255.405410766602,250,254.054046630859,238280,"2022-01-11","RISE"
254.054046630859,254.054046630859,250,254.054046630859,289340,"2022-01-12","RISE"
254.054046630859,254.054046630859,250,254.054046630859,310356,"2022-01-13","RISE"
254.054046630859,254.054046630859,250,252.702697753906,266400,"2022-01-14","RISE"
252.702697753906,254.054046630859,248.648651123047,254.054046630859,340548,"2022-01-17","RISE"
254.054046630859,258.108093261719,251.351348876953,258.108093261719,388500,"2022-01-18","RISE"
256.756744384766,258.108093261719,252.702697753906,258.108093261719,286528,"2022-01-19","RISE"
256.756744384766,258.108093261719,251.351348876953,258.108093261719,272616,"2022-01-20","RISE"
258.108093261719,258.108093261719,250,258.108093261719,292004,"2022-01-21","RISE"
258.108093261719,258.108093261719,254.054046630859,258.108093261719,263144,"2022-01-24","RISE"
258.108093261719,258.108093261719,254.054046630859,258.108093261719,352832,"2022-01-25","RISE"
258.108093261719,259.45947265625,254.054046630859,256.756744384766,368816,"2022-01-26","RISE"
256.756744384766,259.45947265625,256.756744384766,258.108093261719,271728,"2022-01-27","RISE"
258.108093261719,259.45947265625,258.108093261719,259.45947265625,235468,"2022-01-28","RISE"
259.45947265625,259.45947265625,255.405410766602,259.45947265625,275132,"2022-01-31","RISE"
258.108093261719,258.108093261719,256.756744384766,256.756744384766,230436,"2022-02-02","RISE"
256.756744384766,258.108093261719,256.756744384766,258.108093261719,315240,"2022-02-03","RISE"
258.108093261719,259.45947265625,256.756744384766,259.45947265625,370000,"2022-02-04","RISE"
259.45947265625,260.810821533203,258.108093261719,259.45947265625,410552,"2022-02-07","RISE"
259.45947265625,259.45947265625,248.648651123047,248.648651123047,324120,"2022-02-08","RISE"
248.648651123047,248.648651123047,237.837829589844,237.837829589844,256188,"2022-02-09","RISE"
237.837829589844,239.189193725586,237.837829589844,239.189193725586,205276,"2022-02-10","RISE"
239.189193725586,239.189193725586,236.486480712891,239.189193725586,214452,"2022-02-11","RISE"
239.189193725586,239.189193725586,236.486480712891,236.486480712891,261960,"2022-02-14","RISE"
237.837829589844,237.837829589844,233.783782958984,233.783782958984,252488,"2022-02-15","RISE"
233.783782958984,233.783782958984,229.729736328125,229.729736328125,191068,"2022-02-16","RISE"
229.729736328125,231.081085205078,222.97297668457,222.97297668457,223480,"2022-02-17","RISE"
220.270263671875,224.324325561523,216.216217041016,224.324325561523,318644,"2022-02-18","RISE"
224.324325561523,225.675674438477,224.324325561523,225.675674438477,226292,"2022-02-21","RISE"
225.675674438477,225.675674438477,224.324325561523,224.324325561523,229400,"2022-02-22","RISE"
224.324325561523,225.675674438477,224.324325561523,224.324325561523,183372,"2022-02-23","RISE"
224.324325561523,224.324325561523,212.162155151367,214.864868164062,259000,"2022-02-24","RISE"
214.864868164062,216.216217041016,214.864868164062,214.864868164062,324268,"2022-02-25","RISE"
214.864868164062,214.864868164062,210.810806274414,213.513519287109,278388,"2022-03-01","RISE"
213.513519287109,214.864868164062,210.810806274414,212.162155151367,347652,"2022-03-02","RISE"
212.162155151367,213.513519287109,208.108108520508,208.108108520508,339956,"2022-03-04","RISE"
208.108108520508,208.108108520508,201.351348876953,201.351348876953,328560,"2022-03-07","RISE"
201.351348876953,202.702697753906,200,201.351348876953,206608,"2022-03-08","RISE"
201.351348876953,202.702697753906,200,201.351348876953,239316,"2022-03-09","RISE"
201.351348876953,201.351348876953,200,201.351348876953,241388,"2022-03-10","RISE"
201.351348876953,201.351348876953,200,201.351348876953,243904,"2022-03-11","RISE"
201.351348876953,202.702697753906,201.351348876953,201.351348876953,235764,"2022-03-14","RISE"
201.351348876953,204.054046630859,198.648651123047,200,445628,"2022-03-15","RISE"
200,200,198.648651123047,200,300440,"2022-03-16","RISE"
200,200,197.297302246094,200,294372,"2022-03-17","RISE"
200,200,198.648651123047,200,318348,"2022-03-18","RISE"
198.648651123047,202.702697753906,190.540542602539,202.702697753906,401228,"2022-03-21","RISE"
202.702697753906,202.702697753906,201.351348876953,201.351348876953,258852,"2022-03-22","RISE"
201.351348876953,201.351348876953,200,201.351348876953,300440,"2022-03-23","RISE"
201.351348876953,202.702697753906,200,202.702697753906,249084,"2022-03-24","RISE"
202.702697753906,204.054046630859,201.351348876953,202.702697753906,200244,"2022-03-25","RISE"
202.702697753906,212.162155151367,202.702697753906,212.162155151367,431716,"2022-03-28","RISE"
213.513519287109,221.621627807617,212.162155151367,221.621627807617,525696,"2022-03-29","RISE"
221.621627807617,221.621627807617,209.459457397461,216.216217041016,535316,"2022-03-30","RISE"
216.216217041016,218.918914794922,216.216217041016,218.918914794922,284752,"2022-03-31","RISE"
218.918914794922,218.918914794922,217.567565917969,218.918914794922,268472,"2022-04-01","RISE"
218.918914794922,220.270263671875,214.864868164062,220.270263671875,365116,"2022-04-04","RISE"
220.270263671875,221.621627807617,217.567565917969,220.270263671875,251896,"2022-04-05","RISE"
220.270263671875,220.270263671875,217.567565917969,218.918914794922,332408,"2022-04-06","RISE"
218.918914794922,220.270263671875,217.567565917969,220.270263671875,378880,"2022-04-07","RISE"
220.270263671875,222.97297668457,220.270263671875,221.621627807617,333000,"2022-04-08","RISE"
221.621627807617,222.97297668457,217.567565917969,217.567565917969,362008,"2022-04-11","RISE"
217.567565917969,218.918914794922,216.216217041016,218.918914794922,309468,"2022-04-12","RISE"
218.918914794922,221.621627807617,218.918914794922,221.621627807617,233544,"2022-04-13","RISE"
221.621627807617,233.783782958984,220.270263671875,233.783782958984,644984,"2022-04-14","RISE"
233.783782958984,233.783782958984,231.081085205078,232.432434082031,277204,"2022-04-18","RISE"
232.432434082031,232.432434082031,231.081085205078,232.432434082031,303548,"2022-04-19","RISE"
232.432434082031,233.783782958984,221.621627807617,221.621627807617,495356,"2022-04-20","RISE"
221.621627807617,221.621627807617,218.918914794922,220.270263671875,209568,"2022-04-21","RISE"
220.270263671875,220.270263671875,209.459457397461,209.459457397461,398860,"2022-04-22","RISE"
209.459457397461,212.162155151367,209.459457397461,209.459457397461,421356,"2022-04-25","RISE"
209.459457397461,212.162155151367,208.108108520508,209.459457397461,433048,"2022-04-26","RISE"
209.459457397461,239.189193725586,208.108108520508,236.486480712891,3441740,"2022-04-27","RISE"
236.486480712891,294.594604492188,232.432434082031,277.027038574219,5975352,"2022-04-28","RISE"
277.027038574219,283.783782958984,262.162170410156,282.432434082031,4286672,"2022-05-09","RISE"
282.432434082031,282.432434082031,274.324310302734,281.081085205078,5699480,"2022-05-10","RISE"
281.081085205078,332.432434082031,279.729736328125,324.324310302734,8260324,"2022-05-11","RISE"
327.027038574219,337.837829589844,304.054046630859,313.513519287109,7300544,"2022-05-12","RISE"
313.513519287109,316.216217041016,291.891876220703,314.864868164062,6602872,"2022-05-13","RISE"
314.864868164062,325.675689697266,314.864868164062,325.675689697266,5641316,"2022-05-17","RISE"
325.675689697266,335.135131835938,318.918914794922,335.135131835938,6667400,"2022-05-18","RISE"
335.135131835938,335.135131835938,327.027038574219,331.081085205078,5988228,"2022-05-19","RISE"
332.432434082031,336.486480712891,329.729736328125,329.729736328125,6580968,"2022-05-20","RISE"
331.081085205078,331.081085205078,317.567565917969,321.621612548828,5074920,"2022-05-23","RISE"
321.621612548828,333.783782958984,318.918914794922,333.783782958984,6559508,"2022-05-24","RISE"
333.783782958984,361.486480712891,329.729736328125,361.486480712891,6851512,"2022-05-25","RISE"
364.864868164062,385.135131835938,347.972961425781,385.135131835938,7298916,"2022-05-27","RISE"
385.135131835938,398.648651123047,371.621612548828,391.891876220703,6468340,"2022-05-30","RISE"
391.891876220703,405.405395507812,381.756744384766,402.027038574219,7032368,"2022-05-31","RISE"
405.405395507812,418.918914794922,402.027038574219,412.162170410156,6211116,"2022-06-02","RISE"
412.162170410156,422.297302246094,402.027038574219,408.783782958984,5950488,"2022-06-03","RISE"
408.783782958984,415.54052734375,381.756744384766,385.135131835938,4914932,"2022-06-06","RISE"
385.135131835938,395.270263671875,381.756744384766,391.891876220703,4486028,"2022-06-07","RISE"
395.270263671875,412.162170410156,388.513519287109,405.405395507812,5393268,"2022-06-08","RISE"
412.162170410156,418.918914794922,402.027038574219,408.783782958984,4366148,"2022-06-09","RISE"
408.783782958984,408.783782958984,388.513519287109,405.405395507812,3197984,"2022-06-10","RISE"
405.405395507812,405.405395507812,391.891876220703,398.648651123047,3719684,"2022-06-13","RISE"
398.648651123047,435.810821533203,398.648651123047,435.810821533203,5379208,"2022-06-14","RISE"
439.189178466797,462.837829589844,405.405395507812,439.189178466797,7327332,"2022-06-15","RISE"
439.189178466797,445.945953369141,429.054046630859,439.189178466797,3634584,"2022-06-16","RISE"
439.189178466797,442.567565917969,425.675689697266,435.810821533203,3960924,"2022-06-17","RISE"
435.810821533203,459.45947265625,429.054046630859,459.45947265625,5841264,"2022-06-20","RISE"
459.45947265625,462.837829589844,442.567565917969,459.45947265625,4435708,"2022-06-21","RISE"
459.45947265625,459.45947265625,449.324310302734,452.702697753906,4525100,"2022-06-22","RISE"
452.702697753906,476.351348876953,452.702697753906,476.351348876953,5213596,"2022-06-23","RISE"
479.729736328125,479.729736328125,445.945953369141,449.324310302734,4010504,"2022-06-24","RISE"
449.324310302734,449.324310302734,429.054046630859,432.432434082031,4093236,"2022-06-27","RISE"
432.432434082031,432.432434082031,405.405395507812,418.918914794922,2823692,"2022-06-28","RISE"
415.54052734375,466.216217041016,415.54052734375,459.45947265625,6902720,"2022-06-29","RISE"
459.45947265625,469.594604492188,449.324310302734,466.216217041016,3805968,"2022-06-30","RISE"
466.216217041016,469.594604492188,449.324310302734,466.216217041016,3185996,"2022-07-01","RISE"
466.216217041016,479.729736328125,439.189178466797,452.702697753906,4133344,"2022-07-04","RISE"
456.081085205078,472.972961425781,439.189178466797,472.972961425781,5993852,"2022-07-05","RISE"
472.972961425781,479.729736328125,462.837829589844,476.351348876953,3902020,"2022-07-06","RISE"
476.351348876953,570.945922851562,469.594604492188,543.9189453125,10503708,"2022-07-07","RISE"
543.9189453125,550.675659179688,513.513488769531,527.027038574219,3808188,"2022-07-08","RISE"
527.027038574219,527.027038574219,500,516.891906738281,2865576,"2022-07-11","RISE"
516.891906738281,520.270263671875,506.756744384766,520.270263671875,1409552,"2022-07-12","RISE"
527.027038574219,527.027038574219,506.756744384766,516.891906738281,2322564,"2022-07-13","RISE"
516.891906738281,516.891906738281,503.378387451172,516.891906738281,1951824,"2022-07-14","RISE"
516.891906738281,516.891906738281,500,516.891906738281,2284972,"2022-07-15","RISE"
516.891906738281,516.891906738281,486.486480712891,506.756744384766,2425572,"2022-07-18","RISE"
506.756744384766,506.756744384766,486.486480712891,506.756744384766,2377028,"2022-07-19","RISE"
506.756744384766,540.54052734375,496.621612548828,540.54052734375,4436448,"2022-07-20","RISE"
540.54052734375,547.297302246094,530.405395507812,537.162170410156,1784880,"2022-07-21","RISE"
537.162170410156,540.54052734375,523.648620605469,537.162170410156,2110480,"2022-07-22","RISE"
537.162170410156,537.162170410156,516.891906738281,516.891906738281,2751616,"2022-07-25","RISE"
516.891906738281,530.405395507812,503.378387451172,530.405395507812,2702480,"2022-07-26","RISE"
523.648620605469,533.783813476562,520.270263671875,530.405395507812,2094200,"2022-07-27","RISE"
533.783813476562,557.432434082031,530.405395507812,554.054077148438,2788764,"2022-07-28","RISE"
554.054077148438,554.054077148438,520.270263671875,537.162170410156,1970472,"2022-07-29","RISE"
537.162170410156,537.162170410156,516.891906738281,537.162170410156,1772744,"2022-08-01","RISE"
537.162170410156,537.162170410156,506.756744384766,537.162170410156,1987048,"2022-08-02","RISE"
537.162170410156,547.297302246094,520.270263671875,543.9189453125,2075552,"2022-08-03","RISE"
543.9189453125,560.810791015625,543.9189453125,560.810791015625,1963072,"2022-08-04","RISE"
560.810791015625,581.0810546875,554.054077148438,581.0810546875,3009136,"2022-08-05","RISE"
581.0810546875,594.594604492188,581.0810546875,591.216186523438,1958336,"2022-08-08","RISE"
591.216186523438,594.594604492188,581.0810546875,581.0810546875,2061048,"2022-08-09","RISE"
581.0810546875,594.594604492188,574.324340820312,581.0810546875,2433712,"2022-08-10","RISE"
581.0810546875,581.0810546875,570.945922851562,574.324340820312,1778072,"2022-08-11","RISE"
574.324340820312,574.324340820312,567.567565917969,574.324340820312,1557404,"2022-08-12","RISE"
574.324340820312,574.324340820312,570.945922851562,574.324340820312,1652124,"2022-08-15","RISE"
570.945922851562,574.324340820312,567.567565917969,574.324340820312,1417396,"2022-08-16","RISE"
574.324340820312,574.324340820312,554.054077148438,564.189208984375,1749064,"2022-08-18","RISE"
564.189208984375,564.189208984375,540.54052734375,560.810791015625,1998888,"2022-08-19","RISE"
560.810791015625,564.189208984375,554.054077148438,560.810791015625,1559476,"2022-08-22","RISE"
560.810791015625,564.189208984375,557.432434082031,564.189208984375,1259776,"2022-08-23","RISE"
564.189208984375,570.945922851562,550.675659179688,570.945922851562,2489804,"2022-08-24","RISE"
574.324340820312,574.324340820312,564.189208984375,567.567565917969,1403336,"2022-08-25","RISE"
567.567565917969,567.567565917969,540.54052734375,543.9189453125,1604912,"2022-08-26","RISE"
540.54052734375,540.54052734375,506.756744384766,506.756744384766,1494208,"2022-08-29","RISE"
500,500,472.972961425781,472.972961425781,586376,"2022-08-30","RISE"
462.837829589844,479.729736328125,442.567565917969,479.729736328125,2698632,"2022-08-31","RISE"
479.729736328125,479.729736328125,469.594604492188,479.729736328125,1590112,"2022-09-01","RISE"
479.729736328125,479.729736328125,472.972961425781,479.729736328125,1796276,"2022-09-02","RISE"
479.729736328125,479.729736328125,472.972961425781,479.729736328125,1502052,"2022-09-05","RISE"
476.351348876953,493.243255615234,466.216217041016,493.243255615234,3241792,"2022-09-06","RISE"
493.243255615234,516.891906738281,493.243255615234,516.891906738281,3750764,"2022-09-07","RISE"
516.891906738281,533.783813476562,516.891906738281,533.783813476562,2879488,"2022-09-08","RISE"
533.783813476562,537.162170410156,530.405395507812,537.162170410156,1966180,"2022-09-09","RISE"
537.162170410156,554.054077148438,533.783813476562,554.054077148438,3006028,"2022-09-12","RISE"
554.054077148438,560.810791015625,550.675659179688,560.810791015625,1888036,"2022-09-13","RISE"
560.810791015625,567.567565917969,554.054077148438,567.567565917969,2272096,"2022-09-14","RISE"
564.189208984375,570.945922851562,564.189208984375,570.945922851562,1564508,"2022-09-15","RISE"
570.945922851562,574.324340820312,570.945922851562,570.945922851562,1683204,"2022-09-16","RISE"
570.945922851562,574.324340820312,567.567565917969,570.945922851562,1267768,"2022-09-19","RISE"
570.945922851562,570.945922851562,567.567565917969,570.945922851562,1345172,"2022-09-20","RISE"
570.945922851562,570.945922851562,567.567565917969,570.945922851562,1544824,"2022-09-21","RISE"
570.945922851562,577.702697753906,567.567565917969,577.702697753906,1678024,"2022-09-22","RISE"
577.702697753906,577.702697753906,570.945922851562,577.702697753906,1388092,"2022-09-23","RISE"
577.702697753906,584.45947265625,577.702697753906,584.45947265625,1730712,"2022-09-26","RISE"
584.45947265625,587.837829589844,581.0810546875,587.837829589844,1471120,"2022-09-27","RISE"
587.837829589844,587.837829589844,584.45947265625,587.837829589844,1329928,"2022-09-28","RISE"
587.837829589844,591.216186523438,584.45947265625,587.837829589844,1411624,"2022-09-29","RISE"
587.837829589844,587.837829589844,581.0810546875,584.45947265625,1285676,"2022-09-30","RISE"
584.45947265625,584.45947265625,577.702697753906,581.0810546875,1618972,"2022-10-03","RISE"
581.0810546875,584.45947265625,577.702697753906,584.45947265625,1538016,"2022-10-04","RISE"
584.45947265625,587.837829589844,581.0810546875,587.837829589844,1691640,"2022-10-05","RISE"
587.837829589844,591.216186523438,587.837829589844,591.216186523438,1372108,"2022-10-06","RISE"
591.216186523438,591.216186523438,584.45947265625,587.837829589844,1020904,"2022-10-07","RISE"
587.837829589844,587.837829589844,581.0810546875,587.837829589844,1372848,"2022-10-10","RISE"
587.837829589844,591.216186523438,584.45947265625,591.216186523438,1536092,"2022-10-11","RISE"
591.216186523438,594.594604492188,591.216186523438,591.216186523438,1372848,"2022-10-12","RISE"
591.216186523438,601.351379394531,587.837829589844,601.351379394531,1686608,"2022-10-13","RISE"
601.351379394531,621.621643066406,597.972961425781,621.621643066406,2634400,"2022-10-14","RISE"
621.621643066406,631.756774902344,614.864868164062,631.756774902344,1819808,"2022-10-17","RISE"
635.135131835938,662.162170410156,635.135131835938,652.027038574219,11698660,"2022-10-18","RISE"
658.783813476562,658.783813476562,628.378356933594,655.405395507812,13955956,"2022-10-19","RISE"
655.405395507812,699.324340820312,652.027038574219,665.54052734375,26813456,"2022-10-20","RISE"
665.54052734375,672.297302246094,665.54052734375,665.54052734375,7355304,"2022-10-21","RISE"
665.54052734375,689.189208984375,665.54052734375,682.432434082031,12073100,"2022-10-24","RISE"
685.810791015625,743.243225097656,682.432434082031,736.486511230469,25894080,"2022-10-25","RISE"
733.108093261719,750,729.729736328125,733.108093261719,8158204,"2022-10-26","RISE"
733.108093261719,733.108093261719,729.729736328125,733.108093261719,1684536,"2022-10-27","RISE"
739.864868164062,739.864868164062,682.432434082031,682.432434082031,8844924,"2022-10-28","RISE"
675.675659179688,692.567565917969,665.54052734375,685.810791015625,7852732,"2022-10-31","RISE"
685.810791015625,685.810791015625,682.432434082031,682.432434082031,4841820,"2022-11-01","RISE"
682.432434082031,682.432434082031,675.675659179688,675.675659179688,4135860,"2022-11-02","RISE"
675.675659179688,699.324340820312,675.675659179688,692.567565917969,12097668,"2022-11-03","RISE"
699.324340820312,699.324340820312,682.432434082031,692.567565917969,1541864,"2022-11-04","RISE"
692.567565917969,692.567565917969,685.810791015625,689.189208984375,228808,"2022-11-07","RISE"
685.810791015625,689.189208984375,682.432434082031,685.810791015625,417508,"2022-11-08","RISE"
682.432434082031,682.432434082031,638.513488769531,638.513488769531,4198612,"2022-11-09","RISE"
635.135131835938,638.513488769531,618.243225097656,625,1685868,"2022-11-10","RISE"
625,625,621.621643066406,625,111444,"2022-11-11","RISE"
625,625,618.243225097656,621.621643066406,217412,"2022-11-14","RISE"
621.621643066406,621.621643066406,618.243225097656,621.621643066406,100048,"2022-11-15","RISE"
621.621643066406,621.621643066406,618.243225097656,621.621643066406,189292,"2022-11-16","RISE"
621.621643066406,621.621643066406,581.0810546875,621.621643066406,2124688,"2022-11-17","RISE"
621.621643066406,631.756774902344,618.243225097656,628.378356933594,1325488,"2022-11-18","RISE"
628.378356933594,628.378356933594,625,628.378356933594,71188,"2022-11-21","RISE"
625,628.378356933594,621.621643066406,625,319384,"2022-11-22","RISE"
621.621643066406,625,621.621643066406,625,58608,"2022-11-23","RISE"
621.621643066406,625,621.621643066406,625,13468,"2022-11-24","RISE"
625,625,621.621643066406,625,30488,"2022-11-25","RISE"
621.621643066406,625,621.621643066406,621.621643066406,38776,"2022-11-28","RISE"
631.756774902344,773.648620605469,601.351379394531,675.675659179688,6907752,"2022-11-29","RISE"
689.189208984375,692.567565917969,628.378356933594,635.135131835938,399156,"2022-11-30","RISE"
635.135131835938,638.513488769531,591.216186523438,614.864868164062,1068116,"2022-12-01","RISE"
614.864868164062,675.675659179688,614.864868164062,675.675659179688,831168,"2022-12-02","RISE"
682.432434082031,682.432434082031,638.513488769531,679.054077148438,207940,"2022-12-05","RISE"
679.054077148438,689.189208984375,641.891906738281,648.648620605469,134236,"2022-12-06","RISE"
652.027038574219,689.189208984375,641.891906738281,689.189208984375,114700,"2022-12-07","RISE"
689.189208984375,709.45947265625,655.405395507812,709.45947265625,231916,"2022-12-08","RISE"
709.45947265625,743.243225097656,662.162170410156,743.243225097656,634180,"2022-12-09","RISE"
743.243225097656,743.243225097656,716.216186523438,729.729736328125,349576,"2022-12-12","RISE"
729.729736328125,729.729736328125,682.432434082031,682.432434082031,524364,"2022-12-13","RISE"
682.432434082031,682.432434082031,675.675659179688,682.432434082031,141784,"2022-12-14","RISE"
679.054077148438,689.189208984375,662.162170410156,689.189208984375,145188,"2022-12-15","RISE"
685.810791015625,685.810791015625,685.810791015625,685.810791015625,148,"2022-12-16","RISE"
655.405395507812,682.432434082031,655.405395507812,682.432434082031,104932,"2022-12-19","RISE"
668.9189453125,682.432434082031,668.9189453125,682.432434082031,136900,"2022-12-20","RISE"
682.432434082031,682.432434082031,665.54052734375,682.432434082031,69412,"2022-12-21","RISE"
675.675659179688,682.432434082031,665.54052734375,682.432434082031,12136,"2022-12-22","RISE"
682.432434082031,682.432434082031,668.9189453125,682.432434082031,149184,"2022-12-23","RISE"
682.432434082031,682.432434082031,662.162170410156,682.432434082031,62900,"2022-12-26","RISE"
665.54052734375,682.432434082031,662.162170410156,682.432434082031,125800,"2022-12-27","RISE"
665.54052734375,682.432434082031,665.54052734375,682.432434082031,200096,"2022-12-28","RISE"
682.432434082031,685.810791015625,665.54052734375,682.432434082031,535760,"2022-12-29","RISE"
668.9189453125,743.243225097656,665.54052734375,743.243225097656,368964,"2022-12-30","RISE"
743.243225097656,743.243225097656,692.567565917969,743.243225097656,132608,"2023-01-02","RISE"
739.864868164062,739.864868164062,699.324340820312,719.594604492188,19980,"2023-01-03","RISE"
716.216186523438,719.594604492188,675.675659179688,692.567565917969,24568,"2023-01-04","RISE"
692.567565917969,692.567565917969,655.405395507812,679.054077148438,8436,"2023-01-05","RISE"
679.054077148438,679.054077148438,631.756774902344,658.783813476562,34484,"2023-01-06","RISE"
662.162170410156,668.9189453125,631.756774902344,648.648620605469,9028,"2023-01-09","RISE"
648.648620605469,648.648620605469,618.243225097656,645.270263671875,12728,"2023-01-10","RISE"
648.648620605469,648.648620605469,618.243225097656,641.891906738281,15244,"2023-01-11","RISE"
611.486511230469,645.270263671875,608.108093261719,645.270263671875,15096,"2023-01-12","RISE"
652.027038574219,652.027038574219,621.621643066406,652.027038574219,10064,"2023-01-13","RISE"
652.027038574219,655.405395507812,641.891906738281,655.405395507812,64972,"2023-01-16","RISE"
655.405395507812,658.783813476562,652.027038574219,658.783813476562,75480,"2023-01-17","RISE"
658.783813476562,658.783813476562,648.648620605469,658.783813476562,27380,"2023-01-18","RISE"
658.783813476562,662.162170410156,652.027038574219,662.162170410156,59496,"2023-01-19","RISE"
662.162170410156,662.162170410156,655.405395507812,662.162170410156,19832,"2023-01-20","RISE"
662.162170410156,665.54052734375,655.405395507812,665.54052734375,55944,"2023-01-24","RISE"
665.54052734375,665.54052734375,658.783813476562,665.54052734375,268768,"2023-01-25","RISE"
665.54052734375,665.54052734375,662.162170410156,665.54052734375,322196,"2023-01-26","RISE"
665.54052734375,665.54052734375,655.405395507812,665.54052734375,25160,"2023-01-27","RISE"
665.54052734375,665.54052734375,655.405395507812,665.54052734375,30192,"2023-01-30","RISE"
665.54052734375,665.54052734375,658.783813476562,665.54052734375,42920,"2023-01-31","RISE"
665.54052734375,665.54052734375,655.405395507812,665.54052734375,28120,"2023-02-01","RISE"
665.54052734375,665.54052734375,658.783813476562,665.54052734375,32708,"2023-02-02","RISE"
665.54052734375,665.54052734375,658.783813476562,665.54052734375,30340,"2023-02-03","RISE"
665.54052734375,665.54052734375,655.405395507812,665.54052734375,56980,"2023-02-06","RISE"
662.162170410156,665.54052734375,655.405395507812,665.54052734375,32264,"2023-02-07","RISE"
665.54052734375,665.54052734375,655.405395507812,665.54052734375,33892,"2023-02-08","RISE"
665.54052734375,665.54052734375,658.783813476562,665.54052734375,33892,"2023-02-09","RISE"
665.54052734375,665.54052734375,665.54052734375,665.54052734375,740,"2023-02-10","RISE"
662.162170410156,665.54052734375,658.783813476562,665.54052734375,35816,"2023-02-13","RISE"
665.54052734375,665.54052734375,655.405395507812,658.783813476562,33892,"2023-02-14","RISE"
658.783813476562,658.783813476562,648.648620605469,648.648620605469,30932,"2023-02-15","RISE"
648.648620605469,648.648620605469,641.891906738281,648.648620605469,23976,"2023-02-16","RISE"
645.270263671875,648.648620605469,635.135131835938,648.648620605469,11396,"2023-02-17","RISE"
645.270263671875,648.648620605469,628.378356933594,648.648620605469,62308,"2023-02-20","RISE"
645.270263671875,645.270263671875,621.621643066406,645.270263671875,32856,"2023-02-21","RISE"
645.270263671875,645.270263671875,635.135131835938,645.270263671875,38776,"2023-02-22","RISE"
645.270263671875,645.270263671875,635.135131835938,645.270263671875,37000,"2023-02-23","RISE"
641.891906738281,645.270263671875,628.378356933594,645.270263671875,19388,"2023-02-24","RISE"
645.270263671875,645.270263671875,628.378356933594,628.378356933594,50764,"2023-02-27","RISE"
628.378356933594,638.513488769531,614.864868164062,638.513488769531,190328,"2023-02-28","RISE"
638.513488769531,645.270263671875,621.621643066406,621.621643066406,100048,"2023-03-01","RISE"
621.621643066406,621.621643066406,611.486511230469,621.621643066406,32856,"2023-03-02","RISE"
621.621643066406,621.621643066406,614.864868164062,621.621643066406,42328,"2023-03-03","RISE"
618.243225097656,621.621643066406,611.486511230469,621.621643066406,12432,"2023-03-06","RISE"
621.621643066406,621.621643066406,614.864868164062,621.621643066406,11396,"2023-03-07","RISE"
621.621643066406,621.621643066406,614.864868164062,621.621643066406,33152,"2023-03-08","RISE"
621.621643066406,621.621643066406,614.864868164062,621.621643066406,15688,"2023-03-09","RISE"
621.621643066406,621.621643066406,611.486511230469,618.243225097656,12728,"2023-03-10","RISE"
618.243225097656,618.243225097656,611.486511230469,618.243225097656,27232,"2023-03-13","RISE"
618.243225097656,618.243225097656,608.108093261719,608.108093261719,35076,"2023-03-14","RISE"
608.108093261719,608.108093261719,601.351379394531,608.108093261719,37444,"2023-03-15","RISE"
608.108093261719,608.108093261719,601.351379394531,608.108093261719,44400,"2023-03-16","RISE"
608.108093261719,608.108093261719,601.351379394531,604.729736328125,24124,"2023-03-17","RISE"
604.729736328125,604.729736328125,597.972961425781,604.729736328125,40700,"2023-03-20","RISE"
604.729736328125,604.729736328125,597.972961425781,604.729736328125,47952,"2023-03-21","RISE"
604.729736328125,604.729736328125,597.972961425781,601.351379394531,25012,"2023-03-24","RISE"
601.351379394531,601.351379394531,594.594604492188,601.351379394531,41440,"2023-03-27","RISE"
601.351379394531,601.351379394531,594.594604492188,601.351379394531,36704,"2023-03-28","RISE"
601.351379394531,601.351379394531,594.594604492188,601.351379394531,48248,"2023-03-29","RISE"
601.351379394531,601.351379394531,587.837829589844,601.351379394531,71336,"2023-03-30","RISE"
601.351379394531,601.351379394531,587.837829589844,601.351379394531,49876,"2023-03-31","RISE"
601.351379394531,601.351379394531,591.216186523438,601.351379394531,30932,"2023-04-03","RISE"
601.351379394531,601.351379394531,587.837829589844,601.351379394531,843008,"2023-04-04","RISE"
601.351379394531,601.351379394531,587.837829589844,601.351379394531,2537756,"2023-04-05","RISE"
601.351379394531,601.351379394531,584.45947265625,587.837829589844,2768488,"2023-04-06","RISE"
584.45947265625,587.837829589844,574.324340820312,584.45947265625,1490656,"2023-04-10","RISE"
584.45947265625,584.45947265625,564.189208984375,581.0810546875,190180,"2023-04-11","RISE"
577.702697753906,581.0810546875,557.432434082031,577.702697753906,189588,"2023-04-12","RISE"
574.324340820312,577.702697753906,554.054077148438,564.189208984375,138380,"2023-04-13","RISE"
564.189208984375,564.189208984375,540.54052734375,564.189208984375,145336,"2023-04-14","RISE"
560.810791015625,564.189208984375,540.54052734375,564.189208984375,130684,"2023-04-17","RISE"
560.810791015625,560.810791015625,543.9189453125,557.432434082031,118844,"2023-04-18","RISE"
554.054077148438,554.054077148438,543.9189453125,554.054077148438,93388,"2023-04-26","RISE"
550.675659179688,554.054077148438,540.54052734375,554.054077148438,220224,"2023-04-27","RISE"
550.675659179688,554.054077148438,540.54052734375,554.054077148438,109076,"2023-04-28","RISE"
550.675659179688,554.054077148438,540.54052734375,554.054077148438,172272,"2023-05-02","RISE"
550.675659179688,550.675659179688,543.9189453125,547.297302246094,128168,"2023-05-03","RISE"
547.297302246094,550.675659179688,540.54052734375,547.297302246094,166796,"2023-05-04","RISE"
543.9189453125,547.297302246094,540.54052734375,547.297302246094,118992,"2023-05-05","RISE"
543.9189453125,547.297302246094,530.405395507812,540.54052734375,134976,"2023-05-08","RISE"
537.162170410156,577.702697753906,530.405395507812,577.702697753906,788544,"2023-05-09","RISE"
574.324340820312,577.702697753906,554.054077148438,567.567565917969,211936,"2023-05-10","RISE"
564.189208984375,587.837829589844,557.432434082031,587.837829589844,350612,"2023-05-11","RISE"
587.837829589844,591.216186523438,581.0810546875,591.216186523438,150072,"2023-05-12","RISE"
591.216186523438,597.972961425781,587.837829589844,597.972961425781,232212,"2023-05-15","RISE"
597.972961425781,608.108093261719,594.594604492188,608.108093261719,267436,"2023-05-16","RISE"
608.108093261719,611.486511230469,601.351379394531,611.486511230469,101232,"2023-05-17","RISE"
611.486511230469,614.864868164062,604.729736328125,614.864868164062,147260,"2023-05-19","RISE"
611.486511230469,614.864868164062,608.108093261719,614.864868164062,154956,"2023-05-22","RISE"
614.864868164062,614.864868164062,594.594604492188,608.108093261719,167240,"2023-05-23","RISE"
601.351379394531,608.108093261719,594.594604492188,608.108093261719,126540,"2023-05-24","RISE"
601.351379394531,614.864868164062,594.594604492188,614.864868164062,252192,"2023-05-25","RISE"
614.864868164062,621.621643066406,608.108093261719,621.621643066406,227772,"2023-05-26","RISE"
621.621643066406,621.621643066406,614.864868164062,621.621643066406,173308,"2023-05-29","RISE"
621.621643066406,621.621643066406,611.486511230469,621.621643066406,124912,"2023-05-30","RISE"
621.621643066406,621.621643066406,614.864868164062,621.621643066406,112036,"2023-05-31","RISE"
614.864868164062,621.621643066406,611.486511230469,621.621643066406,173900,"2023-06-05","RISE"
621.621643066406,628.378356933594,618.243225097656,628.378356933594,225552,"2023-06-06","RISE"
628.378356933594,628.378356933594,621.621643066406,628.378356933594,129056,"2023-06-07","RISE"
625,628.378356933594,621.621643066406,628.378356933594,155696,"2023-06-08","RISE"
628.378356933594,628.378356933594,625,628.378356933594,121508,"2023-06-09","RISE"
628.378356933594,628.378356933594,628.378356933594,628.378356933594,134680,"2023-06-12","RISE"
621.621643066406,628.378356933594,621.621643066406,628.378356933594,165316,"2023-06-13","RISE"
625,625,621.621643066406,625,109076,"2023-06-14","RISE"
625,641.891906738281,621.621643066406,641.891906738281,294372,"2023-06-15","RISE"
641.891906738281,648.648620605469,641.891906738281,648.648620605469,165020,"2023-06-16","RISE"
648.648620605469,668.9189453125,645.270263671875,655.405395507812,227476,"2023-06-19","RISE"
655.405395507812,655.405395507812,648.648620605469,652.027038574219,71188,"2023-06-20","RISE"
652.027038574219,652.027038574219,645.270263671875,652.027038574219,85248,"2023-06-21","RISE"
652.027038574219,652.027038574219,648.648620605469,652.027038574219,109224,"2023-06-22","RISE"
652.027038574219,655.405395507812,652.027038574219,652.027038574219,216672,"2023-06-23","RISE"
655.405395507812,658.783813476562,652.027038574219,658.783813476562,137492,"2023-06-26","RISE"
658.783813476562,668.9189453125,658.783813476562,665.54052734375,153624,"2023-06-27","RISE"
665.54052734375,665.54052734375,655.405395507812,665.54052734375,91316,"2023-07-03","RISE"
665.54052734375,665.54052734375,662.162170410156,665.54052734375,94572,"2023-07-04","RISE"
665.54052734375,675.675659179688,662.162170410156,675.675659179688,165168,"2023-07-05","RISE"
679.054077148438,679.054077148438,675.675659179688,675.675659179688,104192,"2023-07-06","RISE"
675.675659179688,679.054077148438,662.162170410156,662.162170410156,165020,"2023-07-07","RISE"
655.405395507812,662.162170410156,641.891906738281,662.162170410156,142376,"2023-07-10","RISE"
662.162170410156,668.9189453125,662.162170410156,668.9189453125,141044,"2023-07-11","RISE"
675.675659179688,675.675659179688,668.9189453125,675.675659179688,127724,"2023-07-12","RISE"
675.675659179688,675.675659179688,668.9189453125,675.675659179688,161616,"2023-07-13","RISE"
675.675659179688,679.054077148438,675.675659179688,679.054077148438,167536,"2023-07-14","RISE"
679.054077148438,679.054077148438,672.297302246094,679.054077148438,99160,"2023-07-17","RISE"
679.054077148438,679.054077148438,675.675659179688,679.054077148438,146520,"2023-07-18","RISE"
679.054077148438,679.054077148438,668.9189453125,679.054077148438,150220,"2023-07-20","RISE"
679.054077148438,679.054077148438,672.297302246094,679.054077148438,151108,"2023-07-21","RISE"
672.297302246094,682.432434082031,672.297302246094,682.432434082031,233692,"2023-07-24","RISE"
679.054077148438,682.432434082031,675.675659179688,682.432434082031,173752,"2023-07-25","RISE"
675.675659179688,682.432434082031,675.675659179688,682.432434082031,172420,"2023-07-26","RISE"
682.432434082031,682.432434082031,679.054077148438,682.432434082031,175380,"2023-07-27","RISE"
682.432434082031,682.432434082031,679.054077148438,682.432434082031,165760,"2023-07-28","RISE"
682.432434082031,682.432434082031,658.783813476562,682.432434082031,198024,"2023-07-31","RISE"
675.675659179688,682.432434082031,675.675659179688,682.432434082031,162948,"2023-08-01","RISE"
675.675659179688,682.432434082031,675.675659179688,682.432434082031,186628,"2023-08-02","RISE"
679.054077148438,682.432434082031,679.054077148438,682.432434082031,167388,"2023-08-03","RISE"
682.432434082031,682.432434082031,682.432434082031,682.432434082031,182336,"2023-08-04","RISE"
682.432434082031,682.432434082031,679.054077148438,682.432434082031,191068,"2023-08-07","RISE"
679.054077148438,682.432434082031,679.054077148438,682.432434082031,177600,"2023-08-08","RISE"
679.054077148438,682.432434082031,679.054077148438,682.432434082031,187516,"2023-08-09","RISE"
682.432434082031,682.432434082031,682.432434082031,682.432434082031,17760,"2023-08-10","RISE"
682.432434082031,682.432434082031,682.432434082031,682.432434082031,0,"2023-08-11","RISE"
685.810791015625,685.810791015625,679.054077148438,679.054077148438,47212,"2023-08-14","RISE"
675.675659179688,679.054077148438,665.54052734375,679.054077148438,39220,"2023-08-15","RISE"
679.054077148438,679.054077148438,679.054077148438,679.054077148438,21608,"2023-08-16","RISE"
679.054077148438,679.054077148438,675.675659179688,675.675659179688,9324,"2023-08-18","RISE"
675.675659179688,675.675659179688,675.675659179688,675.675659179688,148,"2023-08-21","RISE"
675.675659179688,675.675659179688,675.675659179688,675.675659179688,12580,"2023-08-22","RISE"
675.675659179688,675.675659179688,675.675659179688,675.675659179688,11840,"2023-08-23","RISE"
675.675659179688,675.675659179688,675.675659179688,675.675659179688,22200,"2023-08-24","RISE"
675.675659179688,675.675659179688,675.675659179688,675.675659179688,28860,"2023-08-25","RISE"
675.675659179688,675.675659179688,675.675659179688,675.675659179688,14208,"2023-08-28","RISE"
675.675659179688,675.675659179688,675.675659179688,675.675659179688,28416,"2023-08-29","RISE"
675.675659179688,675.675659179688,672.297302246094,675.675659179688,173308,"2023-08-30","RISE"
675.675659179688,675.675659179688,672.297302246094,672.297302246094,167980,"2023-08-31","RISE"
672.297302246094,672.297302246094,665.54052734375,668.9189453125,164724,"2023-09-01","RISE"
668.9189453125,668.9189453125,668.9189453125,668.9189453125,174788,"2023-09-04","RISE"
668.9189453125,668.9189453125,658.783813476562,662.162170410156,167388,"2023-09-05","RISE"
662.162170410156,662.162170410156,658.783813476562,662.162170410156,164576,"2023-09-06","RISE"
662.162170410156,662.162170410156,658.783813476562,662.162170410156,180708,"2023-09-07","RISE"
662.162170410156,662.162170410156,662.162170410156,662.162170410156,15688,"2023-09-08","RISE"
662.162170410156,662.162170410156,658.783813476562,662.162170410156,59052,"2023-09-11","RISE"
662.162170410156,662.162170410156,658.783813476562,658.783813476562,42328,"2023-09-12","RISE"
658.783813476562,658.783813476562,655.405395507812,658.783813476562,60236,"2023-09-13","RISE"
658.783813476562,658.783813476562,658.783813476562,658.783813476562,86728,"2023-09-14","RISE"
658.783813476562,658.783813476562,655.405395507812,658.783813476562,78440,"2023-09-15","RISE"
658.783813476562,658.783813476562,655.405395507812,658.783813476562,65712,"2023-09-18","RISE"
658.783813476562,658.783813476562,655.405395507812,655.405395507812,8140,"2023-09-19","RISE"
655.405395507812,655.405395507812,655.405395507812,655.405395507812,155400,"2023-09-20","RISE"
655.405395507812,655.405395507812,655.405395507812,655.405395507812,17760,"2023-09-21","RISE"
655.405395507812,655.405395507812,652.027038574219,655.405395507812,17760,"2023-09-22","RISE"
655.405395507812,658.783813476562,655.405395507812,658.783813476562,22940,"2023-09-25","RISE"
658.783813476562,658.783813476562,658.783813476562,658.783813476562,18500,"2023-09-26","RISE"
658.783813476562,658.783813476562,658.783813476562,658.783813476562,40700,"2023-09-27","RISE"
658.783813476562,658.783813476562,658.783813476562,658.783813476562,28860,"2023-09-29","RISE"
658.783813476562,658.783813476562,658.783813476562,658.783813476562,19980,"2023-10-02","RISE"
658.783813476562,658.783813476562,658.783813476562,658.783813476562,37740,"2023-10-03","RISE"
658.783813476562,658.783813476562,655.405395507812,655.405395507812,29748,"2023-10-04","RISE"
655.405395507812,655.405395507812,655.405395507812,655.405395507812,28268,"2023-10-05","RISE"
655.405395507812,658.783813476562,655.405395507812,655.405395507812,33596,"2023-10-06","RISE"
655.405395507812,658.783813476562,655.405395507812,655.405395507812,46176,"2023-10-09","RISE"
655.405395507812,658.783813476562,655.405395507812,658.783813476562,45880,"2023-10-10","RISE"
658.783813476562,658.783813476562,658.783813476562,658.783813476562,22200,"2023-10-11","RISE"
658.783813476562,662.162170410156,658.783813476562,658.783813476562,40848,"2023-10-12","RISE"
658.783813476562,662.162170410156,658.783813476562,658.783813476562,29896,"2023-10-13","RISE"
658.783813476562,662.162170410156,658.783813476562,658.783813476562,37592,"2023-10-16","RISE"
658.783813476562,658.783813476562,648.648620605469,658.783813476562,19388,"2023-10-17","RISE"
658.783813476562,658.783813476562,652.027038574219,658.783813476562,31968,"2023-10-18","RISE"
658.783813476562,658.783813476562,658.783813476562,658.783813476562,43068,"2023-10-19","RISE"
658.783813476562,662.162170410156,652.027038574219,652.027038574219,33300,"2023-10-20","RISE"
652.027038574219,655.405395507812,652.027038574219,652.027038574219,59940,"2023-10-23","RISE"
652.027038574219,652.027038574219,648.648620605469,648.648620605469,29600,"2023-10-24","RISE"
648.648620605469,648.648620605469,648.648620605469,648.648620605469,28860,"2023-10-25","RISE"
648.648620605469,652.027038574219,625,648.648620605469,109668,"2023-10-26","RISE"
648.648620605469,652.027038574219,648.648620605469,652.027038574219,40848,"2023-10-27","RISE"
648.648620605469,652.027038574219,648.648620605469,652.027038574219,34632,"2023-10-30","RISE"
652.027038574219,652.027038574219,645.270263671875,645.270263671875,23384,"2023-10-31","RISE"
648.648620605469,648.648620605469,641.891906738281,648.648620605469,90428,"2023-11-01","RISE"
648.648620605469,652.027038574219,648.648620605469,652.027038574219,46768,"2023-11-02","RISE"
652.027038574219,652.027038574219,652.027038574219,652.027038574219,45140,"2023-11-03","RISE"
652.027038574219,655.405395507812,652.027038574219,655.405395507812,51652,"2023-11-06","RISE"
655.405395507812,658.783813476562,655.405395507812,658.783813476562,48544,"2023-11-07","RISE"
655.405395507812,662.162170410156,655.405395507812,662.162170410156,46028,"2023-11-08","RISE"
662.162170410156,662.162170410156,658.783813476562,662.162170410156,9176,"2023-11-09","RISE"
662.162170410156,662.162170410156,645.270263671875,662.162170410156,32264,"2023-11-10","RISE"
662.162170410156,665.54052734375,662.162170410156,665.54052734375,48100,"2023-11-13","RISE"
665.54052734375,665.54052734375,662.162170410156,665.54052734375,39812,"2023-11-14","RISE"
665.54052734375,668.9189453125,662.162170410156,668.9189453125,54760,"2023-11-15","RISE"
665.54052734375,668.9189453125,662.162170410156,668.9189453125,69856,"2023-11-16","RISE"
668.9189453125,668.9189453125,668.9189453125,668.9189453125,37000,"2023-11-17","RISE"
668.9189453125,668.9189453125,668.9189453125,668.9189453125,44400,"2023-11-20","RISE"
668.9189453125,668.9189453125,668.9189453125,668.9189453125,45880,"2023-11-21","RISE"
662.162170410156,668.9189453125,662.162170410156,668.9189453125,27528,"2023-11-22","RISE"
668.9189453125,668.9189453125,668.9189453125,668.9189453125,44400,"2023-11-23","RISE"
662.162170410156,668.9189453125,662.162170410156,668.9189453125,70448,"2023-11-24","RISE"
668.9189453125,672.297302246094,668.9189453125,668.9189453125,73260,"2023-11-27","RISE"
668.9189453125,672.297302246094,668.9189453125,672.297302246094,59940,"2023-11-28","RISE"
672.297302246094,672.297302246094,672.297302246094,672.297302246094,24420,"2023-11-29","RISE"
672.297302246094,675.675659179688,672.297302246094,672.297302246094,53724,"2023-11-30","RISE"
672.297302246094,672.297302246094,665.54052734375,672.297302246094,26048,"2023-12-01","RISE"
672.297302246094,672.297302246094,665.54052734375,665.54052734375,27676,"2023-12-04","RISE"
668.9189453125,672.297302246094,668.9189453125,668.9189453125,81844,"2023-12-05","RISE"
672.297302246094,672.297302246094,668.9189453125,672.297302246094,151256,"2023-12-06","RISE"
672.297302246094,672.297302246094,665.54052734375,672.297302246094,33448,"2023-12-07","RISE"
672.297302246094,672.297302246094,672.297302246094,672.297302246094,40700,"2023-12-08","RISE"
672.297302246094,672.297302246094,672.297302246094,672.297302246094,45140,"2023-12-11","RISE"
672.297302246094,672.297302246094,665.54052734375,668.9189453125,7696,"2023-12-12","RISE"
668.9189453125,668.9189453125,668.9189453125,668.9189453125,5180,"2023-12-13","RISE"
668.9189453125,668.9189453125,668.9189453125,668.9189453125,5180,"2023-12-14","RISE"
668.9189453125,668.9189453125,668.9189453125,668.9189453125,30340,"2023-12-15","RISE"
668.9189453125,668.9189453125,668.9189453125,668.9189453125,39960,"2023-12-18","RISE"
668.9189453125,668.9189453125,668.9189453125,668.9189453125,37000,"2023-12-19","RISE"
668.9189453125,668.9189453125,668.9189453125,668.9189453125,52540,"2023-12-20","RISE"
668.9189453125,668.9189453125,668.9189453125,668.9189453125,55500,"2023-12-21","RISE"
668.9189453125,668.9189453125,662.162170410156,668.9189453125,38776,"2023-12-22","RISE"
668.9189453125,756.756774902344,641.891906738281,662.162170410156,943648,"2023-12-27","RISE"
652.027038574219,695.945922851562,628.378356933594,662.162170410156,621896,"2023-12-28","RISE"
672.297302246094,675.675659179688,645.270263671875,672.297302246094,165020,"2023-12-29","RISE"
672.297302246094,672.297302246094,648.648620605469,672.297302246094,111296,"2024-01-02","RISE"
658.783813476562,662.162170410156,648.648620605469,662.162170410156,6956,"2024-01-03","RISE"
648.648620605469,662.162170410156,648.648620605469,662.162170410156,12728,"2024-01-04","RISE"
648.648620605469,658.783813476562,645.270263671875,658.783813476562,19536,"2024-01-05","RISE"
658.783813476562,658.783813476562,638.513488769531,655.405395507812,64232,"2024-01-08","RISE"
652.027038574219,655.405395507812,638.513488769531,655.405395507812,15540,"2024-01-09","RISE"
652.027038574219,655.405395507812,625,655.405395507812,68672,"2024-01-10","RISE"
652.027038574219,658.783813476562,648.648620605469,658.783813476562,13468,"2024-01-11","RISE"
658.783813476562,662.162170410156,655.405395507812,658.783813476562,53724,"2024-01-12","RISE"
658.783813476562,662.162170410156,655.405395507812,662.162170410156,30784,"2024-01-15","RISE"
662.162170410156,662.162170410156,658.783813476562,662.162170410156,7104,"2024-01-16","RISE"
662.162170410156,662.162170410156,645.270263671875,655.405395507812,9916,"2024-01-17","RISE"
655.405395507812,658.783813476562,655.405395507812,658.783813476562,47360,"2024-01-18","RISE"
658.783813476562,662.162170410156,652.027038574219,652.027038574219,45140,"2024-01-19","RISE"
648.648620605469,652.027038574219,645.270263671875,652.027038574219,8140,"2024-01-22","RISE"
652.027038574219,652.027038574219,652.027038574219,652.027038574219,28860,"2024-01-23","RISE"
648.648620605469,655.405395507812,645.270263671875,655.405395507812,71188,"2024-01-24","RISE"
655.405395507812,655.405395507812,655.405395507812,655.405395507812,82584,"2024-01-25","RISE"
655.405395507812,658.783813476562,655.405395507812,658.783813476562,81548,"2024-01-26","RISE"
658.783813476562,658.783813476562,655.405395507812,658.783813476562,60976,"2024-01-29","RISE"
658.783813476562,662.162170410156,648.648620605469,662.162170410156,153920,"2024-01-30","RISE"
662.162170410156,662.162170410156,662.162170410156,662.162170410156,71780,"2024-01-31","RISE"
662.162170410156,665.54052734375,662.162170410156,665.54052734375,92500,"2024-02-01","RISE"
665.54052734375,665.54052734375,662.162170410156,662.162170410156,55500,"2024-02-02","RISE"
662.162170410156,665.54052734375,662.162170410156,662.162170410156,88208,"2024-02-05","RISE"
662.162170410156,662.162170410156,655.405395507812,662.162170410156,122988,"2024-02-06","RISE"
662.162170410156,662.162170410156,662.162170410156,662.162170410156,85988,"2024-02-07","RISE"
662.162170410156,665.54052734375,662.162170410156,665.54052734375,118548,"2024-02-12","RISE"
665.54052734375,665.54052734375,665.54052734375,665.54052734375,86580,"2024-02-13","RISE"
665.54052734375,668.9189453125,665.54052734375,668.9189453125,120768,"2024-02-15","RISE"
668.9189453125,668.9189453125,658.783813476562,668.9189453125,54316,"2024-02-16","RISE"
668.9189453125,672.297302246094,662.162170410156,668.9189453125,98124,"2024-02-19","RISE"
668.9189453125,672.297302246094,668.9189453125,668.9189453125,123136,"2024-02-20","RISE"
668.9189453125,668.9189453125,668.9189453125,668.9189453125,70448,"2024-02-21","RISE"
668.9189453125,672.297302246094,668.9189453125,668.9189453125,109668,"2024-02-22","RISE"
668.9189453125,672.297302246094,668.9189453125,668.9189453125,78588,"2024-02-23","RISE"
668.9189453125,672.297302246094,655.405395507812,668.9189453125,111000,"2024-02-26","RISE"
668.9189453125,668.9189453125,668.9189453125,668.9189453125,62160,"2024-02-27","RISE"
668.9189453125,672.297302246094,668.9189453125,668.9189453125,91020,"2024-02-28","RISE"
668.9189453125,668.9189453125,668.9189453125,668.9189453125,45880,"2024-02-29","RISE"
668.9189453125,668.9189453125,668.9189453125,668.9189453125,45140,"2024-03-01","RISE"
668.9189453125,668.9189453125,668.9189453125,668.9189453125,64380,"2024-03-04","RISE"
668.9189453125,672.297302246094,668.9189453125,668.9189453125,115440,"2024-03-05","RISE"
668.9189453125,668.9189453125,668.9189453125,668.9189453125,31820,"2024-03-06","RISE"
665.54052734375,665.54052734375,665.54052734375,665.54052734375,148,"2024-03-07","RISE"
665.54052734375,665.54052734375,665.54052734375,665.54052734375,56388,"2024-03-08","RISE"
665.54052734375,665.54052734375,665.54052734375,665.54052734375,41440,"2024-03-13","RISE"
665.54052734375,665.54052734375,662.162170410156,665.54052734375,40996,"2024-03-14","RISE"
665.54052734375,665.54052734375,665.54052734375,665.54052734375,66600,"2024-03-15","RISE"
665.54052734375,665.54052734375,665.54052734375,665.54052734375,49580,"2024-03-18","RISE"
665.54052734375,665.54052734375,665.54052734375,665.54052734375,88060,"2024-03-19","RISE"
665.54052734375,665.54052734375,665.54052734375,665.54052734375,55500,"2024-03-20","RISE"
665.54052734375,665.54052734375,665.54052734375,665.54052734375,85840,"2024-03-21","RISE"
665.54052734375,665.54052734375,662.162170410156,665.54052734375,58608,"2024-03-22","RISE"
665.54052734375,665.54052734375,665.54052734375,665.54052734375,96200,"2024-03-25","RISE"
665.54052734375,665.54052734375,665.54052734375,665.54052734375,94720,"2024-03-26","RISE"
662.162170410156,665.54052734375,645.270263671875,665.54052734375,110260,"2024-03-27","RISE"
665.54052734375,665.54052734375,665.54052734375,665.54052734375,101380,"2024-03-28","RISE"
665.54052734375,665.54052734375,655.405395507812,655.405395507812,15836,"2024-04-01","RISE"
655.405395507812,658.783813476562,655.405395507812,655.405395507812,102564,"2024-04-02","RISE"
655.405395507812,658.783813476562,655.405395507812,658.783813476562,123136,"2024-04-03","RISE"
658.783813476562,662.162170410156,652.027038574219,662.162170410156,92204,"2024-04-04","RISE"
658.783813476562,665.54052734375,658.783813476562,662.162170410156,100048,"2024-04-05","RISE"
655.405395507812,665.54052734375,655.405395507812,665.54052734375,136604,"2024-04-16","RISE"
665.54052734375,665.54052734375,665.54052734375,665.54052734375,74740,"2024-04-17","RISE"
665.54052734375,665.54052734375,658.783813476562,665.54052734375,61272,"2024-04-18","RISE"
665.54052734375,665.54052734375,665.54052734375,665.54052734375,40700,"2024-04-19","RISE"
665.54052734375,665.54052734375,665.54052734375,665.54052734375,2960,"2024-04-22","RISE"
665.54052734375,665.54052734375,665.54052734375,665.54052734375,86876,"2024-04-23","RISE"
665.54052734375,665.54052734375,665.54052734375,665.54052734375,88800,"2024-04-24","RISE"
665.54052734375,665.54052734375,665.54052734375,665.54052734375,82880,"2024-04-25","RISE"
665.54052734375,665.54052734375,665.54052734375,665.54052734375,82880,"2024-04-26","RISE"
665.54052734375,665.54052734375,665.54052734375,665.54052734375,88800,"2024-04-29","RISE"
665.54052734375,665.54052734375,665.54052734375,665.54052734375,2960,"2024-04-30","RISE"
665.54052734375,665.54052734375,665.54052734375,665.54052734375,444,"2024-05-02","RISE"
665.54052734375,665.54052734375,665.54052734375,665.54052734375,444,"2024-05-03","RISE"
665.54052734375,665.54052734375,631.756774902344,658.783813476562,74888,"2024-05-06","RISE"
658.783813476562,658.783813476562,658.783813476562,658.783813476562,93684,"2024-05-07","RISE"
658.783813476562,658.783813476562,655.405395507812,658.783813476562,68524,"2024-05-08","RISE"
658.783813476562,658.783813476562,655.405395507812,655.405395507812,93536,"2024-05-13","RISE"
655.405395507812,658.783813476562,655.405395507812,658.783813476562,112036,"2024-05-14","RISE"
658.783813476562,658.783813476562,658.783813476562,658.783813476562,2960,"2024-05-15","RISE"
658.783813476562,658.783813476562,658.783813476562,658.783813476562,84804,"2024-05-16","RISE"
658.783813476562,658.783813476562,625,655.405395507812,96052,"2024-05-17","RISE"
655.405395507812,655.405395507812,652.027038574219,652.027038574219,87024,"2024-05-20","RISE"
652.027038574219,652.027038574219,652.027038574219,652.027038574219,85840,"2024-05-21","RISE"
652.027038574219,652.027038574219,638.513488769531,641.891906738281,38332,"2024-05-22","RISE"
641.891906738281,641.891906738281,638.513488769531,641.891906738281,20128,"2024-05-27","RISE"
641.891906738281,645.270263671875,631.756774902344,641.891906738281,140008,"2024-05-28","RISE"
641.891906738281,641.891906738281,638.513488769531,638.513488769531,18204,"2024-05-29","RISE"
638.513488769531,638.513488769531,635.135131835938,638.513488769531,173160,"2024-05-30","RISE"
638.513488769531,638.513488769531,635.135131835938,638.513488769531,28268,"2024-05-31","RISE"
638.513488769531,638.513488769531,638.513488769531,638.513488769531,19388,"2024-06-03","RISE"
638.513488769531,638.513488769531,638.513488769531,638.513488769531,25308,"2024-06-04","RISE"
638.513488769531,648.648620605469,638.513488769531,648.648620605469,68968,"2024-06-05","RISE"
648.648620605469,652.027038574219,648.648620605469,652.027038574219,110852,"2024-06-06","RISE"
652.027038574219,652.027038574219,652.027038574219,652.027038574219,14800,"2024-06-07","RISE"
652.027038574219,655.405395507812,652.027038574219,655.405395507812,37740,"2024-06-10","RISE"
655.405395507812,658.783813476562,655.405395507812,658.783813476562,39960,"2024-06-11","RISE"
658.783813476562,662.162170410156,658.783813476562,662.162170410156,28120,"2024-06-12","RISE"
662.162170410156,665.54052734375,662.162170410156,665.54052734375,26492,"2024-06-13","RISE"
665.54052734375,665.54052734375,665.54052734375,665.54052734375,7104,"2024-06-14","RISE"
665.54052734375,668.9189453125,665.54052734375,665.54052734375,39368,"2024-06-19","RISE"
665.54052734375,668.9189453125,665.54052734375,668.9189453125,32856,"2024-06-20","RISE"
665.54052734375,668.9189453125,665.54052734375,665.54052734375,4588,"2024-06-21","RISE"
665.54052734375,665.54052734375,665.54052734375,665.54052734375,5772,"2024-06-24","RISE"
665.54052734375,668.9189453125,665.54052734375,668.9189453125,31080,"2024-06-25","RISE"
668.9189453125,668.9189453125,668.9189453125,668.9189453125,740,"2024-06-26","RISE"
668.9189453125,668.9189453125,668.9189453125,668.9189453125,16576,"2024-06-27","RISE"
668.9189453125,668.9189453125,668.9189453125,668.9189453125,5624,"2024-06-28","RISE"
668.9189453125,668.9189453125,668.9189453125,668.9189453125,5920,"2024-07-01","RISE"
668.9189453125,668.9189453125,668.9189453125,668.9189453125,2960,"2024-07-02","RISE"
668.9189453125,668.9189453125,665.54052734375,668.9189453125,9472,"2024-07-03","RISE"
668.9189453125,668.9189453125,662.162170410156,668.9189453125,52836,"2024-07-04","RISE"
668.9189453125,668.9189453125,665.54052734375,668.9189453125,47360,"2024-07-05","RISE"
668.9189453125,668.9189453125,665.54052734375,668.9189453125,167388,"2024-07-08","RISE"
668.9189453125,668.9189453125,665.54052734375,668.9189453125,49580,"2024-07-09","RISE"
665.54052734375,668.9189453125,665.54052734375,668.9189453125,45584,"2024-07-10","RISE"
668.9189453125,668.9189453125,665.54052734375,668.9189453125,38776,"2024-07-11","RISE"
668.9189453125,668.9189453125,665.54052734375,668.9189453125,71040,"2024-07-12","RISE"
668.9189453125,668.9189453125,665.54052734375,668.9189453125,64380,"2024-07-15","RISE"
668.9189453125,668.9189453125,665.54052734375,668.9189453125,59940,"2024-07-16","RISE"
668.9189453125,668.9189453125,665.54052734375,668.9189453125,65564,"2024-07-17","RISE"
668.9189453125,668.9189453125,665.54052734375,668.9189453125,95016,"2024-07-18","RISE"
668.9189453125,668.9189453125,665.54052734375,668.9189453125,88652,"2024-07-19","RISE"
668.9189453125,668.9189453125,665.54052734375,668.9189453125,32116,"2024-07-22","RISE"
668.9189453125,668.9189453125,665.54052734375,665.54052734375,101676,"2024-07-23","RISE"
665.54052734375,665.54052734375,662.162170410156,665.54052734375,231768,"2024-07-24","RISE"
665.54052734375,665.54052734375,662.162170410156,665.54052734375,81696,"2024-07-25","RISE"
665.54052734375,665.54052734375,665.54052734375,665.54052734375,13320,"2024-07-26","RISE"
665.54052734375,665.54052734375,662.162170410156,665.54052734375,84360,"2024-07-29","RISE"
665.54052734375,665.54052734375,608.108093261719,665.54052734375,117512,"2024-07-30","RISE"
665.54052734375,665.54052734375,655.405395507812,665.54052734375,76960,"2024-07-31","RISE"
665.54052734375,665.54052734375,648.648620605469,665.54052734375,107300,"2024-08-01","RISE"
665.54052734375,665.54052734375,662.162170410156,665.54052734375,38776,"2024-08-02","RISE"
662.162170410156,665.54052734375,662.162170410156,665.54052734375,326636,"2024-08-05","RISE"
662.162170410156,665.54052734375,658.783813476562,665.54052734375,207200,"2024-08-06","RISE"
662.162170410156,665.54052734375,662.162170410156,665.54052734375,114700,"2024-08-07","RISE"
662.162170410156,665.54052734375,662.162170410156,665.54052734375,226440,"2024-08-08","RISE"
662.162170410156,665.54052734375,652.027038574219,665.54052734375,195804,"2024-08-09","RISE"
665.54052734375,668.9189453125,662.162170410156,665.54052734375,68820,"2024-08-12","RISE"
665.54052734375,668.9189453125,662.162170410156,668.9189453125,163540,"2024-08-13","RISE"
665.54052734375,668.9189453125,655.405395507812,668.9189453125,173752,"2024-08-14","RISE"
668.9189453125,668.9189453125,665.54052734375,668.9189453125,162504,"2024-08-15","RISE"
668.9189453125,668.9189453125,665.54052734375,668.9189453125,138380,"2024-08-16","RISE"
668.9189453125,668.9189453125,665.54052734375,668.9189453125,146224,"2024-08-19","RISE"
668.9189453125,668.9189453125,658.783813476562,668.9189453125,219928,"2024-08-20","RISE"
668.9189453125,668.9189453125,658.783813476562,668.9189453125,183816,"2024-08-21","RISE"
668.9189453125,668.9189453125,665.54052734375,668.9189453125,251896,"2024-08-22","RISE"
668.9189453125,668.9189453125,665.54052734375,668.9189453125,144596,"2024-08-23","RISE"
668.9189453125,668.9189453125,665.54052734375,668.9189453125,200688,"2024-08-26","RISE"
668.9189453125,668.9189453125,665.54052734375,665.54052734375,167388,"2024-08-27","RISE"
665.54052734375,665.54052734375,662.162170410156,665.54052734375,172716,"2024-08-28","RISE"
665.54052734375,668.9189453125,665.54052734375,668.9189453125,181152,"2024-08-29","RISE"
668.9189453125,668.9189453125,665.54052734375,668.9189453125,166204,"2024-08-30","RISE"
668.9189453125,668.9189453125,665.54052734375,668.9189453125,343508,"2024-09-02","RISE"
668.9189453125,668.9189453125,665.54052734375,668.9189453125,250564,"2024-09-03","RISE"
668.9189453125,668.9189453125,655.405395507812,668.9189453125,215044,"2024-09-04","RISE"
665.54052734375,665.54052734375,658.783813476562,665.54052734375,141636,"2024-09-05","RISE"
665.54052734375,668.9189453125,662.162170410156,668.9189453125,119140,"2024-09-06","RISE"
668.9189453125,668.9189453125,665.54052734375,668.9189453125,212084,"2024-09-09","RISE"
668.9189453125,668.9189453125,665.54052734375,668.9189453125,325748,"2024-09-10","RISE"
665.54052734375,668.9189453125,665.54052734375,668.9189453125,190772,"2024-09-11","RISE"
665.54052734375,665.54052734375,662.162170410156,665.54052734375,141932,"2024-09-12","RISE"
665.54052734375,668.9189453125,662.162170410156,668.9189453125,101380,"2024-09-13","RISE"
668.9189453125,668.9189453125,658.783813476562,668.9189453125,155252,"2024-09-17","RISE"
665.54052734375,668.9189453125,665.54052734375,668.9189453125,153624,"2024-09-18","RISE"
668.9189453125,668.9189453125,662.162170410156,668.9189453125,217708,"2024-09-19","RISE"
665.54052734375,668.9189453125,665.54052734375,668.9189453125,30932,"2024-09-20","RISE"
668.9189453125,668.9189453125,665.54052734375,668.9189453125,126540,"2024-09-23","RISE"
665.54052734375,668.9189453125,665.54052734375,668.9189453125,135272,"2024-09-24","RISE"
668.9189453125,668.9189453125,665.54052734375,668.9189453125,187220,"2024-09-25","RISE"
665.54052734375,665.54052734375,665.54052734375,665.54052734375,1332,"2024-09-26","RISE"
665.54052734375,665.54052734375,662.162170410156,665.54052734375,161616,"2024-09-27","RISE"
665.54052734375,668.9189453125,662.162170410156,668.9189453125,76812,"2024-09-30","RISE"
668.9189453125,668.9189453125,665.54052734375,668.9189453125,240648,"2024-10-01","RISE"
668.9189453125,668.9189453125,665.54052734375,668.9189453125,45288,"2024-10-02","RISE"
668.9189453125,668.9189453125,665.54052734375,668.9189453125,247456,"2024-10-03","RISE"
668.9189453125,668.9189453125,658.783813476562,668.9189453125,250268,"2024-10-04","RISE"
668.9189453125,668.9189453125,665.54052734375,668.9189453125,226144,"2024-10-07","RISE"
668.9189453125,668.9189453125,665.54052734375,668.9189453125,281348,"2024-10-08","RISE"
668.9189453125,668.9189453125,665.54052734375,668.9189453125,138232,"2024-10-09","RISE"
668.9189453125,668.9189453125,665.54052734375,668.9189453125,237540,"2024-10-10","RISE"
668.9189453125,668.9189453125,665.54052734375,668.9189453125,235172,"2024-10-11","RISE"
668.9189453125,668.9189453125,665.54052734375,668.9189453125,229548,"2024-10-14","RISE"
668.9189453125,668.9189453125,665.54052734375,668.9189453125,207200,"2024-10-15","RISE"
668.9189453125,668.9189453125,665.54052734375,668.9189453125,147852,"2024-10-16","RISE"
665.54052734375,668.9189453125,645.270263671875,668.9189453125,220964,"2024-10-17","RISE"
668.9189453125,668.9189453125,665.54052734375,668.9189453125,221112,"2024-10-18","RISE"
668.9189453125,668.9189453125,665.54052734375,668.9189453125,141488,"2024-10-21","RISE"
668.9189453125,668.9189453125,658.783813476562,668.9189453125,190032,"2024-10-22","RISE"
668.9189453125,668.9189453125,648.648620605469,668.9189453125,196396,"2024-10-23","RISE"
665.54052734375,668.9189453125,665.54052734375,668.9189453125,154956,"2024-10-24","RISE"
668.9189453125,668.9189453125,631.756774902344,668.9189453125,223332,"2024-10-25","RISE"
668.9189453125,668.9189453125,665.54052734375,668.9189453125,1334220,"2024-10-28","RISE"
668.9189453125,668.9189453125,665.54052734375,668.9189453125,6064596,"2024-10-29","RISE"
668.9189453125,668.9189453125,665.54052734375,668.9189453125,1908460,"2024-10-30","RISE"
668.9189453125,668.9189453125,665.54052734375,668.9189453125,661412,"2024-10-31","RISE"
668.9189453125,668.9189453125,662.162170410156,668.9189453125,835312,"2024-11-01","RISE"
668.9189453125,668.9189453125,665.54052734375,668.9189453125,1289228,"2024-11-04","RISE"
668.9189453125,668.9189453125,665.54052734375,668.9189453125,1408072,"2024-11-05","RISE"
668.9189453125,668.9189453125,665.54052734375,668.9189453125,992340,"2024-11-06","RISE"
668.9189453125,668.9189453125,665.54052734375,668.9189453125,750508,"2024-11-07","RISE"
668.9189453125,668.9189453125,665.54052734375,668.9189453125,834720,"2024-11-08","RISE"
668.9189453125,668.9189453125,665.54052734375,668.9189453125,1148480,"2024-11-11","RISE"
668.9189453125,668.9189453125,665.54052734375,668.9189453125,1081732,"2024-11-12","RISE"
668.9189453125,668.9189453125,665.54052734375,668.9189453125,1203536,"2024-11-13","RISE"
668.9189453125,668.9189453125,665.54052734375,668.9189453125,1255188,"2024-11-14","RISE"
668.9189453125,668.9189453125,665.54052734375,668.9189453125,1404668,"2024-11-15","RISE"
668.9189453125,668.9189453125,665.54052734375,668.9189453125,837384,"2024-11-18","RISE"
665.54052734375,668.9189453125,662.162170410156,668.9189453125,1255040,"2024-11-19","RISE"
665.54052734375,668.9189453125,665.54052734375,668.9189453125,1236688,"2024-11-20","RISE"
668.9189453125,668.9189453125,665.54052734375,668.9189453125,3141448,"2024-11-21","RISE"
668.9189453125,668.9189453125,665.54052734375,668.9189453125,4082876,"2024-11-22","RISE"
668.9189453125,672.297302246094,665.54052734375,672.297302246094,4391900,"2024-11-25","RISE"
672.297302246094,675.675659179688,668.9189453125,675.675659179688,4084060,"2024-11-26","RISE"
675.675659179688,675.675659179688,658.783813476562,675.675659179688,2838048,"2024-11-28","RISE"
675.675659179688,675.675659179688,672.297302246094,675.675659179688,5464900,"2024-11-29","RISE"
672.297302246094,682.432434082031,668.9189453125,682.432434082031,1638212,"2024-12-02","RISE"
682.432434082031,685.810791015625,679.054077148438,685.810791015625,1680244,"2024-12-03","RISE"
682.432434082031,692.567565917969,682.432434082031,689.189208984375,854108,"2024-12-04","RISE"
689.189208984375,699.324340820312,679.054077148438,699.324340820312,930920,"2024-12-05","RISE"
699.324340820312,702.702697753906,699.324340820312,702.702697753906,1316756,"2024-12-06","RISE"
702.702697753906,709.45947265625,702.702697753906,706.0810546875,593924,"2024-12-09","RISE"
706.0810546875,712.837829589844,706.0810546875,706.0810546875,1059976,"2024-12-10","RISE"
706.0810546875,706.0810546875,692.567565917969,695.945922851562,504680,"2024-12-11","RISE"
699.324340820312,699.324340820312,675.675659179688,679.054077148438,780700,"2024-12-12","RISE"
679.054077148438,699.324340820312,679.054077148438,699.324340820312,833832,"2024-12-13","RISE"
699.324340820312,709.45947265625,695.945922851562,709.45947265625,851296,"2024-12-16","RISE"
709.45947265625,712.837829589844,709.45947265625,712.837829589844,600584,"2024-12-17","RISE"
712.837829589844,716.216186523438,712.837829589844,716.216186523438,204980,"2024-12-18","RISE"
716.216186523438,719.594604492188,712.837829589844,716.216186523438,424316,"2024-12-19","RISE"
716.216186523438,719.594604492188,716.216186523438,716.216186523438,450512,"2024-12-20","RISE"
716.216186523438,716.216186523438,695.945922851562,706.0810546875,13320,"2024-12-23","RISE"
706.0810546875,706.0810546875,685.810791015625,699.324340820312,1014244,"2024-12-24","RISE"
699.324340820312,699.324340820312,689.189208984375,692.567565917969,254264,"2024-12-27","RISE"
692.567565917969,692.567565917969,679.054077148438,692.567565917969,265068,"2024-12-30","RISE"
692.567565917969,692.567565917969,685.810791015625,689.189208984375,127576,"2025-01-02","RISE"
689.189208984375,695.945922851562,685.810791015625,692.567565917969,709364,"2025-01-03","RISE"
692.567565917969,702.702697753906,689.189208984375,699.324340820312,571280,"2025-01-06","RISE"
699.324340820312,709.45947265625,695.945922851562,702.702697753906,699744,"2025-01-07","RISE"
702.702697753906,702.702697753906,702.702697753906,702.702697753906,69856,"2025-01-08","RISE"
702.702697753906,702.702697753906,689.189208984375,695.945922851562,611832,"2025-01-09","RISE"
692.567565917969,695.945922851562,689.189208984375,695.945922851562,144892,"2025-01-10","RISE"
692.567565917969,709.45947265625,692.567565917969,702.702697753906,621304,"2025-01-13","RISE"
702.702697753906,709.45947265625,702.702697753906,706.0810546875,229400,"2025-01-14","RISE"
706.0810546875,706.0810546875,702.702697753906,706.0810546875,214452,"2025-01-15","RISE"
706.0810546875,706.0810546875,695.945922851562,706.0810546875,204536,"2025-01-16","RISE"
706.0810546875,706.0810546875,695.945922851562,706.0810546875,872460,"2025-01-17","RISE"
706.0810546875,716.216186523438,706.0810546875,712.837829589844,398120,"2025-01-20","RISE"
712.837829589844,726.351379394531,709.45947265625,716.216186523438,980648,"2025-01-21","RISE"
716.216186523438,726.351379394531,709.45947265625,719.594604492188,666148,"2025-01-22","RISE"
719.594604492188,719.594604492188,716.216186523438,719.594604492188,259888,"2025-01-23","RISE"
719.594604492188,719.594604492188,709.45947265625,716.216186523438,348096,"2025-01-24","RISE"
716.216186523438,719.594604492188,709.45947265625,716.216186523438,626188,"2025-01-30","RISE"
712.837829589844,712.837829589844,695.945922851562,695.945922851562,29156,"2025-01-31","RISE"
695.945922851562,695.945922851562,675.675659179688,695.945922851562,326784,"2025-02-03","RISE"
695.945922851562,695.945922851562,692.567565917969,695.945922851562,115884,"2025-02-04","RISE"
695.945922851562,695.945922851562,689.189208984375,695.945922851562,173160,"2025-02-05","RISE"
692.567565917969,709.45947265625,692.567565917969,702.702697753906,696340,"2025-02-06","RISE"
702.702697753906,709.45947265625,702.702697753906,709.45947265625,457320,"2025-02-07","RISE"
709.45947265625,719.594604492188,709.45947265625,719.594604492188,572464,"2025-02-10","RISE"
719.594604492188,719.594604492188,716.216186523438,719.594604492188,370444,"2025-02-11","RISE"
719.594604492188,722.972961425781,716.216186523438,719.594604492188,191512,"2025-02-12","RISE"
719.594604492188,722.972961425781,716.216186523438,722.972961425781,708772,"2025-02-13","RISE"
722.972961425781,722.972961425781,716.216186523438,722.972961425781,365264,"2025-02-14","RISE"
722.972961425781,722.972961425781,716.216186523438,719.594604492188,264180,"2025-02-17","RISE"
719.594604492188,719.594604492188,706.0810546875,709.45947265625,90132,"2025-02-18","RISE"
709.45947265625,709.45947265625,675.675659179688,699.324340820312,103304,"2025-02-19","RISE"
699.324340820312,702.702697753906,699.324340820312,699.324340820312,329892,"2025-02-20","RISE"
699.324340820312,699.324340820312,662.162170410156,675.675659179688,74000,"2025-02-21","RISE"
675.675659179688,675.675659179688,668.9189453125,675.675659179688,196248,"2025-02-24","RISE"
675.675659179688,675.675659179688,655.405395507812,675.675659179688,911236,"2025-02-25","RISE"
675.675659179688,675.675659179688,672.297302246094,675.675659179688,561808,"2025-02-26","RISE"
675.675659179688,675.675659179688,668.9189453125,675.675659179688,142228,"2025-02-27","RISE"
675.675659179688,682.432434082031,668.9189453125,679.054077148438,318052,"2025-02-28","RISE"
675.675659179688,679.054077148438,675.675659179688,679.054077148438,88356,"2025-03-03","RISE"
675.675659179688,679.054077148438,668.9189453125,679.054077148438,299256,"2025-03-04","RISE"
675.675659179688,679.054077148438,668.9189453125,679.054077148438,229548,"2025-03-05","RISE"
675.675659179688,675.675659179688,668.9189453125,675.675659179688,105228,"2025-03-06","RISE"
675.675659179688,675.675659179688,668.9189453125,675.675659179688,206460,"2025-03-07","RISE"
675.675659179688,675.675659179688,668.9189453125,675.675659179688,258112,"2025-03-10","RISE"
675.675659179688,675.675659179688,662.162170410156,668.9189453125,261960,"2025-03-11","RISE"
668.9189453125,668.9189453125,658.783813476562,668.9189453125,149480,"2025-03-12","RISE"
668.9189453125,668.9189453125,662.162170410156,668.9189453125,205572,"2025-03-13","RISE"
668.9189453125,668.9189453125,662.162170410156,668.9189453125,180412,"2025-03-14","RISE"
668.9189453125,679.054077148438,665.54052734375,679.054077148438,526288,"2025-03-17","RISE"
679.054077148438,679.054077148438,668.9189453125,675.675659179688,204684,"2025-03-18","RISE"
675.675659179688,675.675659179688,672.297302246094,675.675659179688,114108,"2025-03-19","RISE"
675.675659179688,675.675659179688,668.9189453125,675.675659179688,143856,"2025-03-20","RISE"
675.675659179688,679.054077148438,668.9189453125,675.675659179688,202908,"2025-03-21","RISE"
672.297302246094,672.297302246094,665.54052734375,672.297302246094,254412,"2025-03-24","RISE"
672.297302246094,675.675659179688,658.783813476562,675.675659179688,135272,"2025-03-25","RISE"
675.675659179688,682.432434082031,662.162170410156,682.432434082031,228808,"2025-03-26","RISE"
682.432434082031,682.432434082031,658.783813476562,672.297302246094,129204,"2025-03-27","RISE"
672.297302246094,672.297302246094,662.162170410156,672.297302246094,284160,"2025-04-08","RISE"
672.297302246094,672.297302246094,665.54052734375,668.9189453125,122248,"2025-04-09","RISE"
668.9189453125,679.054077148438,668.9189453125,672.297302246094,223924,"2025-04-10","RISE"
668.9189453125,672.297302246094,652.027038574219,672.297302246094,423724,"2025-04-11","RISE"
672.297302246094,675.675659179688,662.162170410156,672.297302246094,402560,"2025-04-14","RISE"
672.297302246094,682.432434082031,668.9189453125,682.432434082031,335664,"2025-04-15","RISE"
679.054077148438,682.432434082031,675.675659179688,682.432434082031,187368,"2025-04-16","RISE"
682.432434082031,689.189208984375,662.162170410156,689.189208984375,304288,"2025-04-17","RISE"
682.432434082031,695.945922851562,679.054077148438,692.567565917969,191660,"2025-04-21","RISE"
692.567565917969,695.945922851562,675.675659179688,692.567565917969,188404,"2025-04-22","RISE"
689.189208984375,699.324340820312,685.810791015625,692.567565917969,269212,"2025-04-23","RISE"
692.567565917969,699.324340820312,689.189208984375,695.945922851562,248492,"2025-04-24","RISE"
695.945922851562,699.324340820312,692.567565917969,699.324340820312,276168,"2025-04-25","RISE"
699.324340820312,702.702697753906,692.567565917969,695.945922851562,320124,"2025-04-28","RISE"
695.945922851562,702.702697753906,692.567565917969,699.324340820312,418692,"2025-04-29","RISE"
699.324340820312,699.324340820312,695.945922851562,699.324340820312,106412,"2025-04-30","RISE"
699.324340820312,699.324340820312,689.189208984375,692.567565917969,112332,"2025-05-02","RISE"
692.567565917969,695.945922851562,692.567565917969,692.567565917969,86876,"2025-05-05","RISE"
692.567565917969,692.567565917969,685.810791015625,692.567565917969,146372,"2025-05-06","RISE"
692.567565917969,695.945922851562,689.189208984375,692.567565917969,97532,"2025-05-07","RISE"
692.567565917969,695.945922851562,689.189208984375,695.945922851562,95460,"2025-05-08","RISE"
695.945922851562,702.702697753906,695.945922851562,702.702697753906,499204,"2025-05-09","RISE"
702.702697753906,709.45947265625,702.702697753906,706.0810546875,303252,"2025-05-14","RISE"
706.0810546875,712.837829589844,702.702697753906,712.837829589844,400932,"2025-05-15","RISE"
712.837829589844,719.594604492188,712.837829589844,719.594604492188,570540,"2025-05-16","RISE"
716.216186523438,719.594604492188,716.216186523438,716.216186523438,337884,"2025-05-19","RISE"
716.216186523438,716.216186523438,712.837829589844,716.216186523438,594368,"2025-05-20","RISE"
716.216186523438,716.216186523438,712.837829589844,716.216186523438,635956,"2025-05-21","RISE"
716.216186523438,716.216186523438,712.837829589844,716.216186523438,776112,"2025-05-22","RISE"
716.216186523438,716.216186523438,712.837829589844,716.216186523438,389240,"2025-05-23","RISE"
716.216186523438,716.216186523438,712.837829589844,712.837829589844,550264,"2025-05-26","RISE"
712.837829589844,712.837829589844,709.45947265625,712.837829589844,589928,"2025-05-27","RISE"
712.837829589844,712.837829589844,709.45947265625,712.837829589844,815924,"2025-05-28","RISE"
712.837829589844,712.837829589844,709.45947265625,712.837829589844,822140,"2025-06-02","RISE"
712.837829589844,712.837829589844,709.45947265625,712.837829589844,754208,"2025-06-03","RISE"
712.837829589844,712.837829589844,709.45947265625,712.837829589844,557368,"2025-06-04","RISE"
712.837829589844,712.837829589844,709.45947265625,712.837829589844,770488,"2025-06-05","RISE"
712.837829589844,712.837829589844,709.45947265625,712.837829589844,912568,"2025-06-10","RISE"
712.837829589844,712.837829589844,709.45947265625,712.837829589844,873940,"2025-06-11","RISE"
712.837829589844,712.837829589844,709.45947265625,712.837829589844,478928,"2025-06-12","RISE"
712.837829589844,712.837829589844,709.45947265625,712.837829589844,823620,"2025-06-13","RISE"
712.837829589844,712.837829589844,709.45947265625,712.837829589844,568024,"2025-06-16","RISE"
712.837829589844,712.837829589844,712.837829589844,712.837829589844,783956,"2025-06-17","RISE"
712.837829589844,712.837829589844,709.45947265625,712.837829589844,848188,"2025-06-18","RISE"
712.837829589844,712.837829589844,709.45947265625,712.837829589844,606208,"2025-06-19","RISE"
712.837829589844,712.837829589844,712.837829589844,712.837829589844,701816,"2025-06-20","RISE"
712.837829589844,712.837829589844,709.45947265625,709.45947265625,774780,"2025-06-23","RISE"
709.45947265625,709.45947265625,709.45947265625,709.45947265625,789284,"2025-06-24","RISE"
709.45947265625,709.45947265625,706.0810546875,709.45947265625,1154992,"2025-06-25","RISE"
709.45947265625,709.45947265625,709.45947265625,709.45947265625,666000,"2025-06-26","RISE"
709.45947265625,709.45947265625,706.0810546875,709.45947265625,685684,"2025-06-30","RISE"
709.45947265625,709.45947265625,706.0810546875,709.45947265625,726976,"2025-07-01","RISE"
709.45947265625,709.45947265625,709.45947265625,709.45947265625,600880,"2025-07-02","RISE"
709.45947265625,709.45947265625,709.45947265625,709.45947265625,299552,"2025-07-03","RISE"
709.45947265625,709.45947265625,706.0810546875,709.45947265625,473896,"2025-07-04","RISE"
709.45947265625,709.45947265625,706.0810546875,709.45947265625,666148,"2025-07-07","RISE"
706.0810546875,709.45947265625,706.0810546875,709.45947265625,681688,"2025-07-08","RISE"
709.45947265625,709.45947265625,709.45947265625,709.45947265625,793280,"2025-07-09","RISE"
709.45947265625,709.45947265625,706.0810546875,709.45947265625,722832,"2025-07-10","RISE"
709.45947265625,709.45947265625,706.0810546875,706.0810546875,658896,"2025-07-11","RISE"
706.0810546875,706.0810546875,706.0810546875,706.0810546875,400636,"2025-07-14","RISE"
706.0810546875,706.0810546875,706.0810546875,706.0810546875,625448,"2025-07-15","RISE"
706.0810546875,706.0810546875,706.0810546875,706.0810546875,610500,"2025-07-16","RISE"
706.0810546875,709.45947265625,702.702697753906,709.45947265625,848336,"2025-07-17","RISE"
709.45947265625,709.45947265625,709.45947265625,709.45947265625,890368,"2025-07-18","RISE"
709.45947265625,709.45947265625,706.0810546875,709.45947265625,901468,"2025-07-21","RISE"
709.45947265625,709.45947265625,706.0810546875,706.0810546875,981240,"2025-07-22","RISE"
706.0810546875,709.45947265625,706.0810546875,709.45947265625,979020,"2025-07-23","RISE"
709.45947265625,709.45947265625,706.0810546875,709.45947265625,619676,"2025-07-24","RISE"
709.45947265625,709.45947265625,709.45947265625,709.45947265625,635216,"2025-07-25","RISE"
709.45947265625,709.45947265625,706.0810546875,709.45947265625,773300,"2025-07-28","RISE"
709.45947265625,709.45947265625,706.0810546875,709.45947265625,988048,"2025-07-29","RISE"
709.45947265625,709.45947265625,706.0810546875,709.45947265625,695156,"2025-07-30","RISE"
709.45947265625,709.45947265625,706.0810546875,709.45947265625,773152,"2025-07-31","RISE"
709.45947265625,709.45947265625,706.0810546875,709.45947265625,933880,"2025-08-01","RISE"
712.837829589844,712.837829589844,706.0810546875,709.45947265625,926332,"2025-08-04","RISE"
709.45947265625,709.45947265625,706.0810546875,709.45947265625,770488,"2025-08-05","RISE"
702.702697753906,702.702697753906,699.324340820312,702.702697753906,103452,"2025-08-06","RISE"
702.702697753906,702.702697753906,699.324340820312,702.702697753906,96200,"2025-08-07","RISE"
702.702697753906,712.837829589844,702.702697753906,712.837829589844,981092,"2025-08-08","RISE"
712.837829589844,719.594604492188,709.45947265625,712.837829589844,343360,"2025-08-11","RISE"
712.837829589844,716.216186523438,709.45947265625,712.837829589844,737040,"2025-08-12","RISE"
709.45947265625,712.837829589844,702.702697753906,712.837829589844,555592,"2025-08-13","RISE"
712.837829589844,712.837829589844,709.45947265625,712.837829589844,943204,"2025-08-14","RISE"
712.837829589844,712.837829589844,709.45947265625,712.837829589844,818292,"2025-08-15","RISE"
712.837829589844,712.837829589844,712.837829589844,712.837829589844,874532,"2025-08-19","RISE"
712.837829589844,712.837829589844,709.45947265625,712.837829589844,1054204,"2025-08-20","RISE"
712.837829589844,712.837829589844,709.45947265625,712.837829589844,978428,"2025-08-21","RISE"
712.837829589844,712.837829589844,709.45947265625,712.837829589844,896584,"2025-08-22","RISE"
712.837829589844,712.837829589844,712.837829589844,712.837829589844,795796,"2025-08-25","RISE"
712.837829589844,712.837829589844,709.45947265625,712.837829589844,948384,"2025-08-26","RISE"
712.837829589844,716.216186523438,709.45947265625,712.837829589844,948680,"2025-08-27","RISE"
712.837829589844,712.837829589844,709.45947265625,712.837829589844,925888,"2025-08-28","RISE"
712.837829589844,712.837829589844,709.45947265625,712.837829589844,945424,"2025-08-29","RISE"
709.45947265625,712.837829589844,685.810791015625,689.189208984375,936396,"2025-09-01","RISE"
689.189208984375,689.189208984375,685.810791015625,689.189208984375,845820,"2025-09-02","RISE"
689.189208984375,689.189208984375,679.054077148438,682.432434082031,1394900,"2025-09-03","RISE"
682.432434082031,682.432434082031,668.9189453125,675.675659179688,949716,"2025-09-04","RISE"
672.297302246094,695.945922851562,672.297302246094,689.189208984375,440004,"2025-09-08","RISE"
689.189208984375,743.243225097656,689.189208984375,743.243225097656,851592,"2025-09-09","RISE"
746.621643066406,753.378356933594,743.243225097656,750,449624,"2025-09-10","RISE"
753.378356933594,753.378356933594,716.216186523438,739.864868164062,946016,"2025-09-11","RISE"
739.864868164062,746.621643066406,736.486511230469,743.243225097656,598512,"2025-09-12","RISE"
743.243225097656,753.378356933594,743.243225097656,753.378356933594,368520,"2025-09-15","RISE"
753.378356933594,753.378356933594,753.378356933594,753.378356933594,692640,"2025-09-16","RISE"
722.972961425781,753.378356933594,722.972961425781,746.621643066406,743848,"2025-09-17","RISE"
746.621643066406,763.513488769531,722.972961425781,763.513488769531,579272,"2025-09-18","RISE"
729.729736328125,777.027038574219,729.729736328125,777.027038574219,577792,"2025-09-19","RISE"
780.405395507812,969.594604492188,777.027038574219,969.594604492188,1391940,"2025-09-22","RISE"
1209.45947265625,1209.45947265625,1209.45947265625,1209.45947265625,26344,"2025-09-23","RISE"
1506.75671386719,1506.75671386719,1506.75671386719,1506.75671386719,4884,"2025-09-24","RISE"
1878.37841796875,1878.37841796875,1878.37841796875,1878.37841796875,3552,"2025-09-25","RISE"
1878.37841796875,1878.37841796875,1878.37841796875,1878.37841796875,0,"2025-09-26","RISE"
2344.59448242188,2344.59448242188,2344.59448242188,2344.59448242188,186776,"2025-09-29","RISE"
2344.59448242188,2344.59448242188,2344.59448242188,2344.59448242188,0,"2025-09-30","RISE"
2344.59448242188,2344.59448242188,2344.59448242188,2344.59448242188,0,"2025-10-01","RISE"
2344.59448242188,2344.59448242188,2344.59448242188,2344.59448242188,0,"2025-10-02","RISE"
2344.59448242188,2344.59448242188,2344.59448242188,2344.59448242188,0,"2025-10-03","RISE"
2344.59448242188,2344.59448242188,2344.59448242188,2344.59448242188,0,"2025-10-06","RISE"
2344.59448242188,2344.59448242188,2344.59448242188,2344.59448242188,0,"2025-10-07","RISE"
2344.59448242188,2344.59448242188,2344.59448242188,2344.59448242188,0,"2025-10-08","RISE"
2344.59448242188,2344.59448242188,2344.59448242188,2344.59448242188,0,"2025-10-09","RISE"
2574.32421875,2574.32421875,2574.32421875,2574.32421875,1924,"2025-10-10","RISE"
2831.0810546875,2831.0810546875,2831.0810546875,2831.0810546875,6956,"2025-10-13","RISE"
3108.10815429688,3108.10815429688,3108.10815429688,3108.10815429688,104044,"2025-10-14","RISE"
3412.162109375,3412.162109375,3412.162109375,3412.162109375,90132,"2025-10-15","RISE"
3750,3750,3750,3750,783364,"2025-10-16","RISE"
4121.62158203125,4121.62158203125,4121.62158203125,4121.62158203125,408924,"2025-10-17","RISE"
4391.89208984375,4391.89208984375,4121.62158203125,4121.62158203125,9685416,"2025-10-20","RISE"
4932.4326171875,4932.4326171875,4932.4326171875,4932.4326171875,4564616,"2025-10-21","RISE"
5912.162109375,5912.162109375,5912.162109375,5912.162109375,2596512,"2025-10-22","RISE"
7094.5947265625,7094.5947265625,7094.5947265625,7094.5947265625,2091832,"2025-10-23","RISE"
8513.513671875,8513.513671875,8513.513671875,8513.513671875,496096,"2025-10-24","RISE"
10202.703125,10202.703125,7246.62158203125,7246.62158203125,9918368,"2025-10-27","RISE"
6165.54052734375,8682.4326171875,6165.54052734375,8682.4326171875,9667952,"2025-10-28","RISE"
8682.4326171875,9797.296875,7567.5673828125,8293.9189453125,3937096,"2025-10-29","RISE"
8361.486328125,8429.0537109375,7939.18896484375,8158.78369140625,897176,"2025-10-30","RISE"
8158.78369140625,8310.810546875,7770.2705078125,7787.162109375,961852,"2025-10-31","RISE"
7804.05419921875,7905.4052734375,6621.62158203125,6621.62158203125,5184292,"2025-11-03","RISE"
5641.89208984375,6283.78369140625,5641.89208984375,5641.89208984375,6768928,"2025-11-04","RISE"
5405.4052734375,5574.32421875,4864.86474609375,5405.4052734375,2847076,"2025-11-05","RISE"
5405.4052734375,5777.02685546875,5033.78369140625,5439.18896484375,1267176,"2025-11-06","RISE"
5439.18896484375,5777.02685546875,5337.837890625,5777.02685546875,1428644,"2025-11-07","RISE"
6925.67578125,6925.67578125,5929.05419921875,6689.18896484375,2863652,"2025-11-10","RISE"
6689.18896484375,6756.7568359375,6013.513671875,6756.7568359375,2074516,"2025-11-11","RISE"
6486.486328125,6570.94580078125,6081.0810546875,6334.45947265625,1536092,"2025-11-12","RISE"
6334.45947265625,6385.13525390625,6030.4052734375,6081.0810546875,1386020,"2025-11-13","RISE"
6165.54052734375,6165.54052734375,5760.13525390625,5945.94580078125,762052,"2025-11-14","RISE"
6722.97314453125,7128.37841796875,6418.9189453125,7128.37841796875,4491208,"2025-11-17","RISE"
7972.97314453125,8547.296875,7314.18896484375,8226.3515625,9723304,"2025-11-18","RISE"
8547.296875,9138.513671875,7854.7294921875,8192.5673828125,4284008,"2025-11-19","RISE"
8158.78369140625,8158.78369140625,7331.0810546875,7516.89208984375,1917488,"2025-11-20","RISE"
7550.67578125,8141.89208984375,7550.67578125,7888.513671875,1685720,"2025-11-21","RISE"
7854.7294921875,9459.458984375,7584.45947265625,9459.458984375,4367628,"2025-11-24","RISE"
9256.7568359375,9256.7568359375,8040.54052734375,8665.541015625,6445992,"2025-11-25","RISE"
8395.2705078125,8581.0810546875,7972.97314453125,8260.134765625,1250600,"2025-11-26","RISE"
8260.134765625,8530.4052734375,7702.70263671875,8158.78369140625,2661780,"2025-11-27","RISE"
8158.78369140625,8158.78369140625,7939.18896484375,8023.6484375,630776,"2025-11-28","RISE"
7972.97314453125,7972.97314453125,6824.32421875,6824.32421875,4233096,"2025-12-01","RISE"
6385.13525390625,7229.7294921875,6097.97314453125,6908.78369140625,2091980,"2025-12-02","RISE"
7010.13525390625,7010.13525390625,6756.7568359375,6875,505568,"2025-12-03","RISE"
6891.89208984375,6891.89208984375,6554.05419921875,6722.97314453125,727568,"2025-12-04","RISE"
6722.97314453125,6891.89208984375,6554.05419921875,6621.62158203125,477448,"2025-12-05","RISE"
6621.62158203125,6959.45947265625,6621.62158203125,6739.86474609375,621304,"2025-12-08","RISE"
6739.86474609375,6739.86474609375,6486.486328125,6570.94580078125,705368,"2025-12-09","RISE"
6587.837890625,6655.4052734375,6216.21630859375,6486.486328125,628112,"2025-12-10","RISE"
6520.2705078125,6621.62158203125,6114.86474609375,6131.7568359375,1021940,"2025-12-11","RISE"
6131.7568359375,6756.7568359375,6131.7568359375,6452.70263671875,678728,"2025-12-12","RISE"
6554.05419921875,6604.7294921875,6233.10791015625,6283.78369140625,429496,"2025-12-15","RISE"
6283.78369140625,6402.02685546875,6216.21630859375,6266.89208984375,270988,"2025-12-16","RISE"
6300.67578125,6317.5673828125,6165.54052734375,6250,329152,"2025-12-17","RISE"
6250,6334.45947265625,6182.4326171875,6182.4326171875,273208,"2025-12-18","RISE"
6182.4326171875,6233.10791015625,6064.18896484375,6165.54052734375,374440,"2025-12-19","RISE"
6165.54052734375,6385.13525390625,5945.94580078125,6013.513671875,895548,"2025-12-22","RISE"
5979.7294921875,5996.62158203125,5608.10791015625,5760.13525390625,521552,"2025-12-23","RISE"
5760.13525390625,6165.54052734375,5608.10791015625,6013.513671875,576016,"2025-12-24","RISE"
6013.513671875,6233.10791015625,5861.486328125,6064.18896484375,486032,"2025-12-29","RISE"
6081.0810546875,6199.32421875,5895.2705078125,6097.97314453125,681836,"2025-12-30","RISE"
6081.0810546875,6081.0810546875,5962.837890625,6013.513671875,332408,"2026-01-02","RISE"
6081.0810546875,6148.6484375,5878.37841796875,6064.18896484375,456728,"2026-01-05","RISE"
6064.18896484375,6064.18896484375,5878.37841796875,5996.62158203125,421504,"2026-01-06","RISE"
5996.62158203125,6013.513671875,5793.9189453125,5895.2705078125,613164,"2026-01-07","RISE"
5878.37841796875,6621.62158203125,5878.37841796875,6368.2431640625,1820252,"2026-01-08","RISE"
6621.62158203125,6689.18896484375,6266.89208984375,6672.29736328125,1787544,"2026-01-09","RISE"
7094.5947265625,7094.5947265625,5945.94580078125,6250,1667664,"2026-01-12","RISE"
6250,7027.02685546875,6030.4052734375,7027.02685546875,971768,"2026-01-13","RISE"
6756.7568359375,6959.45947265625,6554.05419921875,6824.32421875,1091796,"2026-01-14","RISE"
6841.21630859375,6993.2431640625,6739.86474609375,6790.54052734375,1201908,"2026-01-15","RISE"
6858.10791015625,7010.13525390625,6486.486328125,6554.05419921875,1727456,"2026-01-19","RISE"
7250,7850,7025,7725,3290500,"2026-01-20","RISE"
7675,7675,6575,6800,2558500,"2026-01-21","RISE"
6800,6800,6050,6150,1444100,"2026-01-22","RISE"
6125,6400,5750,6300,571600,"2026-01-23","RISE"
6500,6500,5675,5950,819000,"2026-01-26","RISE"
5900,6000,5450,5825,2686100,"2026-01-27","RISE"
4960,5950,4960,5950,1570200,"2026-01-28","RISE"
5950,6025,5075,5075,2391100,"2026-01-29","RISE"
5075,5250,4950,5025,907900,"2026-01-30","RISE"
5350,5350,4280,4280,843600,"2026-02-02","RISE"
4200,5000,3690,4700,3256700,"2026-02-03","RISE"
4790,4790,4180,4290,737500,"2026-02-04","RISE"
4290,4700,3850,4000,2115300,"2026-02-05","RISE"
3900,4000,3650,4000,693800,"2026-02-06","RISE"
4000,4000,3600,3750,1778500,"2026-02-09","RISE"
3740,3940,3600,3750,1097600,"2026-02-10","RISE"
3750,3860,3660,3790,1431300,"2026-02-11","RISE"
3820,3830,3630,3750,1751400,"2026-02-12","RISE"
3700,3780,3590,3780,1997900,"2026-02-13","RISE"
3760,3850,3610,3650,1589800,"2026-02-18","RISE"
3670,4560,3500,3620,4950700,"2026-02-19","RISE"
3630,3750,3500,3500,2179700,"2026-02-20","RISE"
3550,3630,3360,3430,2679100,"2026-02-23","RISE"
3430,3480,3010,3010,2496900,"2026-02-24","RISE"
3030,3290,3000,3240,1813400,"2026-02-25","RISE"
3520,3520,3030,3260,2400400,"2026-02-26","RISE"
3260,3270,3050,3210,1476200,"2026-02-27","RISE"
3050,3200,2810,3050,2831400,"2026-03-02","RISE"
3000,3100,2860,2910,1170700,"2026-03-03","RISE"
2890,3200,2590,2700,3041000,"2026-03-04","RISE"
2680,2750,2480,2650,1912600,"2026-03-05","RISE"
2650,2650,2350,2500,1648900,"2026-03-06","RISE"
2400,2400,2170,2300,885300,"2026-03-09","RISE"
2340,2410,2180,2320,904900,"2026-03-10","RISE"
2390,2470,2250,2250,783900,"2026-03-11","RISE"
2280,2480,2180,2270,1220900,"2026-03-12","RISE"
2270,2270,2080,2200,795500,"2026-03-13","RISE"
2170,2170,2050,2050,790900,"2026-03-16","RISE"
2120,2240,1970,2060,1210600,"2026-03-17","RISE"
2010,2180,2000,2000,908600,"2026-03-25","RISE"
2020,2150,1995,2030,518000,"2026-03-26","RISE"
2020,2030,1950,1990,310400,"2026-03-27","RISE"
1990,2020,1920,1990,369100,"2026-03-30","RISE"
1990,2030,1950,1950,433300,"2026-03-31","RISE"
1950,2060,1950,2000,364900,"2026-04-01","RISE"
2000,2020,1950,1960,169900,"2026-04-02","RISE"
1980,2000,1880,1975,230500,"2026-04-06","RISE"
1975,2020,1930,1935,146300,"2026-04-07","RISE"
1960,2040,1940,1995,343400,"2026-04-08","RISE"
2040,2050,1970,1980,496600,"2026-04-09","RISE"
1985,2020,1960,1960,1238500,"2026-04-10","RISE"
1960,1995,1935,1945,853000,"2026-04-13","RISE"
1945,1995,1930,1930,2588100,"2026-04-14","RISE"
1955,2040,1935,1950,1960400,"2026-04-15","RISE"
1955,1960,1905,1910,1069300,"2026-04-16","RISE"
1925,2380,1910,2380,8331600,"2026-04-17","RISE"
2480,2700,2070,2070,7618000,"2026-04-20","RISE"
2070,2110,1955,1965,3487500,"2026-04-21","RISE"
2000,2130,1955,1975,3147300,"2026-04-22","RISE"
1995,1995,1825,1875,3920800,"2026-04-23","RISE"
1850,1850,1700,1705,3283500,"2026-04-24","RISE"
