"Open","High","Low","Close","Volume","Date","Emiten"
85.2902450561523,85.2902450561523,83.306755065918,83.306755065918,100832,"2007-01-02","SPMA"
85.2902450561523,87.2737426757812,85.2902450561523,85.2902450561523,1028488,"2007-01-03","SPMA"
87.2737426757812,87.2737426757812,85.2902450561523,85.2902450561523,3505177,"2007-01-04","SPMA"
87.2737426757812,89.2572326660156,87.2737426757812,87.2737426757812,3232931,"2007-01-05","SPMA"
87.2737426757812,87.2737426757812,85.2902450561523,85.2902450561523,380641,"2007-01-08","SPMA"
87.2737426757812,87.2737426757812,85.2902450561523,85.2902450561523,1825062,"2007-01-09","SPMA"
85.2902450561523,85.2902450561523,81.3232574462891,81.3232574462891,2288890,"2007-01-10","SPMA"
83.306755065918,83.306755065918,83.306755065918,83.306755065918,126040,"2007-01-11","SPMA"
81.3232574462891,81.3232574462891,81.3232574462891,81.3232574462891,1777166,"2007-01-12","SPMA"
83.306755065918,83.306755065918,83.306755065918,83.306755065918,115956,"2007-01-15","SPMA"
83.306755065918,83.306755065918,83.306755065918,83.306755065918,378120,"2007-01-16","SPMA"
83.306755065918,83.306755065918,81.3232574462891,81.3232574462891,80665,"2007-01-17","SPMA"
81.3232574462891,85.2902450561523,81.3232574462891,85.2902450561523,2020424,"2007-01-18","SPMA"
83.306755065918,83.306755065918,83.306755065918,83.306755065918,1034790,"2007-01-19","SPMA"
85.2902450561523,85.2902450561523,83.306755065918,83.306755065918,151248,"2007-01-22","SPMA"
81.3232574462891,83.306755065918,81.3232574462891,81.3232574462891,44114,"2007-01-23","SPMA"
81.3232574462891,83.306755065918,81.3232574462891,83.306755065918,253340,"2007-01-24","SPMA"
81.3232574462891,81.3232574462891,81.3232574462891,81.3232574462891,181497,"2007-01-25","SPMA"
81.3232574462891,81.3232574462891,81.3232574462891,81.3232574462891,63020,"2007-01-26","SPMA"
81.3232574462891,81.3232574462891,81.3232574462891,81.3232574462891,88228,"2007-01-29","SPMA"
81.3232574462891,81.3232574462891,81.3232574462891,81.3232574462891,0,"2007-01-30","SPMA"
83.306755065918,83.306755065918,83.306755065918,83.306755065918,25208,"2007-01-31","SPMA"
83.306755065918,85.2902450561523,83.306755065918,83.306755065918,2089746,"2007-02-01","SPMA"
83.306755065918,83.306755065918,83.306755065918,83.306755065918,34030,"2007-02-02","SPMA"
85.2902450561523,87.2737426757812,83.306755065918,83.306755065918,5552070,"2007-02-05","SPMA"
85.2902450561523,101.158203125,85.2902450561523,91.2407302856445,29338377,"2007-02-06","SPMA"
91.2407302856445,93.2242279052734,87.2737426757812,89.2572326660156,6425529,"2007-02-07","SPMA"
91.2407302856445,91.2407302856445,89.2572326660156,91.2407302856445,1953623,"2007-02-08","SPMA"
91.2407302856445,107.108680725098,91.2407302856445,107.108680725098,44659824,"2007-02-09","SPMA"
107.108680725098,120.993141174316,105.125190734863,105.125190734863,153068260,"2007-02-12","SPMA"
107.108680725098,107.108680725098,97.1912155151367,103.141693115234,8648878,"2007-02-13","SPMA"
105.125190734863,105.125190734863,97.1912155151367,99.1747055053711,4107650,"2007-02-14","SPMA"
97.1912155151367,99.1747055053711,95.2077178955078,97.1912155151367,5674329,"2007-02-15","SPMA"
97.1912155151367,101.158203125,97.1912155151367,99.1747055053711,5786505,"2007-02-16","SPMA"
99.1747055053711,115.042663574219,99.1747055053711,107.108680725098,30466437,"2007-02-19","SPMA"
109.092178344727,120.993141174316,107.108680725098,119.009651184082,140312992,"2007-02-20","SPMA"
120.993141174316,126.943626403809,111.075668334961,111.075668334961,132569082,"2007-02-21","SPMA"
115.042663574219,115.042663574219,107.108680725098,109.092178344727,17254903,"2007-02-22","SPMA"
107.108680725098,109.092178344727,107.108680725098,109.092178344727,1744396,"2007-02-23","SPMA"
107.108680725098,109.092178344727,105.125190734863,109.092178344727,1047394,"2007-02-26","SPMA"
107.108680725098,107.108680725098,103.141693115234,105.125190734863,234434,"2007-02-27","SPMA"
97.1912155151367,99.1747055053711,89.2572326660156,99.1747055053711,1518784,"2007-02-28","SPMA"
109.092178344727,109.092178344727,95.2077178955078,101.158203125,424755,"2007-03-01","SPMA"
101.158203125,101.158203125,95.2077178955078,95.2077178955078,746157,"2007-03-02","SPMA"
95.2077178955078,95.2077178955078,89.2572326660156,89.2572326660156,2374597,"2007-03-05","SPMA"
89.2572326660156,101.158203125,89.2572326660156,101.158203125,6711640,"2007-03-06","SPMA"
101.158203125,107.108680725098,99.1747055053711,99.1747055053711,33026313,"2007-03-07","SPMA"
103.141693115234,103.141693115234,97.1912155151367,99.1747055053711,976811,"2007-03-08","SPMA"
99.1747055053711,99.1747055053711,95.2077178955078,95.2077178955078,762543,"2007-03-09","SPMA"
95.2077178955078,99.1747055053711,95.2077178955078,99.1747055053711,2225869,"2007-03-12","SPMA"
97.1912155151367,99.1747055053711,97.1912155151367,97.1912155151367,1115455,"2007-03-13","SPMA"
95.2077178955078,101.158203125,95.2077178955078,97.1912155151367,3614832,"2007-03-14","SPMA"
99.1747055053711,105.125190734863,97.1912155151367,97.1912155151367,8225383,"2007-03-15","SPMA"
97.1912155151367,97.1912155151367,95.2077178955078,95.2077178955078,1670032,"2007-03-16","SPMA"
95.2077178955078,97.1912155151367,93.2242279052734,93.2242279052734,1216287,"2007-03-20","SPMA"
93.2242279052734,95.2077178955078,93.2242279052734,95.2077178955078,731033,"2007-03-21","SPMA"
93.2242279052734,97.1912155151367,93.2242279052734,93.2242279052734,1735573,"2007-03-22","SPMA"
97.1912155151367,99.1747055053711,97.1912155151367,99.1747055053711,3737091,"2007-03-23","SPMA"
97.1912155151367,97.1912155151367,95.2077178955078,95.2077178955078,558358,"2007-03-26","SPMA"
95.2077178955078,95.2077178955078,93.2242279052734,95.2077178955078,1516263,"2007-03-27","SPMA"
93.2242279052734,95.2077178955078,93.2242279052734,95.2077178955078,85707,"2007-03-28","SPMA"
93.2242279052734,97.1912155151367,93.2242279052734,95.2077178955078,2368295,"2007-03-29","SPMA"
97.1912155151367,99.1747055053711,95.2077178955078,95.2077178955078,2125037,"2007-03-30","SPMA"
93.2242279052734,93.2242279052734,93.2242279052734,93.2242279052734,277288,"2007-04-02","SPMA"
93.2242279052734,97.1912155151367,93.2242279052734,97.1912155151367,2142683,"2007-04-03","SPMA"
99.1747055053711,99.1747055053711,95.2077178955078,95.2077178955078,3593406,"2007-04-04","SPMA"
95.2077178955078,95.2077178955078,93.2242279052734,95.2077178955078,536931,"2007-04-05","SPMA"
95.2077178955078,97.1912155151367,95.2077178955078,95.2077178955078,2234692,"2007-04-09","SPMA"
97.1912155151367,97.1912155151367,95.2077178955078,95.2077178955078,1033529,"2007-04-10","SPMA"
95.2077178955078,95.2077178955078,95.2077178955078,95.2077178955078,1124278,"2007-04-11","SPMA"
95.2077178955078,97.1912155151367,95.2077178955078,97.1912155151367,2254859,"2007-04-12","SPMA"
97.1912155151367,99.1747055053711,97.1912155151367,99.1747055053711,2004039,"2007-04-13","SPMA"
99.1747055053711,103.141693115234,97.1912155151367,101.158203125,3824059,"2007-04-16","SPMA"
101.158203125,101.158203125,101.158203125,101.158203125,3353929,"2007-04-17","SPMA"
105.125190734863,124.96012878418,103.141693115234,122.976638793945,35134966,"2007-04-18","SPMA"
120.993141174316,124.96012878418,109.092178344727,109.092178344727,143286280,"2007-04-19","SPMA"
113.05916595459,117.026153564453,109.092178344727,111.075668334961,70998444,"2007-04-20","SPMA"
113.05916595459,130.910614013672,113.05916595459,130.910614013672,122377471,"2007-04-23","SPMA"
128.927124023438,138.844589233398,122.976638793945,128.927124023438,321833567,"2007-04-24","SPMA"
128.927124023438,130.910614013672,124.96012878418,124.96012878418,48191470,"2007-04-25","SPMA"
126.943626403809,130.910614013672,124.96012878418,124.96012878418,5795328,"2007-04-26","SPMA"
124.96012878418,126.943626403809,122.976638793945,126.943626403809,1469628,"2007-04-27","SPMA"
124.96012878418,124.96012878418,120.993141174316,120.993141174316,1096549,"2007-04-30","SPMA"
119.009651184082,124.96012878418,111.075668334961,115.042663574219,5013879,"2007-05-01","SPMA"
120.993141174316,146.778564453125,119.009651184082,124.96012878418,54047298,"2007-05-02","SPMA"
128.927124023438,128.927124023438,115.042663574219,115.042663574219,4707601,"2007-05-03","SPMA"
115.042663574219,122.976638793945,113.05916595459,113.05916595459,1864134,"2007-05-04","SPMA"
115.042663574219,115.042663574219,113.05916595459,113.05916595459,1434337,"2007-05-07","SPMA"
113.05916595459,113.05916595459,111.075668334961,113.05916595459,5494092,"2007-05-08","SPMA"
115.042663574219,120.993141174316,113.05916595459,117.026153564453,2932955,"2007-05-09","SPMA"
115.042663574219,119.009651184082,113.05916595459,119.009651184082,920093,"2007-05-10","SPMA"
117.026153564453,117.026153564453,111.075668334961,117.026153564453,1570460,"2007-05-11","SPMA"
113.05916595459,115.042663574219,113.05916595459,115.042663574219,89488,"2007-05-14","SPMA"
113.05916595459,115.042663574219,111.075668334961,113.05916595459,1270485,"2007-05-15","SPMA"
113.05916595459,117.026153564453,111.075668334961,111.075668334961,548274,"2007-05-16","SPMA"
111.075668334961,111.075668334961,109.092178344727,109.092178344727,1366275,"2007-05-21","SPMA"
109.092178344727,122.976638793945,109.092178344727,119.009651184082,3831622,"2007-05-22","SPMA"
119.009651184082,119.009651184082,111.075668334961,111.075668334961,298715,"2007-05-23","SPMA"
113.05916595459,113.05916595459,109.092178344727,111.075668334961,1126799,"2007-05-24","SPMA"
117.026153564453,117.026153564453,117.026153564453,117.026153564453,1260,"2007-05-25","SPMA"
117.026153564453,119.009651184082,115.042663574219,115.042663574219,1034790,"2007-05-28","SPMA"
115.042663574219,115.042663574219,113.05916595459,115.042663574219,789011,"2007-05-29","SPMA"
115.042663574219,117.026153564453,113.05916595459,117.026153564453,1963706,"2007-05-30","SPMA"
117.026153564453,120.993141174316,113.05916595459,119.009651184082,3779945,"2007-05-31","SPMA"
119.009651184082,120.993141174316,117.026153564453,120.993141174316,5889858,"2007-06-04","SPMA"
119.009651184082,126.943626403809,119.009651184082,122.976638793945,18578325,"2007-06-05","SPMA"
122.976638793945,130.910614013672,122.976638793945,130.910614013672,22645642,"2007-06-06","SPMA"
128.927124023438,128.927124023438,122.976638793945,122.976638793945,4534926,"2007-06-07","SPMA"
128.927124023438,128.927124023438,120.993141174316,124.96012878418,2428794,"2007-06-08","SPMA"
124.96012878418,144.795074462891,122.976638793945,144.795074462891,42410006,"2007-06-11","SPMA"
146.778564453125,154.712539672852,124.96012878418,126.943626403809,499877954,"2007-06-12","SPMA"
120.993141174316,124.96012878418,119.009651184082,122.976638793945,10129850,"2007-06-13","SPMA"
124.96012878418,126.943626403809,124.96012878418,124.96012878418,10514273,"2007-06-14","SPMA"
124.96012878418,126.943626403809,124.96012878418,126.943626403809,2751457,"2007-06-15","SPMA"
130.910614013672,130.910614013672,122.976638793945,122.976638793945,3554333,"2007-06-18","SPMA"
128.927124023438,130.910614013672,122.976638793945,124.96012878418,3128317,"2007-06-19","SPMA"
124.96012878418,130.910614013672,124.96012878418,126.943626403809,5088242,"2007-06-20","SPMA"
126.943626403809,134.87760925293,126.943626403809,128.927124023438,7104886,"2007-06-21","SPMA"
130.910614013672,136.861099243164,130.910614013672,132.894104003906,7784242,"2007-06-22","SPMA"
134.87760925293,134.87760925293,128.927124023438,130.910614013672,1457024,"2007-06-25","SPMA"
130.910614013672,130.910614013672,126.943626403809,130.910614013672,259642,"2007-06-26","SPMA"
124.96012878418,126.943626403809,124.96012878418,124.96012878418,857073,"2007-06-27","SPMA"
128.927124023438,130.910614013672,122.976638793945,124.96012878418,520546,"2007-06-28","SPMA"
128.927124023438,130.910614013672,124.96012878418,124.96012878418,5408384,"2007-06-29","SPMA"
126.943626403809,126.943626403809,124.96012878418,126.943626403809,337787,"2007-07-02","SPMA"
126.943626403809,126.943626403809,124.96012878418,126.943626403809,657929,"2007-07-03","SPMA"
128.927124023438,130.910614013672,124.96012878418,128.927124023438,531889,"2007-07-04","SPMA"
126.943626403809,128.927124023438,126.943626403809,126.943626403809,1158309,"2007-07-05","SPMA"
126.943626403809,128.927124023438,126.943626403809,128.927124023438,394505,"2007-07-06","SPMA"
128.927124023438,130.910614013672,126.943626403809,126.943626403809,1114195,"2007-07-09","SPMA"
126.943626403809,128.927124023438,124.96012878418,126.943626403809,1144445,"2007-07-10","SPMA"
128.927124023438,128.927124023438,126.943626403809,128.927124023438,986894,"2007-07-11","SPMA"
128.927124023438,128.927124023438,126.943626403809,126.943626403809,220570,"2007-07-12","SPMA"
124.96012878418,126.943626403809,124.96012878418,126.943626403809,3997995,"2007-07-13","SPMA"
130.910614013672,132.894104003906,128.927124023438,128.927124023438,6242771,"2007-07-16","SPMA"
128.927124023438,134.87760925293,128.927124023438,132.894104003906,3381658,"2007-07-17","SPMA"
132.894104003906,144.795074462891,132.894104003906,138.844589233398,36136985,"2007-07-18","SPMA"
142.811584472656,166.613510131836,142.811584472656,164.630020141602,86273256,"2007-07-19","SPMA"
164.630020141602,188.431945800781,162.646514892578,184.464950561523,547236298,"2007-07-20","SPMA"
184.464950561523,198.349411010742,172.563995361328,182.481460571289,603358218,"2007-07-23","SPMA"
182.481460571289,186.448455810547,168.59700012207,170.580490112305,100372113,"2007-07-24","SPMA"
170.580490112305,174.547485351562,166.613510131836,166.613510131836,10138673,"2007-07-25","SPMA"
166.613510131836,168.59700012207,162.646514892578,162.646514892578,6455779,"2007-07-26","SPMA"
158.679534912109,162.646514892578,150.745559692383,150.745559692383,2936736,"2007-07-27","SPMA"
158.679534912109,158.679534912109,142.811584472656,150.745559692383,2626677,"2007-07-30","SPMA"
150.745559692383,156.696044921875,138.844589233398,144.795074462891,7257394,"2007-07-31","SPMA"
156.696044921875,156.696044921875,130.910614013672,134.87760925293,8977843,"2007-08-01","SPMA"
136.861099243164,138.844589233398,130.910614013672,134.87760925293,2912789,"2007-08-02","SPMA"
130.910614013672,130.910614013672,126.943626403809,128.927124023438,1065039,"2007-08-03","SPMA"
119.009651184082,122.976638793945,119.009651184082,120.993141174316,1986393,"2007-08-06","SPMA"
122.976638793945,122.976638793945,119.009651184082,119.009651184082,3645082,"2007-08-07","SPMA"
119.009651184082,136.861099243164,119.009651184082,128.927124023438,5637778,"2007-08-08","SPMA"
128.927124023438,132.894104003906,122.976638793945,126.943626403809,2960684,"2007-08-09","SPMA"
119.009651184082,122.976638793945,119.009651184082,120.993141174316,1678855,"2007-08-10","SPMA"
120.993141174316,120.993141174316,120.993141174316,120.993141174316,0,"2007-08-13","SPMA"
119.009651184082,119.009651184082,115.042663574219,119.009651184082,718429,"2007-08-14","SPMA"
113.05916595459,113.05916595459,105.125190734863,111.075668334961,1850270,"2007-08-15","SPMA"
99.1747055053711,107.108680725098,79.3397674560547,85.2902450561523,7619130,"2007-08-16","SPMA"
99.1747055053711,105.125190734863,91.2407302856445,101.158203125,3593406,"2007-08-20","SPMA"
97.1912155151367,97.1912155151367,91.2407302856445,91.2407302856445,1088987,"2007-08-21","SPMA"
93.2242279052734,107.108680725098,93.2242279052734,107.108680725098,4379896,"2007-08-22","SPMA"
113.05916595459,130.910614013672,109.092178344727,128.927124023438,45650500,"2007-08-23","SPMA"
119.009651184082,132.894104003906,117.026153564453,117.026153564453,108829410,"2007-08-24","SPMA"
120.993141174316,122.976638793945,115.042663574219,115.042663574219,4687435,"2007-08-27","SPMA"
111.075668334961,119.009651184082,109.092178344727,109.092178344727,4561394,"2007-08-28","SPMA"
107.108680725098,109.092178344727,101.158203125,109.092178344727,4788267,"2007-08-29","SPMA"
109.092178344727,113.05916595459,105.125190734863,107.108680725098,1078904,"2007-08-30","SPMA"
109.092178344727,113.05916595459,109.092178344727,111.075668334961,2179235,"2007-08-31","SPMA"
111.075668334961,113.05916595459,105.125190734863,109.092178344727,1101591,"2007-09-03","SPMA"
109.092178344727,115.042663574219,107.108680725098,111.075668334961,2995975,"2007-09-04","SPMA"
115.042663574219,115.042663574219,109.092178344727,113.05916595459,685658,"2007-09-05","SPMA"
113.05916595459,113.05916595459,109.092178344727,111.075668334961,270986,"2007-09-06","SPMA"
111.075668334961,115.042663574219,111.075668334961,111.075668334961,1091508,"2007-09-07","SPMA"
107.108680725098,113.05916595459,107.108680725098,109.092178344727,2223349,"2007-09-10","SPMA"
113.05916595459,119.009651184082,113.05916595459,115.042663574219,7185551,"2007-09-11","SPMA"
113.05916595459,115.042663574219,111.075668334961,115.042663574219,1180996,"2007-09-12","SPMA"
115.042663574219,115.042663574219,115.042663574219,115.042663574219,75624,"2007-09-13","SPMA"
115.042663574219,115.042663574219,111.075668334961,115.042663574219,120998,"2007-09-14","SPMA"
119.009651184082,119.009651184082,111.075668334961,111.075668334961,1112934,"2007-09-17","SPMA"
111.075668334961,111.075668334961,109.092178344727,109.092178344727,541972,"2007-09-18","SPMA"
117.026153564453,130.910614013672,111.075668334961,128.927124023438,60045551,"2007-09-19","SPMA"
130.910614013672,132.894104003906,124.96012878418,126.943626403809,15776451,"2007-09-20","SPMA"
124.96012878418,126.943626403809,120.993141174316,122.976638793945,5628955,"2007-09-21","SPMA"
124.96012878418,136.861099243164,122.976638793945,126.943626403809,64860286,"2007-09-24","SPMA"
126.943626403809,128.927124023438,122.976638793945,122.976638793945,2920351,"2007-09-25","SPMA"
124.96012878418,124.96012878418,120.993141174316,124.96012878418,1828843,"2007-09-26","SPMA"
124.96012878418,128.927124023438,124.96012878418,124.96012878418,2212005,"2007-09-27","SPMA"
128.927124023438,128.927124023438,122.976638793945,122.976638793945,1033529,"2007-09-28","SPMA"
126.943626403809,126.943626403809,120.993141174316,122.976638793945,954124,"2007-10-01","SPMA"
126.943626403809,126.943626403809,122.976638793945,122.976638793945,1270485,"2007-10-02","SPMA"
124.96012878418,124.96012878418,120.993141174316,120.993141174316,1022186,"2007-10-03","SPMA"
120.993141174316,122.976638793945,120.993141174316,120.993141174316,695741,"2007-10-04","SPMA"
120.993141174316,120.993141174316,120.993141174316,120.993141174316,481473,"2007-10-05","SPMA"
120.993141174316,122.976638793945,119.009651184082,119.009651184082,1425514,"2007-10-08","SPMA"
119.009651184082,120.993141174316,119.009651184082,120.993141174316,1226371,"2007-10-09","SPMA"
120.993141174316,124.96012878418,120.993141174316,124.96012878418,2755238,"2007-10-10","SPMA"
120.993141174316,124.96012878418,119.009651184082,119.009651184082,708345,"2007-10-11","SPMA"
124.96012878418,124.96012878418,119.009651184082,122.976638793945,884802,"2007-10-17","SPMA"
120.993141174316,126.943626403809,120.993141174316,122.976638793945,3249316,"2007-10-18","SPMA"
120.993141174316,120.993141174316,119.009651184082,119.009651184082,986894,"2007-10-19","SPMA"
111.075668334961,119.009651184082,111.075668334961,113.05916595459,2359472,"2007-10-22","SPMA"
117.026153564453,119.009651184082,117.026153564453,117.026153564453,352912,"2007-10-23","SPMA"
117.026153564453,120.993141174316,115.042663574219,115.042663574219,771366,"2007-10-24","SPMA"
115.042663574219,117.026153564453,115.042663574219,115.042663574219,133602,"2007-10-25","SPMA"
115.042663574219,117.026153564453,113.05916595459,115.042663574219,611294,"2007-10-26","SPMA"
113.05916595459,117.026153564453,111.075668334961,115.042663574219,2853550,"2007-10-29","SPMA"
115.042663574219,115.042663574219,113.05916595459,115.042663574219,260903,"2007-10-30","SPMA"
113.05916595459,115.042663574219,113.05916595459,115.042663574219,407109,"2007-10-31","SPMA"
115.042663574219,117.026153564453,115.042663574219,115.042663574219,2373336,"2007-11-01","SPMA"
113.05916595459,115.042663574219,113.05916595459,113.05916595459,611294,"2007-11-02","SPMA"
113.05916595459,113.05916595459,111.075668334961,111.075668334961,810438,"2007-11-05","SPMA"
111.075668334961,115.042663574219,111.075668334961,113.05916595459,668013,"2007-11-06","SPMA"
111.075668334961,111.075668334961,111.075668334961,111.075668334961,1241495,"2007-11-07","SPMA"
109.092178344727,109.092178344727,103.141693115234,107.108680725098,762543,"2007-11-08","SPMA"
107.108680725098,107.108680725098,105.125190734863,105.125190734863,829344,"2007-11-09","SPMA"
103.141693115234,113.05916595459,103.141693115234,113.05916595459,584826,"2007-11-12","SPMA"
105.125190734863,107.108680725098,105.125190734863,107.108680725098,273507,"2007-11-13","SPMA"
107.108680725098,111.075668334961,105.125190734863,111.075668334961,478952,"2007-11-14","SPMA"
107.108680725098,113.05916595459,107.108680725098,113.05916595459,581045,"2007-11-15","SPMA"
113.05916595459,113.05916595459,109.092178344727,111.075668334961,741116,"2007-11-16","SPMA"
115.042663574219,115.042663574219,109.092178344727,109.092178344727,670533,"2007-11-19","SPMA"
107.108680725098,111.075668334961,107.108680725098,111.075668334961,751199,"2007-11-20","SPMA"
109.092178344727,113.05916595459,109.092178344727,109.092178344727,623898,"2007-11-21","SPMA"
107.108680725098,109.092178344727,107.108680725098,109.092178344727,693221,"2007-11-22","SPMA"
113.05916595459,115.042663574219,111.075668334961,113.05916595459,2974548,"2007-11-23","SPMA"
113.05916595459,113.05916595459,113.05916595459,113.05916595459,787751,"2007-11-26","SPMA"
109.092178344727,111.075668334961,109.092178344727,111.075668334961,151248,"2007-11-27","SPMA"
113.05916595459,113.05916595459,109.092178344727,111.075668334961,201664,"2007-11-28","SPMA"
111.075668334961,111.075668334961,107.108680725098,107.108680725098,724731,"2007-11-29","SPMA"
107.108680725098,107.108680725098,107.108680725098,107.108680725098,0,"2007-11-30","SPMA"
105.125190734863,109.092178344727,105.125190734863,107.108680725098,264684,"2007-12-03","SPMA"
109.092178344727,115.042663574219,107.108680725098,115.042663574219,239476,"2007-12-04","SPMA"
113.05916595459,113.05916595459,111.075668334961,111.075668334961,94530,"2007-12-05","SPMA"
111.075668334961,115.042663574219,109.092178344727,115.042663574219,772626,"2007-12-06","SPMA"
109.092178344727,109.092178344727,109.092178344727,109.092178344727,100832,"2007-12-07","SPMA"
113.05916595459,113.05916595459,113.05916595459,113.05916595459,2520,"2007-12-10","SPMA"
113.05916595459,113.05916595459,113.05916595459,113.05916595459,12604,"2007-12-11","SPMA"
109.092178344727,113.05916595459,109.092178344727,113.05916595459,399547,"2007-12-12","SPMA"
109.092178344727,115.042663574219,109.092178344727,115.042663574219,45374,"2007-12-13","SPMA"
115.042663574219,115.042663574219,115.042663574219,115.042663574219,0,"2007-12-14","SPMA"
109.092178344727,109.092178344727,103.141693115234,109.092178344727,766324,"2007-12-17","SPMA"
107.108680725098,107.108680725098,103.141693115234,103.141693115234,141165,"2007-12-18","SPMA"
103.141693115234,103.141693115234,101.158203125,103.141693115234,403328,"2007-12-19","SPMA"
107.108680725098,107.108680725098,105.125190734863,107.108680725098,86967,"2007-12-26","SPMA"
101.158203125,105.125190734863,101.158203125,105.125190734863,593649,"2007-12-27","SPMA"
105.125190734863,107.108680725098,105.125190734863,107.108680725098,322662,"2007-12-28","SPMA"
107.108680725098,107.108680725098,107.108680725098,107.108680725098,0,"2007-12-31","SPMA"
107.108680725098,107.108680725098,107.108680725098,107.108680725098,0,"2008-01-02","SPMA"
107.108680725098,107.108680725098,107.108680725098,107.108680725098,0,"2008-01-03","SPMA"
107.108680725098,107.108680725098,103.141693115234,103.141693115234,196622,"2008-01-04","SPMA"
103.141693115234,107.108680725098,103.141693115234,107.108680725098,51676,"2008-01-07","SPMA"
103.141693115234,107.108680725098,103.141693115234,103.141693115234,240736,"2008-01-08","SPMA"
103.141693115234,115.042663574219,103.141693115234,115.042663574219,4147982,"2008-01-09","SPMA"
111.075668334961,115.042663574219,109.092178344727,113.05916595459,1482232,"2008-01-14","SPMA"
107.108680725098,113.05916595459,105.125190734863,107.108680725098,307538,"2008-01-15","SPMA"
105.125190734863,107.108680725098,101.158203125,101.158203125,2209484,"2008-01-16","SPMA"
107.108680725098,109.092178344727,105.125190734863,105.125190734863,1870436,"2008-01-17","SPMA"
99.1747055053711,105.125190734863,99.1747055053711,103.141693115234,46634,"2008-01-18","SPMA"
99.1747055053711,105.125190734863,97.1912155151367,99.1747055053711,3965224,"2008-01-21","SPMA"
85.2902450561523,97.1912155151367,85.2902450561523,95.2077178955078,362995,"2008-01-22","SPMA"
97.1912155151367,97.1912155151367,97.1912155151367,97.1912155151367,426015,"2008-01-23","SPMA"
99.1747055053711,101.158203125,97.1912155151367,101.158203125,879760,"2008-01-24","SPMA"
99.1747055053711,105.125190734863,99.1747055053711,103.141693115234,7147739,"2008-01-25","SPMA"
99.1747055053711,107.108680725098,97.1912155151367,101.158203125,3440897,"2008-01-28","SPMA"
101.158203125,101.158203125,101.158203125,101.158203125,50416,"2008-01-29","SPMA"
103.141693115234,103.141693115234,103.141693115234,103.141693115234,132342,"2008-01-30","SPMA"
99.1747055053711,103.141693115234,99.1747055053711,103.141693115234,26468,"2008-01-31","SPMA"
97.1912155151367,97.1912155151367,97.1912155151367,97.1912155151367,252080,"2008-02-01","SPMA"
99.1747055053711,99.1747055053711,99.1747055053711,99.1747055053711,258382,"2008-02-04","SPMA"
99.1747055053711,103.141693115234,97.1912155151367,97.1912155151367,1402827,"2008-02-05","SPMA"
95.2077178955078,95.2077178955078,95.2077178955078,95.2077178955078,151248,"2008-02-06","SPMA"
87.2737426757812,87.2737426757812,87.2737426757812,87.2737426757812,22687,"2008-02-11","SPMA"
97.1912155151367,97.1912155151367,97.1912155151367,97.1912155151367,1260,"2008-02-12","SPMA"
93.2242279052734,97.1912155151367,93.2242279052734,93.2242279052734,1008321,"2008-02-13","SPMA"
93.2242279052734,95.2077178955078,93.2242279052734,95.2077178955078,127300,"2008-02-14","SPMA"
91.2407302856445,95.2077178955078,91.2407302856445,95.2077178955078,64280,"2008-02-15","SPMA"
95.2077178955078,95.2077178955078,95.2077178955078,95.2077178955078,0,"2008-02-18","SPMA"
95.2077178955078,95.2077178955078,93.2242279052734,93.2242279052734,31510,"2008-02-19","SPMA"
91.2407302856445,91.2407302856445,91.2407302856445,91.2407302856445,126040,"2008-02-20","SPMA"
91.2407302856445,95.2077178955078,87.2737426757812,95.2077178955078,218049,"2008-02-21","SPMA"
95.2077178955078,95.2077178955078,95.2077178955078,95.2077178955078,0,"2008-02-22","SPMA"
95.2077178955078,99.1747055053711,95.2077178955078,99.1747055053711,156289,"2008-02-25","SPMA"
99.1747055053711,99.1747055053711,99.1747055053711,99.1747055053711,0,"2008-02-26","SPMA"
95.2077178955078,95.2077178955078,95.2077178955078,95.2077178955078,34030,"2008-02-27","SPMA"
91.2407302856445,91.2407302856445,91.2407302856445,91.2407302856445,39072,"2008-02-28","SPMA"
91.2407302856445,91.2407302856445,89.2572326660156,91.2407302856445,1659949,"2008-02-29","SPMA"
89.2572326660156,95.2077178955078,89.2572326660156,89.2572326660156,591128,"2008-03-03","SPMA"
89.2572326660156,95.2077178955078,89.2572326660156,95.2077178955078,108394,"2008-03-04","SPMA"
91.2407302856445,95.2077178955078,89.2572326660156,95.2077178955078,127300,"2008-03-05","SPMA"
91.2407302856445,95.2077178955078,89.2572326660156,95.2077178955078,253340,"2008-03-06","SPMA"
87.2737426757812,95.2077178955078,87.2737426757812,95.2077178955078,253340,"2008-03-10","SPMA"
87.2737426757812,87.2737426757812,87.2737426757812,87.2737426757812,294934,"2008-03-11","SPMA"
87.2737426757812,87.2737426757812,87.2737426757812,87.2737426757812,6302,"2008-03-12","SPMA"
85.2902450561523,85.2902450561523,85.2902450561523,85.2902450561523,332746,"2008-03-13","SPMA"
95.2077178955078,95.2077178955078,81.3232574462891,81.3232574462891,2031768,"2008-03-14","SPMA"
79.3397674560547,87.2737426757812,79.3397674560547,87.2737426757812,141165,"2008-03-17","SPMA"
93.2242279052734,93.2242279052734,79.3397674560547,93.2242279052734,2099829,"2008-03-18","SPMA"
83.306755065918,93.2242279052734,83.306755065918,89.2572326660156,162591,"2008-03-19","SPMA"
83.306755065918,87.2737426757812,83.306755065918,87.2737426757812,662971,"2008-03-24","SPMA"
87.2737426757812,89.2572326660156,87.2737426757812,89.2572326660156,1724229,"2008-03-25","SPMA"
85.2902450561523,89.2572326660156,85.2902450561523,87.2737426757812,152508,"2008-03-26","SPMA"
87.2737426757812,87.2737426757812,87.2737426757812,87.2737426757812,63020,"2008-03-27","SPMA"
89.2572326660156,89.2572326660156,87.2737426757812,87.2737426757812,32770,"2008-03-28","SPMA"
87.2737426757812,87.2737426757812,83.306755065918,83.306755065918,341568,"2008-03-31","SPMA"
87.2737426757812,87.2737426757812,83.306755065918,85.2902450561523,2518283,"2008-04-01","SPMA"
83.306755065918,85.2902450561523,83.306755065918,83.306755065918,1109153,"2008-04-02","SPMA"
83.306755065918,83.306755065918,81.3232574462891,81.3232574462891,1973789,"2008-04-03","SPMA"
79.3397674560547,87.2737426757812,79.3397674560547,83.306755065918,2546012,"2008-04-04","SPMA"
83.306755065918,95.2077178955078,83.306755065918,85.2902450561523,43884676,"2008-04-07","SPMA"
85.2902450561523,85.2902450561523,83.306755065918,83.306755065918,1189819,"2008-04-08","SPMA"
83.306755065918,93.2242279052734,81.3232574462891,83.306755065918,2572480,"2008-04-09","SPMA"
83.306755065918,87.2737426757812,83.306755065918,85.2902450561523,371818,"2008-04-10","SPMA"
85.2902450561523,89.2572326660156,85.2902450561523,89.2572326660156,1294432,"2008-04-11","SPMA"
83.306755065918,87.2737426757812,83.306755065918,87.2737426757812,126040,"2008-04-14","SPMA"
89.2572326660156,117.026153564453,89.2572326660156,109.092178344727,149529051,"2008-04-15","SPMA"
109.092178344727,119.009651184082,99.1747055053711,105.125190734863,205369901,"2008-04-16","SPMA"
105.125190734863,105.125190734863,93.2242279052734,93.2242279052734,4993712,"2008-04-17","SPMA"
95.2077178955078,97.1912155151367,89.2572326660156,89.2572326660156,1657428,"2008-04-18","SPMA"
89.2572326660156,91.2407302856445,85.2902450561523,87.2737426757812,3294690,"2008-04-21","SPMA"
83.306755065918,91.2407302856445,83.306755065918,89.2572326660156,5899941,"2008-04-22","SPMA"
89.2572326660156,95.2077178955078,89.2572326660156,91.2407302856445,6780962,"2008-04-23","SPMA"
87.2737426757812,87.2737426757812,87.2737426757812,87.2737426757812,944041,"2008-04-24","SPMA"
87.2737426757812,87.2737426757812,83.306755065918,85.2902450561523,664231,"2008-04-25","SPMA"
85.2902450561523,91.2407302856445,85.2902450561523,87.2737426757812,4150503,"2008-04-28","SPMA"
89.2572326660156,97.1912155151367,89.2572326660156,91.2407302856445,7661983,"2008-04-29","SPMA"
95.2077178955078,95.2077178955078,87.2737426757812,89.2572326660156,3275784,"2008-04-30","SPMA"
91.2407302856445,93.2242279052734,89.2572326660156,93.2242279052734,2438877,"2008-05-05","SPMA"
89.2572326660156,93.2242279052734,89.2572326660156,93.2242279052734,4102608,"2008-05-06","SPMA"
91.2407302856445,93.2242279052734,91.2407302856445,91.2407302856445,2326702,"2008-05-07","SPMA"
91.2407302856445,93.2242279052734,91.2407302856445,93.2242279052734,689439,"2008-05-08","SPMA"
95.2077178955078,103.141693115234,95.2077178955078,97.1912155151367,6111689,"2008-05-09","SPMA"
99.1747055053711,117.026153564453,99.1747055053711,115.042663574219,33080510,"2008-05-12","SPMA"
119.009651184082,120.993141174316,111.075668334961,113.05916595459,15365560,"2008-05-13","SPMA"
111.075668334961,115.042663574219,107.108680725098,111.075668334961,3016141,"2008-05-14","SPMA"
111.075668334961,126.943626403809,109.092178344727,117.026153564453,27725062,"2008-05-15","SPMA"
119.009651184082,120.993141174316,117.026153564453,120.993141174316,15855857,"2008-05-16","SPMA"
130.910614013672,156.696044921875,130.910614013672,146.778564453125,27563731,"2008-05-21","SPMA"
152.729049682617,188.431945800781,152.729049682617,182.481460571289,147831290,"2008-05-22","SPMA"
196.365921020508,200.332916259766,162.646514892578,166.613510131836,79512460,"2008-05-23","SPMA"
158.679534912109,170.580490112305,158.679534912109,168.59700012207,3370314,"2008-05-26","SPMA"
176.530975341797,176.530975341797,158.679534912109,164.630020141602,9330756,"2008-05-27","SPMA"
170.580490112305,176.530975341797,154.712539672852,156.696044921875,18144747,"2008-05-28","SPMA"
158.679534912109,158.679534912109,148.762054443359,148.762054443359,5099586,"2008-05-29","SPMA"
146.778564453125,152.729049682617,140.828079223633,144.795074462891,9221101,"2008-05-30","SPMA"
142.811584472656,144.795074462891,138.844589233398,144.795074462891,5700798,"2008-06-02","SPMA"
138.844589233398,148.762054443359,136.861099243164,148.762054443359,8459818,"2008-06-03","SPMA"
148.762054443359,164.630020141602,148.762054443359,160.663024902344,75871158,"2008-06-04","SPMA"
160.663024902344,172.563995361328,158.679534912109,164.630020141602,117551392,"2008-06-05","SPMA"
166.613510131836,172.563995361328,154.712539672852,156.696044921875,70626626,"2008-06-06","SPMA"
154.712539672852,160.663024902344,146.778564453125,146.778564453125,37018006,"2008-06-09","SPMA"
146.778564453125,146.778564453125,138.844589233398,138.844589233398,5863390,"2008-06-10","SPMA"
138.844589233398,150.745559692383,138.844589233398,140.828079223633,4286627,"2008-06-11","SPMA"
144.795074462891,148.762054443359,140.828079223633,140.828079223633,2354430,"2008-06-12","SPMA"
140.828079223633,144.795074462891,138.844589233398,138.844589233398,1783468,"2008-06-13","SPMA"
144.795074462891,144.795074462891,138.844589233398,140.828079223633,1376358,"2008-06-16","SPMA"
142.811584472656,146.778564453125,142.811584472656,144.795074462891,5499133,"2008-06-17","SPMA"
146.778564453125,152.729049682617,140.828079223633,144.795074462891,12921641,"2008-06-18","SPMA"
146.778564453125,146.778564453125,140.828079223633,140.828079223633,1395265,"2008-06-19","SPMA"
144.795074462891,146.778564453125,140.828079223633,142.811584472656,1281828,"2008-06-20","SPMA"
138.844589233398,140.828079223633,138.844589233398,138.844589233398,1072602,"2008-06-23","SPMA"
138.844589233398,138.844589233398,136.861099243164,136.861099243164,849510,"2008-06-24","SPMA"
136.861099243164,138.844589233398,136.861099243164,136.861099243164,226872,"2008-06-25","SPMA"
138.844589233398,142.811584472656,134.87760925293,136.861099243164,1841447,"2008-06-26","SPMA"
134.87760925293,134.87760925293,132.894104003906,132.894104003906,1358713,"2008-06-27","SPMA"
134.87760925293,136.861099243164,130.910614013672,132.894104003906,365516,"2008-06-30","SPMA"
134.87760925293,134.87760925293,130.910614013672,132.894104003906,511723,"2008-07-01","SPMA"
134.87760925293,138.844589233398,132.894104003906,136.861099243164,1317120,"2008-07-02","SPMA"
132.894104003906,144.795074462891,130.910614013672,142.811584472656,9175726,"2008-07-03","SPMA"
144.795074462891,152.729049682617,142.811584472656,152.729049682617,18657730,"2008-07-04","SPMA"
154.712539672852,164.630020141602,150.745559692383,150.745559692383,24744212,"2008-07-07","SPMA"
150.745559692383,152.729049682617,142.811584472656,142.811584472656,3346367,"2008-07-08","SPMA"
144.795074462891,148.762054443359,138.844589233398,138.844589233398,2310316,"2008-07-09","SPMA"
136.861099243164,146.778564453125,136.861099243164,138.844589233398,7460319,"2008-07-10","SPMA"
140.828079223633,142.811584472656,134.87760925293,136.861099243164,3317378,"2008-07-11","SPMA"
136.861099243164,136.861099243164,132.894104003906,134.87760925293,1361234,"2008-07-14","SPMA"
132.894104003906,132.894104003906,128.927124023438,128.927124023438,1537690,"2008-07-15","SPMA"
128.927124023438,136.861099243164,128.927124023438,130.910614013672,1778427,"2008-07-16","SPMA"
134.87760925293,136.861099243164,128.927124023438,128.927124023438,2256119,"2008-07-17","SPMA"
132.894104003906,134.87760925293,128.927124023438,128.927124023438,801615,"2008-07-18","SPMA"
132.894104003906,132.894104003906,128.927124023438,132.894104003906,507942,"2008-07-21","SPMA"
134.87760925293,134.87760925293,128.927124023438,128.927124023438,102092,"2008-07-22","SPMA"
128.927124023438,134.87760925293,128.927124023438,134.87760925293,1077643,"2008-07-23","SPMA"
132.894104003906,134.87760925293,128.927124023438,130.910614013672,1905727,"2008-07-24","SPMA"
130.910614013672,136.861099243164,128.927124023438,134.87760925293,3159827,"2008-07-25","SPMA"
126.943626403809,132.894104003906,126.943626403809,130.910614013672,4223607,"2008-07-28","SPMA"
126.943626403809,130.910614013672,126.943626403809,130.910614013672,3550552,"2008-07-29","SPMA"
130.910614013672,132.894104003906,128.927124023438,128.927124023438,2353170,"2008-07-31","SPMA"
128.927124023438,130.910614013672,126.943626403809,126.943626403809,3038829,"2008-08-01","SPMA"
126.943626403809,128.927124023438,124.96012878418,124.96012878418,1543992,"2008-08-04","SPMA"
124.96012878418,124.96012878418,119.009651184082,119.009651184082,1501138,"2008-08-05","SPMA"
124.96012878418,124.96012878418,119.009651184082,119.009651184082,3443418,"2008-08-06","SPMA"
117.026153564453,120.993141174316,115.042663574219,115.042663574219,1929675,"2008-08-07","SPMA"
115.042663574219,117.026153564453,111.075668334961,111.075668334961,661711,"2008-08-08","SPMA"
111.075668334961,111.075668334961,99.1747055053711,101.158203125,899927,"2008-08-11","SPMA"
103.141693115234,103.141693115234,93.2242279052734,93.2242279052734,2461565,"2008-08-12","SPMA"
89.2572326660156,93.2242279052734,89.2572326660156,93.2242279052734,429797,"2008-08-13","SPMA"
93.2242279052734,99.1747055053711,93.2242279052734,97.1912155151367,1338546,"2008-08-14","SPMA"
91.2407302856445,93.2242279052734,91.2407302856445,93.2242279052734,47895,"2008-08-15","SPMA"
91.2407302856445,93.2242279052734,89.2572326660156,91.2407302856445,293673,"2008-08-19","SPMA"
91.2407302856445,91.2407302856445,87.2737426757812,89.2572326660156,441140,"2008-08-20","SPMA"
91.2407302856445,95.2077178955078,91.2407302856445,95.2077178955078,1676334,"2008-08-21","SPMA"
99.1747055053711,99.1747055053711,91.2407302856445,95.2077178955078,846990,"2008-08-22","SPMA"
93.2242279052734,95.2077178955078,93.2242279052734,95.2077178955078,17645,"2008-08-25","SPMA"
91.2407302856445,91.2407302856445,91.2407302856445,91.2407302856445,12604,"2008-08-26","SPMA"
93.2242279052734,95.2077178955078,93.2242279052734,93.2242279052734,417193,"2008-08-27","SPMA"
95.2077178955078,101.158203125,95.2077178955078,95.2077178955078,3052693,"2008-08-28","SPMA"
95.2077178955078,97.1912155151367,93.2242279052734,93.2242279052734,403328,"2008-08-29","SPMA"
93.2242279052734,97.1912155151367,93.2242279052734,95.2077178955078,258382,"2008-09-01","SPMA"
97.1912155151367,97.1912155151367,91.2407302856445,93.2242279052734,676835,"2008-09-02","SPMA"
91.2407302856445,91.2407302856445,89.2572326660156,91.2407302856445,573482,"2008-09-03","SPMA"
91.2407302856445,91.2407302856445,91.2407302856445,91.2407302856445,523066,"2008-09-04","SPMA"
89.2572326660156,89.2572326660156,87.2737426757812,87.2737426757812,1247797,"2008-09-05","SPMA"
91.2407302856445,95.2077178955078,89.2572326660156,89.2572326660156,3333763,"2008-09-08","SPMA"
87.2737426757812,87.2737426757812,79.3397674560547,83.306755065918,1241495,"2008-09-09","SPMA"
79.3397674560547,85.2902450561523,75.3727798461914,75.3727798461914,1535169,"2008-09-10","SPMA"
75.3727798461914,80.9265594482422,75.3727798461914,76.9595718383789,1435597,"2008-09-11","SPMA"
79.3397674560547,79.3397674560547,71.4057922363281,72.9925842285156,1494836,"2008-09-12","SPMA"
67.4388046264648,71.0090866088867,63.4718132019043,63.4718132019043,444921,"2008-09-15","SPMA"
59.504825592041,63.4718132019043,53.5543403625488,61.4883193969727,1116716,"2008-09-16","SPMA"
61.4883193969727,74.9760818481445,61.4883193969727,73.7859802246094,3792549,"2008-09-17","SPMA"
74.5793762207031,81.3232574462891,74.5793762207031,75.3727798461914,2363253,"2008-09-18","SPMA"
75.3727798461914,83.306755065918,75.3727798461914,79.3397674560547,973030,"2008-09-19","SPMA"
83.306755065918,83.306755065918,79.3397674560547,79.3397674560547,1242756,"2008-09-22","SPMA"
81.3232574462891,83.306755065918,79.3397674560547,79.3397674560547,794053,"2008-09-23","SPMA"
83.306755065918,83.306755065918,81.3232574462891,81.3232574462891,978071,"2008-09-24","SPMA"
83.306755065918,83.306755065918,79.3397674560547,79.3397674560547,639023,"2008-09-25","SPMA"
79.3397674560547,79.3397674560547,79.3397674560547,79.3397674560547,355433,"2008-09-26","SPMA"
77.3562698364258,77.3562698364258,65.4553070068359,65.4553070068359,2306535,"2008-10-06","SPMA"
60.2982215881348,65.4553070068359,59.504825592041,61.4883193969727,1789770,"2008-10-07","SPMA"
55.5378341674805,55.5378341674805,55.5378341674805,55.5378341674805,403328,"2008-10-08","SPMA"
55.5378341674805,55.5378341674805,55.5378341674805,55.5378341674805,0,"2008-10-09","SPMA"
55.5378341674805,55.5378341674805,55.5378341674805,55.5378341674805,0,"2008-10-10","SPMA"
55.5378341674805,55.5378341674805,55.5378341674805,55.5378341674805,0,"2008-10-13","SPMA"
55.9345359802246,61.0916175842285,55.9345359802246,61.0916175842285,668013,"2008-10-14","SPMA"
59.504825592041,59.504825592041,55.5378341674805,55.5378341674805,61759,"2008-10-15","SPMA"
55.5378341674805,55.5378341674805,52.3642463684082,53.5543403625488,201664,"2008-10-16","SPMA"
51.5708465576172,53.5543403625488,51.5708465576172,51.5708465576172,391985,"2008-10-17","SPMA"
48.0005569458008,55.5378341674805,48.0005569458008,49.1906547546387,380641,"2008-10-20","SPMA"
48.0005569458008,48.0005569458008,45.2236671447754,46.8104629516602,453744,"2008-10-21","SPMA"
42.8434715270996,42.8434715270996,42.4467735290527,42.4467735290527,836906,"2008-10-22","SPMA"
39.2731857299805,39.2731857299805,38.4797859191895,38.4797859191895,315100,"2008-10-23","SPMA"
34.909496307373,35.7028923034668,34.909496307373,35.7028923034668,864635,"2008-10-24","SPMA"
32.1326065063477,32.1326065063477,32.1326065063477,32.1326065063477,1298214,"2008-10-27","SPMA"
28.9590148925781,31.7359066009521,28.9590148925781,31.7359066009521,611294,"2008-10-28","SPMA"
28.5623149871826,30.5458087921143,28.5623149871826,30.1491107940674,1953623,"2008-10-29","SPMA"
29.7524127960205,32.9260025024414,29.7524127960205,32.9260025024414,1762041,"2008-10-30","SPMA"
35.7028923034668,35.7028923034668,33.3227005004883,33.7193984985352,1051175,"2008-10-31","SPMA"
33.7193984985352,39.6698837280273,33.7193984985352,39.6698837280273,931437,"2008-11-03","SPMA"
38.8764839172363,46.8104629516602,37.6863861083984,41.653377532959,589868,"2008-11-04","SPMA"
47.6038589477539,47.6038589477539,42.0500755310059,43.6368713378906,1903207,"2008-11-05","SPMA"
39.6698837280273,39.6698837280273,39.2731857299805,39.6698837280273,678096,"2008-11-06","SPMA"
35.7028923034668,39.2731857299805,35.7028923034668,39.2731857299805,221830,"2008-11-07","SPMA"
39.6698837280273,40.0665817260742,38.4797859191895,40.0665817260742,65540,"2008-11-10","SPMA"
39.6698837280273,41.2566795349121,38.0830879211426,39.6698837280273,2073361,"2008-11-11","SPMA"
39.6698837280273,41.2566795349121,38.0830879211426,38.0830879211426,4149243,"2008-11-12","SPMA"
36.8929901123047,36.8929901123047,34.5127983093262,35.7028923034668,673054,"2008-11-13","SPMA"
36.0995941162109,36.8929901123047,35.7028923034668,35.7028923034668,307538,"2008-11-14","SPMA"
37.6863861083984,37.6863861083984,37.6863861083984,37.6863861083984,1260,"2008-11-17","SPMA"
37.6863861083984,37.6863861083984,37.6863861083984,37.6863861083984,0,"2008-11-18","SPMA"
37.6863861083984,37.6863861083984,37.6863861083984,37.6863861083984,0,"2008-11-19","SPMA"
34.1161003112793,36.0995941162109,34.1161003112793,36.0995941162109,3781,"2008-11-20","SPMA"
36.8929901123047,37.2896881103516,36.8929901123047,37.2896881103516,3781,"2008-11-21","SPMA"
37.2896881103516,37.2896881103516,37.2896881103516,37.2896881103516,0,"2008-11-24","SPMA"
33.7193984985352,37.6863861083984,33.7193984985352,37.6863861083984,25208,"2008-11-25","SPMA"
40.0665817260742,40.0665817260742,34.1161003112793,34.1161003112793,50416,"2008-11-26","SPMA"
37.6863861083984,37.6863861083984,37.6863861083984,37.6863861083984,1260,"2008-11-27","SPMA"
35.7028923034668,36.8929901123047,35.7028923034668,36.8929901123047,23947,"2008-11-28","SPMA"
34.5127983093262,34.5127983093262,34.5127983093262,34.5127983093262,66801,"2008-12-01","SPMA"
33.7193984985352,33.7193984985352,33.7193984985352,33.7193984985352,75624,"2008-12-02","SPMA"
32.1326065063477,32.5293045043945,31.7359066009521,31.7359066009521,418453,"2008-12-03","SPMA"
31.3392066955566,37.6863861083984,30.9425086975098,37.6863861083984,137383,"2008-12-04","SPMA"
37.6863861083984,37.6863861083984,34.1161003112793,37.2896881103516,119738,"2008-12-05","SPMA"
33.7193984985352,37.2896881103516,33.7193984985352,37.2896881103516,39072,"2008-12-09","SPMA"
37.2896881103516,39.6698837280273,37.2896881103516,39.6698837280273,11343,"2008-12-10","SPMA"
35.7028923034668,37.6863861083984,35.7028923034668,37.6863861083984,288632,"2008-12-11","SPMA"
39.2731857299805,39.2731857299805,34.1161003112793,35.7028923034668,55457,"2008-12-12","SPMA"
34.909496307373,35.7028923034668,34.909496307373,35.3061943054199,414672,"2008-12-15","SPMA"
32.9260025024414,35.3061943054199,32.5293045043945,35.3061943054199,315100,"2008-12-16","SPMA"
32.1326065063477,35.7028923034668,32.1326065063477,34.909496307373,872198,"2008-12-17","SPMA"
34.909496307373,35.3061943054199,34.909496307373,35.3061943054199,147467,"2008-12-18","SPMA"
34.909496307373,37.6863861083984,34.909496307373,37.6863861083984,359214,"2008-12-19","SPMA"
35.7028923034668,38.4797859191895,34.5127983093262,38.4797859191895,51676,"2008-12-22","SPMA"
37.6863861083984,37.6863861083984,35.7028923034668,35.7028923034668,80665,"2008-12-23","SPMA"
34.909496307373,34.909496307373,34.909496307373,34.909496307373,78144,"2008-12-24","SPMA"
33.3227005004883,34.5127983093262,33.3227005004883,34.5127983093262,617596,"2008-12-30","SPMA"
34.5127983093262,34.5127983093262,34.5127983093262,34.5127983093262,0,"2008-12-31","SPMA"
31.7359066009521,37.2896881103516,31.7359066009521,37.2896881103516,85707,"2009-01-05","SPMA"
34.5127983093262,36.0995941162109,34.5127983093262,36.0995941162109,189060,"2009-01-06","SPMA"
38.8764839172363,39.2731857299805,36.4962921142578,36.4962921142578,312579,"2009-01-07","SPMA"
35.7028923034668,35.7028923034668,35.7028923034668,35.7028923034668,1260,"2009-01-08","SPMA"
37.6863861083984,37.6863861083984,37.6863861083984,37.6863861083984,12604,"2009-01-09","SPMA"
34.5127983093262,34.5127983093262,34.5127983093262,34.5127983093262,89488,"2009-01-12","SPMA"
38.8764839172363,38.8764839172363,38.8764839172363,38.8764839172363,1260,"2009-01-13","SPMA"
38.8764839172363,38.8764839172363,38.8764839172363,38.8764839172363,0,"2009-01-14","SPMA"
35.7028923034668,35.7028923034668,35.7028923034668,35.7028923034668,22687,"2009-01-15","SPMA"
39.2731857299805,39.2731857299805,39.2731857299805,39.2731857299805,1260,"2009-01-16","SPMA"
39.2731857299805,39.2731857299805,39.2731857299805,39.2731857299805,0,"2009-01-19","SPMA"
39.2731857299805,39.2731857299805,39.2731857299805,39.2731857299805,0,"2009-01-20","SPMA"
39.2731857299805,39.2731857299805,39.2731857299805,39.2731857299805,0,"2009-01-21","SPMA"
39.2731857299805,39.2731857299805,39.2731857299805,39.2731857299805,0,"2009-01-22","SPMA"
39.2731857299805,41.653377532959,39.2731857299805,40.859977722168,168893,"2009-01-23","SPMA"
35.7028923034668,39.2731857299805,35.7028923034668,39.2731857299805,32770,"2009-01-27","SPMA"
32.1326065063477,38.4797859191895,32.1326065063477,38.4797859191895,13864,"2009-01-28","SPMA"
38.4797859191895,38.4797859191895,38.4797859191895,38.4797859191895,0,"2009-01-29","SPMA"
38.4797859191895,38.4797859191895,38.4797859191895,38.4797859191895,0,"2009-01-30","SPMA"
36.4962921142578,36.4962921142578,35.7028923034668,35.7028923034668,2520,"2009-02-02","SPMA"
31.7359066009521,32.1326065063477,28.9590148925781,28.9590148925781,1128059,"2009-02-03","SPMA"
29.7524127960205,29.7524127960205,26.578821182251,28.5623149871826,2280067,"2009-02-04","SPMA"
28.5623149871826,31.7359066009521,28.5623149871826,31.7359066009521,1827582,"2009-02-05","SPMA"
33.3227005004883,37.2896881103516,33.3227005004883,35.3061943054199,689439,"2009-02-06","SPMA"
32.9260025024414,35.3061943054199,32.9260025024414,35.3061943054199,104613,"2009-02-09","SPMA"
31.3392066955566,35.7028923034668,31.3392066955566,35.7028923034668,16385,"2009-02-10","SPMA"
36.4962921142578,36.4962921142578,36.4962921142578,36.4962921142578,1260,"2009-02-11","SPMA"
30.9425086975098,33.7193984985352,30.9425086975098,33.7193984985352,64280,"2009-02-12","SPMA"
31.7359066009521,34.1161003112793,31.7359066009521,34.1161003112793,236955,"2009-02-13","SPMA"
35.3061943054199,39.2731857299805,34.5127983093262,36.0995941162109,3135880,"2009-02-16","SPMA"
32.9260025024414,34.909496307373,32.1326065063477,34.909496307373,182758,"2009-02-17","SPMA"
32.5293045043945,33.7193984985352,32.5293045043945,33.7193984985352,99571,"2009-02-18","SPMA"
32.5293045043945,33.7193984985352,32.5293045043945,32.5293045043945,69322,"2009-02-19","SPMA"
30.9425086975098,34.5127983093262,30.9425086975098,34.5127983093262,11343,"2009-02-20","SPMA"
31.7359066009521,32.9260025024414,31.7359066009521,32.9260025024414,544493,"2009-02-23","SPMA"
31.7359066009521,32.9260025024414,31.7359066009521,32.9260025024414,128561,"2009-02-24","SPMA"
31.7359066009521,32.5293045043945,30.5458087921143,30.5458087921143,178977,"2009-02-25","SPMA"
32.1326065063477,32.9260025024414,31.3392066955566,32.9260025024414,110915,"2009-02-26","SPMA"
32.9260025024414,32.9260025024414,32.9260025024414,32.9260025024414,0,"2009-02-27","SPMA"
32.5293045043945,32.9260025024414,32.5293045043945,32.9260025024414,176456,"2009-03-02","SPMA"
30.5458087921143,30.9425086975098,30.5458087921143,30.9425086975098,604992,"2009-03-03","SPMA"
30.9425086975098,30.9425086975098,30.5458087921143,30.5458087921143,189060,"2009-03-04","SPMA"
30.9425086975098,30.9425086975098,30.9425086975098,30.9425086975098,189060,"2009-03-05","SPMA"
30.9425086975098,30.9425086975098,30.9425086975098,30.9425086975098,0,"2009-03-06","SPMA"
29.355712890625,29.355712890625,29.355712890625,29.355712890625,693221,"2009-03-10","SPMA"
29.355712890625,30.9425086975098,29.355712890625,30.9425086975098,1310818,"2009-03-11","SPMA"
29.355712890625,31.3392066955566,29.355712890625,30.1491107940674,770105,"2009-03-12","SPMA"
30.5458087921143,31.3392066955566,29.7524127960205,30.5458087921143,1031008,"2009-03-13","SPMA"
30.5458087921143,34.909496307373,30.5458087921143,34.909496307373,3850528,"2009-03-16","SPMA"
34.5127983093262,42.0500755310059,34.5127983093262,40.0665817260742,18114497,"2009-03-17","SPMA"
40.859977722168,43.2401733398438,36.8929901123047,37.6863861083984,9992467,"2009-03-18","SPMA"
38.0830879211426,48.3972587585449,36.4962921142578,48.0005569458008,36232776,"2009-03-19","SPMA"
48.0005569458008,52.7609443664551,43.6368713378906,44.4302673339844,24923189,"2009-03-20","SPMA"
48.0005569458008,48.0005569458008,43.2401733398438,43.6368713378906,2186797,"2009-03-23","SPMA"
44.4302673339844,46.0170631408691,43.6368713378906,45.2236671447754,1731792,"2009-03-24","SPMA"
44.0335693359375,45.2236671447754,44.0335693359375,44.0335693359375,286111,"2009-03-25","SPMA"
44.4302673339844,46.413761138916,44.0335693359375,46.413761138916,782709,"2009-03-27","SPMA"
45.6203651428223,45.6203651428223,44.0335693359375,45.2236671447754,57978,"2009-03-30","SPMA"
44.0335693359375,44.0335693359375,43.6368713378906,44.0335693359375,1186038,"2009-03-31","SPMA"
44.0335693359375,46.0170631408691,44.0335693359375,44.0335693359375,592388,"2009-04-01","SPMA"
45.6203651428223,48.7939567565918,44.8269653320312,46.413761138916,7138916,"2009-04-02","SPMA"
48.7939567565918,48.7939567565918,46.0170631408691,46.0170631408691,806657,"2009-04-03","SPMA"
45.6203651428223,48.3972587585449,45.6203651428223,47.6038589477539,4528624,"2009-04-06","SPMA"
47.6038589477539,52.7609443664551,47.6038589477539,50.3807525634766,13555623,"2009-04-07","SPMA"
50.3807525634766,50.7774505615234,49.1906547546387,50.7774505615234,1396525,"2009-04-08","SPMA"
50.7774505615234,50.7774505615234,50.7774505615234,50.7774505615234,0,"2009-04-09","SPMA"
49.9840507507324,54.3477401733398,49.5873527526855,50.3807525634766,5092024,"2009-04-13","SPMA"
49.9840507507324,50.7774505615234,49.9840507507324,50.7774505615234,554576,"2009-04-14","SPMA"
53.157642364502,57.9180297851562,49.5873527526855,49.9840507507324,71479918,"2009-04-15","SPMA"
50.7774505615234,51.9675445556641,49.5873527526855,49.5873527526855,1395265,"2009-04-16","SPMA"
50.7774505615234,51.5708465576172,49.1906547546387,50.7774505615234,2238473,"2009-04-17","SPMA"
49.5873527526855,49.9840507507324,49.1906547546387,49.5873527526855,2903966,"2009-04-20","SPMA"
51.5708465576172,54.3477401733398,51.5708465576172,54.3477401733398,6852805,"2009-04-22","SPMA"
53.951042175293,54.7444381713867,53.5543403625488,53.5543403625488,1792291,"2009-04-23","SPMA"
54.7444381713867,64.6619110107422,54.3477401733398,64.6619110107422,9618127,"2009-04-24","SPMA"
63.0751152038574,67.0420989990234,63.0751152038574,65.0586090087891,5239491,"2009-04-27","SPMA"
63.4718132019043,63.8685111999512,62.2817153930664,62.2817153930664,2240994,"2009-04-28","SPMA"
61.4883193969727,77.7529678344727,61.4883193969727,77.7529678344727,60936655,"2009-04-29","SPMA"
79.3397674560547,85.2902450561523,68.2322006225586,69.4222946166992,99509998,"2009-04-30","SPMA"
69.4222946166992,73.7859802246094,65.4553070068359,69.4222946166992,1325942,"2009-05-01","SPMA"
69.4222946166992,73.3892822265625,68.6288986206055,68.6288986206055,626419,"2009-05-04","SPMA"
69.0255966186523,72.9925842285156,68.6288986206055,70.6123886108398,376860,"2009-05-05","SPMA"
68.2322006225586,70.6123886108398,67.8355026245117,69.8189926147461,1242756,"2009-05-06","SPMA"
71.4057922363281,91.2407302856445,70.215690612793,87.2737426757812,62180672,"2009-05-07","SPMA"
87.2737426757812,93.2242279052734,79.3397674560547,85.2902450561523,27023018,"2009-05-08","SPMA"
85.2902450561523,87.2737426757812,77.7529678344727,77.7529678344727,3532906,"2009-05-11","SPMA"
77.7529678344727,83.306755065918,77.7529678344727,81.3232574462891,3866913,"2009-05-12","SPMA"
83.306755065918,99.1747055053711,83.306755065918,97.1912155151367,59143103,"2009-05-13","SPMA"
95.2077178955078,107.108680725098,81.3232574462891,81.3232574462891,271049450,"2009-05-14","SPMA"
83.306755065918,91.2407302856445,73.3892822265625,78.1496658325195,8211519,"2009-05-15","SPMA"
79.3397674560547,81.3232574462891,71.4057922363281,79.3397674560547,1527607,"2009-05-18","SPMA"
81.3232574462891,85.2902450561523,77.3562698364258,79.3397674560547,2333004,"2009-05-19","SPMA"
78.1496658325195,79.3397674560547,77.7529678344727,78.9430694580078,1223850,"2009-05-20","SPMA"
78.9430694580078,78.9430694580078,78.9430694580078,78.9430694580078,0,"2009-05-21","SPMA"
79.3397674560547,81.3232574462891,77.7529678344727,78.1496658325195,2609032,"2009-05-22","SPMA"
78.5463714599609,81.3232574462891,78.5463714599609,79.3397674560547,603732,"2009-05-25","SPMA"
81.3232574462891,81.3232574462891,78.1496658325195,78.1496658325195,2261161,"2009-05-26","SPMA"
81.3232574462891,83.306755065918,78.5463714599609,83.306755065918,7009095,"2009-05-27","SPMA"
89.2572326660156,91.2407302856445,83.306755065918,83.306755065918,3512740,"2009-05-28","SPMA"
87.2737426757812,87.2737426757812,81.3232574462891,81.3232574462891,843208,"2009-05-29","SPMA"
81.3232574462891,83.306755065918,81.3232574462891,81.3232574462891,9599221,"2009-06-01","SPMA"
87.2737426757812,91.2407302856445,83.306755065918,85.2902450561523,27674646,"2009-06-02","SPMA"
85.2902450561523,105.125190734863,85.2902450561523,105.125190734863,100165407,"2009-06-03","SPMA"
105.125190734863,113.05916595459,91.2407302856445,95.2077178955078,183235982,"2009-06-04","SPMA"
97.1912155151367,97.1912155151367,85.2902450561523,89.2572326660156,6010857,"2009-06-05","SPMA"
91.2407302856445,95.2077178955078,85.2902450561523,89.2572326660156,13216575,"2009-06-08","SPMA"
89.2572326660156,93.2242279052734,87.2737426757812,91.2407302856445,8409402,"2009-06-09","SPMA"
93.2242279052734,95.2077178955078,89.2572326660156,91.2407302856445,17835948,"2009-06-10","SPMA"
91.2407302856445,91.2407302856445,87.2737426757812,87.2737426757812,3125796,"2009-06-11","SPMA"
87.2737426757812,93.2242279052734,85.2902450561523,89.2572326660156,6189834,"2009-06-12","SPMA"
89.2572326660156,89.2572326660156,85.2902450561523,85.2902450561523,2044372,"2009-06-15","SPMA"
81.3232574462891,87.2737426757812,79.3397674560547,87.2737426757812,4170670,"2009-06-16","SPMA"
87.2737426757812,87.2737426757812,83.306755065918,87.2737426757812,665492,"2009-06-17","SPMA"
87.2737426757812,91.2407302856445,85.2902450561523,85.2902450561523,5424770,"2009-06-18","SPMA"
83.306755065918,89.2572326660156,83.306755065918,85.2902450561523,3082943,"2009-06-19","SPMA"
85.2902450561523,89.2572326660156,81.3232574462891,83.306755065918,3703061,"2009-06-22","SPMA"
77.3562698364258,81.3232574462891,77.3562698364258,77.7529678344727,778928,"2009-06-23","SPMA"
79.3397674560547,83.306755065918,79.3397674560547,81.3232574462891,3536688,"2009-06-24","SPMA"
81.3232574462891,87.2737426757812,81.3232574462891,83.306755065918,7745170,"2009-06-25","SPMA"
83.306755065918,83.306755065918,81.3232574462891,83.306755065918,1429295,"2009-06-26","SPMA"
81.3232574462891,83.306755065918,81.3232574462891,83.306755065918,3134619,"2009-06-29","SPMA"
81.3232574462891,83.306755065918,81.3232574462891,81.3232574462891,1080164,"2009-06-30","SPMA"
83.306755065918,83.306755065918,81.3232574462891,81.3232574462891,4222346,"2009-07-01","SPMA"
81.3232574462891,81.3232574462891,79.3397674560547,79.3397674560547,1525086,"2009-07-02","SPMA"
79.3397674560547,81.3232574462891,79.3397674560547,81.3232574462891,686919,"2009-07-03","SPMA"
79.3397674560547,79.3397674560547,76.562873840332,76.562873840332,368037,"2009-07-06","SPMA"
76.562873840332,78.9430694580078,76.1661758422852,77.3562698364258,539452,"2009-07-07","SPMA"
77.3562698364258,77.3562698364258,77.3562698364258,77.3562698364258,0,"2009-07-08","SPMA"
77.7529678344727,79.3397674560547,77.3562698364258,77.7529678344727,339048,"2009-07-09","SPMA"
78.1496658325195,78.1496658325195,77.3562698364258,77.3562698364258,490296,"2009-07-10","SPMA"
77.3562698364258,77.3562698364258,75.3727798461914,75.7694778442383,429797,"2009-07-13","SPMA"
76.562873840332,78.1496658325195,76.562873840332,78.1496658325195,189060,"2009-07-14","SPMA"
78.1496658325195,81.3232574462891,77.7529678344727,79.3397674560547,3177473,"2009-07-15","SPMA"
79.3397674560547,79.3397674560547,76.1661758422852,76.1661758422852,664231,"2009-07-16","SPMA"
75.3727798461914,78.9430694580078,75.3727798461914,78.1496658325195,187799,"2009-07-17","SPMA"
78.1496658325195,78.1496658325195,78.1496658325195,78.1496658325195,0,"2009-07-20","SPMA"
78.9430694580078,78.9430694580078,77.7529678344727,77.7529678344727,373078,"2009-07-21","SPMA"
81.3232574462891,81.3232574462891,77.7529678344727,78.1496658325195,1928415,"2009-07-22","SPMA"
78.1496658325195,79.3397674560547,78.1496658325195,78.5463714599609,2426273,"2009-07-23","SPMA"
78.5463714599609,81.3232574462891,78.1496658325195,79.3397674560547,727251,"2009-07-24","SPMA"
79.3397674560547,81.3232574462891,78.1496658325195,78.5463714599609,397026,"2009-07-27","SPMA"
79.3397674560547,79.3397674560547,78.1496658325195,78.5463714599609,973030,"2009-07-28","SPMA"
78.5463714599609,78.9430694580078,76.562873840332,78.9430694580078,403328,"2009-07-29","SPMA"
79.3397674560547,79.3397674560547,77.7529678344727,78.9430694580078,993196,"2009-07-30","SPMA"
78.9430694580078,79.3397674560547,78.9430694580078,78.9430694580078,510462,"2009-07-31","SPMA"
78.9430694580078,79.3397674560547,78.5463714599609,78.5463714599609,1450722,"2009-08-03","SPMA"
79.3397674560547,79.3397674560547,78.5463714599609,78.9430694580078,1014623,"2009-08-04","SPMA"
79.3397674560547,81.3232574462891,78.5463714599609,78.9430694580078,1886821,"2009-08-05","SPMA"
79.3397674560547,81.3232574462891,78.5463714599609,78.5463714599609,1212506,"2009-08-06","SPMA"
78.9430694580078,95.2077178955078,78.5463714599609,93.2242279052734,45775279,"2009-08-07","SPMA"
93.2242279052734,95.2077178955078,83.306755065918,83.306755065918,63061693,"2009-08-10","SPMA"
83.306755065918,87.2737426757812,81.3232574462891,83.306755065918,8399318,"2009-08-11","SPMA"
83.306755065918,83.306755065918,81.3232574462891,81.3232574462891,2433836,"2009-08-12","SPMA"
83.306755065918,87.2737426757812,83.306755065918,83.306755065918,8574514,"2009-08-13","SPMA"
85.2902450561523,87.2737426757812,85.2902450561523,85.2902450561523,1479711,"2009-08-14","SPMA"
83.306755065918,87.2737426757812,81.3232574462891,85.2902450561523,4252596,"2009-08-18","SPMA"
87.2737426757812,91.2407302856445,83.306755065918,87.2737426757812,8592160,"2009-08-19","SPMA"
91.2407302856445,95.2077178955078,87.2737426757812,87.2737426757812,31323510,"2009-08-20","SPMA"
87.2737426757812,89.2572326660156,85.2902450561523,89.2572326660156,4324439,"2009-08-21","SPMA"
89.2572326660156,91.2407302856445,85.2902450561523,91.2407302856445,846990,"2009-08-24","SPMA"
87.2737426757812,87.2737426757812,85.2902450561523,85.2902450561523,25208,"2009-08-25","SPMA"
85.2902450561523,87.2737426757812,83.306755065918,87.2737426757812,594909,"2009-08-26","SPMA"
83.306755065918,85.2902450561523,79.3397674560547,83.306755065918,2344347,"2009-08-27","SPMA"
83.306755065918,83.306755065918,83.306755065918,83.306755065918,322662,"2009-08-28","SPMA"
81.3232574462891,83.306755065918,81.3232574462891,83.306755065918,1208725,"2009-08-31","SPMA"
83.306755065918,83.306755065918,83.306755065918,83.306755065918,13570748,"2009-09-01","SPMA"
83.306755065918,85.2902450561523,83.306755065918,83.306755065918,5369312,"2009-09-02","SPMA"
83.306755065918,103.141693115234,83.306755065918,103.141693115234,33734659,"2009-09-03","SPMA"
105.125190734863,119.009651184082,95.2077178955078,97.1912155151367,703034589,"2009-09-04","SPMA"
101.158203125,103.141693115234,85.2902450561523,87.2737426757812,101642598,"2009-09-07","SPMA"
87.2737426757812,87.2737426757812,83.306755065918,85.2902450561523,6865409,"2009-09-08","SPMA"
85.2902450561523,87.2737426757812,85.2902450561523,87.2737426757812,5747433,"2009-09-09","SPMA"
87.2737426757812,95.2077178955078,85.2902450561523,91.2407302856445,29500969,"2009-09-10","SPMA"
93.2242279052734,95.2077178955078,89.2572326660156,91.2407302856445,12122546,"2009-09-11","SPMA"
91.2407302856445,91.2407302856445,87.2737426757812,87.2737426757812,4323178,"2009-09-14","SPMA"
89.2572326660156,91.2407302856445,87.2737426757812,89.2572326660156,2765321,"2009-09-15","SPMA"
87.2737426757812,93.2242279052734,87.2737426757812,87.2737426757812,7553589,"2009-09-16","SPMA"
87.2737426757812,89.2572326660156,87.2737426757812,87.2737426757812,1474670,"2009-09-17","SPMA"
87.2737426757812,87.2737426757812,85.2902450561523,87.2737426757812,1598189,"2009-09-24","SPMA"
85.2902450561523,89.2572326660156,85.2902450561523,89.2572326660156,4523582,"2009-09-25","SPMA"
87.2737426757812,89.2572326660156,87.2737426757812,87.2737426757812,1560377,"2009-09-28","SPMA"
87.2737426757812,91.2407302856445,87.2737426757812,87.2737426757812,686919,"2009-09-29","SPMA"
87.2737426757812,89.2572326660156,85.2902450561523,87.2737426757812,2856070,"2009-09-30","SPMA"
85.2902450561523,87.2737426757812,85.2902450561523,87.2737426757812,3520302,"2009-10-01","SPMA"
85.2902450561523,87.2737426757812,83.306755065918,87.2737426757812,3898423,"2009-10-02","SPMA"
85.2902450561523,87.2737426757812,85.2902450561523,87.2737426757812,1802374,"2009-10-05","SPMA"
87.2737426757812,89.2572326660156,85.2902450561523,89.2572326660156,3961443,"2009-10-06","SPMA"
87.2737426757812,87.2737426757812,85.2902450561523,87.2737426757812,1357452,"2009-10-07","SPMA"
85.2902450561523,89.2572326660156,85.2902450561523,85.2902450561523,8270757,"2009-10-08","SPMA"
87.2737426757812,87.2737426757812,85.2902450561523,85.2902450561523,1733052,"2009-10-09","SPMA"
85.2902450561523,87.2737426757812,85.2902450561523,87.2737426757812,545754,"2009-10-12","SPMA"
85.2902450561523,87.2737426757812,85.2902450561523,87.2737426757812,1296953,"2009-10-13","SPMA"
85.2902450561523,87.2737426757812,85.2902450561523,87.2737426757812,120998,"2009-10-14","SPMA"
87.2737426757812,91.2407302856445,87.2737426757812,89.2572326660156,16426819,"2009-10-15","SPMA"
87.2737426757812,89.2572326660156,85.2902450561523,87.2737426757812,391985,"2009-10-16","SPMA"
87.2737426757812,87.2737426757812,85.2902450561523,87.2737426757812,460046,"2009-10-19","SPMA"
87.2737426757812,87.2737426757812,83.306755065918,85.2902450561523,1431816,"2009-10-20","SPMA"
85.2902450561523,87.2737426757812,83.306755065918,85.2902450561523,1846488,"2009-10-21","SPMA"
85.2902450561523,85.2902450561523,83.306755065918,83.306755065918,536931,"2009-10-22","SPMA"
83.306755065918,85.2902450561523,83.306755065918,83.306755065918,4042109,"2009-10-23","SPMA"
83.306755065918,85.2902450561523,83.306755065918,85.2902450561523,1445681,"2009-10-26","SPMA"
83.306755065918,85.2902450561523,81.3232574462891,85.2902450561523,4016901,"2009-10-27","SPMA"
87.2737426757812,87.2737426757812,81.3232574462891,83.306755065918,7921626,"2009-10-28","SPMA"
79.3397674560547,79.3397674560547,76.9595718383789,79.3397674560547,1555336,"2009-10-29","SPMA"
83.306755065918,83.306755065918,81.3232574462891,81.3232574462891,2164110,"2009-10-30","SPMA"
77.3562698364258,81.3232574462891,75.3727798461914,81.3232574462891,381901,"2009-11-02","SPMA"
83.306755065918,83.306755065918,74.1826782226562,74.1826782226562,601211,"2009-11-03","SPMA"
79.3397674560547,81.3232574462891,77.7529678344727,79.3397674560547,412151,"2009-11-04","SPMA"
77.7529678344727,79.3397674560547,77.7529678344727,78.9430694580078,60499,"2009-11-05","SPMA"
81.3232574462891,81.3232574462891,79.3397674560547,79.3397674560547,167633,"2009-11-06","SPMA"
77.3562698364258,81.3232574462891,77.3562698364258,81.3232574462891,299975,"2009-11-09","SPMA"
78.9430694580078,78.9430694580078,77.3562698364258,77.3562698364258,447442,"2009-11-10","SPMA"
81.3232574462891,81.3232574462891,77.3562698364258,81.3232574462891,99571,"2009-11-11","SPMA"
79.3397674560547,81.3232574462891,78.5463714599609,81.3232574462891,229393,"2009-11-12","SPMA"
81.3232574462891,81.3232574462891,81.3232574462891,81.3232574462891,0,"2009-11-13","SPMA"
78.5463714599609,81.3232574462891,78.5463714599609,81.3232574462891,126040,"2009-11-16","SPMA"
79.3397674560547,81.3232574462891,79.3397674560547,81.3232574462891,152508,"2009-11-17","SPMA"
79.3397674560547,83.306755065918,79.3397674560547,81.3232574462891,25857147,"2009-11-18","SPMA"
81.3232574462891,81.3232574462891,78.5463714599609,78.5463714599609,2160329,"2009-11-19","SPMA"
79.3397674560547,79.3397674560547,78.1496658325195,78.9430694580078,1575502,"2009-11-20","SPMA"
78.9430694580078,81.3232574462891,78.9430694580078,79.3397674560547,1919592,"2009-11-23","SPMA"
81.3232574462891,83.306755065918,79.3397674560547,83.306755065918,5240751,"2009-11-24","SPMA"
83.306755065918,85.2902450561523,81.3232574462891,83.306755065918,1256620,"2009-11-25","SPMA"
81.3232574462891,83.306755065918,81.3232574462891,83.306755065918,12183045,"2009-11-26","SPMA"
81.3232574462891,87.2737426757812,81.3232574462891,87.2737426757812,7984646,"2009-11-30","SPMA"
87.2737426757812,99.1747055053711,81.3232574462891,83.306755065918,294003891,"2009-12-01","SPMA"
83.306755065918,85.2902450561523,79.3397674560547,79.3397674560547,7183030,"2009-12-02","SPMA"
79.3397674560547,81.3232574462891,79.3397674560547,79.3397674560547,3856830,"2009-12-03","SPMA"
79.3397674560547,81.3232574462891,78.9430694580078,79.3397674560547,4732809,"2009-12-04","SPMA"
79.3397674560547,79.3397674560547,78.5463714599609,78.5463714599609,1245277,"2009-12-07","SPMA"
78.1496658325195,81.3232574462891,78.1496658325195,78.9430694580078,2271244,"2009-12-08","SPMA"
78.5463714599609,81.3232574462891,78.5463714599609,81.3232574462891,1242756,"2009-12-09","SPMA"
79.3397674560547,81.3232574462891,79.3397674560547,81.3232574462891,296194,"2009-12-10","SPMA"
79.3397674560547,81.3232574462891,79.3397674560547,81.3232574462891,1658689,"2009-12-11","SPMA"
79.3397674560547,81.3232574462891,79.3397674560547,81.3232574462891,4248815,"2009-12-14","SPMA"
79.3397674560547,81.3232574462891,79.3397674560547,81.3232574462891,1071341,"2009-12-15","SPMA"
79.3397674560547,81.3232574462891,79.3397674560547,79.3397674560547,5365531,"2009-12-16","SPMA"
79.3397674560547,81.3232574462891,79.3397674560547,81.3232574462891,3144702,"2009-12-17","SPMA"
79.3397674560547,81.3232574462891,79.3397674560547,79.3397674560547,5657944,"2009-12-21","SPMA"
79.3397674560547,81.3232574462891,79.3397674560547,81.3232574462891,1478451,"2009-12-22","SPMA"
79.3397674560547,81.3232574462891,79.3397674560547,81.3232574462891,422234,"2009-12-23","SPMA"
79.3397674560547,81.3232574462891,79.3397674560547,81.3232574462891,254601,"2009-12-28","SPMA"
81.3232574462891,83.306755065918,81.3232574462891,81.3232574462891,2138902,"2009-12-29","SPMA"
83.306755065918,83.306755065918,81.3232574462891,81.3232574462891,626419,"2009-12-30","SPMA"
81.3232574462891,83.306755065918,81.3232574462891,83.306755065918,853292,"2010-01-04","SPMA"
83.306755065918,85.2902450561523,83.306755065918,85.2902450561523,1327203,"2010-01-05","SPMA"
83.306755065918,83.306755065918,83.306755065918,83.306755065918,422234,"2010-01-06","SPMA"
83.306755065918,85.2902450561523,83.306755065918,85.2902450561523,1019665,"2010-01-07","SPMA"
83.306755065918,85.2902450561523,83.306755065918,85.2902450561523,331485,"2010-01-08","SPMA"
85.2902450561523,93.2242279052734,85.2902450561523,89.2572326660156,58322581,"2010-01-11","SPMA"
89.2572326660156,91.2407302856445,87.2737426757812,89.2572326660156,3070339,"2010-01-12","SPMA"
87.2737426757812,91.2407302856445,87.2737426757812,89.2572326660156,2166631,"2010-01-13","SPMA"
91.2407302856445,91.2407302856445,87.2737426757812,89.2572326660156,1172173,"2010-01-14","SPMA"
87.2737426757812,89.2572326660156,85.2902450561523,89.2572326660156,2389722,"2010-01-15","SPMA"
89.2572326660156,89.2572326660156,85.2902450561523,85.2902450561523,170154,"2010-01-18","SPMA"
85.2902450561523,87.2737426757812,85.2902450561523,87.2737426757812,465088,"2010-01-19","SPMA"
85.2902450561523,87.2737426757812,85.2902450561523,87.2737426757812,160071,"2010-01-20","SPMA"
83.306755065918,85.2902450561523,81.3232574462891,85.2902450561523,194101,"2010-01-21","SPMA"
81.3232574462891,85.2902450561523,81.3232574462891,85.2902450561523,253340,"2010-01-22","SPMA"
85.2902450561523,85.2902450561523,85.2902450561523,85.2902450561523,0,"2010-01-25","SPMA"
81.3232574462891,85.2902450561523,81.3232574462891,83.306755065918,277288,"2010-01-26","SPMA"
81.3232574462891,83.306755065918,81.3232574462891,83.306755065918,26468,"2010-01-27","SPMA"
81.3232574462891,85.2902450561523,81.3232574462891,85.2902450561523,950343,"2010-01-28","SPMA"
83.306755065918,85.2902450561523,81.3232574462891,85.2902450561523,124779,"2010-01-29","SPMA"
81.3232574462891,85.2902450561523,81.3232574462891,85.2902450561523,92009,"2010-02-01","SPMA"
81.3232574462891,85.2902450561523,81.3232574462891,85.2902450561523,177716,"2010-02-02","SPMA"
81.3232574462891,85.2902450561523,81.3232574462891,85.2902450561523,247038,"2010-02-03","SPMA"
83.306755065918,83.306755065918,81.3232574462891,83.306755065918,223091,"2010-02-04","SPMA"
81.3232574462891,81.3232574462891,79.3397674560547,81.3232574462891,1620876,"2010-02-05","SPMA"
81.3232574462891,81.3232574462891,81.3232574462891,81.3232574462891,68061,"2010-02-08","SPMA"
81.3232574462891,81.3232574462891,77.7529678344727,81.3232574462891,3716925,"2010-02-09","SPMA"
81.3232574462891,85.2902450561523,81.3232574462891,81.3232574462891,25398360,"2010-02-10","SPMA"
83.306755065918,85.2902450561523,81.3232574462891,83.306755065918,3438376,"2010-02-11","SPMA"
83.306755065918,85.2902450561523,81.3232574462891,83.306755065918,3002277,"2010-02-12","SPMA"
83.306755065918,85.2902450561523,81.3232574462891,83.306755065918,443661,"2010-02-15","SPMA"
83.306755065918,83.306755065918,81.3232574462891,83.306755065918,224351,"2010-02-16","SPMA"
85.2902450561523,85.2902450561523,81.3232574462891,85.2902450561523,860854,"2010-02-17","SPMA"
83.306755065918,85.2902450561523,81.3232574462891,83.306755065918,1942279,"2010-02-18","SPMA"
81.3232574462891,81.3232574462891,79.3397674560547,81.3232574462891,1757000,"2010-02-19","SPMA"
81.3232574462891,81.3232574462891,79.3397674560547,81.3232574462891,379381,"2010-02-22","SPMA"
83.306755065918,83.306755065918,81.3232574462891,83.306755065918,1527607,"2010-02-23","SPMA"
83.306755065918,83.306755065918,81.3232574462891,83.306755065918,547014,"2010-02-24","SPMA"
81.3232574462891,81.3232574462891,79.3397674560547,81.3232574462891,1071341,"2010-02-25","SPMA"
79.3397674560547,79.3397674560547,79.3397674560547,79.3397674560547,126040,"2010-03-01","SPMA"
81.3232574462891,81.3232574462891,81.3232574462891,81.3232574462891,49155,"2010-03-02","SPMA"
81.3232574462891,83.306755065918,79.3397674560547,81.3232574462891,369297,"2010-03-03","SPMA"
81.3232574462891,83.306755065918,81.3232574462891,81.3232574462891,737335,"2010-03-04","SPMA"
79.3397674560547,81.3232574462891,79.3397674560547,79.3397674560547,357954,"2010-03-05","SPMA"
83.306755065918,83.306755065918,81.3232574462891,83.306755065918,216789,"2010-03-08","SPMA"
79.3397674560547,83.306755065918,79.3397674560547,79.3397674560547,704564,"2010-03-09","SPMA"
83.306755065918,83.306755065918,81.3232574462891,83.306755065918,1193600,"2010-03-10","SPMA"
83.306755065918,83.306755065918,83.306755065918,83.306755065918,378120,"2010-03-11","SPMA"
85.2902450561523,85.2902450561523,83.306755065918,85.2902450561523,192841,"2010-03-12","SPMA"
83.306755065918,85.2902450561523,81.3232574462891,83.306755065918,337787,"2010-03-15","SPMA"
83.306755065918,83.306755065918,81.3232574462891,83.306755065918,334006,"2010-03-17","SPMA"
83.306755065918,83.306755065918,81.3232574462891,83.306755065918,51676,"2010-03-18","SPMA"
83.306755065918,85.2902450561523,81.3232574462891,83.306755065918,1652387,"2010-03-19","SPMA"
83.306755065918,85.2902450561523,83.306755065918,83.306755065918,1047394,"2010-03-22","SPMA"
85.2902450561523,85.2902450561523,83.306755065918,85.2902450561523,839427,"2010-03-23","SPMA"
85.2902450561523,85.2902450561523,83.306755065918,85.2902450561523,167633,"2010-03-24","SPMA"
89.2572326660156,89.2572326660156,83.306755065918,89.2572326660156,238215,"2010-03-25","SPMA"
87.2737426757812,87.2737426757812,83.306755065918,87.2737426757812,3463584,"2010-03-26","SPMA"
87.2737426757812,89.2572326660156,85.2902450561523,87.2737426757812,417193,"2010-03-29","SPMA"
87.2737426757812,89.2572326660156,85.2902450561523,87.2737426757812,196622,"2010-03-30","SPMA"
87.2737426757812,89.2572326660156,85.2902450561523,87.2737426757812,698262,"2010-03-31","SPMA"
87.2737426757812,89.2572326660156,85.2902450561523,87.2737426757812,3183775,"2010-04-01","SPMA"
89.2572326660156,89.2572326660156,87.2737426757812,89.2572326660156,923874,"2010-04-05","SPMA"
89.2572326660156,91.2407302856445,87.2737426757812,89.2572326660156,3251837,"2010-04-06","SPMA"
87.2737426757812,87.2737426757812,85.2902450561523,87.2737426757812,765064,"2010-04-07","SPMA"
87.2737426757812,87.2737426757812,85.2902450561523,87.2737426757812,278548,"2010-04-08","SPMA"
87.2737426757812,87.2737426757812,85.2902450561523,87.2737426757812,303756,"2010-04-09","SPMA"
87.2737426757812,87.2737426757812,85.2902450561523,87.2737426757812,284850,"2010-04-12","SPMA"
85.2902450561523,87.2737426757812,85.2902450561523,85.2902450561523,888583,"2010-04-13","SPMA"
85.2902450561523,91.2407302856445,85.2902450561523,85.2902450561523,3996734,"2010-04-14","SPMA"
91.2407302856445,91.2407302856445,87.2737426757812,91.2407302856445,2077142,"2010-04-15","SPMA"
95.2077178955078,97.1912155151367,89.2572326660156,95.2077178955078,9876510,"2010-04-16","SPMA"
99.1747055053711,103.141693115234,95.2077178955078,99.1747055053711,32467955,"2010-04-19","SPMA"
93.2242279052734,99.1747055053711,93.2242279052734,93.2242279052734,8336298,"2010-04-20","SPMA"
97.1912155151367,97.1912155151367,93.2242279052734,97.1912155151367,4579040,"2010-04-21","SPMA"
115.042663574219,117.026153564453,97.1912155151367,115.042663574219,39218668,"2010-04-22","SPMA"
113.05916595459,117.026153564453,107.108680725098,113.05916595459,110475495,"2010-04-23","SPMA"
103.141693115234,120.993141174316,103.141693115234,103.141693115234,283897988,"2010-04-26","SPMA"
103.141693115234,107.108680725098,103.141693115234,103.141693115234,5787765,"2010-04-27","SPMA"
103.141693115234,105.125190734863,101.158203125,103.141693115234,7264957,"2010-04-28","SPMA"
103.141693115234,105.125190734863,103.141693115234,103.141693115234,3529125,"2010-04-29","SPMA"
109.092178344727,109.092178344727,105.125190734863,109.092178344727,8908521,"2010-04-30","SPMA"
109.092178344727,111.075668334961,107.108680725098,109.092178344727,12924162,"2010-05-03","SPMA"
113.05916595459,115.042663574219,109.092178344727,113.05916595459,15146250,"2010-05-04","SPMA"
107.108680725098,113.05916595459,107.108680725098,107.108680725098,12572509,"2010-05-05","SPMA"
103.141693115234,107.108680725098,103.141693115234,103.141693115234,8546785,"2010-05-06","SPMA"
103.141693115234,103.141693115234,101.158203125,103.141693115234,1319640,"2010-05-07","SPMA"
103.141693115234,109.092178344727,103.141693115234,109.092178344727,1627178,"2010-05-10","SPMA"
105.125190734863,107.108680725098,105.125190734863,105.125190734863,725991,"2010-05-11","SPMA"
105.125190734863,105.125190734863,103.141693115234,105.125190734863,388203,"2010-05-12","SPMA"
105.125190734863,105.125190734863,105.125190734863,105.125190734863,388203,"2010-05-14","SPMA"
101.158203125,101.158203125,85.2902450561523,101.158203125,288632,"2010-05-17","SPMA"
103.141693115234,109.092178344727,95.2077178955078,103.141693115234,7351924,"2010-05-18","SPMA"
99.1747055053711,101.158203125,99.1747055053711,99.1747055053711,636503,"2010-05-19","SPMA"
97.1912155151367,101.158203125,95.2077178955078,97.1912155151367,615076,"2010-05-20","SPMA"
93.2242279052734,93.2242279052734,93.2242279052734,93.2242279052734,389464,"2010-05-21","SPMA"
91.2407302856445,95.2077178955078,91.2407302856445,91.2407302856445,178977,"2010-05-24","SPMA"
89.2572326660156,89.2572326660156,87.2737426757812,89.2572326660156,1571721,"2010-05-25","SPMA"
99.1747055053711,101.158203125,89.2572326660156,99.1747055053711,8224123,"2010-05-26","SPMA"
101.158203125,103.141693115234,99.1747055053711,101.158203125,756241,"2010-05-27","SPMA"
101.158203125,103.141693115234,99.1747055053711,101.158203125,3805153,"2010-05-31","SPMA"
120.993141174316,120.993141174316,101.158203125,120.993141174316,79433054,"2010-06-01","SPMA"
105.125190734863,144.795074462891,103.141693115234,105.125190734863,685410388,"2010-06-02","SPMA"
97.1912155151367,113.05916595459,95.2077178955078,97.1912155151367,152192281,"2010-06-03","SPMA"
93.2242279052734,97.1912155151367,93.2242279052734,93.2242279052734,5465103,"2010-06-04","SPMA"
89.2572326660156,89.2572326660156,85.2902450561523,89.2572326660156,5086982,"2010-06-07","SPMA"
89.2572326660156,91.2407302856445,87.2737426757812,89.2572326660156,2575001,"2010-06-08","SPMA"
91.2407302856445,95.2077178955078,89.2572326660156,91.2407302856445,8084218,"2010-06-09","SPMA"
93.2242279052734,95.2077178955078,91.2407302856445,93.2242279052734,2111173,"2010-06-10","SPMA"
93.2242279052734,95.2077178955078,91.2407302856445,93.2242279052734,3553073,"2010-06-11","SPMA"
95.2077178955078,95.2077178955078,91.2407302856445,95.2077178955078,1262922,"2010-06-14","SPMA"
95.2077178955078,95.2077178955078,93.2242279052734,95.2077178955078,1670032,"2010-06-15","SPMA"
95.2077178955078,95.2077178955078,91.2407302856445,95.2077178955078,1783468,"2010-06-16","SPMA"
93.2242279052734,95.2077178955078,93.2242279052734,93.2242279052734,1062518,"2010-06-17","SPMA"
93.2242279052734,97.1912155151367,93.2242279052734,93.2242279052734,2450221,"2010-06-18","SPMA"
95.2077178955078,97.1912155151367,93.2242279052734,95.2077178955078,1251579,"2010-06-21","SPMA"
95.2077178955078,95.2077178955078,93.2242279052734,95.2077178955078,483994,"2010-06-22","SPMA"
95.2077178955078,95.2077178955078,93.2242279052734,95.2077178955078,475171,"2010-06-23","SPMA"
95.2077178955078,97.1912155151367,93.2242279052734,95.2077178955078,5840702,"2010-06-24","SPMA"
93.2242279052734,95.2077178955078,93.2242279052734,93.2242279052734,2354430,"2010-06-25","SPMA"
93.2242279052734,95.2077178955078,93.2242279052734,93.2242279052734,1435597,"2010-06-28","SPMA"
95.2077178955078,95.2077178955078,93.2242279052734,95.2077178955078,3860611,"2010-06-29","SPMA"
95.2077178955078,95.2077178955078,91.2407302856445,95.2077178955078,2834644,"2010-06-30","SPMA"
91.2407302856445,93.2242279052734,91.2407302856445,91.2407302856445,427276,"2010-07-01","SPMA"
91.2407302856445,93.2242279052734,91.2407302856445,91.2407302856445,603732,"2010-07-02","SPMA"
91.2407302856445,95.2077178955078,91.2407302856445,91.2407302856445,155029,"2010-07-05","SPMA"
91.2407302856445,93.2242279052734,91.2407302856445,91.2407302856445,417193,"2010-07-06","SPMA"
91.2407302856445,95.2077178955078,91.2407302856445,91.2407302856445,369297,"2010-07-07","SPMA"
95.2077178955078,97.1912155151367,93.2242279052734,95.2077178955078,5138658,"2010-07-08","SPMA"
95.2077178955078,95.2077178955078,95.2077178955078,95.2077178955078,2837164,"2010-07-09","SPMA"
95.2077178955078,99.1747055053711,95.2077178955078,97.1912155151367,15424799,"2010-07-12","SPMA"
97.1912155151367,97.1912155151367,95.2077178955078,97.1912155151367,582305,"2010-07-13","SPMA"
97.1912155151367,99.1747055053711,95.2077178955078,97.1912155151367,2719947,"2010-07-14","SPMA"
99.1747055053711,101.158203125,97.1912155151367,99.1747055053711,5868431,"2010-07-15","SPMA"
97.1912155151367,99.1747055053711,97.1912155151367,97.1912155151367,360474,"2010-07-16","SPMA"
97.1912155151367,99.1747055053711,95.2077178955078,97.1912155151367,5520560,"2010-07-19","SPMA"
97.1912155151367,99.1747055053711,95.2077178955078,97.1912155151367,1622137,"2010-07-20","SPMA"
97.1912155151367,99.1747055053711,97.1912155151367,97.1912155151367,610034,"2010-07-21","SPMA"
97.1912155151367,97.1912155151367,97.1912155151367,97.1912155151367,2203182,"2010-07-22","SPMA"
97.1912155151367,97.1912155151367,97.1912155151367,97.1912155151367,1279308,"2010-07-23","SPMA"
93.2242279052734,97.1912155151367,93.2242279052734,93.2242279052734,2344347,"2010-07-26","SPMA"
93.2242279052734,93.2242279052734,93.2242279052734,93.2242279052734,328964,"2010-07-27","SPMA"
95.2077178955078,95.2077178955078,91.2407302856445,95.2077178955078,55457,"2010-07-28","SPMA"
95.2077178955078,95.2077178955078,93.2242279052734,95.2077178955078,192841,"2010-07-29","SPMA"
93.2242279052734,95.2077178955078,93.2242279052734,93.2242279052734,870937,"2010-07-30","SPMA"
97.1912155151367,99.1747055053711,93.2242279052734,97.1912155151367,3873215,"2010-08-02","SPMA"
93.2242279052734,97.1912155151367,93.2242279052734,93.2242279052734,1188559,"2010-08-03","SPMA"
93.2242279052734,95.2077178955078,93.2242279052734,93.2242279052734,131081,"2010-08-04","SPMA"
93.2242279052734,95.2077178955078,93.2242279052734,93.2242279052734,355433,"2010-08-05","SPMA"
93.2242279052734,95.2077178955078,93.2242279052734,93.2242279052734,633982,"2010-08-06","SPMA"
93.2242279052734,95.2077178955078,93.2242279052734,93.2242279052734,310058,"2010-08-09","SPMA"
93.2242279052734,93.2242279052734,93.2242279052734,93.2242279052734,641544,"2010-08-10","SPMA"
93.2242279052734,93.2242279052734,93.2242279052734,93.2242279052734,680617,"2010-08-11","SPMA"
93.2242279052734,93.2242279052734,91.2407302856445,93.2242279052734,857073,"2010-08-12","SPMA"
93.2242279052734,95.2077178955078,93.2242279052734,93.2242279052734,40332,"2010-08-13","SPMA"
91.2407302856445,97.1912155151367,91.2407302856445,91.2407302856445,789011,"2010-08-16","SPMA"
95.2077178955078,95.2077178955078,93.2242279052734,95.2077178955078,2416190,"2010-08-18","SPMA"
93.2242279052734,93.2242279052734,93.2242279052734,93.2242279052734,167633,"2010-08-19","SPMA"
93.2242279052734,93.2242279052734,93.2242279052734,93.2242279052734,756241,"2010-08-20","SPMA"
93.2242279052734,95.2077178955078,93.2242279052734,93.2242279052734,593649,"2010-08-23","SPMA"
93.2242279052734,93.2242279052734,93.2242279052734,93.2242279052734,1705323,"2010-08-24","SPMA"
93.2242279052734,93.2242279052734,93.2242279052734,93.2242279052734,3781,"2010-08-25","SPMA"
97.1912155151367,99.1747055053711,93.2242279052734,97.1912155151367,5951618,"2010-08-26","SPMA"
95.2077178955078,97.1912155151367,95.2077178955078,95.2077178955078,312579,"2010-08-27","SPMA"
95.2077178955078,95.2077178955078,95.2077178955078,95.2077178955078,506681,"2010-08-30","SPMA"
95.2077178955078,97.1912155151367,95.2077178955078,95.2077178955078,2398545,"2010-08-31","SPMA"
95.2077178955078,97.1912155151367,95.2077178955078,95.2077178955078,3298472,"2010-09-01","SPMA"
95.2077178955078,95.2077178955078,95.2077178955078,95.2077178955078,1063779,"2010-09-02","SPMA"
95.2077178955078,99.1747055053711,95.2077178955078,95.2077178955078,1375098,"2010-09-03","SPMA"
97.1912155151367,103.141693115234,95.2077178955078,97.1912155151367,14850056,"2010-09-06","SPMA"
97.1912155151367,99.1747055053711,97.1912155151367,97.1912155151367,1546513,"2010-09-07","SPMA"
97.1912155151367,97.1912155151367,97.1912155151367,97.1912155151367,0,"2010-09-15","SPMA"
95.2077178955078,97.1912155151367,95.2077178955078,95.2077178955078,302496,"2010-09-16","SPMA"
97.1912155151367,97.1912155151367,95.2077178955078,97.1912155151367,881020,"2010-09-17","SPMA"
97.1912155151367,97.1912155151367,95.2077178955078,97.1912155151367,720949,"2010-09-20","SPMA"
97.1912155151367,97.1912155151367,95.2077178955078,97.1912155151367,287371,"2010-09-21","SPMA"
97.1912155151367,101.158203125,97.1912155151367,97.1912155151367,216789,"2010-09-22","SPMA"
97.1912155151367,99.1747055053711,95.2077178955078,97.1912155151367,661711,"2010-09-23","SPMA"
99.1747055053711,99.1747055053711,97.1912155151367,99.1747055053711,717168,"2010-09-24","SPMA"
99.1747055053711,99.1747055053711,97.1912155151367,99.1747055053711,400807,"2010-09-27","SPMA"
101.158203125,101.158203125,99.1747055053711,101.158203125,3193858,"2010-09-28","SPMA"
99.1747055053711,101.158203125,99.1747055053711,99.1747055053711,978071,"2010-09-29","SPMA"
99.1747055053711,101.158203125,99.1747055053711,99.1747055053711,2286369,"2010-09-30","SPMA"
101.158203125,103.141693115234,101.158203125,101.158203125,1565419,"2010-10-01","SPMA"
101.158203125,101.158203125,99.1747055053711,101.158203125,2552314,"2010-10-04","SPMA"
101.158203125,103.141693115234,101.158203125,101.158203125,669273,"2010-10-05","SPMA"
99.1747055053711,101.158203125,99.1747055053711,99.1747055053711,1159569,"2010-10-06","SPMA"
99.1747055053711,99.1747055053711,95.2077178955078,99.1747055053711,3167390,"2010-10-07","SPMA"
101.158203125,101.158203125,97.1912155151367,101.158203125,762543,"2010-10-08","SPMA"
97.1912155151367,99.1747055053711,97.1912155151367,97.1912155151367,655409,"2010-10-11","SPMA"
99.1747055053711,101.158203125,99.1747055053711,99.1747055053711,814219,"2010-10-12","SPMA"
99.1747055053711,101.158203125,99.1747055053711,99.1747055053711,244517,"2010-10-13","SPMA"
103.141693115234,103.141693115234,99.1747055053711,103.141693115234,888583,"2010-10-14","SPMA"
103.141693115234,103.141693115234,103.141693115234,103.141693115234,315100,"2010-10-15","SPMA"
101.158203125,103.141693115234,101.158203125,101.158203125,816740,"2010-10-18","SPMA"
101.158203125,103.141693115234,101.158203125,101.158203125,1206204,"2010-10-19","SPMA"
101.158203125,103.141693115234,101.158203125,101.158203125,207966,"2010-10-20","SPMA"
101.158203125,103.141693115234,101.158203125,101.158203125,210487,"2010-10-21","SPMA"
101.158203125,101.158203125,101.158203125,101.158203125,112175,"2010-10-22","SPMA"
103.141693115234,105.125190734863,101.158203125,103.141693115234,2206963,"2010-10-25","SPMA"
103.141693115234,105.125190734863,103.141693115234,103.141693115234,2388461,"2010-10-26","SPMA"
107.108680725098,111.075668334961,105.125190734863,107.108680725098,5855827,"2010-10-27","SPMA"
107.108680725098,111.075668334961,107.108680725098,107.108680725098,589868,"2010-10-28","SPMA"
107.108680725098,107.108680725098,105.125190734863,107.108680725098,393245,"2010-10-29","SPMA"
105.125190734863,107.108680725098,105.125190734863,105.125190734863,182758,"2010-11-01","SPMA"
101.158203125,103.141693115234,101.158203125,101.158203125,215528,"2010-11-02","SPMA"
99.1747055053711,101.158203125,97.1912155151367,99.1747055053711,220570,"2010-11-03","SPMA"
101.158203125,103.141693115234,97.1912155151367,101.158203125,3369054,"2010-11-04","SPMA"
101.158203125,103.141693115234,101.158203125,101.158203125,78144,"2010-11-05","SPMA"
103.141693115234,103.141693115234,101.158203125,103.141693115234,78144,"2010-11-08","SPMA"
101.158203125,103.141693115234,101.158203125,101.158203125,25208,"2010-11-09","SPMA"
101.158203125,101.158203125,101.158203125,101.158203125,178977,"2010-11-10","SPMA"
101.158203125,101.158203125,101.158203125,101.158203125,660450,"2010-11-11","SPMA"
101.158203125,101.158203125,101.158203125,101.158203125,2520804,"2010-11-12","SPMA"
99.1747055053711,99.1747055053711,97.1912155151367,99.1747055053711,126040,"2010-11-15","SPMA"
99.1747055053711,101.158203125,97.1912155151367,99.1747055053711,3459803,"2010-11-16","SPMA"
97.1912155151367,99.1747055053711,97.1912155151367,97.1912155151367,776407,"2010-11-18","SPMA"
99.1747055053711,107.108680725098,97.1912155151367,99.1747055053711,47285241,"2010-11-19","SPMA"
99.1747055053711,105.125190734863,99.1747055053711,99.1747055053711,157550,"2010-11-22","SPMA"
97.1912155151367,101.158203125,97.1912155151367,97.1912155151367,328964,"2010-11-23","SPMA"
99.1747055053711,99.1747055053711,97.1912155151367,99.1747055053711,612555,"2010-11-24","SPMA"
101.158203125,103.141693115234,99.1747055053711,101.158203125,126040,"2010-11-25","SPMA"
99.1747055053711,99.1747055053711,97.1912155151367,99.1747055053711,821782,"2010-11-26","SPMA"
97.1912155151367,99.1747055053711,97.1912155151367,97.1912155151367,443661,"2010-11-29","SPMA"
97.1912155151367,101.158203125,97.1912155151367,97.1912155151367,102092,"2010-11-30","SPMA"
99.1747055053711,99.1747055053711,99.1747055053711,99.1747055053711,64280,"2010-12-01","SPMA"
99.1747055053711,99.1747055053711,99.1747055053711,99.1747055053711,89488,"2010-12-02","SPMA"
99.1747055053711,99.1747055053711,97.1912155151367,99.1747055053711,80665,"2010-12-03","SPMA"
101.158203125,101.158203125,101.158203125,101.158203125,10083,"2010-12-06","SPMA"
99.1747055053711,101.158203125,99.1747055053711,99.1747055053711,7562,"2010-12-08","SPMA"
99.1747055053711,99.1747055053711,99.1747055053711,99.1747055053711,13864,"2010-12-09","SPMA"
99.1747055053711,99.1747055053711,99.1747055053711,99.1747055053711,13864,"2010-12-10","SPMA"
99.1747055053711,99.1747055053711,99.1747055053711,99.1747055053711,201664,"2010-12-13","SPMA"
101.158203125,101.158203125,97.1912155151367,101.158203125,3781,"2010-12-14","SPMA"
101.158203125,101.158203125,99.1747055053711,101.158203125,26468,"2010-12-15","SPMA"
97.1912155151367,101.158203125,97.1912155151367,97.1912155151367,10083,"2010-12-16","SPMA"
97.1912155151367,97.1912155151367,97.1912155151367,97.1912155151367,253340,"2010-12-17","SPMA"
97.1912155151367,97.1912155151367,97.1912155151367,97.1912155151367,253340,"2010-12-20","SPMA"
95.2077178955078,95.2077178955078,95.2077178955078,95.2077178955078,5041,"2010-12-21","SPMA"
97.1912155151367,101.158203125,97.1912155151367,97.1912155151367,37812,"2010-12-22","SPMA"
97.1912155151367,97.1912155151367,97.1912155151367,97.1912155151367,37812,"2010-12-23","SPMA"
89.2572326660156,89.2572326660156,89.2572326660156,89.2572326660156,1260,"2010-12-27","SPMA"
97.1912155151367,97.1912155151367,95.2077178955078,97.1912155151367,22687,"2010-12-28","SPMA"
91.2407302856445,97.1912155151367,91.2407302856445,91.2407302856445,147467,"2010-12-29","SPMA"
91.2407302856445,91.2407302856445,91.2407302856445,91.2407302856445,147467,"2010-12-30","SPMA"
91.2407302856445,91.2407302856445,91.2407302856445,91.2407302856445,147467,"2011-01-03","SPMA"
93.2242279052734,93.2242279052734,87.2737426757812,93.2242279052734,44114,"2011-01-04","SPMA"
97.1912155151367,99.1747055053711,93.2242279052734,97.1912155151367,28989,"2011-01-05","SPMA"
97.1912155151367,97.1912155151367,97.1912155151367,97.1912155151367,28989,"2011-01-06","SPMA"
93.2242279052734,93.2242279052734,93.2242279052734,93.2242279052734,146206,"2011-01-07","SPMA"
89.2572326660156,91.2407302856445,89.2572326660156,89.2572326660156,444921,"2011-01-10","SPMA"
87.2737426757812,89.2572326660156,87.2737426757812,87.2737426757812,741116,"2011-01-11","SPMA"
89.2572326660156,89.2572326660156,89.2572326660156,89.2572326660156,6302,"2011-01-12","SPMA"
87.2737426757812,87.2737426757812,87.2737426757812,87.2737426757812,3781,"2011-01-13","SPMA"
89.2572326660156,89.2572326660156,87.2737426757812,89.2572326660156,71842,"2011-01-14","SPMA"
89.2572326660156,89.2572326660156,87.2737426757812,89.2572326660156,52936,"2011-01-17","SPMA"
89.2572326660156,89.2572326660156,89.2572326660156,89.2572326660156,88228,"2011-01-18","SPMA"
89.2572326660156,91.2407302856445,87.2737426757812,89.2572326660156,544493,"2011-01-19","SPMA"
87.2737426757812,89.2572326660156,87.2737426757812,87.2737426757812,669273,"2011-01-20","SPMA"
87.2737426757812,89.2572326660156,87.2737426757812,87.2737426757812,1230152,"2011-01-21","SPMA"
87.2737426757812,87.2737426757812,87.2737426757812,87.2737426757812,258382,"2011-01-24","SPMA"
93.2242279052734,97.1912155151367,87.2737426757812,93.2242279052734,4973546,"2011-01-25","SPMA"
89.2572326660156,93.2242279052734,87.2737426757812,89.2572326660156,108394,"2011-01-26","SPMA"
93.2242279052734,93.2242279052734,87.2737426757812,93.2242279052734,21426,"2011-01-27","SPMA"
93.2242279052734,95.2077178955078,87.2737426757812,93.2242279052734,1054956,"2011-01-28","SPMA"
87.2737426757812,89.2572326660156,87.2737426757812,87.2737426757812,25208,"2011-01-31","SPMA"
89.2572326660156,95.2077178955078,87.2737426757812,89.2572326660156,4474427,"2011-02-01","SPMA"
87.2737426757812,93.2242279052734,87.2737426757812,87.2737426757812,85707,"2011-02-02","SPMA"
89.2572326660156,91.2407302856445,87.2737426757812,89.2572326660156,61759,"2011-02-04","SPMA"
87.2737426757812,91.2407302856445,87.2737426757812,87.2737426757812,46634,"2011-02-07","SPMA"
91.2407302856445,91.2407302856445,91.2407302856445,91.2407302856445,1260,"2011-02-08","SPMA"
91.2407302856445,91.2407302856445,87.2737426757812,91.2407302856445,1261662,"2011-02-09","SPMA"
87.2737426757812,95.2077178955078,87.2737426757812,87.2737426757812,5176471,"2011-02-10","SPMA"
89.2572326660156,93.2242279052734,87.2737426757812,89.2572326660156,2333004,"2011-02-11","SPMA"
93.2242279052734,93.2242279052734,87.2737426757812,93.2242279052734,114696,"2011-02-14","SPMA"
89.2572326660156,95.2077178955078,89.2572326660156,89.2572326660156,31510,"2011-02-16","SPMA"
89.2572326660156,89.2572326660156,87.2737426757812,89.2572326660156,141165,"2011-02-17","SPMA"
89.2572326660156,91.2407302856445,89.2572326660156,89.2572326660156,144946,"2011-02-18","SPMA"
89.2572326660156,91.2407302856445,87.2737426757812,89.2572326660156,3263180,"2011-02-21","SPMA"
89.2572326660156,89.2572326660156,87.2737426757812,89.2572326660156,74363,"2011-02-22","SPMA"
89.2572326660156,89.2572326660156,87.2737426757812,89.2572326660156,349131,"2011-02-23","SPMA"
89.2572326660156,89.2572326660156,85.2902450561523,89.2572326660156,69322,"2011-02-24","SPMA"
89.2572326660156,89.2572326660156,87.2737426757812,89.2572326660156,6302,"2011-02-25","SPMA"
89.2572326660156,89.2572326660156,87.2737426757812,89.2572326660156,2520,"2011-02-28","SPMA"
87.2737426757812,89.2572326660156,87.2737426757812,87.2737426757812,42853,"2011-03-01","SPMA"
89.2572326660156,89.2572326660156,85.2902450561523,89.2572326660156,66801,"2011-03-02","SPMA"
89.2572326660156,89.2572326660156,89.2572326660156,89.2572326660156,66801,"2011-03-03","SPMA"
91.2407302856445,91.2407302856445,85.2902450561523,91.2407302856445,6302,"2011-03-04","SPMA"
91.2407302856445,91.2407302856445,87.2737426757812,91.2407302856445,455005,"2011-03-07","SPMA"
87.2737426757812,87.2737426757812,87.2737426757812,87.2737426757812,17645,"2011-03-08","SPMA"
89.2572326660156,89.2572326660156,87.2737426757812,89.2572326660156,758762,"2011-03-09","SPMA"
89.2572326660156,91.2407302856445,87.2737426757812,89.2572326660156,1361234,"2011-03-10","SPMA"
89.2572326660156,89.2572326660156,87.2737426757812,89.2572326660156,13864,"2011-03-11","SPMA"
85.2902450561523,89.2572326660156,85.2902450561523,85.2902450561523,254601,"2011-03-14","SPMA"
89.2572326660156,91.2407302856445,85.2902450561523,89.2572326660156,50416,"2011-03-15","SPMA"
89.2572326660156,89.2572326660156,87.2737426757812,89.2572326660156,1274266,"2011-03-16","SPMA"
89.2572326660156,89.2572326660156,89.2572326660156,89.2572326660156,1274266,"2011-03-17","SPMA"
85.2902450561523,91.2407302856445,85.2902450561523,85.2902450561523,3393002,"2011-03-18","SPMA"
87.2737426757812,87.2737426757812,85.2902450561523,87.2737426757812,645325,"2011-03-21","SPMA"
87.2737426757812,87.2737426757812,85.2902450561523,87.2737426757812,136123,"2011-03-22","SPMA"
87.2737426757812,87.2737426757812,87.2737426757812,87.2737426757812,0,"2011-03-23","SPMA"
87.2737426757812,89.2572326660156,85.2902450561523,87.2737426757812,1274266,"2011-03-24","SPMA"
85.2902450561523,87.2737426757812,85.2902450561523,85.2902450561523,608774,"2011-03-25","SPMA"
87.2737426757812,87.2737426757812,87.2737426757812,87.2737426757812,235695,"2011-03-28","SPMA"
87.2737426757812,87.2737426757812,85.2902450561523,87.2737426757812,108394,"2011-03-29","SPMA"
87.2737426757812,93.2242279052734,87.2737426757812,87.2737426757812,13716954,"2011-03-30","SPMA"
85.2902450561523,89.2572326660156,85.2902450561523,85.2902450561523,1930935,"2011-03-31","SPMA"
87.2737426757812,89.2572326660156,87.2737426757812,87.2737426757812,7562,"2011-04-01","SPMA"
87.2737426757812,89.2572326660156,85.2902450561523,87.2737426757812,231913,"2011-04-04","SPMA"
91.2407302856445,91.2407302856445,87.2737426757812,91.2407302856445,2549793,"2011-04-05","SPMA"
91.2407302856445,101.158203125,89.2572326660156,91.2407302856445,52282735,"2011-04-06","SPMA"
89.2572326660156,93.2242279052734,87.2737426757812,89.2572326660156,3928673,"2011-04-07","SPMA"
91.2407302856445,93.2242279052734,87.2737426757812,91.2407302856445,3425772,"2011-04-08","SPMA"
91.2407302856445,93.2242279052734,89.2572326660156,91.2407302856445,1905727,"2011-04-11","SPMA"
89.2572326660156,93.2242279052734,89.2572326660156,89.2572326660156,1015884,"2011-04-12","SPMA"
91.2407302856445,91.2407302856445,89.2572326660156,91.2407302856445,525587,"2011-04-13","SPMA"
89.2572326660156,91.2407302856445,89.2572326660156,89.2572326660156,47895,"2011-04-14","SPMA"
91.2407302856445,93.2242279052734,91.2407302856445,91.2407302856445,1332244,"2011-04-15","SPMA"
91.2407302856445,91.2407302856445,89.2572326660156,91.2407302856445,148727,"2011-04-18","SPMA"
93.2242279052734,93.2242279052734,91.2407302856445,93.2242279052734,254601,"2011-04-19","SPMA"
93.2242279052734,93.2242279052734,91.2407302856445,93.2242279052734,368037,"2011-04-20","SPMA"
93.2242279052734,93.2242279052734,91.2407302856445,93.2242279052734,209226,"2011-04-21","SPMA"
93.2242279052734,93.2242279052734,91.2407302856445,93.2242279052734,431057,"2011-04-25","SPMA"
93.2242279052734,93.2242279052734,91.2407302856445,93.2242279052734,20166,"2011-04-26","SPMA"
93.2242279052734,97.1912155151367,93.2242279052734,93.2242279052734,4780704,"2011-04-27","SPMA"
95.2077178955078,95.2077178955078,93.2242279052734,95.2077178955078,676835,"2011-04-28","SPMA"
95.2077178955078,95.2077178955078,93.2242279052734,95.2077178955078,196622,"2011-04-29","SPMA"
95.2077178955078,95.2077178955078,93.2242279052734,95.2077178955078,141165,"2011-05-02","SPMA"
95.2077178955078,95.2077178955078,93.2242279052734,95.2077178955078,136123,"2011-05-03","SPMA"
93.2242279052734,97.1912155151367,93.2242279052734,93.2242279052734,2317879,"2011-05-04","SPMA"
95.2077178955078,95.2077178955078,93.2242279052734,95.2077178955078,1701542,"2011-05-05","SPMA"
95.2077178955078,95.2077178955078,93.2242279052734,95.2077178955078,128561,"2011-05-06","SPMA"
95.2077178955078,101.158203125,93.2242279052734,95.2077178955078,12170441,"2011-05-09","SPMA"
95.2077178955078,99.1747055053711,95.2077178955078,95.2077178955078,1010842,"2011-05-10","SPMA"
99.1747055053711,99.1747055053711,93.2242279052734,99.1747055053711,2944299,"2011-05-11","SPMA"
99.1747055053711,99.1747055053711,95.2077178955078,99.1747055053711,951603,"2011-05-12","SPMA"
97.1912155151367,99.1747055053711,95.2077178955078,97.1912155151367,681877,"2011-05-13","SPMA"
99.1747055053711,99.1747055053711,95.2077178955078,99.1747055053711,178977,"2011-05-16","SPMA"
99.1747055053711,99.1747055053711,95.2077178955078,99.1747055053711,224351,"2011-05-18","SPMA"
97.1912155151367,97.1912155151367,95.2077178955078,97.1912155151367,1092768,"2011-05-19","SPMA"
99.1747055053711,99.1747055053711,97.1912155151367,99.1747055053711,1117976,"2011-05-20","SPMA"
99.1747055053711,99.1747055053711,97.1912155151367,99.1747055053711,1537690,"2011-05-23","SPMA"
99.1747055053711,99.1747055053711,97.1912155151367,99.1747055053711,1117976,"2011-05-24","SPMA"
97.1912155151367,99.1747055053711,95.2077178955078,97.1912155151367,548274,"2011-05-25","SPMA"
97.1912155151367,97.1912155151367,95.2077178955078,97.1912155151367,1348630,"2011-05-26","SPMA"
97.1912155151367,97.1912155151367,95.2077178955078,97.1912155151367,42853,"2011-05-27","SPMA"
97.1912155151367,97.1912155151367,95.2077178955078,97.1912155151367,1020925,"2011-05-30","SPMA"
97.1912155151367,99.1747055053711,95.2077178955078,97.1912155151367,4790788,"2011-05-31","SPMA"
97.1912155151367,99.1747055053711,95.2077178955078,97.1912155151367,492817,"2011-06-01","SPMA"
97.1912155151367,97.1912155151367,95.2077178955078,97.1912155151367,970509,"2011-06-03","SPMA"
97.1912155151367,97.1912155151367,95.2077178955078,97.1912155151367,166373,"2011-06-06","SPMA"
97.1912155151367,97.1912155151367,95.2077178955078,97.1912155151367,103352,"2011-06-07","SPMA"
97.1912155151367,97.1912155151367,95.2077178955078,97.1912155151367,180237,"2011-06-08","SPMA"
97.1912155151367,103.141693115234,97.1912155151367,97.1912155151367,1439379,"2011-06-09","SPMA"
97.1912155151367,99.1747055053711,97.1912155151367,97.1912155151367,1527607,"2011-06-10","SPMA"
95.2077178955078,97.1912155151367,95.2077178955078,95.2077178955078,1599450,"2011-06-13","SPMA"
103.141693115234,107.108680725098,95.2077178955078,103.141693115234,28098141,"2011-06-14","SPMA"
95.2077178955078,105.125190734863,93.2242279052734,95.2077178955078,24135437,"2011-06-15","SPMA"
91.2407302856445,95.2077178955078,91.2407302856445,91.2407302856445,2022945,"2011-06-16","SPMA"
93.2242279052734,95.2077178955078,91.2407302856445,93.2242279052734,515504,"2011-06-17","SPMA"
91.2407302856445,95.2077178955078,91.2407302856445,91.2407302856445,173935,"2011-06-20","SPMA"
91.2407302856445,93.2242279052734,91.2407302856445,91.2407302856445,156289,"2011-06-21","SPMA"
93.2242279052734,93.2242279052734,91.2407302856445,93.2242279052734,1648605,"2011-06-22","SPMA"
91.2407302856445,93.2242279052734,91.2407302856445,91.2407302856445,243257,"2011-06-23","SPMA"
89.2572326660156,91.2407302856445,89.2572326660156,89.2572326660156,694481,"2011-06-24","SPMA"
93.2242279052734,93.2242279052734,89.2572326660156,93.2242279052734,336527,"2011-06-27","SPMA"
91.2407302856445,93.2242279052734,91.2407302856445,91.2407302856445,281069,"2011-06-28","SPMA"
93.2242279052734,93.2242279052734,91.2407302856445,93.2242279052734,90748,"2011-06-30","SPMA"
93.2242279052734,93.2242279052734,89.2572326660156,93.2242279052734,1112934,"2011-07-01","SPMA"
93.2242279052734,93.2242279052734,93.2242279052734,93.2242279052734,0,"2011-07-04","SPMA"
91.2407302856445,93.2242279052734,91.2407302856445,91.2407302856445,700783,"2011-07-05","SPMA"
91.2407302856445,93.2242279052734,91.2407302856445,91.2407302856445,92009,"2011-07-06","SPMA"
93.2242279052734,93.2242279052734,93.2242279052734,93.2242279052734,811698,"2011-07-07","SPMA"
95.2077178955078,97.1912155151367,91.2407302856445,95.2077178955078,990675,"2011-07-08","SPMA"
97.1912155151367,97.1912155151367,95.2077178955078,97.1912155151367,615076,"2011-07-11","SPMA"
95.2077178955078,95.2077178955078,93.2242279052734,95.2077178955078,381901,"2011-07-12","SPMA"
95.2077178955078,95.2077178955078,93.2242279052734,95.2077178955078,229393,"2011-07-13","SPMA"
95.2077178955078,99.1747055053711,95.2077178955078,95.2077178955078,3390481,"2011-07-14","SPMA"
97.1912155151367,99.1747055053711,97.1912155151367,97.1912155151367,3748435,"2011-07-15","SPMA"
99.1747055053711,101.158203125,97.1912155151367,99.1747055053711,2863633,"2011-07-18","SPMA"
115.042663574219,122.976638793945,101.158203125,115.042663574219,155275224,"2011-07-19","SPMA"
142.811584472656,142.811584472656,111.075668334961,142.811584472656,472523449,"2011-07-20","SPMA"
120.993141174316,156.696044921875,119.009651184082,120.993141174316,630552652,"2011-07-21","SPMA"
119.009651184082,124.96012878418,115.042663574219,119.009651184082,20898725,"2011-07-22","SPMA"
120.993141174316,124.96012878418,117.026153564453,120.993141174316,21968806,"2011-07-25","SPMA"
119.009651184082,122.976638793945,119.009651184082,119.009651184082,16119281,"2011-07-26","SPMA"
119.009651184082,120.993141174316,119.009651184082,119.009651184082,6449477,"2011-07-27","SPMA"
120.993141174316,120.993141174316,119.009651184082,120.993141174316,5941535,"2011-07-28","SPMA"
119.009651184082,120.993141174316,119.009651184082,119.009651184082,5824317,"2011-07-29","SPMA"
119.009651184082,120.993141174316,119.009651184082,119.009651184082,10712156,"2011-08-01","SPMA"
122.976638793945,122.976638793945,119.009651184082,122.976638793945,24923189,"2011-08-02","SPMA"
120.993141174316,122.976638793945,120.993141174316,120.993141174316,8849282,"2011-08-03","SPMA"
120.993141174316,122.976638793945,120.993141174316,120.993141174316,10891133,"2011-08-04","SPMA"
109.092178344727,120.993141174316,109.092178344727,109.092178344727,19098871,"2011-08-05","SPMA"
103.141693115234,113.05916595459,97.1912155151367,103.141693115234,9337058,"2011-08-08","SPMA"
105.125190734863,109.092178344727,95.2077178955078,105.125190734863,11313368,"2011-08-09","SPMA"
105.125190734863,111.075668334961,101.158203125,105.125190734863,17915354,"2011-08-10","SPMA"
99.1747055053711,103.141693115234,99.1747055053711,99.1747055053711,1211246,"2011-08-11","SPMA"
103.141693115234,105.125190734863,101.158203125,103.141693115234,975551,"2011-08-12","SPMA"
105.125190734863,109.092178344727,105.125190734863,105.125190734863,825563,"2011-08-15","SPMA"
107.108680725098,109.092178344727,105.125190734863,107.108680725098,2798092,"2011-08-16","SPMA"
107.108680725098,111.075668334961,107.108680725098,107.108680725098,1930935,"2011-08-18","SPMA"
103.141693115234,105.125190734863,103.141693115234,103.141693115234,3573239,"2011-08-19","SPMA"
105.125190734863,107.108680725098,103.141693115234,105.125190734863,650367,"2011-08-22","SPMA"
113.05916595459,115.042663574219,103.141693115234,113.05916595459,5369312,"2011-08-23","SPMA"
107.108680725098,111.075668334961,105.125190734863,107.108680725098,1963706,"2011-08-24","SPMA"
107.108680725098,109.092178344727,105.125190734863,107.108680725098,307538,"2011-08-25","SPMA"
107.108680725098,107.108680725098,105.125190734863,107.108680725098,723470,"2011-08-26","SPMA"
107.108680725098,111.075668334961,105.125190734863,107.108680725098,3052693,"2011-09-05","SPMA"
107.108680725098,111.075668334961,107.108680725098,107.108680725098,4344605,"2011-09-06","SPMA"
111.075668334961,111.075668334961,107.108680725098,111.075668334961,6856586,"2011-09-07","SPMA"
109.092178344727,111.075668334961,109.092178344727,109.092178344727,6092783,"2011-09-08","SPMA"
111.075668334961,111.075668334961,109.092178344727,111.075668334961,1678855,"2011-09-09","SPMA"
107.108680725098,126.943626403809,107.108680725098,107.108680725098,389464,"2011-09-12","SPMA"
105.125190734863,107.108680725098,105.125190734863,105.125190734863,45374,"2011-09-13","SPMA"
105.125190734863,107.108680725098,101.158203125,105.125190734863,2441398,"2011-09-14","SPMA"
105.125190734863,105.125190734863,103.141693115234,105.125190734863,8977843,"2011-09-15","SPMA"
105.125190734863,107.108680725098,105.125190734863,105.125190734863,923874,"2011-09-16","SPMA"
105.125190734863,105.125190734863,105.125190734863,105.125190734863,1738094,"2011-09-19","SPMA"
107.108680725098,107.108680725098,105.125190734863,107.108680725098,197883,"2011-09-20","SPMA"
105.125190734863,107.108680725098,105.125190734863,105.125190734863,403328,"2011-09-21","SPMA"
91.2407302856445,103.141693115234,91.2407302856445,91.2407302856445,4261419,"2011-09-22","SPMA"
95.2077178955078,95.2077178955078,89.2572326660156,95.2077178955078,385683,"2011-09-23","SPMA"
89.2572326660156,97.1912155151367,81.3232574462891,89.2572326660156,1280568,"2011-09-26","SPMA"
89.2572326660156,95.2077178955078,89.2572326660156,89.2572326660156,97050,"2011-09-27","SPMA"
93.2242279052734,95.2077178955078,87.2737426757812,93.2242279052734,446182,"2011-09-28","SPMA"
93.2242279052734,93.2242279052734,89.2572326660156,93.2242279052734,78144,"2011-09-29","SPMA"
95.2077178955078,99.1747055053711,93.2242279052734,95.2077178955078,502900,"2011-09-30","SPMA"
87.2737426757812,95.2077178955078,85.2902450561523,87.2737426757812,584826,"2011-10-03","SPMA"
87.2737426757812,87.2737426757812,81.3232574462891,87.2737426757812,1025967,"2011-10-04","SPMA"
85.2902450561523,99.1747055053711,85.2902450561523,85.2902450561523,173935,"2011-10-05","SPMA"
91.2407302856445,95.2077178955078,85.2902450561523,91.2407302856445,186539,"2011-10-06","SPMA"
85.2902450561523,93.2242279052734,85.2902450561523,85.2902450561523,451223,"2011-10-07","SPMA"
91.2407302856445,93.2242279052734,85.2902450561523,91.2407302856445,157550,"2011-10-10","SPMA"
91.2407302856445,91.2407302856445,87.2737426757812,91.2407302856445,250819,"2011-10-11","SPMA"
91.2407302856445,91.2407302856445,85.2902450561523,91.2407302856445,225611,"2011-10-12","SPMA"
97.1912155151367,97.1912155151367,91.2407302856445,97.1912155151367,799094,"2011-10-13","SPMA"
91.2407302856445,95.2077178955078,89.2572326660156,91.2407302856445,81926,"2011-10-14","SPMA"
95.2077178955078,99.1747055053711,95.2077178955078,95.2077178955078,45374,"2011-10-17","SPMA"
89.2572326660156,93.2242279052734,85.2902450561523,89.2572326660156,5041,"2011-10-18","SPMA"
91.2407302856445,97.1912155151367,87.2737426757812,91.2407302856445,26468,"2011-10-19","SPMA"
87.2737426757812,95.2077178955078,87.2737426757812,87.2737426757812,1941019,"2011-10-20","SPMA"
89.2572326660156,89.2572326660156,87.2737426757812,89.2572326660156,2547272,"2011-10-21","SPMA"
89.2572326660156,95.2077178955078,89.2572326660156,89.2572326660156,15124,"2011-10-24","SPMA"
89.2572326660156,97.1912155151367,89.2572326660156,89.2572326660156,86967,"2011-10-25","SPMA"
93.2242279052734,93.2242279052734,89.2572326660156,93.2242279052734,94530,"2011-10-26","SPMA"
91.2407302856445,95.2077178955078,89.2572326660156,91.2407302856445,1296953,"2011-10-27","SPMA"
95.2077178955078,99.1747055053711,91.2407302856445,95.2077178955078,8244289,"2011-10-28","SPMA"
95.2077178955078,99.1747055053711,91.2407302856445,95.2077178955078,622638,"2011-10-31","SPMA"
95.2077178955078,95.2077178955078,91.2407302856445,95.2077178955078,1047394,"2011-11-01","SPMA"
95.2077178955078,99.1747055053711,91.2407302856445,95.2077178955078,535670,"2011-11-02","SPMA"
95.2077178955078,95.2077178955078,91.2407302856445,95.2077178955078,608774,"2011-11-03","SPMA"
95.2077178955078,97.1912155151367,95.2077178955078,95.2077178955078,331485,"2011-11-04","SPMA"
97.1912155151367,97.1912155151367,95.2077178955078,97.1912155151367,1091508,"2011-11-07","SPMA"
97.1912155151367,97.1912155151367,95.2077178955078,97.1912155151367,249559,"2011-11-08","SPMA"
97.1912155151367,99.1747055053711,97.1912155151367,97.1912155151367,586086,"2011-11-09","SPMA"
97.1912155151367,97.1912155151367,93.2242279052734,97.1912155151367,476431,"2011-11-10","SPMA"
97.1912155151367,97.1912155151367,95.2077178955078,97.1912155151367,32770,"2011-11-11","SPMA"
97.1912155151367,99.1747055053711,95.2077178955078,97.1912155151367,6302,"2011-11-14","SPMA"
97.1912155151367,97.1912155151367,95.2077178955078,97.1912155151367,148727,"2011-11-15","SPMA"
95.2077178955078,97.1912155151367,93.2242279052734,95.2077178955078,529368,"2011-11-16","SPMA"
95.2077178955078,97.1912155151367,95.2077178955078,95.2077178955078,2520,"2011-11-17","SPMA"
95.2077178955078,97.1912155151367,91.2407302856445,95.2077178955078,519285,"2011-11-18","SPMA"
93.2242279052734,95.2077178955078,91.2407302856445,93.2242279052734,646586,"2011-11-21","SPMA"
95.2077178955078,95.2077178955078,89.2572326660156,95.2077178955078,1133101,"2011-11-22","SPMA"
95.2077178955078,95.2077178955078,93.2242279052734,95.2077178955078,3007319,"2011-11-23","SPMA"
93.2242279052734,97.1912155151367,93.2242279052734,93.2242279052734,100832,"2011-11-24","SPMA"
95.2077178955078,97.1912155151367,91.2407302856445,95.2077178955078,652888,"2011-11-25","SPMA"
95.2077178955078,95.2077178955078,91.2407302856445,95.2077178955078,836906,"2011-11-28","SPMA"
97.1912155151367,97.1912155151367,93.2242279052734,97.1912155151367,253340,"2011-11-29","SPMA"
97.1912155151367,97.1912155151367,91.2407302856445,97.1912155151367,804136,"2011-11-30","SPMA"
97.1912155151367,97.1912155151367,97.1912155151367,97.1912155151367,0,"2011-12-01","SPMA"
99.1747055053711,99.1747055053711,95.2077178955078,99.1747055053711,60499,"2011-12-02","SPMA"
95.2077178955078,97.1912155151367,93.2242279052734,95.2077178955078,52936,"2011-12-05","SPMA"
95.2077178955078,95.2077178955078,93.2242279052734,95.2077178955078,26468,"2011-12-06","SPMA"
95.2077178955078,95.2077178955078,95.2077178955078,95.2077178955078,1260,"2011-12-07","SPMA"
93.2242279052734,93.2242279052734,91.2407302856445,93.2242279052734,318881,"2011-12-08","SPMA"
93.2242279052734,93.2242279052734,91.2407302856445,93.2242279052734,42853,"2011-12-09","SPMA"
93.2242279052734,95.2077178955078,89.2572326660156,93.2242279052734,315100,"2011-12-12","SPMA"
95.2077178955078,95.2077178955078,91.2407302856445,95.2077178955078,34030,"2011-12-13","SPMA"
95.2077178955078,95.2077178955078,89.2572326660156,95.2077178955078,3671551,"2011-12-14","SPMA"
95.2077178955078,95.2077178955078,91.2407302856445,95.2077178955078,417193,"2011-12-15","SPMA"
93.2242279052734,95.2077178955078,93.2242279052734,93.2242279052734,23947,"2011-12-16","SPMA"
95.2077178955078,95.2077178955078,95.2077178955078,95.2077178955078,1260,"2011-12-19","SPMA"
95.2077178955078,95.2077178955078,93.2242279052734,95.2077178955078,383162,"2011-12-20","SPMA"
93.2242279052734,93.2242279052734,91.2407302856445,93.2242279052734,265944,"2011-12-21","SPMA"
93.2242279052734,93.2242279052734,93.2242279052734,93.2242279052734,112175,"2011-12-22","SPMA"
91.2407302856445,91.2407302856445,91.2407302856445,91.2407302856445,143685,"2011-12-23","SPMA"
93.2242279052734,97.1912155151367,91.2407302856445,93.2242279052734,23947,"2011-12-27","SPMA"
93.2242279052734,93.2242279052734,93.2242279052734,93.2242279052734,39072,"2011-12-28","SPMA"
93.2242279052734,93.2242279052734,93.2242279052734,93.2242279052734,100832,"2011-12-29","SPMA"
95.2077178955078,97.1912155151367,93.2242279052734,95.2077178955078,284850,"2011-12-30","SPMA"
95.2077178955078,95.2077178955078,93.2242279052734,95.2077178955078,2224609,"2012-01-02","SPMA"
97.1912155151367,97.1912155151367,93.2242279052734,97.1912155151367,2067059,"2012-01-03","SPMA"
95.2077178955078,99.1747055053711,95.2077178955078,95.2077178955078,869677,"2012-01-04","SPMA"
97.1912155151367,97.1912155151367,95.2077178955078,97.1912155151367,473911,"2012-01-05","SPMA"
95.2077178955078,99.1747055053711,95.2077178955078,95.2077178955078,1715407,"2012-01-06","SPMA"
95.2077178955078,97.1912155151367,95.2077178955078,95.2077178955078,346610,"2012-01-09","SPMA"
97.1912155151367,97.1912155151367,95.2077178955078,97.1912155151367,205445,"2012-01-10","SPMA"
97.1912155151367,99.1747055053711,97.1912155151367,97.1912155151367,5041,"2012-01-11","SPMA"
97.1912155151367,97.1912155151367,97.1912155151367,97.1912155151367,26468,"2012-01-12","SPMA"
97.1912155151367,97.1912155151367,97.1912155151367,97.1912155151367,0,"2012-01-13","SPMA"
97.1912155151367,97.1912155151367,97.1912155151367,97.1912155151367,252080,"2012-01-16","SPMA"
97.1912155151367,99.1747055053711,95.2077178955078,97.1912155151367,4153024,"2012-01-17","SPMA"
99.1747055053711,99.1747055053711,97.1912155151367,99.1747055053711,223091,"2012-01-18","SPMA"
101.158203125,101.158203125,97.1912155151367,101.158203125,11623427,"2012-01-19","SPMA"
101.158203125,101.158203125,99.1747055053711,101.158203125,13864,"2012-01-20","SPMA"
101.158203125,101.158203125,97.1912155151367,101.158203125,675575,"2012-01-24","SPMA"
99.1747055053711,101.158203125,99.1747055053711,99.1747055053711,274767,"2012-01-25","SPMA"
97.1912155151367,101.158203125,97.1912155151367,97.1912155151367,502900,"2012-01-26","SPMA"
97.1912155151367,99.1747055053711,97.1912155151367,97.1912155151367,371818,"2012-01-27","SPMA"
97.1912155151367,99.1747055053711,95.2077178955078,97.1912155151367,1901946,"2012-01-30","SPMA"
101.158203125,101.158203125,97.1912155151367,101.158203125,1820020,"2012-01-31","SPMA"
97.1912155151367,99.1747055053711,97.1912155151367,97.1912155151367,318881,"2012-02-01","SPMA"
99.1747055053711,101.158203125,97.1912155151367,99.1747055053711,761282,"2012-02-02","SPMA"
103.141693115234,105.125190734863,99.1747055053711,103.141693115234,408370,"2012-02-03","SPMA"
101.158203125,107.108680725098,101.158203125,101.158203125,225611,"2012-02-06","SPMA"
103.141693115234,103.141693115234,99.1747055053711,103.141693115234,3047652,"2012-02-07","SPMA"
101.158203125,107.108680725098,101.158203125,101.158203125,13864,"2012-02-08","SPMA"
105.125190734863,105.125190734863,101.158203125,105.125190734863,71842,"2012-02-09","SPMA"
105.125190734863,111.075668334961,101.158203125,105.125190734863,320142,"2012-02-10","SPMA"
105.125190734863,107.108680725098,101.158203125,105.125190734863,27728,"2012-02-13","SPMA"
103.141693115234,105.125190734863,101.158203125,103.141693115234,28989,"2012-02-14","SPMA"
103.141693115234,107.108680725098,101.158203125,103.141693115234,127300,"2012-02-15","SPMA"
103.141693115234,105.125190734863,103.141693115234,103.141693115234,56718,"2012-02-16","SPMA"
101.158203125,103.141693115234,101.158203125,101.158203125,3781,"2012-02-17","SPMA"
103.141693115234,103.141693115234,101.158203125,103.141693115234,255861,"2012-02-20","SPMA"
101.158203125,103.141693115234,101.158203125,101.158203125,64280,"2012-02-21","SPMA"
101.158203125,103.141693115234,101.158203125,101.158203125,356693,"2012-02-22","SPMA"
103.141693115234,103.141693115234,101.158203125,103.141693115234,1086466,"2012-02-23","SPMA"
101.158203125,101.158203125,101.158203125,101.158203125,601211,"2012-02-24","SPMA"
103.141693115234,103.141693115234,101.158203125,103.141693115234,8822,"2012-02-27","SPMA"
103.141693115234,103.141693115234,101.158203125,103.141693115234,103352,"2012-02-28","SPMA"
103.141693115234,103.141693115234,99.1747055053711,103.141693115234,60499,"2012-02-29","SPMA"
103.141693115234,103.141693115234,101.158203125,103.141693115234,42853,"2012-03-01","SPMA"
103.141693115234,103.141693115234,101.158203125,103.141693115234,27728,"2012-03-02","SPMA"
103.141693115234,103.141693115234,101.158203125,103.141693115234,258382,"2012-03-05","SPMA"
103.141693115234,103.141693115234,101.158203125,103.141693115234,734814,"2012-03-06","SPMA"
103.141693115234,103.141693115234,101.158203125,103.141693115234,54197,"2012-03-07","SPMA"
105.125190734863,105.125190734863,101.158203125,105.125190734863,128561,"2012-03-08","SPMA"
105.125190734863,105.125190734863,103.141693115234,105.125190734863,3781,"2012-03-09","SPMA"
105.125190734863,105.125190734863,105.125190734863,105.125190734863,2520,"2012-03-12","SPMA"
103.141693115234,103.141693115234,99.1747055053711,103.141693115234,758762,"2012-03-13","SPMA"
101.158203125,107.108680725098,101.158203125,101.158203125,3781,"2012-03-14","SPMA"
101.158203125,101.158203125,101.158203125,101.158203125,441140,"2012-03-15","SPMA"
101.158203125,101.158203125,99.1747055053711,101.158203125,3781,"2012-03-16","SPMA"
103.141693115234,107.108680725098,103.141693115234,103.141693115234,1978831,"2012-03-19","SPMA"
105.125190734863,105.125190734863,103.141693115234,105.125190734863,1479711,"2012-03-20","SPMA"
105.125190734863,105.125190734863,103.141693115234,105.125190734863,1199902,"2012-03-21","SPMA"
101.158203125,103.141693115234,101.158203125,101.158203125,1376358,"2012-03-22","SPMA"
103.141693115234,103.141693115234,101.158203125,103.141693115234,46634,"2012-03-26","SPMA"
103.141693115234,103.141693115234,103.141693115234,103.141693115234,2520,"2012-03-27","SPMA"
101.158203125,101.158203125,101.158203125,101.158203125,108394,"2012-03-28","SPMA"
101.158203125,101.158203125,101.158203125,101.158203125,221830,"2012-03-29","SPMA"
103.141693115234,103.141693115234,101.158203125,103.141693115234,230653,"2012-03-30","SPMA"
105.125190734863,105.125190734863,101.158203125,105.125190734863,93269,"2012-04-02","SPMA"
105.125190734863,105.125190734863,105.125190734863,105.125190734863,0,"2012-04-03","SPMA"
105.125190734863,105.125190734863,101.158203125,105.125190734863,64280,"2012-04-04","SPMA"
105.125190734863,105.125190734863,99.1747055053711,105.125190734863,128561,"2012-04-05","SPMA"
103.141693115234,103.141693115234,101.158203125,103.141693115234,115956,"2012-04-09","SPMA"
105.125190734863,105.125190734863,99.1747055053711,105.125190734863,427276,"2012-04-10","SPMA"
105.125190734863,105.125190734863,105.125190734863,105.125190734863,1260,"2012-04-11","SPMA"
103.141693115234,103.141693115234,99.1747055053711,103.141693115234,60499,"2012-04-12","SPMA"
103.141693115234,103.141693115234,99.1747055053711,103.141693115234,1131840,"2012-04-13","SPMA"
103.141693115234,103.141693115234,101.158203125,103.141693115234,254601,"2012-04-16","SPMA"
103.141693115234,103.141693115234,101.158203125,103.141693115234,287371,"2012-04-17","SPMA"
105.125190734863,105.125190734863,101.158203125,105.125190734863,215528,"2012-04-18","SPMA"
105.125190734863,105.125190734863,101.158203125,105.125190734863,828084,"2012-04-19","SPMA"
105.125190734863,105.125190734863,103.141693115234,105.125190734863,103352,"2012-04-20","SPMA"
103.141693115234,103.141693115234,101.158203125,103.141693115234,870937,"2012-04-23","SPMA"
103.141693115234,103.141693115234,101.158203125,103.141693115234,128561,"2012-04-24","SPMA"
105.125190734863,105.125190734863,101.158203125,105.125190734863,99571,"2012-04-25","SPMA"
105.125190734863,105.125190734863,105.125190734863,105.125190734863,99571,"2012-04-26","SPMA"
103.141693115234,103.141693115234,101.158203125,103.141693115234,8822,"2012-04-27","SPMA"
103.141693115234,103.141693115234,101.158203125,103.141693115234,593649,"2012-04-30","SPMA"
105.125190734863,105.125190734863,101.158203125,105.125190734863,417193,"2012-05-01","SPMA"
105.125190734863,105.125190734863,101.158203125,105.125190734863,5041,"2012-05-02","SPMA"
103.141693115234,103.141693115234,103.141693115234,103.141693115234,317621,"2012-05-03","SPMA"
105.125190734863,107.108680725098,105.125190734863,105.125190734863,381901,"2012-05-04","SPMA"
105.125190734863,105.125190734863,103.141693115234,105.125190734863,83186,"2012-05-07","SPMA"
107.108680725098,107.108680725098,103.141693115234,107.108680725098,75624,"2012-05-08","SPMA"
105.125190734863,105.125190734863,103.141693115234,105.125190734863,310058,"2012-05-09","SPMA"
105.125190734863,107.108680725098,101.158203125,105.125190734863,142425,"2012-05-10","SPMA"
105.125190734863,105.125190734863,105.125190734863,105.125190734863,6302,"2012-05-11","SPMA"
103.141693115234,103.141693115234,103.141693115234,103.141693115234,64280,"2012-05-14","SPMA"
103.141693115234,103.141693115234,97.1912155151367,103.141693115234,151248,"2012-05-15","SPMA"
101.158203125,105.125190734863,83.306755065918,101.158203125,306277,"2012-05-16","SPMA"
99.1747055053711,99.1747055053711,95.2077178955078,99.1747055053711,205445,"2012-05-21","SPMA"
103.141693115234,105.125190734863,97.1912155151367,103.141693115234,66801,"2012-05-22","SPMA"
99.1747055053711,99.1747055053711,97.1912155151367,99.1747055053711,173935,"2012-05-23","SPMA"
103.141693115234,105.125190734863,95.2077178955078,103.141693115234,320142,"2012-05-24","SPMA"
105.125190734863,105.125190734863,105.125190734863,105.125190734863,1260,"2012-05-25","SPMA"
103.141693115234,103.141693115234,95.2077178955078,103.141693115234,127300,"2012-05-28","SPMA"
103.141693115234,103.141693115234,99.1747055053711,103.141693115234,25208,"2012-05-29","SPMA"
103.141693115234,103.141693115234,97.1912155151367,103.141693115234,3781,"2012-05-30","SPMA"
103.141693115234,103.141693115234,103.141693115234,103.141693115234,2520,"2012-05-31","SPMA"
103.141693115234,103.141693115234,103.141693115234,103.141693115234,2520,"2012-06-01","SPMA"
95.2077178955078,95.2077178955078,87.2737426757812,95.2077178955078,500379,"2012-06-04","SPMA"
97.1912155151367,99.1747055053711,97.1912155151367,97.1912155151367,3781,"2012-06-05","SPMA"
97.1912155151367,99.1747055053711,91.2407302856445,97.1912155151367,34030,"2012-06-06","SPMA"
99.1747055053711,99.1747055053711,95.2077178955078,99.1747055053711,60499,"2012-06-07","SPMA"
99.1747055053711,99.1747055053711,93.2242279052734,99.1747055053711,646586,"2012-06-08","SPMA"
99.1747055053711,99.1747055053711,99.1747055053711,99.1747055053711,646586,"2012-06-11","SPMA"
99.1747055053711,99.1747055053711,99.1747055053711,99.1747055053711,5041,"2012-06-12","SPMA"
99.1747055053711,99.1747055053711,99.1747055053711,99.1747055053711,5041,"2012-06-13","SPMA"
99.1747055053711,99.1747055053711,91.2407302856445,99.1747055053711,124779,"2012-06-14","SPMA"
99.1747055053711,99.1747055053711,91.2407302856445,99.1747055053711,276028,"2012-06-15","SPMA"
99.1747055053711,99.1747055053711,95.2077178955078,99.1747055053711,71842,"2012-06-18","SPMA"
99.1747055053711,99.1747055053711,99.1747055053711,99.1747055053711,71842,"2012-06-19","SPMA"
99.1747055053711,99.1747055053711,99.1747055053711,99.1747055053711,71842,"2012-06-20","SPMA"
99.1747055053711,99.1747055053711,99.1747055053711,99.1747055053711,71842,"2012-06-21","SPMA"
99.1747055053711,99.1747055053711,95.2077178955078,99.1747055053711,253340,"2012-06-22","SPMA"
99.1747055053711,99.1747055053711,95.2077178955078,99.1747055053711,632721,"2012-06-25","SPMA"
99.1747055053711,99.1747055053711,93.2242279052734,93.2242279052734,187799,"2012-06-26","SPMA"
103.141693115234,103.141693115234,99.1747055053711,101.158203125,7562,"2012-06-27","SPMA"
101.158203125,101.158203125,101.158203125,101.158203125,7562,"2012-06-28","SPMA"
101.158203125,101.158203125,93.2242279052734,101.158203125,13864,"2012-06-29","SPMA"
101.158203125,101.158203125,101.158203125,101.158203125,13864,"2012-07-02","SPMA"
101.158203125,101.158203125,99.1747055053711,101.158203125,253340,"2012-07-03","SPMA"
101.158203125,101.158203125,101.158203125,101.158203125,253340,"2012-07-04","SPMA"
97.1912155151367,99.1747055053711,93.2242279052734,97.1912155151367,747418,"2012-07-05","SPMA"
99.1747055053711,99.1747055053711,97.1912155151367,99.1747055053711,3781,"2012-07-06","SPMA"
99.1747055053711,99.1747055053711,99.1747055053711,99.1747055053711,3781,"2012-07-09","SPMA"
99.1747055053711,99.1747055053711,99.1747055053711,99.1747055053711,3781,"2012-07-10","SPMA"
103.141693115234,107.108680725098,93.2242279052734,103.141693115234,172675,"2012-07-11","SPMA"
99.1747055053711,101.158203125,93.2242279052734,99.1747055053711,78144,"2012-07-12","SPMA"
99.1747055053711,99.1747055053711,95.2077178955078,99.1747055053711,64280,"2012-07-13","SPMA"
99.1747055053711,99.1747055053711,95.2077178955078,99.1747055053711,81926,"2012-07-16","SPMA"
99.1747055053711,99.1747055053711,95.2077178955078,99.1747055053711,37812,"2012-07-17","SPMA"
99.1747055053711,99.1747055053711,97.1912155151367,99.1747055053711,173935,"2012-07-18","SPMA"
99.1747055053711,101.158203125,99.1747055053711,99.1747055053711,17645,"2012-07-19","SPMA"
99.1747055053711,99.1747055053711,95.2077178955078,99.1747055053711,213007,"2012-07-20","SPMA"
95.2077178955078,95.2077178955078,95.2077178955078,95.2077178955078,119738,"2012-07-23","SPMA"
95.2077178955078,105.125190734863,95.2077178955078,95.2077178955078,84446,"2012-07-24","SPMA"
103.141693115234,103.141693115234,103.141693115234,103.141693115234,1260,"2012-07-25","SPMA"
103.141693115234,103.141693115234,103.141693115234,103.141693115234,1260,"2012-07-26","SPMA"
99.1747055053711,105.125190734863,99.1747055053711,99.1747055053711,588607,"2012-07-27","SPMA"
99.1747055053711,103.141693115234,99.1747055053711,99.1747055053711,26468,"2012-07-30","SPMA"
101.158203125,105.125190734863,101.158203125,101.158203125,127300,"2012-07-31","SPMA"
103.141693115234,103.141693115234,99.1747055053711,103.141693115234,64280,"2012-08-01","SPMA"
103.141693115234,103.141693115234,99.1747055053711,103.141693115234,209226,"2012-08-02","SPMA"
103.141693115234,103.141693115234,103.141693115234,103.141693115234,209226,"2012-08-03","SPMA"
101.158203125,107.108680725098,99.1747055053711,101.158203125,11343,"2012-08-06","SPMA"
97.1912155151367,107.108680725098,95.2077178955078,97.1912155151367,56718,"2012-08-07","SPMA"
103.141693115234,103.141693115234,99.1747055053711,103.141693115234,117217,"2012-08-08","SPMA"
103.141693115234,103.141693115234,103.141693115234,103.141693115234,1260,"2012-08-09","SPMA"
103.141693115234,103.141693115234,103.141693115234,103.141693115234,1260,"2012-08-10","SPMA"
99.1747055053711,99.1747055053711,99.1747055053711,99.1747055053711,209226,"2012-08-13","SPMA"
99.1747055053711,99.1747055053711,99.1747055053711,99.1747055053711,88228,"2012-08-14","SPMA"
99.1747055053711,99.1747055053711,99.1747055053711,99.1747055053711,88228,"2012-08-15","SPMA"
99.1747055053711,99.1747055053711,99.1747055053711,99.1747055053711,630201,"2012-08-16","SPMA"
99.1747055053711,99.1747055053711,99.1747055053711,99.1747055053711,630201,"2012-08-23","SPMA"
99.1747055053711,99.1747055053711,99.1747055053711,99.1747055053711,630201,"2012-08-24","SPMA"
99.1747055053711,99.1747055053711,99.1747055053711,99.1747055053711,630201,"2012-08-27","SPMA"
95.2077178955078,95.2077178955078,95.2077178955078,95.2077178955078,127300,"2012-08-28","SPMA"
103.141693115234,103.141693115234,95.2077178955078,103.141693115234,268465,"2012-08-29","SPMA"
95.2077178955078,99.1747055053711,95.2077178955078,95.2077178955078,631461,"2012-08-30","SPMA"
103.141693115234,103.141693115234,95.2077178955078,103.141693115234,278548,"2012-08-31","SPMA"
91.2407302856445,91.2407302856445,91.2407302856445,91.2407302856445,63020,"2012-09-03","SPMA"
97.1912155151367,97.1912155151367,95.2077178955078,97.1912155151367,299975,"2012-09-04","SPMA"
99.1747055053711,99.1747055053711,99.1747055053711,99.1747055053711,2520,"2012-09-05","SPMA"
95.2077178955078,95.2077178955078,93.2242279052734,95.2077178955078,531889,"2012-09-06","SPMA"
95.2077178955078,95.2077178955078,93.2242279052734,95.2077178955078,970509,"2012-09-07","SPMA"
95.2077178955078,95.2077178955078,93.2242279052734,95.2077178955078,317621,"2012-09-10","SPMA"
97.1912155151367,97.1912155151367,93.2242279052734,97.1912155151367,75624,"2012-09-11","SPMA"
97.1912155151367,97.1912155151367,93.2242279052734,97.1912155151367,129821,"2012-09-12","SPMA"
95.2077178955078,95.2077178955078,93.2242279052734,95.2077178955078,146206,"2012-09-13","SPMA"
97.1912155151367,97.1912155151367,93.2242279052734,97.1912155151367,272246,"2012-09-14","SPMA"
97.1912155151367,97.1912155151367,97.1912155151367,97.1912155151367,1260,"2012-09-17","SPMA"
93.2242279052734,93.2242279052734,93.2242279052734,93.2242279052734,504160,"2012-09-18","SPMA"
97.1912155151367,97.1912155151367,97.1912155151367,97.1912155151367,2520,"2012-09-19","SPMA"
97.1912155151367,97.1912155151367,97.1912155151367,97.1912155151367,2520,"2012-09-20","SPMA"
99.1747055053711,99.1747055053711,97.1912155151367,99.1747055053711,190320,"2012-09-21","SPMA"
103.141693115234,103.141693115234,95.2077178955078,103.141693115234,1857832,"2012-09-24","SPMA"
101.158203125,101.158203125,95.2077178955078,101.158203125,507942,"2012-09-25","SPMA"
105.125190734863,105.125190734863,99.1747055053711,105.125190734863,2060757,"2012-09-26","SPMA"
122.976638793945,126.943626403809,105.125190734863,122.976638793945,11286899,"2012-09-27","SPMA"
113.05916595459,122.976638793945,113.05916595459,113.05916595459,1648605,"2012-09-28","SPMA"
120.993141174316,124.96012878418,113.05916595459,120.993141174316,24870252,"2012-10-01","SPMA"
119.009651184082,124.96012878418,119.009651184082,119.009651184082,618857,"2012-10-02","SPMA"
119.009651184082,119.009651184082,113.05916595459,119.009651184082,954124,"2012-10-03","SPMA"
115.042663574219,119.009651184082,115.042663574219,115.042663574219,296194,"2012-10-04","SPMA"
117.026153564453,120.993141174316,111.075668334961,117.026153564453,2775405,"2012-10-05","SPMA"
117.026153564453,119.009651184082,115.042663574219,117.026153564453,341568,"2012-10-08","SPMA"
119.009651184082,119.009651184082,109.092178344727,119.009651184082,2728770,"2012-10-09","SPMA"
140.828079223633,144.795074462891,117.026153564453,140.828079223633,383859210,"2012-10-10","SPMA"
174.547485351562,174.547485351562,128.927124023438,174.547485351562,671775359,"2012-10-11","SPMA"
158.679534912109,184.464950561523,152.729049682617,158.679534912109,2085767426,"2012-10-12","SPMA"
130.910614013672,160.663024902344,128.927124023438,130.910614013672,1687181679,"2012-10-15","SPMA"
115.042663574219,134.87760925293,115.042663574219,115.042663574219,196107207,"2012-10-16","SPMA"
109.092178344727,119.009651184082,105.125190734863,109.092178344727,17558660,"2012-10-17","SPMA"
105.125190734863,111.075668334961,99.1747055053711,105.125190734863,11681405,"2012-10-18","SPMA"
105.125190734863,105.125190734863,103.141693115234,105.125190734863,3425772,"2012-10-19","SPMA"
103.141693115234,105.125190734863,103.141693115234,103.141693115234,6399060,"2012-10-22","SPMA"
103.141693115234,105.125190734863,103.141693115234,103.141693115234,4066056,"2012-10-23","SPMA"
103.141693115234,105.125190734863,103.141693115234,103.141693115234,6628454,"2012-10-24","SPMA"
105.125190734863,105.125190734863,103.141693115234,105.125190734863,4610550,"2012-10-25","SPMA"
103.141693115234,105.125190734863,103.141693115234,103.141693115234,2984631,"2012-10-29","SPMA"
109.092178344727,113.05916595459,103.141693115234,109.092178344727,44690073,"2012-10-30","SPMA"
107.108680725098,113.05916595459,107.108680725098,107.108680725098,2588865,"2012-10-31","SPMA"
107.108680725098,107.108680725098,105.125190734863,107.108680725098,1547773,"2012-11-01","SPMA"
107.108680725098,109.092178344727,105.125190734863,107.108680725098,1003279,"2012-11-02","SPMA"
107.108680725098,109.092178344727,103.141693115234,107.108680725098,1854051,"2012-11-05","SPMA"
107.108680725098,107.108680725098,105.125190734863,107.108680725098,1877998,"2012-11-06","SPMA"
105.125190734863,107.108680725098,105.125190734863,105.125190734863,2542230,"2012-11-07","SPMA"
107.108680725098,107.108680725098,105.125190734863,107.108680725098,2689697,"2012-11-08","SPMA"
107.108680725098,107.108680725098,105.125190734863,107.108680725098,4384938,"2012-11-09","SPMA"
105.125190734863,107.108680725098,105.125190734863,105.125190734863,7234707,"2012-11-12","SPMA"
107.108680725098,107.108680725098,105.125190734863,107.108680725098,2995975,"2012-11-13","SPMA"
107.108680725098,107.108680725098,105.125190734863,107.108680725098,1191079,"2012-11-14","SPMA"
109.092178344727,113.05916595459,105.125190734863,109.092178344727,47457916,"2012-11-19","SPMA"
105.125190734863,113.05916595459,105.125190734863,105.125190734863,31942367,"2012-11-20","SPMA"
105.125190734863,109.092178344727,105.125190734863,105.125190734863,1162090,"2012-11-21","SPMA"
109.092178344727,109.092178344727,105.125190734863,109.092178344727,2334264,"2012-11-22","SPMA"
109.092178344727,109.092178344727,107.108680725098,109.092178344727,1119236,"2012-11-23","SPMA"
111.075668334961,111.075668334961,107.108680725098,111.075668334961,12716195,"2012-11-26","SPMA"
109.092178344727,111.075668334961,109.092178344727,109.092178344727,4600467,"2012-11-27","SPMA"
111.075668334961,111.075668334961,109.092178344727,111.075668334961,7685931,"2012-11-28","SPMA"
113.05916595459,122.976638793945,111.075668334961,113.05916595459,112509784,"2012-11-29","SPMA"
107.108680725098,115.042663574219,105.125190734863,107.108680725098,6377634,"2012-11-30","SPMA"
107.108680725098,111.075668334961,105.125190734863,107.108680725098,3448459,"2012-12-03","SPMA"
107.108680725098,107.108680725098,105.125190734863,107.108680725098,2315358,"2012-12-04","SPMA"
107.108680725098,107.108680725098,105.125190734863,107.108680725098,6862888,"2012-12-05","SPMA"
109.092178344727,109.092178344727,107.108680725098,109.092178344727,1436858,"2012-12-06","SPMA"
111.075668334961,111.075668334961,107.108680725098,111.075668334961,3545510,"2012-12-07","SPMA"
111.075668334961,111.075668334961,109.092178344727,111.075668334961,6097824,"2012-12-10","SPMA"
111.075668334961,115.042663574219,109.092178344727,111.075668334961,35036654,"2012-12-11","SPMA"
111.075668334961,111.075668334961,109.092178344727,111.075668334961,1501138,"2012-12-12","SPMA"
130.910614013672,130.910614013672,109.092178344727,130.910614013672,76540432,"2012-12-13","SPMA"
119.009651184082,138.844589233398,119.009651184082,119.009651184082,301904091,"2012-12-14","SPMA"
126.943626403809,128.927124023438,119.009651184082,126.943626403809,88240744,"2012-12-17","SPMA"
117.026153564453,130.910614013672,115.042663574219,117.026153564453,176903722,"2012-12-18","SPMA"
119.009651184082,120.993141174316,115.042663574219,119.009651184082,12436386,"2012-12-19","SPMA"
117.026153564453,120.993141174316,115.042663574219,117.026153564453,44033404,"2012-12-20","SPMA"
115.042663574219,117.026153564453,115.042663574219,115.042663574219,9182028,"2012-12-21","SPMA"
115.042663574219,117.026153564453,115.042663574219,115.042663574219,3536688,"2012-12-26","SPMA"
115.042663574219,117.026153564453,115.042663574219,115.042663574219,3093026,"2012-12-27","SPMA"
115.042663574219,117.026153564453,115.042663574219,115.042663574219,10868446,"2012-12-28","SPMA"
115.042663574219,117.026153564453,115.042663574219,115.042663574219,1620876,"2013-01-02","SPMA"
117.026153564453,117.026153564453,115.042663574219,117.026153564453,2242255,"2013-01-03","SPMA"
115.042663574219,117.026153564453,115.042663574219,115.042663574219,3120755,"2013-01-04","SPMA"
117.026153564453,117.026153564453,115.042663574219,117.026153564453,7982125,"2013-01-07","SPMA"
117.026153564453,124.96012878418,115.042663574219,117.026153564453,44011977,"2013-01-08","SPMA"
117.026153564453,119.009651184082,117.026153564453,117.026153564453,1363754,"2013-01-09","SPMA"
124.96012878418,134.87760925293,117.026153564453,124.96012878418,234764997,"2013-01-10","SPMA"
117.026153564453,126.943626403809,115.042663574219,117.026153564453,178615348,"2013-01-11","SPMA"
117.026153564453,119.009651184082,115.042663574219,117.026153564453,18544294,"2013-01-14","SPMA"
111.075668334961,120.993141174316,111.075668334961,111.075668334961,40697120,"2013-01-15","SPMA"
113.05916595459,113.05916595459,111.075668334961,113.05916595459,14019451,"2013-01-16","SPMA"
111.075668334961,113.05916595459,111.075668334961,111.075668334961,805396,"2013-01-17","SPMA"
111.075668334961,115.042663574219,111.075668334961,111.075668334961,13423281,"2013-01-18","SPMA"
111.075668334961,113.05916595459,111.075668334961,111.075668334961,19436659,"2013-01-21","SPMA"
111.075668334961,111.075668334961,111.075668334961,111.075668334961,0,"2013-01-22","SPMA"
113.05916595459,113.05916595459,111.075668334961,113.05916595459,5535685,"2013-01-23","SPMA"
113.05916595459,113.05916595459,111.075668334961,113.05916595459,3832882,"2013-01-25","SPMA"
111.075668334961,115.042663574219,111.075668334961,111.075668334961,33627525,"2013-01-28","SPMA"
111.075668334961,113.05916595459,111.075668334961,111.075668334961,2495595,"2013-01-29","SPMA"
113.05916595459,113.05916595459,111.075668334961,113.05916595459,1354932,"2013-01-30","SPMA"
111.075668334961,113.05916595459,111.075668334961,111.075668334961,5644080,"2013-01-31","SPMA"
111.075668334961,113.05916595459,111.075668334961,111.075668334961,2218307,"2013-02-01","SPMA"
111.075668334961,113.05916595459,111.075668334961,111.075668334961,4842464,"2013-02-04","SPMA"
111.075668334961,115.042663574219,111.075668334961,111.075668334961,19016945,"2013-02-05","SPMA"
113.05916595459,113.05916595459,111.075668334961,113.05916595459,1653647,"2013-02-06","SPMA"
111.075668334961,113.05916595459,111.075668334961,111.075668334961,1376358,"2013-02-07","SPMA"
111.075668334961,113.05916595459,111.075668334961,111.075668334961,550795,"2013-02-08","SPMA"
111.075668334961,113.05916595459,111.075668334961,111.075668334961,3371575,"2013-02-11","SPMA"
113.05916595459,113.05916595459,111.075668334961,113.05916595459,1549034,"2013-02-12","SPMA"
113.05916595459,113.05916595459,111.075668334961,113.05916595459,1141924,"2013-02-13","SPMA"
113.05916595459,115.042663574219,113.05916595459,113.05916595459,3469886,"2013-02-14","SPMA"
115.042663574219,115.042663574219,113.05916595459,115.042663574219,6753233,"2013-02-15","SPMA"
115.042663574219,117.026153564453,113.05916595459,115.042663574219,34135467,"2013-02-18","SPMA"
115.042663574219,115.042663574219,113.05916595459,115.042663574219,8921125,"2013-02-19","SPMA"
113.05916595459,115.042663574219,113.05916595459,113.05916595459,5636517,"2013-02-20","SPMA"
115.042663574219,115.042663574219,113.05916595459,115.042663574219,9471921,"2013-02-21","SPMA"
115.042663574219,115.042663574219,113.05916595459,115.042663574219,980592,"2013-02-22","SPMA"
115.042663574219,117.026153564453,113.05916595459,115.042663574219,17863677,"2013-02-25","SPMA"
115.042663574219,117.026153564453,113.05916595459,115.042663574219,2268723,"2013-02-26","SPMA"
115.042663574219,115.042663574219,113.05916595459,115.042663574219,4499635,"2013-02-27","SPMA"
115.042663574219,115.042663574219,113.05916595459,115.042663574219,10143715,"2013-02-28","SPMA"
113.05916595459,115.042663574219,113.05916595459,113.05916595459,1693980,"2013-03-01","SPMA"
115.042663574219,115.042663574219,113.05916595459,115.042663574219,2869935,"2013-03-04","SPMA"
113.05916595459,113.05916595459,113.05916595459,113.05916595459,678096,"2013-03-05","SPMA"
124.96012878418,124.96012878418,113.05916595459,124.96012878418,18071643,"2013-03-06","SPMA"
140.828079223633,140.828079223633,122.976638793945,140.828079223633,290773480,"2013-03-07","SPMA"
124.96012878418,154.712539672852,122.976638793945,124.96012878418,653740267,"2013-03-08","SPMA"
117.026153564453,124.96012878418,115.042663574219,117.026153564453,11889372,"2013-03-11","SPMA"
117.026153564453,120.993141174316,117.026153564453,117.026153564453,3519042,"2013-03-13","SPMA"
117.026153564453,120.993141174316,117.026153564453,117.026153564453,4263939,"2013-03-14","SPMA"
117.026153564453,120.993141174316,117.026153564453,117.026153564453,2128818,"2013-03-15","SPMA"
117.026153564453,119.009651184082,115.042663574219,117.026153564453,5625174,"2013-03-18","SPMA"
117.026153564453,119.009651184082,117.026153564453,117.026153564453,1284349,"2013-03-19","SPMA"
117.026153564453,119.009651184082,117.026153564453,117.026153564453,428536,"2013-03-20","SPMA"
119.009651184082,119.009651184082,117.026153564453,119.009651184082,6985147,"2013-03-21","SPMA"
117.026153564453,119.009651184082,117.026153564453,117.026153564453,1985133,"2013-03-22","SPMA"
117.026153564453,119.009651184082,117.026153564453,117.026153564453,2945559,"2013-03-25","SPMA"
119.009651184082,119.009651184082,117.026153564453,119.009651184082,833125,"2013-03-26","SPMA"
119.009651184082,122.976638793945,117.026153564453,119.009651184082,13462353,"2013-03-27","SPMA"
120.993141174316,120.993141174316,119.009651184082,120.993141174316,3411908,"2013-03-28","SPMA"
119.009651184082,120.993141174316,119.009651184082,119.009651184082,1599450,"2013-04-01","SPMA"
120.993141174316,120.993141174316,119.009651184082,120.993141174316,4580300,"2013-04-02","SPMA"
120.993141174316,120.993141174316,119.009651184082,120.993141174316,4580300,"2013-04-03","SPMA"
120.993141174316,120.993141174316,119.009651184082,120.993141174316,812959,"2013-04-04","SPMA"
120.993141174316,120.993141174316,119.009651184082,120.993141174316,326444,"2013-04-05","SPMA"
119.009651184082,120.993141174316,119.009651184082,119.009651184082,1729271,"2013-04-08","SPMA"
119.009651184082,120.993141174316,119.009651184082,119.009651184082,4708861,"2013-04-09","SPMA"
120.993141174316,120.993141174316,119.009651184082,120.993141174316,1871696,"2013-04-10","SPMA"
119.009651184082,122.976638793945,119.009651184082,119.009651184082,22466665,"2013-04-11","SPMA"
120.993141174316,120.993141174316,119.009651184082,120.993141174316,728512,"2013-04-12","SPMA"
120.993141174316,120.993141174316,119.009651184082,120.993141174316,1762041,"2013-04-15","SPMA"
120.993141174316,120.993141174316,119.009651184082,120.993141174316,4153024,"2013-04-16","SPMA"
119.009651184082,124.96012878418,119.009651184082,119.009651184082,14478237,"2013-04-17","SPMA"
119.009651184082,120.993141174316,119.009651184082,119.009651184082,1212506,"2013-04-18","SPMA"
119.009651184082,120.993141174316,119.009651184082,119.009651184082,1865394,"2013-04-19","SPMA"
119.009651184082,119.009651184082,119.009651184082,119.009651184082,0,"2013-04-22","SPMA"
119.009651184082,119.009651184082,119.009651184082,119.009651184082,0,"2013-04-23","SPMA"
120.993141174316,122.976638793945,120.993141174316,120.993141174316,1032269,"2013-04-24","SPMA"
120.993141174316,122.976638793945,120.993141174316,120.993141174316,1097810,"2013-04-25","SPMA"
122.976638793945,122.976638793945,120.993141174316,122.976638793945,446182,"2013-04-26","SPMA"
122.976638793945,124.96012878418,122.976638793945,122.976638793945,986894,"2013-04-29","SPMA"
122.976638793945,124.96012878418,122.976638793945,122.976638793945,2194359,"2013-04-30","SPMA"
132.894104003906,134.87760925293,122.976638793945,132.894104003906,153948021,"2013-05-01","SPMA"
126.943626403809,134.87760925293,126.943626403809,126.943626403809,176670548,"2013-05-02","SPMA"
138.844589233398,140.828079223633,126.943626403809,138.844589233398,182528896,"2013-05-03","SPMA"
128.927124023438,152.729049682617,126.943626403809,128.927124023438,664616276,"2013-05-06","SPMA"
120.993141174316,130.910614013672,120.993141174316,120.993141174316,66235385,"2013-05-07","SPMA"
120.993141174316,120.993141174316,119.009651184082,120.993141174316,3443418,"2013-05-08","SPMA"
119.009651184082,120.993141174316,119.009651184082,119.009651184082,3246795,"2013-05-10","SPMA"
119.009651184082,120.993141174316,117.026153564453,119.009651184082,1996476,"2013-05-13","SPMA"
117.026153564453,119.009651184082,117.026153564453,117.026153564453,2784228,"2013-05-14","SPMA"
120.993141174316,120.993141174316,117.026153564453,120.993141174316,3655165,"2013-05-15","SPMA"
120.993141174316,120.993141174316,119.009651184082,120.993141174316,957905,"2013-05-16","SPMA"
120.993141174316,122.976638793945,119.009651184082,120.993141174316,1977570,"2013-05-17","SPMA"
120.993141174316,124.96012878418,120.993141174316,120.993141174316,1101591,"2013-05-20","SPMA"
120.993141174316,122.976638793945,119.009651184082,120.993141174316,1278047,"2013-05-21","SPMA"
120.993141174316,120.993141174316,119.009651184082,120.993141174316,1244016,"2013-05-22","SPMA"
119.009651184082,124.96012878418,117.026153564453,119.009651184082,6779702,"2013-05-23","SPMA"
119.009651184082,120.993141174316,119.009651184082,119.009651184082,81926,"2013-05-24","SPMA"
119.009651184082,119.009651184082,117.026153564453,119.009651184082,818000,"2013-05-27","SPMA"
120.993141174316,120.993141174316,119.009651184082,120.993141174316,931437,"2013-05-28","SPMA"
119.009651184082,120.993141174316,117.026153564453,119.009651184082,983113,"2013-05-29","SPMA"
120.993141174316,120.993141174316,117.026153564453,120.993141174316,388203,"2013-05-30","SPMA"
119.009651184082,120.993141174316,119.009651184082,119.009651184082,313840,"2013-05-31","SPMA"
115.042663574219,117.026153564453,113.05916595459,115.042663574219,3364012,"2013-06-03","SPMA"
111.075668334961,115.042663574219,111.075668334961,111.075668334961,1547773,"2013-06-04","SPMA"
107.108680725098,113.05916595459,105.125190734863,107.108680725098,3695498,"2013-06-05","SPMA"
107.108680725098,109.092178344727,103.141693115234,107.108680725098,451223,"2013-06-07","SPMA"
107.108680725098,107.108680725098,105.125190734863,107.108680725098,936478,"2013-06-10","SPMA"
103.141693115234,105.125190734863,101.158203125,103.141693115234,1928415,"2013-06-11","SPMA"
101.158203125,101.158203125,99.1747055053711,101.158203125,713387,"2013-06-12","SPMA"
103.141693115234,107.108680725098,101.158203125,103.141693115234,998238,"2013-06-13","SPMA"
105.125190734863,107.108680725098,101.158203125,105.125190734863,1462066,"2013-06-14","SPMA"
101.158203125,107.108680725098,101.158203125,101.158203125,470129,"2013-06-17","SPMA"
103.141693115234,107.108680725098,101.158203125,103.141693115234,335266,"2013-06-18","SPMA"
103.141693115234,105.125190734863,101.158203125,103.141693115234,739855,"2013-06-19","SPMA"
101.158203125,103.141693115234,99.1747055053711,101.158203125,2017903,"2013-06-20","SPMA"
101.158203125,101.158203125,97.1912155151367,101.158203125,61759,"2013-06-21","SPMA"
99.1747055053711,101.158203125,99.1747055053711,99.1747055053711,192841,"2013-06-24","SPMA"
97.1912155151367,101.158203125,95.2077178955078,97.1912155151367,176456,"2013-06-25","SPMA"
93.2242279052734,99.1747055053711,93.2242279052734,93.2242279052734,305017,"2013-06-26","SPMA"
93.2242279052734,97.1912155151367,91.2407302856445,93.2242279052734,2776665,"2013-06-27","SPMA"
95.2077178955078,99.1747055053711,95.2077178955078,95.2077178955078,549535,"2013-06-28","SPMA"
97.1912155151367,97.1912155151367,93.2242279052734,97.1912155151367,289892,"2013-07-01","SPMA"
95.2077178955078,99.1747055053711,95.2077178955078,95.2077178955078,141165,"2013-07-02","SPMA"
95.2077178955078,95.2077178955078,91.2407302856445,95.2077178955078,74363,"2013-07-03","SPMA"
95.2077178955078,95.2077178955078,91.2407302856445,95.2077178955078,298715,"2013-07-04","SPMA"
97.1912155151367,97.1912155151367,89.2572326660156,91.2407302856445,229393,"2013-07-05","SPMA"
89.2572326660156,89.2572326660156,85.2902450561523,89.2572326660156,926395,"2013-07-08","SPMA"
89.2572326660156,89.2572326660156,85.2902450561523,89.2572326660156,1036050,"2013-07-09","SPMA"
87.2737426757812,91.2407302856445,87.2737426757812,89.2572326660156,90748,"2013-07-10","SPMA"
89.2572326660156,93.2242279052734,87.2737426757812,93.2242279052734,456265,"2013-07-11","SPMA"
89.2572326660156,93.2242279052734,89.2572326660156,93.2242279052734,307538,"2013-07-12","SPMA"
89.2572326660156,93.2242279052734,89.2572326660156,93.2242279052734,197883,"2013-07-15","SPMA"
93.2242279052734,93.2242279052734,89.2572326660156,93.2242279052734,28989,"2013-07-16","SPMA"
93.2242279052734,97.1912155151367,93.2242279052734,97.1912155151367,491556,"2013-07-17","SPMA"
97.1912155151367,103.141693115234,97.1912155151367,101.158203125,10757531,"2013-07-18","SPMA"
101.158203125,103.141693115234,99.1747055053711,101.158203125,863375,"2013-07-19","SPMA"
99.1747055053711,101.158203125,97.1912155151367,101.158203125,1222589,"2013-07-22","SPMA"
103.141693115234,109.092178344727,103.141693115234,107.108680725098,2665750,"2013-07-23","SPMA"
107.108680725098,107.108680725098,101.158203125,101.158203125,1073862,"2013-07-24","SPMA"
99.1747055053711,103.141693115234,99.1747055053711,101.158203125,301236,"2013-07-25","SPMA"
103.141693115234,105.125190734863,101.158203125,103.141693115234,990675,"2013-07-26","SPMA"
103.141693115234,105.125190734863,101.158203125,105.125190734863,1101591,"2013-07-29","SPMA"
103.141693115234,105.125190734863,101.158203125,103.141693115234,785230,"2013-07-30","SPMA"
103.141693115234,105.125190734863,101.158203125,101.158203125,1177215,"2013-07-31","SPMA"
103.141693115234,105.125190734863,101.158203125,103.141693115234,623898,"2013-08-01","SPMA"
103.141693115234,105.125190734863,101.158203125,103.141693115234,390724,"2013-08-02","SPMA"
103.141693115234,105.125190734863,103.141693115234,105.125190734863,596170,"2013-08-12","SPMA"
103.141693115234,105.125190734863,103.141693115234,103.141693115234,166373,"2013-08-13","SPMA"
103.141693115234,105.125190734863,103.141693115234,105.125190734863,172675,"2013-08-14","SPMA"
101.158203125,105.125190734863,101.158203125,105.125190734863,156289,"2013-08-15","SPMA"
105.125190734863,105.125190734863,101.158203125,101.158203125,177716,"2013-08-16","SPMA"
99.1747055053711,99.1747055053711,97.1912155151367,97.1912155151367,408370,"2013-08-19","SPMA"
95.2077178955078,99.1747055053711,89.2572326660156,91.2407302856445,789011,"2013-08-20","SPMA"
91.2407302856445,95.2077178955078,91.2407302856445,95.2077178955078,462567,"2013-08-21","SPMA"
91.2407302856445,93.2242279052734,91.2407302856445,93.2242279052734,34030,"2013-08-22","SPMA"
93.2242279052734,93.2242279052734,91.2407302856445,93.2242279052734,355433,"2013-08-23","SPMA"
91.2407302856445,95.2077178955078,91.2407302856445,95.2077178955078,3400564,"2013-08-26","SPMA"
91.2407302856445,91.2407302856445,89.2572326660156,89.2572326660156,3172431,"2013-08-27","SPMA"
87.2737426757812,89.2572326660156,87.2737426757812,89.2572326660156,225611,"2013-08-28","SPMA"
87.2737426757812,91.2407302856445,87.2737426757812,91.2407302856445,763803,"2013-08-29","SPMA"
93.2242279052734,93.2242279052734,89.2572326660156,93.2242279052734,806657,"2013-08-30","SPMA"
93.2242279052734,93.2242279052734,91.2407302856445,93.2242279052734,44114,"2013-09-02","SPMA"
91.2407302856445,97.1912155151367,91.2407302856445,93.2242279052734,29024537,"2013-09-03","SPMA"
91.2407302856445,95.2077178955078,91.2407302856445,93.2242279052734,4072358,"2013-09-04","SPMA"
93.2242279052734,95.2077178955078,93.2242279052734,93.2242279052734,2435096,"2013-09-05","SPMA"
91.2407302856445,91.2407302856445,89.2572326660156,91.2407302856445,267205,"2013-09-06","SPMA"
93.2242279052734,93.2242279052734,93.2242279052734,93.2242279052734,1260,"2013-09-09","SPMA"
91.2407302856445,91.2407302856445,89.2572326660156,91.2407302856445,578524,"2013-09-10","SPMA"
91.2407302856445,91.2407302856445,87.2737426757812,89.2572326660156,1396525,"2013-09-11","SPMA"
91.2407302856445,91.2407302856445,87.2737426757812,89.2572326660156,196622,"2013-09-12","SPMA"
89.2572326660156,89.2572326660156,89.2572326660156,89.2572326660156,161331,"2013-09-13","SPMA"
87.2737426757812,91.2407302856445,87.2737426757812,89.2572326660156,7059511,"2013-09-16","SPMA"
91.2407302856445,97.1912155151367,91.2407302856445,93.2242279052734,21008380,"2013-09-17","SPMA"
93.2242279052734,93.2242279052734,91.2407302856445,91.2407302856445,657929,"2013-09-18","SPMA"
93.2242279052734,99.1747055053711,91.2407302856445,95.2077178955078,35631564,"2013-09-19","SPMA"
95.2077178955078,95.2077178955078,91.2407302856445,93.2242279052734,729772,"2013-09-20","SPMA"
93.2242279052734,95.2077178955078,93.2242279052734,95.2077178955078,52936,"2013-09-23","SPMA"
95.2077178955078,95.2077178955078,91.2407302856445,93.2242279052734,391985,"2013-09-24","SPMA"
91.2407302856445,93.2242279052734,89.2572326660156,93.2242279052734,168893,"2013-09-25","SPMA"
93.2242279052734,93.2242279052734,93.2242279052734,93.2242279052734,1260,"2013-09-26","SPMA"
91.2407302856445,91.2407302856445,89.2572326660156,91.2407302856445,549535,"2013-09-27","SPMA"
89.2572326660156,91.2407302856445,89.2572326660156,91.2407302856445,514244,"2013-09-30","SPMA"
91.2407302856445,93.2242279052734,89.2572326660156,93.2242279052734,279809,"2013-10-01","SPMA"
91.2407302856445,91.2407302856445,89.2572326660156,89.2572326660156,167633,"2013-10-02","SPMA"
89.2572326660156,91.2407302856445,89.2572326660156,91.2407302856445,206705,"2013-10-03","SPMA"
91.2407302856445,97.1912155151367,91.2407302856445,93.2242279052734,1995216,"2013-10-04","SPMA"
91.2407302856445,93.2242279052734,89.2572326660156,91.2407302856445,248299,"2013-10-07","SPMA"
91.2407302856445,93.2242279052734,89.2572326660156,91.2407302856445,207966,"2013-10-08","SPMA"
93.2242279052734,93.2242279052734,91.2407302856445,91.2407302856445,1163351,"2013-10-09","SPMA"
91.2407302856445,93.2242279052734,91.2407302856445,93.2242279052734,105873,"2013-10-10","SPMA"
93.2242279052734,95.2077178955078,93.2242279052734,93.2242279052734,115956,"2013-10-11","SPMA"
93.2242279052734,95.2077178955078,93.2242279052734,93.2242279052734,291152,"2013-10-16","SPMA"
95.2077178955078,97.1912155151367,93.2242279052734,93.2242279052734,426015,"2013-10-17","SPMA"
95.2077178955078,95.2077178955078,93.2242279052734,95.2077178955078,1293172,"2013-10-18","SPMA"
95.2077178955078,95.2077178955078,93.2242279052734,93.2242279052734,1421733,"2013-10-21","SPMA"
95.2077178955078,95.2077178955078,93.2242279052734,95.2077178955078,1044873,"2013-10-22","SPMA"
95.2077178955078,97.1912155151367,93.2242279052734,95.2077178955078,4410146,"2013-10-23","SPMA"
95.2077178955078,95.2077178955078,93.2242279052734,95.2077178955078,210487,"2013-10-24","SPMA"
95.2077178955078,95.2077178955078,93.2242279052734,95.2077178955078,405849,"2013-10-25","SPMA"
95.2077178955078,95.2077178955078,93.2242279052734,95.2077178955078,238215,"2013-10-28","SPMA"
95.2077178955078,95.2077178955078,93.2242279052734,95.2077178955078,1801114,"2013-10-29","SPMA"
95.2077178955078,95.2077178955078,93.2242279052734,95.2077178955078,313840,"2013-10-30","SPMA"
93.2242279052734,95.2077178955078,93.2242279052734,95.2077178955078,4794569,"2013-10-31","SPMA"
93.2242279052734,95.2077178955078,93.2242279052734,95.2077178955078,608774,"2013-11-01","SPMA"
93.2242279052734,95.2077178955078,93.2242279052734,95.2077178955078,2520,"2013-11-04","SPMA"
93.2242279052734,95.2077178955078,93.2242279052734,95.2077178955078,1376358,"2013-11-06","SPMA"
95.2077178955078,95.2077178955078,93.2242279052734,93.2242279052734,6964981,"2013-11-07","SPMA"
95.2077178955078,95.2077178955078,93.2242279052734,95.2077178955078,1131840,"2013-11-08","SPMA"
95.2077178955078,95.2077178955078,93.2242279052734,95.2077178955078,1042352,"2013-11-11","SPMA"
93.2242279052734,93.2242279052734,91.2407302856445,93.2242279052734,108394,"2013-11-12","SPMA"
93.2242279052734,93.2242279052734,89.2572326660156,91.2407302856445,199143,"2013-11-13","SPMA"
89.2572326660156,93.2242279052734,89.2572326660156,93.2242279052734,305017,"2013-11-14","SPMA"
93.2242279052734,93.2242279052734,89.2572326660156,91.2407302856445,286111,"2013-11-15","SPMA"
91.2407302856445,91.2407302856445,89.2572326660156,91.2407302856445,68061,"2013-11-18","SPMA"
91.2407302856445,91.2407302856445,87.2737426757812,91.2407302856445,296194,"2013-11-19","SPMA"
89.2572326660156,89.2572326660156,89.2572326660156,89.2572326660156,8822,"2013-11-20","SPMA"
87.2737426757812,89.2572326660156,87.2737426757812,89.2572326660156,107134,"2013-11-21","SPMA"
89.2572326660156,89.2572326660156,87.2737426757812,89.2572326660156,250819,"2013-11-22","SPMA"
87.2737426757812,87.2737426757812,85.2902450561523,85.2902450561523,247038,"2013-11-25","SPMA"
87.2737426757812,87.2737426757812,85.2902450561523,85.2902450561523,59238,"2013-11-26","SPMA"
85.2902450561523,85.2902450561523,85.2902450561523,85.2902450561523,41593,"2013-11-27","SPMA"
85.2902450561523,85.2902450561523,81.3232574462891,81.3232574462891,340308,"2013-11-28","SPMA"
83.306755065918,83.306755065918,81.3232574462891,83.306755065918,413411,"2013-11-29","SPMA"
83.306755065918,85.2902450561523,83.306755065918,85.2902450561523,66801,"2013-12-02","SPMA"
85.2902450561523,85.2902450561523,85.2902450561523,85.2902450561523,65540,"2013-12-03","SPMA"
85.2902450561523,85.2902450561523,83.306755065918,85.2902450561523,171414,"2013-12-04","SPMA"
83.306755065918,85.2902450561523,81.3232574462891,85.2902450561523,8822,"2013-12-05","SPMA"
83.306755065918,83.306755065918,83.306755065918,83.306755065918,2520,"2013-12-06","SPMA"
83.306755065918,83.306755065918,83.306755065918,83.306755065918,41593,"2013-12-09","SPMA"
83.306755065918,85.2902450561523,83.306755065918,83.306755065918,74363,"2013-12-10","SPMA"
87.2737426757812,87.2737426757812,85.2902450561523,87.2737426757812,64280,"2013-12-11","SPMA"
83.306755065918,85.2902450561523,83.306755065918,85.2902450561523,65540,"2013-12-12","SPMA"
83.306755065918,85.2902450561523,81.3232574462891,85.2902450561523,90748,"2013-12-13","SPMA"
89.2572326660156,89.2572326660156,79.3397674560547,83.306755065918,409630,"2013-12-16","SPMA"
85.2902450561523,85.2902450561523,81.3232574462891,85.2902450561523,17645,"2013-12-17","SPMA"
85.2902450561523,85.2902450561523,85.2902450561523,85.2902450561523,17645,"2013-12-18","SPMA"
85.2902450561523,85.2902450561523,85.2902450561523,85.2902450561523,17645,"2013-12-19","SPMA"
81.3232574462891,85.2902450561523,81.3232574462891,85.2902450561523,5041,"2013-12-20","SPMA"
85.2902450561523,85.2902450561523,85.2902450561523,85.2902450561523,5041,"2013-12-23","SPMA"
85.2902450561523,85.2902450561523,85.2902450561523,85.2902450561523,6302,"2013-12-24","SPMA"
83.306755065918,83.306755065918,81.3232574462891,83.306755065918,78144,"2013-12-27","SPMA"
85.2902450561523,85.2902450561523,81.3232574462891,83.306755065918,3781,"2013-12-30","SPMA"
85.2902450561523,85.2902450561523,81.3232574462891,85.2902450561523,119738,"2014-01-02","SPMA"
81.3232574462891,83.306755065918,81.3232574462891,83.306755065918,66801,"2014-01-03","SPMA"
79.3397674560547,82.9100570678711,79.3397674560547,82.1166610717773,23191,"2014-01-06","SPMA"
84.8935470581055,84.8935470581055,68.2322006225586,82.9100570678711,3781,"2014-01-07","SPMA"
83.306755065918,83.7034530639648,79.3397674560547,83.306755065918,2520,"2014-01-08","SPMA"
84.4968490600586,84.4968490600586,79.3397674560547,82.9100570678711,15628,"2014-01-09","SPMA"
79.7364654541016,82.5133590698242,79.7364654541016,82.5133590698242,3781,"2014-01-10","SPMA"
82.9100570678711,82.9100570678711,79.3397674560547,80.9265594482422,139652,"2014-01-13","SPMA"
86.4803466796875,89.2572326660156,80.1331634521484,86.4803466796875,1125286,"2014-01-15","SPMA"
86.8770446777344,86.8770446777344,81.3232574462891,85.6869506835938,181749,"2014-01-16","SPMA"
86.8770446777344,86.8770446777344,82.5133590698242,82.9100570678711,6554,"2014-01-17","SPMA"
85.6869506835938,87.2737426757812,84.1001510620117,84.1001510620117,2577522,"2014-01-20","SPMA"
84.1001510620117,87.6704406738281,79.3397674560547,81.3232574462891,17303050,"2014-01-21","SPMA"
81.3232574462891,83.7034530639648,79.7364654541016,80.5298614501953,9689970,"2014-01-22","SPMA"
80.5298614501953,81.3232574462891,79.7364654541016,80.1331634521484,237711,"2014-01-23","SPMA"
80.5298614501953,80.9265594482422,80.1331634521484,80.5298614501953,163852,"2014-01-24","SPMA"
79.3397674560547,79.7364654541016,77.3562698364258,78.9430694580078,257878,"2014-01-27","SPMA"
80.1331634521484,80.1331634521484,77.3562698364258,79.3397674560547,305017,"2014-01-28","SPMA"
80.1331634521484,80.1331634521484,79.3397674560547,79.3397674560547,27476,"2014-01-29","SPMA"
79.3397674560547,79.3397674560547,77.7529678344727,79.3397674560547,31005,"2014-01-30","SPMA"
79.3397674560547,79.3397674560547,79.3397674560547,79.3397674560547,5041,"2014-02-03","SPMA"
79.7364654541016,79.7364654541016,79.3397674560547,79.7364654541016,97807,"2014-02-04","SPMA"
80.5298614501953,80.5298614501953,80.5298614501953,80.5298614501953,1764,"2014-02-05","SPMA"
81.3232574462891,81.3232574462891,80.5298614501953,80.9265594482422,14368,"2014-02-06","SPMA"
81.3232574462891,81.3232574462891,78.5463714599609,80.5298614501953,101840,"2014-02-07","SPMA"
81.3232574462891,81.3232574462891,79.3397674560547,80.5298614501953,23947,"2014-02-10","SPMA"
80.9265594482422,80.9265594482422,79.3397674560547,80.5298614501953,2772,"2014-02-11","SPMA"
79.7364654541016,80.9265594482422,79.3397674560547,80.9265594482422,39072,"2014-02-12","SPMA"
79.3397674560547,80.9265594482422,79.3397674560547,80.5298614501953,31762,"2014-02-13","SPMA"
80.5298614501953,80.5298614501953,79.3397674560547,80.5298614501953,84194,"2014-02-14","SPMA"
80.5298614501953,80.9265594482422,79.7364654541016,80.5298614501953,161583,"2014-02-17","SPMA"
80.1331634521484,80.5298614501953,79.7364654541016,80.1331634521484,51424,"2014-02-18","SPMA"
80.9265594482422,80.9265594482422,78.9430694580078,78.9430694580078,12856,"2014-02-19","SPMA"
80.9265594482422,80.9265594482422,79.3397674560547,79.7364654541016,248047,"2014-02-20","SPMA"
80.9265594482422,80.9265594482422,79.3397674560547,80.9265594482422,51676,"2014-02-21","SPMA"
79.7364654541016,80.1331634521484,79.3397674560547,80.1331634521484,162591,"2014-02-24","SPMA"
80.1331634521484,80.1331634521484,79.3397674560547,80.1331634521484,3277,"2014-02-25","SPMA"
80.5298614501953,80.9265594482422,79.7364654541016,80.1331634521484,667004,"2014-02-26","SPMA"
79.3397674560547,79.7364654541016,79.3397674560547,79.7364654541016,13108,"2014-02-27","SPMA"
78.9430694580078,79.7364654541016,78.5463714599609,79.7364654541016,44618,"2014-02-28","SPMA"
78.9430694580078,79.3397674560547,78.9430694580078,79.3397674560547,25460,"2014-03-03","SPMA"
79.3397674560547,80.1331634521484,78.9430694580078,80.1331634521484,17645,"2014-03-04","SPMA"
80.9265594482422,80.9265594482422,79.7364654541016,80.1331634521484,2016,"2014-03-05","SPMA"
78.9430694580078,80.1331634521484,78.9430694580078,80.1331634521484,91253,"2014-03-06","SPMA"
79.3397674560547,79.3397674560547,69.4222946166992,78.9430694580078,299723,"2014-03-07","SPMA"
76.9595718383789,80.1331634521484,76.9595718383789,80.1331634521484,170154,"2014-03-10","SPMA"
79.3397674560547,80.9265594482422,79.3397674560547,80.5298614501953,91253,"2014-03-11","SPMA"
80.5298614501953,82.5133590698242,80.5298614501953,81.7199554443359,392489,"2014-03-12","SPMA"
81.7199554443359,86.8770446777344,81.3232574462891,86.8770446777344,2785740,"2014-03-13","SPMA"
86.8770446777344,91.2407302856445,81.3232574462891,81.3232574462891,23780508,"2014-03-14","SPMA"
84.8935470581055,84.8935470581055,81.3232574462891,82.9100570678711,52936,"2014-03-17","SPMA"
81.3232574462891,81.7199554443359,81.3232574462891,81.7199554443359,625915,"2014-03-18","SPMA"
81.3232574462891,81.7199554443359,80.9265594482422,81.3232574462891,208218,"2014-03-19","SPMA"
80.9265594482422,80.9265594482422,79.3397674560547,79.3397674560547,978071,"2014-03-20","SPMA"
83.306755065918,83.306755065918,79.3397674560547,81.3232574462891,63020,"2014-03-21","SPMA"
82.1166610717773,82.1166610717773,78.9430694580078,81.3232574462891,266196,"2014-03-24","SPMA"
79.3397674560547,80.9265594482422,79.3397674560547,80.9265594482422,85203,"2014-03-25","SPMA"
81.3232574462891,81.3232574462891,78.1496658325195,79.7364654541016,206705,"2014-03-26","SPMA"
78.5463714599609,79.3397674560547,75.3727798461914,78.5463714599609,1349638,"2014-03-27","SPMA"
77.3562698364258,80.1331634521484,77.3562698364258,79.7364654541016,414672,"2014-03-28","SPMA"
79.7364654541016,86.8770446777344,79.7364654541016,86.0836486816406,3184531,"2014-04-01","SPMA"
85.2902450561523,94.8110198974609,85.2902450561523,94.0176239013672,7028001,"2014-04-02","SPMA"
94.0176239013672,96.3978118896484,91.2407302856445,91.6374282836914,44164486,"2014-04-03","SPMA"
91.2407302856445,91.2407302856445,89.2572326660156,89.653938293457,733301,"2014-04-04","SPMA"
88.4638366699219,88.4638366699219,87.2737426757812,87.2737426757812,17645,"2014-04-07","SPMA"
88.4638366699219,88.4638366699219,84.8935470581055,84.8935470581055,17645,"2014-04-08","SPMA"
84.8935470581055,84.8935470581055,84.8935470581055,84.8935470581055,0,"2014-04-09","SPMA"
86.4803466796875,86.4803466796875,82.5133590698242,85.2902450561523,631209,"2014-04-10","SPMA"
86.8770446777344,86.8770446777344,85.2902450561523,85.2902450561523,504,"2014-04-11","SPMA"
83.306755065918,86.8770446777344,82.5133590698242,86.8770446777344,212503,"2014-04-14","SPMA"
84.1001510620117,84.1001510620117,83.306755065918,83.306755065918,25208,"2014-04-15","SPMA"
84.1001510620117,84.1001510620117,83.7034530639648,83.7034530639648,137383,"2014-04-16","SPMA"
82.9100570678711,88.8605346679688,82.5133590698242,83.306755065918,51172,"2014-04-17","SPMA"
83.306755065918,88.8605346679688,83.306755065918,88.8605346679688,9074,"2014-04-21","SPMA"
91.2407302856445,95.2077178955078,85.6869506835938,90.8440322875977,1126295,"2014-04-22","SPMA"
93.2242279052734,93.2242279052734,87.6704406738281,87.6704406738281,44366,"2014-04-23","SPMA"
87.6704406738281,87.6704406738281,87.6704406738281,87.6704406738281,0,"2014-04-24","SPMA"
91.2407302856445,91.2407302856445,83.7034530639648,85.6869506835938,346610,"2014-04-25","SPMA"
84.4968490600586,84.4968490600586,82.9100570678711,82.9100570678711,73355,"2014-04-28","SPMA"
82.5133590698242,82.5133590698242,81.7199554443359,82.1166610717773,301236,"2014-04-29","SPMA"
82.1166610717773,86.0836486816406,81.7199554443359,84.4968490600586,529368,"2014-04-30","SPMA"
85.6869506835938,86.8770446777344,85.6869506835938,85.6869506835938,488783,"2014-05-02","SPMA"
84.4968490600586,84.4968490600586,84.4968490600586,84.4968490600586,66801,"2014-05-05","SPMA"
84.1001510620117,84.1001510620117,83.7034530639648,83.7034530639648,23191,"2014-05-06","SPMA"
88.067138671875,88.067138671875,87.2737426757812,87.2737426757812,16637,"2014-05-07","SPMA"
92.827522277832,92.827522277832,85.6869506835938,87.2737426757812,483742,"2014-05-08","SPMA"
89.2572326660156,89.2572326660156,86.4803466796875,86.4803466796875,16637,"2014-05-09","SPMA"
88.8605346679688,88.8605346679688,85.6869506835938,88.067138671875,25208,"2014-05-12","SPMA"
86.8770446777344,88.8605346679688,86.8770446777344,88.4638366699219,52936,"2014-05-13","SPMA"
88.4638366699219,88.4638366699219,88.4638366699219,88.4638366699219,0,"2014-05-14","SPMA"
87.2737426757812,88.4638366699219,87.2737426757812,87.2737426757812,78144,"2014-05-16","SPMA"
87.2737426757812,88.8605346679688,87.2737426757812,87.2737426757812,529620,"2014-05-19","SPMA"
85.6869506835938,86.0836486816406,85.2902450561523,85.6869506835938,38064,"2014-05-20","SPMA"
86.4803466796875,86.4803466796875,85.2902450561523,86.4803466796875,13108,"2014-05-21","SPMA"
87.2737426757812,87.2737426757812,87.2737426757812,87.2737426757812,222334,"2014-05-22","SPMA"
85.6869506835938,88.067138671875,85.2902450561523,85.6869506835938,19158,"2014-05-23","SPMA"
85.6869506835938,85.6869506835938,85.2902450561523,85.6869506835938,26972,"2014-05-26","SPMA"
87.2737426757812,88.4638366699219,85.6869506835938,87.2737426757812,47643,"2014-05-28","SPMA"
87.2737426757812,88.4638366699219,85.2902450561523,87.2737426757812,91757,"2014-05-30","SPMA"
86.0836486816406,87.2737426757812,86.0836486816406,86.0836486816406,504412,"2014-06-02","SPMA"
87.2737426757812,87.2737426757812,85.2902450561523,87.2737426757812,9074,"2014-06-03","SPMA"
86.8770446777344,86.8770446777344,85.2902450561523,86.8770446777344,101084,"2014-06-04","SPMA"
87.2737426757812,87.2737426757812,85.6869506835938,85.6869506835938,13108,"2014-06-05","SPMA"
86.8770446777344,87.2737426757812,85.2902450561523,86.8770446777344,415176,"2014-06-06","SPMA"
85.2902450561523,86.8770446777344,85.2902450561523,85.2902450561523,37055,"2014-06-09","SPMA"
84.8935470581055,85.2902450561523,83.306755065918,84.8935470581055,131333,"2014-06-10","SPMA"
85.2902450561523,87.2737426757812,84.1001510620117,85.2902450561523,22183,"2014-06-11","SPMA"
85.2902450561523,85.2902450561523,83.306755065918,85.2902450561523,6554,"2014-06-12","SPMA"
85.2902450561523,85.2902450561523,82.9100570678711,85.2902450561523,106882,"2014-06-13","SPMA"
82.9100570678711,82.9100570678711,79.7364654541016,82.9100570678711,11343,"2014-06-16","SPMA"
80.5298614501953,82.9100570678711,79.7364654541016,80.5298614501953,1981604,"2014-06-17","SPMA"
80.9265594482422,80.9265594482422,80.9265594482422,80.9265594482422,31005,"2014-06-18","SPMA"
80.5298614501953,80.5298614501953,80.1331634521484,80.5298614501953,17645,"2014-06-19","SPMA"
80.5298614501953,80.5298614501953,80.5298614501953,80.5298614501953,16637,"2014-06-20","SPMA"
80.5298614501953,80.5298614501953,80.5298614501953,80.5298614501953,0,"2014-06-23","SPMA"
82.1166610717773,82.5133590698242,80.5298614501953,82.1166610717773,46886,"2014-06-24","SPMA"
82.1166610717773,82.1166610717773,82.1166610717773,82.1166610717773,0,"2014-06-25","SPMA"
80.9265594482422,81.7199554443359,80.5298614501953,80.9265594482422,1764,"2014-06-26","SPMA"
80.5298614501953,80.5298614501953,80.5298614501953,80.5298614501953,2268,"2014-06-27","SPMA"
80.5298614501953,80.5298614501953,80.5298614501953,80.5298614501953,0,"2014-06-30","SPMA"
80.5298614501953,80.5298614501953,80.5298614501953,80.5298614501953,0,"2014-07-01","SPMA"
84.4968490600586,84.4968490600586,80.1331634521484,84.4968490600586,4789,"2014-07-02","SPMA"
84.8935470581055,84.8935470581055,84.1001510620117,84.8935470581055,19158,"2014-07-03","SPMA"
82.1166610717773,84.8935470581055,80.5298614501953,82.1166610717773,28989,"2014-07-04","SPMA"
82.9100570678711,82.9100570678711,81.3232574462891,82.9100570678711,20922,"2014-07-07","SPMA"
81.3232574462891,84.4968490600586,80.9265594482422,81.3232574462891,288884,"2014-07-08","SPMA"
81.3232574462891,81.3232574462891,81.3232574462891,81.3232574462891,0,"2014-07-09","SPMA"
82.5133590698242,84.8935470581055,80.9265594482422,82.5133590698242,2268,"2014-07-10","SPMA"
85.2902450561523,85.2902450561523,85.2902450561523,85.2902450561523,252,"2014-07-11","SPMA"
81.3232574462891,84.1001510620117,79.7364654541016,81.3232574462891,756,"2014-07-14","SPMA"
80.5298614501953,84.4968490600586,79.7364654541016,80.5298614501953,138896,"2014-07-15","SPMA"
81.7199554443359,83.7034530639648,80.9265594482422,81.7199554443359,9831,"2014-07-16","SPMA"
82.5133590698242,83.7034530639648,80.9265594482422,82.5133590698242,369549,"2014-07-17","SPMA"
84.4968490600586,84.4968490600586,82.9100570678711,84.4968490600586,1260,"2014-07-18","SPMA"
84.4968490600586,89.2572326660156,82.9100570678711,84.4968490600586,61003,"2014-07-21","SPMA"
87.2737426757812,89.2572326660156,85.2902450561523,87.2737426757812,375599,"2014-07-22","SPMA"
87.2737426757812,90.8440322875977,82.1166610717773,87.2737426757812,344089,"2014-07-23","SPMA"
87.2737426757812,87.2737426757812,86.0836486816406,87.2737426757812,36803,"2014-07-24","SPMA"
86.4803466796875,86.8770446777344,82.9100570678711,86.4803466796875,112679,"2014-07-25","SPMA"
86.0836486816406,86.0836486816406,82.9100570678711,86.0836486816406,220822,"2014-08-04","SPMA"
84.1001510620117,86.8770446777344,84.1001510620117,84.1001510620117,33274,"2014-08-05","SPMA"
82.5133590698242,83.306755065918,82.5133590698242,82.5133590698242,175952,"2014-08-06","SPMA"
82.9100570678711,83.306755065918,82.9100570678711,82.9100570678711,184018,"2014-08-07","SPMA"
83.306755065918,83.306755065918,83.306755065918,83.306755065918,25208,"2014-08-08","SPMA"
84.4968490600586,84.4968490600586,83.306755065918,84.4968490600586,569953,"2014-08-11","SPMA"
84.1001510620117,85.2902450561523,83.7034530639648,84.1001510620117,380893,"2014-08-12","SPMA"
86.4803466796875,86.8770446777344,85.6869506835938,86.4803466796875,568693,"2014-08-13","SPMA"
88.4638366699219,88.4638366699219,86.4803466796875,88.4638366699219,1149486,"2014-08-14","SPMA"
84.4968490600586,89.653938293457,81.7199554443359,84.4968490600586,7723491,"2014-08-15","SPMA"
84.8935470581055,85.2902450561523,84.8935470581055,84.8935470581055,27476,"2014-08-18","SPMA"
82.5133590698242,84.4968490600586,81.7199554443359,82.5133590698242,368289,"2014-08-19","SPMA"
82.5133590698242,84.1001510620117,82.1166610717773,82.5133590698242,3024,"2014-08-20","SPMA"
83.306755065918,83.306755065918,82.9100570678711,83.306755065918,8822,"2014-08-21","SPMA"
82.9100570678711,86.0836486816406,82.1166610717773,82.9100570678711,361231,"2014-08-22","SPMA"
85.6869506835938,85.6869506835938,83.306755065918,85.6869506835938,504,"2014-08-25","SPMA"
85.6869506835938,85.6869506835938,85.6869506835938,85.6869506835938,0,"2014-08-26","SPMA"
84.4968490600586,84.4968490600586,81.7199554443359,84.4968490600586,3277,"2014-08-27","SPMA"
85.6869506835938,85.6869506835938,81.7199554443359,85.6869506835938,504,"2014-08-28","SPMA"
85.6869506835938,85.6869506835938,85.6869506835938,85.6869506835938,0,"2014-08-29","SPMA"
82.5133590698242,82.9100570678711,82.5133590698242,82.5133590698242,2772,"2014-09-01","SPMA"
83.306755065918,84.8935470581055,81.7199554443359,83.306755065918,189564,"2014-09-02","SPMA"
83.7034530639648,84.1001510620117,83.306755065918,83.7034530639648,3781,"2014-09-03","SPMA"
82.5133590698242,82.9100570678711,80.9265594482422,82.5133590698242,130073,"2014-09-04","SPMA"
83.306755065918,83.306755065918,79.7364654541016,83.306755065918,16385,"2014-09-05","SPMA"
83.306755065918,83.306755065918,82.5133590698242,83.306755065918,392489,"2014-09-08","SPMA"
84.8935470581055,84.8935470581055,81.3232574462891,84.8935470581055,31762,"2014-09-09","SPMA"
80.9265594482422,83.7034530639648,80.1331634521484,80.9265594482422,359718,"2014-09-10","SPMA"
83.306755065918,83.306755065918,83.306755065918,83.306755065918,504,"2014-09-11","SPMA"
83.306755065918,84.1001510620117,80.1331634521484,83.306755065918,6554,"2014-09-12","SPMA"
83.306755065918,83.306755065918,80.5298614501953,83.306755065918,756,"2014-09-15","SPMA"
83.306755065918,83.306755065918,83.306755065918,83.306755065918,0,"2014-09-16","SPMA"
83.7034530639648,84.1001510620117,81.3232574462891,83.7034530639648,2772,"2014-09-17","SPMA"
82.9100570678711,82.9100570678711,80.9265594482422,82.9100570678711,1512,"2014-09-18","SPMA"
84.8935470581055,84.8935470581055,84.8935470581055,84.8935470581055,252,"2014-09-19","SPMA"
83.306755065918,83.306755065918,80.9265594482422,83.306755065918,6554,"2014-09-22","SPMA"
82.9100570678711,84.1001510620117,80.1331634521484,82.9100570678711,30249,"2014-09-23","SPMA"
82.9100570678711,82.9100570678711,82.9100570678711,82.9100570678711,0,"2014-09-24","SPMA"
82.9100570678711,82.9100570678711,82.9100570678711,82.9100570678711,0,"2014-09-25","SPMA"
80.9265594482422,82.9100570678711,80.5298614501953,80.9265594482422,38820,"2014-09-26","SPMA"
82.9100570678711,82.9100570678711,78.5463714599609,82.9100570678711,1008,"2014-09-29","SPMA"
79.7364654541016,82.9100570678711,78.5463714599609,79.7364654541016,2520,"2014-09-30","SPMA"
78.5463714599609,80.9265594482422,78.5463714599609,78.5463714599609,193849,"2014-10-01","SPMA"
77.7529678344727,79.7364654541016,76.562873840332,77.7529678344727,83690,"2014-10-02","SPMA"
81.3232574462891,82.9100570678711,71.4057922363281,81.3232574462891,1764,"2014-10-03","SPMA"
79.3397674560547,80.1331634521484,76.1661758422852,79.3397674560547,35543,"2014-10-06","SPMA"
77.7529678344727,81.3232574462891,75.3727798461914,77.7529678344727,5293,"2014-10-07","SPMA"
79.3397674560547,82.9100570678711,77.7529678344727,79.3397674560547,8570,"2014-10-08","SPMA"
78.9430694580078,80.5298614501953,76.9595718383789,78.9430694580078,11091,"2014-10-09","SPMA"
76.9595718383789,78.9430694580078,76.9595718383789,76.9595718383789,4285,"2014-10-10","SPMA"
79.3397674560547,79.3397674560547,79.3397674560547,79.3397674560547,252,"2014-10-13","SPMA"
75.7694778442383,79.3397674560547,74.5793762207031,75.7694778442383,5293,"2014-10-14","SPMA"
77.3562698364258,79.3397674560547,77.3562698364258,77.3562698364258,32014,"2014-10-15","SPMA"
76.9595718383789,78.5463714599609,76.562873840332,76.9595718383789,5545,"2014-10-16","SPMA"
75.7694778442383,77.3562698364258,75.7694778442383,75.7694778442383,16385,"2014-10-17","SPMA"
75.7694778442383,76.562873840332,75.7694778442383,75.7694778442383,6302,"2014-10-20","SPMA"
76.1661758422852,79.3397674560547,76.1661758422852,76.1661758422852,1512,"2014-10-21","SPMA"
78.1496658325195,78.1496658325195,73.7859802246094,78.1496658325195,1764,"2014-10-22","SPMA"
76.562873840332,78.9430694580078,76.562873840332,76.562873840332,1260,"2014-10-23","SPMA"
75.3727798461914,78.5463714599609,74.9760818481445,75.3727798461914,1008,"2014-10-24","SPMA"
76.562873840332,76.9595718383789,76.562873840332,76.562873840332,7310,"2014-10-27","SPMA"
75.7694778442383,78.1496658325195,75.7694778442383,75.7694778442383,756,"2014-10-28","SPMA"
76.562873840332,78.5463714599609,74.9760818481445,76.562873840332,756,"2014-10-29","SPMA"
78.1496658325195,78.1496658325195,78.1496658325195,78.1496658325195,756,"2014-10-30","SPMA"
78.5463714599609,78.5463714599609,75.3727798461914,78.5463714599609,86211,"2014-10-31","SPMA"
78.9430694580078,78.9430694580078,78.9430694580078,78.9430694580078,3781,"2014-11-03","SPMA"
78.9430694580078,78.9430694580078,78.9430694580078,78.9430694580078,0,"2014-11-04","SPMA"
78.9430694580078,80.9265594482422,78.9430694580078,78.9430694580078,4789,"2014-11-05","SPMA"
78.9430694580078,78.9430694580078,78.9430694580078,78.9430694580078,0,"2014-11-06","SPMA"
75.7694778442383,75.7694778442383,75.7694778442383,75.7694778442383,756,"2014-11-07","SPMA"
78.9430694580078,78.9430694580078,78.9430694580078,78.9430694580078,756,"2014-11-10","SPMA"
78.1496658325195,78.1496658325195,75.3727798461914,78.1496658325195,6806,"2014-11-11","SPMA"
78.1496658325195,78.1496658325195,78.1496658325195,78.1496658325195,1512,"2014-11-12","SPMA"
76.562873840332,78.9430694580078,71.4057922363281,76.562873840332,26972,"2014-11-13","SPMA"
78.1496658325195,78.1496658325195,78.1496658325195,78.1496658325195,6302,"2014-11-14","SPMA"
78.1496658325195,78.1496658325195,71.4057922363281,78.1496658325195,1764,"2014-11-17","SPMA"
76.1661758422852,76.9595718383789,69.4222946166992,76.1661758422852,57978,"2014-11-18","SPMA"
76.1661758422852,76.562873840332,72.9925842285156,76.1661758422852,7058,"2014-11-19","SPMA"
77.3562698364258,77.3562698364258,75.3727798461914,77.3562698364258,20922,"2014-11-20","SPMA"
75.7694778442383,77.3562698364258,75.3727798461914,75.7694778442383,42349,"2014-11-21","SPMA"
74.9760818481445,77.7529678344727,74.9760818481445,74.9760818481445,42097,"2014-11-24","SPMA"
76.1661758422852,77.3562698364258,74.5793762207031,76.1661758422852,162087,"2014-11-25","SPMA"
77.3562698364258,77.3562698364258,75.7694778442383,77.3562698364258,3277,"2014-11-26","SPMA"
78.1496658325195,78.5463714599609,77.3562698364258,78.1496658325195,137131,"2014-11-27","SPMA"
78.1496658325195,78.1496658325195,76.1661758422852,78.1496658325195,130577,"2014-11-28","SPMA"
77.7529678344727,78.1496658325195,74.5793762207031,78.1496658325195,207462,"2014-12-01","SPMA"
77.7529678344727,78.5463714599609,77.7529678344727,78.5463714599609,170658,"2014-12-02","SPMA"
78.5463714599609,81.7199554443359,78.5463714599609,80.9265594482422,1373586,"2014-12-03","SPMA"
80.5298614501953,81.7199554443359,79.3397674560547,79.3397674560547,1455260,"2014-12-04","SPMA"
78.1496658325195,81.7199554443359,78.1496658325195,81.7199554443359,207966,"2014-12-05","SPMA"
78.9430694580078,82.1166610717773,78.9430694580078,82.1166610717773,50920,"2014-12-08","SPMA"
81.3232574462891,81.3232574462891,81.3232574462891,81.3232574462891,49911,"2014-12-09","SPMA"
80.9265594482422,80.9265594482422,80.9265594482422,80.9265594482422,75624,"2014-12-10","SPMA"
79.3397674560547,80.9265594482422,75.7694778442383,76.562873840332,22183,"2014-12-11","SPMA"
80.9265594482422,80.9265594482422,80.5298614501953,80.5298614501953,1512,"2014-12-12","SPMA"
80.5298614501953,80.5298614501953,80.5298614501953,80.5298614501953,0,"2014-12-15","SPMA"
80.5298614501953,80.5298614501953,80.1331634521484,80.5298614501953,126040,"2014-12-16","SPMA"
77.7529678344727,78.1496658325195,77.7529678344727,78.1496658325195,90748,"2014-12-17","SPMA"
78.1496658325195,80.1331634521484,78.1496658325195,78.5463714599609,2268,"2014-12-18","SPMA"
76.562873840332,80.9265594482422,76.562873840332,78.5463714599609,26972,"2014-12-19","SPMA"
77.3562698364258,79.3397674560547,77.3562698364258,79.3397674560547,117217,"2014-12-22","SPMA"
79.3397674560547,79.7364654541016,79.3397674560547,79.7364654541016,504,"2014-12-23","SPMA"
79.3397674560547,80.5298614501953,78.1496658325195,78.5463714599609,64532,"2014-12-24","SPMA"
78.1496658325195,78.1496658325195,77.7529678344727,78.1496658325195,11595,"2014-12-29","SPMA"
76.9595718383789,78.1496658325195,76.1661758422852,78.1496658325195,5041,"2014-12-30","SPMA"
78.5463714599609,80.1331634521484,77.3562698364258,79.3397674560547,40837,"2015-01-02","SPMA"
78.1496658325195,78.1496658325195,78.1496658325195,78.1496658325195,3781,"2015-01-05","SPMA"
76.1661758422852,76.1661758422852,76.1661758422852,76.1661758422852,252,"2015-01-06","SPMA"
76.9595718383789,77.3562698364258,76.562873840332,77.3562698364258,56466,"2015-01-07","SPMA"
77.3562698364258,77.3562698364258,77.3562698364258,77.3562698364258,0,"2015-01-08","SPMA"
80.1331634521484,80.1331634521484,80.1331634521484,80.1331634521484,252,"2015-01-09","SPMA"
79.3397674560547,79.3397674560547,79.3397674560547,79.3397674560547,287623,"2015-01-12","SPMA"
79.3397674560547,80.1331634521484,76.9595718383789,77.7529678344727,83438,"2015-01-13","SPMA"
77.3562698364258,77.3562698364258,76.9595718383789,76.9595718383789,30753,"2015-01-14","SPMA"
76.562873840332,79.3397674560547,76.562873840332,76.562873840332,71590,"2015-01-15","SPMA"
79.3397674560547,79.3397674560547,76.1661758422852,78.5463714599609,119486,"2015-01-16","SPMA"
79.7364654541016,79.7364654541016,79.7364654541016,79.7364654541016,252,"2015-01-19","SPMA"
75.3727798461914,75.3727798461914,75.3727798461914,75.3727798461914,252,"2015-01-20","SPMA"
75.7694778442383,76.562873840332,75.7694778442383,76.1661758422852,100327,"2015-01-21","SPMA"
78.9430694580078,78.9430694580078,75.7694778442383,75.7694778442383,25208,"2015-01-22","SPMA"
76.9595718383789,76.9595718383789,76.1661758422852,76.1661758422852,7058,"2015-01-23","SPMA"
76.562873840332,76.562873840332,76.562873840332,76.562873840332,4033,"2015-01-26","SPMA"
76.562873840332,76.562873840332,76.562873840332,76.562873840332,0,"2015-01-27","SPMA"
76.562873840332,76.562873840332,74.9760818481445,74.9760818481445,277288,"2015-01-28","SPMA"
78.5463714599609,78.5463714599609,74.9760818481445,77.3562698364258,25964,"2015-01-29","SPMA"
75.7694778442383,76.9595718383789,75.7694778442383,76.9595718383789,6554,"2015-01-30","SPMA"
76.9595718383789,76.9595718383789,76.9595718383789,76.9595718383789,0,"2015-02-02","SPMA"
76.9595718383789,76.9595718383789,76.9595718383789,76.9595718383789,0,"2015-02-03","SPMA"
75.3727798461914,77.3562698364258,73.3892822265625,73.3892822265625,121502,"2015-02-04","SPMA"
73.7859802246094,75.3727798461914,73.3892822265625,73.3892822265625,97050,"2015-02-05","SPMA"
73.7859802246094,76.562873840332,73.7859802246094,76.562873840332,2772,"2015-02-06","SPMA"
77.3562698364258,77.3562698364258,77.3562698364258,77.3562698364258,252,"2015-02-09","SPMA"
74.1826782226562,74.1826782226562,74.1826782226562,74.1826782226562,29997,"2015-02-10","SPMA"
77.3562698364258,77.3562698364258,74.9760818481445,76.562873840332,3024,"2015-02-11","SPMA"
77.7529678344727,77.7529678344727,77.7529678344727,77.7529678344727,252,"2015-02-12","SPMA"
77.7529678344727,77.7529678344727,77.7529678344727,77.7529678344727,0,"2015-02-13","SPMA"
75.3727798461914,75.3727798461914,75.3727798461914,75.3727798461914,11091,"2015-02-16","SPMA"
74.9760818481445,75.3727798461914,74.9760818481445,75.3727798461914,29241,"2015-02-17","SPMA"
78.9430694580078,78.9430694580078,74.9760818481445,74.9760818481445,14116,"2015-02-18","SPMA"
75.3727798461914,76.9595718383789,75.3727798461914,76.9595718383789,3529,"2015-02-20","SPMA"
76.9595718383789,76.9595718383789,76.9595718383789,76.9595718383789,25208,"2015-02-23","SPMA"
78.9430694580078,79.3397674560547,75.7694778442383,78.1496658325195,28233,"2015-02-24","SPMA"
78.1496658325195,78.1496658325195,74.5793762207031,76.1661758422852,22435,"2015-02-25","SPMA"
76.9595718383789,76.9595718383789,76.9595718383789,76.9595718383789,252,"2015-02-26","SPMA"
76.562873840332,76.562873840332,76.562873840332,76.562873840332,25208,"2015-02-27","SPMA"
76.562873840332,76.562873840332,76.562873840332,76.562873840332,0,"2015-03-02","SPMA"
74.1826782226562,76.9595718383789,74.1826782226562,76.9595718383789,756,"2015-03-03","SPMA"
75.3727798461914,75.3727798461914,75.3727798461914,75.3727798461914,5041,"2015-03-04","SPMA"
78.1496658325195,78.1496658325195,75.3727798461914,78.1496658325195,504,"2015-03-05","SPMA"
75.7694778442383,77.7529678344727,75.7694778442383,77.7529678344727,1008,"2015-03-06","SPMA"
74.9760818481445,74.9760818481445,74.9760818481445,74.9760818481445,756,"2015-03-09","SPMA"
74.9760818481445,74.9760818481445,74.9760818481445,74.9760818481445,12351,"2015-03-10","SPMA"
74.9760818481445,74.9760818481445,74.5793762207031,74.5793762207031,50920,"2015-03-11","SPMA"
74.5793762207031,74.5793762207031,74.5793762207031,74.5793762207031,0,"2015-03-12","SPMA"
74.5793762207031,78.5463714599609,74.1826782226562,78.5463714599609,63272,"2015-03-13","SPMA"
78.1496658325195,78.1496658325195,78.1496658325195,78.1496658325195,252,"2015-03-16","SPMA"
73.7859802246094,74.1826782226562,73.7859802246094,74.1826782226562,13864,"2015-03-17","SPMA"
73.7859802246094,77.3562698364258,73.7859802246094,74.1826782226562,5041,"2015-03-18","SPMA"
76.562873840332,76.562873840332,76.562873840332,76.562873840332,504,"2015-03-19","SPMA"
75.3727798461914,75.3727798461914,75.3727798461914,75.3727798461914,2520,"2015-03-20","SPMA"
75.3727798461914,75.3727798461914,75.3727798461914,75.3727798461914,0,"2015-03-23","SPMA"
74.1826782226562,74.1826782226562,73.3892822265625,73.3892822265625,88228,"2015-03-24","SPMA"
78.9430694580078,78.9430694580078,73.7859802246094,73.7859802246094,2772,"2015-03-25","SPMA"
73.3892822265625,73.3892822265625,72.9925842285156,73.3892822265625,97050,"2015-03-26","SPMA"
73.3892822265625,73.3892822265625,73.3892822265625,73.3892822265625,0,"2015-03-27","SPMA"
73.3892822265625,73.3892822265625,73.3892822265625,73.3892822265625,0,"2015-03-30","SPMA"
75.3727798461914,76.9595718383789,73.3892822265625,76.9595718383789,1851782,"2015-03-31","SPMA"
78.1496658325195,78.1496658325195,74.9760818481445,77.3562698364258,13360,"2015-04-01","SPMA"
74.9760818481445,76.562873840332,74.9760818481445,76.562873840332,504,"2015-04-02","SPMA"
75.7694778442383,78.1496658325195,75.7694778442383,78.1496658325195,2268,"2015-04-06","SPMA"
77.7529678344727,77.7529678344727,77.3562698364258,77.3562698364258,77892,"2015-04-07","SPMA"
76.1661758422852,76.1661758422852,76.1661758422852,76.1661758422852,6554,"2015-04-08","SPMA"
74.5793762207031,74.5793762207031,73.7859802246094,73.7859802246094,264684,"2015-04-09","SPMA"
76.9595718383789,76.9595718383789,74.1826782226562,75.7694778442383,1512,"2015-04-10","SPMA"
76.562873840332,76.562873840332,74.9760818481445,76.562873840332,219057,"2015-04-13","SPMA"
76.1661758422852,76.9595718383789,75.7694778442383,76.562873840332,1125791,"2015-04-14","SPMA"
76.562873840332,82.5133590698242,76.562873840332,80.5298614501953,9686441,"2015-04-15","SPMA"
79.7364654541016,82.9100570678711,75.7694778442383,75.7694778442383,9537966,"2015-04-16","SPMA"
77.3562698364258,77.7529678344727,75.3727798461914,77.7529678344727,70078,"2015-04-17","SPMA"
78.1496658325195,78.1496658325195,75.3727798461914,76.1661758422852,96294,"2015-04-20","SPMA"
78.1496658325195,78.1496658325195,74.9760818481445,74.9760818481445,69322,"2015-04-21","SPMA"
79.3397674560547,79.3397674560547,75.7694778442383,77.7529678344727,2016,"2015-04-22","SPMA"
78.5463714599609,79.3397674560547,76.9595718383789,76.9595718383789,756,"2015-04-23","SPMA"
79.3397674560547,79.3397674560547,75.3727798461914,78.1496658325195,3024,"2015-04-24","SPMA"
78.9430694580078,78.9430694580078,74.5793762207031,74.5793762207031,1008,"2015-04-27","SPMA"
77.3562698364258,77.3562698364258,73.3892822265625,73.3892822265625,317369,"2015-04-28","SPMA"
73.3892822265625,73.3892822265625,72.1991882324219,72.1991882324219,158054,"2015-04-29","SPMA"
78.9430694580078,78.9430694580078,72.5958862304688,77.7529678344727,5041,"2015-04-30","SPMA"
79.3397674560547,79.3397674560547,77.3562698364258,77.3562698364258,504,"2015-05-04","SPMA"
74.1826782226562,76.9595718383789,71.4057922363281,76.562873840332,144946,"2015-05-05","SPMA"
78.1496658325195,78.1496658325195,76.562873840332,77.3562698364258,1008,"2015-05-06","SPMA"
77.3562698364258,77.3562698364258,77.3562698364258,77.3562698364258,0,"2015-05-07","SPMA"
77.3562698364258,77.3562698364258,77.3562698364258,77.3562698364258,0,"2015-05-08","SPMA"
75.3727798461914,75.3727798461914,72.5958862304688,74.5793762207031,4789,"2015-05-11","SPMA"
72.5958862304688,72.5958862304688,70.215690612793,70.215690612793,57222,"2015-05-12","SPMA"
78.1496658325195,78.1496658325195,70.6123886108398,74.5793762207031,106882,"2015-05-13","SPMA"
74.1826782226562,76.562873840332,74.1826782226562,76.562873840332,504,"2015-05-15","SPMA"
75.3727798461914,75.7694778442383,73.3892822265625,75.3727798461914,7310,"2015-05-18","SPMA"
73.3892822265625,75.3727798461914,73.3892822265625,75.3727798461914,3529,"2015-05-19","SPMA"
75.3727798461914,75.3727798461914,75.3727798461914,75.3727798461914,0,"2015-05-20","SPMA"
74.9760818481445,74.9760818481445,73.3892822265625,73.7859802246094,24451,"2015-05-21","SPMA"
73.7859802246094,74.5793762207031,73.7859802246094,74.5793762207031,6806,"2015-05-22","SPMA"
73.3892822265625,75.3727798461914,71.802490234375,75.3727798461914,81674,"2015-05-25","SPMA"
75.3727798461914,75.3727798461914,75.3727798461914,75.3727798461914,0,"2015-05-26","SPMA"
74.9760818481445,75.7694778442383,71.802490234375,72.5958862304688,3277,"2015-05-27","SPMA"
77.3562698364258,77.3562698364258,74.9760818481445,74.9760818481445,504,"2015-05-28","SPMA"
74.5793762207031,76.9595718383789,72.5958862304688,75.3727798461914,7814,"2015-05-29","SPMA"
71.0090866088867,74.9760818481445,71.0090866088867,74.9760818481445,84446,"2015-06-01","SPMA"
74.5793762207031,74.9760818481445,73.3892822265625,73.3892822265625,170658,"2015-06-03","SPMA"
76.9595718383789,76.9595718383789,71.4057922363281,71.4057922363281,18149,"2015-06-04","SPMA"
74.5793762207031,74.5793762207031,71.4057922363281,71.4057922363281,1260,"2015-06-05","SPMA"
75.3727798461914,75.3727798461914,75.3727798461914,75.3727798461914,252,"2015-06-08","SPMA"
71.802490234375,72.1991882324219,70.6123886108398,71.0090866088867,295438,"2015-06-09","SPMA"
73.3892822265625,73.3892822265625,73.3892822265625,73.3892822265625,252,"2015-06-10","SPMA"
73.3892822265625,73.3892822265625,73.3892822265625,73.3892822265625,1512,"2015-06-11","SPMA"
73.3892822265625,73.7859802246094,69.8189926147461,73.7859802246094,310310,"2015-06-12","SPMA"
72.9925842285156,72.9925842285156,72.9925842285156,72.9925842285156,252,"2015-06-15","SPMA"
72.5958862304688,72.9925842285156,72.1991882324219,72.9925842285156,4285,"2015-06-16","SPMA"
72.9925842285156,72.9925842285156,72.9925842285156,72.9925842285156,252,"2015-06-17","SPMA"
75.3727798461914,75.3727798461914,70.215690612793,73.7859802246094,283590,"2015-06-18","SPMA"
69.4222946166992,73.3892822265625,69.4222946166992,73.3892822265625,756,"2015-06-19","SPMA"
70.6123886108398,73.3892822265625,70.6123886108398,73.3892822265625,756,"2015-06-22","SPMA"
73.3892822265625,73.3892822265625,73.3892822265625,73.3892822265625,0,"2015-06-23","SPMA"
74.5793762207031,74.5793762207031,71.0090866088867,73.3892822265625,3781,"2015-06-24","SPMA"
71.4057922363281,72.5958862304688,70.215690612793,70.6123886108398,88984,"2015-06-25","SPMA"
75.3727798461914,75.3727798461914,75.3727798461914,75.3727798461914,252,"2015-06-26","SPMA"
70.215690612793,73.3892822265625,70.215690612793,73.3892822265625,3024,"2015-06-29","SPMA"
70.215690612793,70.215690612793,70.215690612793,70.215690612793,1260,"2015-06-30","SPMA"
71.4057922363281,71.4057922363281,70.215690612793,71.4057922363281,93269,"2015-07-01","SPMA"
73.3892822265625,73.3892822265625,71.4057922363281,71.4057922363281,1512,"2015-07-02","SPMA"
71.4057922363281,71.4057922363281,70.215690612793,70.6123886108398,43105,"2015-07-03","SPMA"
70.215690612793,77.3562698364258,69.4222946166992,69.4222946166992,205949,"2015-07-06","SPMA"
74.5793762207031,74.5793762207031,67.8355026245117,69.0255966186523,1260,"2015-07-07","SPMA"
69.8189926147461,69.8189926147461,66.6454010009766,66.6454010009766,22435,"2015-07-08","SPMA"
66.6454010009766,66.6454010009766,66.6454010009766,66.6454010009766,6302,"2015-07-09","SPMA"
74.1826782226562,74.1826782226562,74.1826782226562,74.1826782226562,252,"2015-07-10","SPMA"
74.1826782226562,74.9760818481445,65.8520050048828,65.8520050048828,3529,"2015-07-13","SPMA"
65.8520050048828,65.8520050048828,65.8520050048828,65.8520050048828,0,"2015-07-14","SPMA"
63.8685111999512,63.8685111999512,63.8685111999512,63.8685111999512,504,"2015-07-15","SPMA"
63.8685111999512,63.8685111999512,63.8685111999512,63.8685111999512,0,"2015-07-22","SPMA"
67.8355026245117,74.9760818481445,67.4388046264648,67.4388046264648,2268,"2015-07-23","SPMA"
66.6454010009766,66.6454010009766,66.6454010009766,66.6454010009766,1260,"2015-07-24","SPMA"
64.2652130126953,65.4553070068359,64.2652130126953,65.4553070068359,2772,"2015-07-27","SPMA"
64.2652130126953,65.0586090087891,64.2652130126953,64.2652130126953,27980,"2015-07-28","SPMA"
64.2652130126953,64.2652130126953,64.2652130126953,64.2652130126953,0,"2015-07-29","SPMA"
64.2652130126953,64.2652130126953,64.2652130126953,64.2652130126953,0,"2015-07-30","SPMA"
64.2652130126953,64.2652130126953,64.2652130126953,64.2652130126953,25964,"2015-07-31","SPMA"
64.2652130126953,70.6123886108398,64.2652130126953,70.6123886108398,3277,"2015-08-03","SPMA"
69.4222946166992,69.4222946166992,67.4388046264648,67.4388046264648,2520,"2015-08-04","SPMA"
71.4057922363281,71.4057922363281,66.2487030029297,66.2487030029297,8318,"2015-08-05","SPMA"
63.8685111999512,69.0255966186523,63.8685111999512,63.8685111999512,2268,"2015-08-06","SPMA"
61.8850173950195,61.8850173950195,61.8850173950195,61.8850173950195,1512,"2015-08-07","SPMA"
61.8850173950195,61.8850173950195,61.8850173950195,61.8850173950195,0,"2015-08-10","SPMA"
61.8850173950195,61.8850173950195,61.8850173950195,61.8850173950195,504,"2015-08-11","SPMA"
61.8850173950195,61.8850173950195,61.8850173950195,61.8850173950195,0,"2015-08-12","SPMA"
61.8850173950195,61.8850173950195,61.8850173950195,61.8850173950195,13360,"2015-08-13","SPMA"
61.8850173950195,61.8850173950195,61.8850173950195,61.8850173950195,0,"2015-08-14","SPMA"
61.8850173950195,61.8850173950195,54.7444381713867,55.1411361694336,800355,"2015-08-18","SPMA"
55.5378341674805,59.504825592041,48.3972587585449,48.3972587585449,3360735,"2015-08-19","SPMA"
47.6038589477539,50.3807525634766,39.6698837280273,40.859977722168,61255,"2015-08-20","SPMA"
45.6203651428223,49.5873527526855,40.0665817260742,49.5873527526855,2083696,"2015-08-21","SPMA"
42.0500755310059,49.1906547546387,42.0500755310059,49.1906547546387,41845,"2015-08-24","SPMA"
51.5708465576172,51.5708465576172,47.6038589477539,47.6038589477539,333250,"2015-08-25","SPMA"
53.157642364502,53.157642364502,47.6038589477539,53.157642364502,54953,"2015-08-26","SPMA"
51.5708465576172,56.3312339782715,48.0005569458008,49.1906547546387,21476241,"2015-08-27","SPMA"
49.1906547546387,51.1741485595703,46.8104629516602,47.6038589477539,512983,"2015-08-28","SPMA"
47.6038589477539,49.5873527526855,47.6038589477539,48.7939567565918,28485,"2015-08-31","SPMA"
48.0005569458008,48.0005569458008,45.6203651428223,46.0170631408691,107134,"2015-09-01","SPMA"
46.0170631408691,48.7939567565918,46.0170631408691,46.0170631408691,66045,"2015-09-02","SPMA"
46.413761138916,50.7774505615234,46.413761138916,47.207160949707,315604,"2015-09-03","SPMA"
47.207160949707,47.6038589477539,46.0170631408691,46.0170631408691,37307,"2015-09-04","SPMA"
45.2236671447754,45.2236671447754,42.4467735290527,42.8434715270996,78397,"2015-09-07","SPMA"
47.207160949707,47.207160949707,41.2566795349121,46.8104629516602,234182,"2015-09-08","SPMA"
45.6203651428223,46.0170631408691,44.4302673339844,46.0170631408691,642300,"2015-09-09","SPMA"
48.0005569458008,48.0005569458008,47.207160949707,47.207160949707,12856,"2015-09-10","SPMA"
48.3972587585449,48.3972587585449,43.6368713378906,47.207160949707,38568,"2015-09-11","SPMA"
47.207160949707,55.1411361694336,47.207160949707,54.3477401733398,4154284,"2015-09-14","SPMA"
53.157642364502,67.4388046264648,49.1906547546387,49.1906547546387,89279567,"2015-09-15","SPMA"
49.1906547546387,50.3807525634766,46.8104629516602,46.8104629516602,617596,"2015-09-16","SPMA"
47.6038589477539,47.6038589477539,44.0335693359375,44.8269653320312,559114,"2015-09-17","SPMA"
44.8269653320312,48.0005569458008,43.6368713378906,43.6368713378906,157298,"2015-09-18","SPMA"
44.0335693359375,44.0335693359375,40.4632797241211,41.2566795349121,3076137,"2015-09-21","SPMA"
41.2566795349121,42.8434715270996,40.859977722168,41.653377532959,229897,"2015-09-22","SPMA"
42.0500755310059,42.8434715270996,40.0665817260742,40.4632797241211,171918,"2015-09-23","SPMA"
40.4632797241211,42.0500755310059,40.4632797241211,42.0500755310059,36551,"2015-09-25","SPMA"
42.4467735290527,42.4467735290527,39.6698837280273,39.6698837280273,244517,"2015-09-28","SPMA"
39.6698837280273,42.4467735290527,39.2731857299805,42.4467735290527,172675,"2015-09-29","SPMA"
42.4467735290527,42.4467735290527,40.4632797241211,42.4467735290527,81926,"2015-09-30","SPMA"
42.0500755310059,43.2401733398438,41.653377532959,42.0500755310059,250567,"2015-10-01","SPMA"
42.0500755310059,42.0500755310059,42.0500755310059,42.0500755310059,0,"2015-10-02","SPMA"
42.8434715270996,43.2401733398438,42.0500755310059,42.4467735290527,137131,"2015-10-05","SPMA"
43.2401733398438,43.6368713378906,41.2566795349121,43.2401733398438,119990,"2015-10-06","SPMA"
43.2401733398438,43.6368713378906,41.2566795349121,43.2401733398438,22939,"2015-10-07","SPMA"
43.2401733398438,43.2401733398438,42.4467735290527,42.4467735290527,92009,"2015-10-08","SPMA"
45.6203651428223,46.413761138916,43.6368713378906,43.6368713378906,241745,"2015-10-09","SPMA"
43.2401733398438,47.6038589477539,43.2401733398438,43.2401733398438,243005,"2015-10-12","SPMA"
42.0500755310059,44.4302673339844,42.0500755310059,43.6368713378906,52936,"2015-10-13","SPMA"
40.4632797241211,46.413761138916,40.4632797241211,46.413761138916,226368,"2015-10-15","SPMA"
43.2401733398438,43.2401733398438,42.0500755310059,42.8434715270996,695489,"2015-10-16","SPMA"
40.0665817260742,43.2401733398438,40.0665817260742,40.4632797241211,86211,"2015-10-19","SPMA"
40.4632797241211,40.859977722168,39.6698837280273,40.0665817260742,827075,"2015-10-20","SPMA"
43.2401733398438,43.2401733398438,39.6698837280273,41.653377532959,620621,"2015-10-21","SPMA"
43.2401733398438,43.2401733398438,39.6698837280273,41.653377532959,194101,"2015-10-22","SPMA"
39.6698837280273,43.2401733398438,39.6698837280273,40.859977722168,107386,"2015-10-23","SPMA"
42.8434715270996,42.8434715270996,40.859977722168,41.2566795349121,7310,"2015-10-26","SPMA"
39.6698837280273,41.653377532959,38.8764839172363,41.2566795349121,152760,"2015-10-27","SPMA"
40.0665817260742,42.4467735290527,39.6698837280273,42.4467735290527,641544,"2015-10-28","SPMA"
40.0665817260742,40.0665817260742,38.8764839172363,38.8764839172363,363247,"2015-10-29","SPMA"
38.8764839172363,41.2566795349121,38.8764839172363,41.2566795349121,25460,"2015-10-30","SPMA"
41.2566795349121,41.2566795349121,41.2566795349121,41.2566795349121,0,"2015-11-02","SPMA"
40.4632797241211,41.2566795349121,40.4632797241211,41.2566795349121,504,"2015-11-03","SPMA"
41.2566795349121,42.0500755310059,40.0665817260742,41.653377532959,47895,"2015-11-04","SPMA"
40.4632797241211,41.2566795349121,39.6698837280273,41.2566795349121,46130,"2015-11-05","SPMA"
40.859977722168,41.2566795349121,40.859977722168,41.2566795349121,504,"2015-11-06","SPMA"
39.6698837280273,40.859977722168,39.6698837280273,40.859977722168,27224,"2015-11-09","SPMA"
38.8764839172363,40.4632797241211,38.4797859191895,40.4632797241211,47391,"2015-11-10","SPMA"
40.4632797241211,43.2401733398438,38.4797859191895,43.2401733398438,91505,"2015-11-11","SPMA"
39.6698837280273,41.2566795349121,39.6698837280273,41.2566795349121,1008,"2015-11-12","SPMA"
41.2566795349121,43.6368713378906,39.6698837280273,39.6698837280273,901187,"2015-11-13","SPMA"
38.8764839172363,41.2566795349121,38.8764839172363,39.6698837280273,353668,"2015-11-16","SPMA"
39.6698837280273,39.6698837280273,38.8764839172363,38.8764839172363,205445,"2015-11-17","SPMA"
39.6698837280273,39.6698837280273,38.8764839172363,39.2731857299805,110663,"2015-11-18","SPMA"
39.2731857299805,40.4632797241211,38.8764839172363,40.4632797241211,10587,"2015-11-19","SPMA"
38.8764839172363,41.2566795349121,38.8764839172363,39.6698837280273,101336,"2015-11-20","SPMA"
41.2566795349121,41.2566795349121,38.0830879211426,38.0830879211426,420218,"2015-11-23","SPMA"
40.4632797241211,40.4632797241211,37.6863861083984,39.6698837280273,89992,"2015-11-24","SPMA"
40.859977722168,40.859977722168,40.859977722168,40.859977722168,252,"2015-11-25","SPMA"
37.6863861083984,41.2566795349121,37.6863861083984,40.4632797241211,1008,"2015-11-26","SPMA"
38.4797859191895,40.4632797241211,38.4797859191895,40.4632797241211,13612,"2015-11-27","SPMA"
38.4797859191895,40.4632797241211,38.0830879211426,39.6698837280273,57978,"2015-11-30","SPMA"
37.6863861083984,40.0665817260742,37.6863861083984,38.4797859191895,261911,"2015-12-01","SPMA"
36.4962921142578,38.8764839172363,36.0995941162109,38.4797859191895,78649,"2015-12-02","SPMA"
36.8929901123047,38.4797859191895,36.8929901123047,37.6863861083984,219309,"2015-12-03","SPMA"
36.0995941162109,37.6863861083984,36.0995941162109,37.6863861083984,23191,"2015-12-04","SPMA"
38.4797859191895,38.4797859191895,38.4797859191895,38.4797859191895,252,"2015-12-07","SPMA"
39.2731857299805,39.2731857299805,36.4962921142578,38.0830879211426,8822,"2015-12-08","SPMA"
38.0830879211426,38.0830879211426,38.0830879211426,38.0830879211426,0,"2015-12-09","SPMA"
38.0830879211426,38.0830879211426,38.0830879211426,38.0830879211426,2772,"2015-12-10","SPMA"
38.8764839172363,38.8764839172363,38.8764839172363,38.8764839172363,1260,"2015-12-11","SPMA"
36.0995941162109,36.4962921142578,36.0995941162109,36.4962921142578,180993,"2015-12-14","SPMA"
36.8929901123047,36.8929901123047,36.8929901123047,36.8929901123047,113436,"2015-12-15","SPMA"
34.909496307373,37.6863861083984,34.909496307373,36.8929901123047,5545,"2015-12-16","SPMA"
35.3061943054199,36.4962921142578,35.3061943054199,36.4962921142578,7562,"2015-12-17","SPMA"
38.4797859191895,39.2731857299805,36.8929901123047,38.8764839172363,25964,"2015-12-18","SPMA"
36.0995941162109,38.0830879211426,35.7028923034668,38.0830879211426,33778,"2015-12-21","SPMA"
38.8764839172363,38.8764839172363,38.8764839172363,38.8764839172363,252,"2015-12-22","SPMA"
38.8764839172363,41.2566795349121,36.4962921142578,38.8764839172363,30249,"2015-12-23","SPMA"
38.8764839172363,40.4632797241211,37.2896881103516,40.4632797241211,10587,"2015-12-28","SPMA"
41.2566795349121,42.4467735290527,41.2566795349121,41.653377532959,11091,"2015-12-29","SPMA"
37.6863861083984,40.859977722168,37.6863861083984,40.859977722168,25460,"2015-12-30","SPMA"
40.859977722168,40.859977722168,40.859977722168,40.859977722168,0,"2016-01-04","SPMA"
37.2896881103516,39.2731857299805,37.2896881103516,38.4797859191895,4033,"2016-01-05","SPMA"
41.2566795349121,41.2566795349121,35.7028923034668,36.8929901123047,33274,"2016-01-06","SPMA"
39.2731857299805,40.4632797241211,33.7193984985352,39.6698837280273,470886,"2016-01-07","SPMA"
39.2731857299805,39.2731857299805,36.0995941162109,38.4797859191895,759770,"2016-01-08","SPMA"
38.4797859191895,38.8764839172363,38.4797859191895,38.8764839172363,6554,"2016-01-11","SPMA"
35.3061943054199,40.859977722168,35.3061943054199,38.8764839172363,56970,"2016-01-12","SPMA"
41.653377532959,41.653377532959,39.2731857299805,39.2731857299805,504,"2016-01-13","SPMA"
41.2566795349121,41.2566795349121,36.0995941162109,39.6698837280273,215528,"2016-01-14","SPMA"
36.4962921142578,38.0830879211426,36.4962921142578,38.0830879211426,3529,"2016-01-15","SPMA"
40.0665817260742,40.0665817260742,40.0665817260742,40.0665817260742,252,"2016-01-18","SPMA"
40.0665817260742,40.0665817260742,40.0665817260742,40.0665817260742,0,"2016-01-19","SPMA"
36.8929901123047,38.8764839172363,36.4962921142578,36.4962921142578,139148,"2016-01-20","SPMA"
36.8929901123047,37.2896881103516,35.7028923034668,36.4962921142578,19158,"2016-01-21","SPMA"
38.4797859191895,38.4797859191895,35.3061943054199,35.7028923034668,6302,"2016-01-22","SPMA"
37.2896881103516,37.6863861083984,36.0995941162109,37.6863861083984,41089,"2016-01-25","SPMA"
40.4632797241211,40.4632797241211,35.7028923034668,35.7028923034668,13612,"2016-01-26","SPMA"
38.0830879211426,38.0830879211426,35.7028923034668,37.6863861083984,4033,"2016-01-27","SPMA"
38.4797859191895,38.4797859191895,38.0830879211426,38.0830879211426,504,"2016-01-28","SPMA"
38.0830879211426,38.0830879211426,38.0830879211426,38.0830879211426,0,"2016-01-29","SPMA"
38.0830879211426,38.0830879211426,36.0995941162109,37.2896881103516,1260,"2016-02-01","SPMA"
37.2896881103516,38.0830879211426,36.4962921142578,37.2896881103516,8822,"2016-02-02","SPMA"
39.2731857299805,39.2731857299805,38.4797859191895,38.4797859191895,13612,"2016-02-03","SPMA"
37.6863861083984,38.0830879211426,37.6863861083984,38.0830879211426,10335,"2016-02-04","SPMA"
38.0830879211426,38.0830879211426,38.0830879211426,38.0830879211426,41341,"2016-02-05","SPMA"
38.4797859191895,38.4797859191895,38.4797859191895,38.4797859191895,252,"2016-02-09","SPMA"
38.0830879211426,43.6368713378906,38.0830879211426,39.6698837280273,166373,"2016-02-10","SPMA"
37.6863861083984,39.2731857299805,36.4962921142578,38.8764839172363,23947,"2016-02-11","SPMA"
39.2731857299805,39.6698837280273,36.4962921142578,38.8764839172363,18906,"2016-02-12","SPMA"
36.8929901123047,38.4797859191895,36.0995941162109,38.4797859191895,103857,"2016-02-15","SPMA"
36.8929901123047,38.0830879211426,36.8929901123047,38.0830879211426,3024,"2016-02-16","SPMA"
39.2731857299805,39.2731857299805,37.6863861083984,38.8764839172363,23443,"2016-02-17","SPMA"
36.0995941162109,38.4797859191895,36.0995941162109,38.4797859191895,37307,"2016-02-18","SPMA"
38.4797859191895,38.8764839172363,37.6863861083984,38.8764839172363,47391,"2016-02-19","SPMA"
38.8764839172363,38.8764839172363,38.8764839172363,38.8764839172363,1260,"2016-02-22","SPMA"
39.2731857299805,39.6698837280273,36.4962921142578,39.2731857299805,187043,"2016-02-23","SPMA"
39.2731857299805,39.2731857299805,39.2731857299805,39.2731857299805,0,"2016-02-24","SPMA"
36.4962921142578,39.2731857299805,36.4962921142578,39.2731857299805,756,"2016-02-25","SPMA"
39.2731857299805,39.2731857299805,39.2731857299805,39.2731857299805,252,"2016-02-26","SPMA"
39.2731857299805,39.2731857299805,38.8764839172363,38.8764839172363,254601,"2016-02-29","SPMA"
38.8764839172363,38.8764839172363,37.2896881103516,37.2896881103516,1260,"2016-03-01","SPMA"
38.8764839172363,38.8764839172363,38.8764839172363,38.8764839172363,252,"2016-03-02","SPMA"
38.8764839172363,38.8764839172363,38.8764839172363,38.8764839172363,0,"2016-03-03","SPMA"
39.2731857299805,39.2731857299805,39.2731857299805,39.2731857299805,25208,"2016-03-04","SPMA"
39.2731857299805,40.859977722168,39.2731857299805,40.859977722168,41845,"2016-03-07","SPMA"
37.6863861083984,37.6863861083984,37.6863861083984,37.6863861083984,756,"2016-03-08","SPMA"
42.0500755310059,42.0500755310059,37.6863861083984,37.6863861083984,131333,"2016-03-10","SPMA"
37.6863861083984,37.6863861083984,37.6863861083984,37.6863861083984,0,"2016-03-11","SPMA"
37.6863861083984,37.6863861083984,37.6863861083984,37.6863861083984,0,"2016-03-14","SPMA"
42.0500755310059,42.0500755310059,38.8764839172363,38.8764839172363,173179,"2016-03-15","SPMA"
41.2566795349121,41.2566795349121,38.4797859191895,38.4797859191895,25964,"2016-03-16","SPMA"
41.2566795349121,41.653377532959,39.6698837280273,41.653377532959,226368,"2016-03-17","SPMA"
41.653377532959,42.0500755310059,40.859977722168,41.2566795349121,118477,"2016-03-18","SPMA"
42.8434715270996,42.8434715270996,40.4632797241211,42.0500755310059,21174,"2016-03-21","SPMA"
40.859977722168,42.8434715270996,40.859977722168,42.4467735290527,223847,"2016-03-22","SPMA"
42.8434715270996,45.2236671447754,40.4632797241211,44.0335693359375,384170,"2016-03-23","SPMA"
42.8434715270996,44.8269653320312,42.8434715270996,44.8269653320312,27980,"2016-03-24","SPMA"
42.0500755310059,44.0335693359375,42.0500755310059,44.0335693359375,504,"2016-03-28","SPMA"
44.4302673339844,44.4302673339844,44.4302673339844,44.4302673339844,252,"2016-03-29","SPMA"
44.4302673339844,44.4302673339844,44.4302673339844,44.4302673339844,0,"2016-03-30","SPMA"
44.4302673339844,45.2236671447754,44.4302673339844,45.2236671447754,2520,"2016-03-31","SPMA"
42.8434715270996,44.4302673339844,42.4467735290527,42.4467735290527,4789,"2016-04-01","SPMA"
43.6368713378906,44.8269653320312,39.6698837280273,39.6698837280273,5797,"2016-04-04","SPMA"
44.0335693359375,44.0335693359375,39.6698837280273,40.0665817260742,7058,"2016-04-05","SPMA"
39.2731857299805,43.2401733398438,39.2731857299805,40.4632797241211,261407,"2016-04-06","SPMA"
42.0500755310059,42.4467735290527,40.859977722168,42.4467735290527,716664,"2016-04-07","SPMA"
42.8434715270996,45.2236671447754,42.8434715270996,45.2236671447754,47895,"2016-04-08","SPMA"
45.2236671447754,45.2236671447754,45.2236671447754,45.2236671447754,0,"2016-04-11","SPMA"
44.8269653320312,44.8269653320312,42.8434715270996,44.4302673339844,5545,"2016-04-12","SPMA"
44.4302673339844,44.4302673339844,44.4302673339844,44.4302673339844,0,"2016-04-13","SPMA"
44.4302673339844,44.4302673339844,44.4302673339844,44.4302673339844,0,"2016-04-14","SPMA"
44.4302673339844,44.4302673339844,44.4302673339844,44.4302673339844,0,"2016-04-15","SPMA"
44.4302673339844,44.4302673339844,44.4302673339844,44.4302673339844,0,"2016-04-18","SPMA"
44.4302673339844,44.4302673339844,44.4302673339844,44.4302673339844,0,"2016-04-19","SPMA"
46.413761138916,50.7774505615234,46.413761138916,50.7774505615234,313083,"2016-04-20","SPMA"
50.7774505615234,50.7774505615234,47.6038589477539,48.0005569458008,266196,"2016-04-21","SPMA"
48.0005569458008,50.3807525634766,46.413761138916,49.9840507507324,438871,"2016-04-22","SPMA"
50.7774505615234,50.7774505615234,50.7774505615234,50.7774505615234,51172,"2016-04-25","SPMA"
49.5873527526855,49.5873527526855,46.8104629516602,46.8104629516602,902951,"2016-04-26","SPMA"
46.8104629516602,48.7939567565918,46.413761138916,48.7939567565918,1008,"2016-04-27","SPMA"
45.6203651428223,50.3807525634766,45.6203651428223,50.3807525634766,153769,"2016-04-28","SPMA"
67.8355026245117,67.8355026245117,53.5543403625488,67.8355026245117,11061540,"2016-04-29","SPMA"
67.8355026245117,70.215690612793,62.2817153930664,64.2652130126953,868164,"2016-05-02","SPMA"
66.6454010009766,68.2322006225586,63.4718132019043,63.4718132019043,1569956,"2016-05-03","SPMA"
63.4718132019043,65.4553070068359,62.6784133911133,64.2652130126953,211747,"2016-05-04","SPMA"
61.0916175842285,63.4718132019043,61.0916175842285,63.0751152038574,145954,"2016-05-09","SPMA"
63.0751152038574,63.0751152038574,59.504825592041,62.6784133911133,177464,"2016-05-10","SPMA"
61.8850173950195,66.6454010009766,60.2982215881348,61.8850173950195,234938,"2016-05-11","SPMA"
62.2817153930664,62.2817153930664,60.6949195861816,61.4883193969727,482229,"2016-05-12","SPMA"
61.4883193969727,66.6454010009766,60.2982215881348,60.6949195861816,228889,"2016-05-13","SPMA"
63.4718132019043,63.4718132019043,58.3147277832031,61.0916175842285,67557,"2016-05-16","SPMA"
62.6784133911133,62.6784133911133,57.9180297851562,57.9180297851562,494077,"2016-05-17","SPMA"
60.2982215881348,65.4553070068359,59.504825592041,63.8685111999512,1396525,"2016-05-18","SPMA"
63.8685111999512,65.0586090087891,60.6949195861816,63.8685111999512,344593,"2016-05-19","SPMA"
63.8685111999512,66.6454010009766,63.4718132019043,64.6619110107422,436099,"2016-05-20","SPMA"
64.6619110107422,65.4553070068359,63.4718132019043,63.4718132019043,395766,"2016-05-23","SPMA"
63.4718132019043,64.6619110107422,62.2817153930664,62.6784133911133,363247,"2016-05-24","SPMA"
61.0916175842285,63.0751152038574,61.0916175842285,63.0751152038574,38316,"2016-05-25","SPMA"
63.0751152038574,66.2487030029297,61.4883193969727,63.0751152038574,418453,"2016-05-26","SPMA"
64.2652130126953,64.2652130126953,60.6949195861816,62.6784133911133,181749,"2016-05-27","SPMA"
61.8850173950195,65.8520050048828,61.8850173950195,63.0751152038574,1570208,"2016-05-30","SPMA"
61.8850173950195,63.4718132019043,60.6949195861816,62.6784133911133,866904,"2016-05-31","SPMA"
62.6784133911133,63.8685111999512,61.4883193969727,63.4718132019043,160323,"2016-06-01","SPMA"
63.4718132019043,64.2652130126953,63.4718132019043,63.8685111999512,187295,"2016-06-02","SPMA"
62.6784133911133,63.8685111999512,62.6784133911133,63.8685111999512,252584,"2016-06-03","SPMA"
61.4883193969727,63.4718132019043,61.4883193969727,62.2817153930664,132594,"2016-06-06","SPMA"
62.2817153930664,64.2652130126953,61.0916175842285,64.2652130126953,203428,"2016-06-07","SPMA"
63.8685111999512,63.8685111999512,63.8685111999512,63.8685111999512,252,"2016-06-08","SPMA"
63.8685111999512,63.8685111999512,63.8685111999512,63.8685111999512,0,"2016-06-09","SPMA"
63.8685111999512,63.8685111999512,63.8685111999512,63.8685111999512,0,"2016-06-10","SPMA"
63.8685111999512,64.2652130126953,63.4718132019043,64.2652130126953,2520,"2016-06-13","SPMA"
63.8685111999512,63.8685111999512,61.0916175842285,63.4718132019043,10083,"2016-06-14","SPMA"
61.4883193969727,61.4883193969727,61.4883193969727,61.4883193969727,252,"2016-06-15","SPMA"
61.4883193969727,64.2652130126953,61.4883193969727,64.2652130126953,1512,"2016-06-16","SPMA"
63.8685111999512,63.8685111999512,63.4718132019043,63.8685111999512,4033,"2016-06-17","SPMA"
63.4718132019043,64.6619110107422,61.4883193969727,61.4883193969727,30501,"2016-06-20","SPMA"
61.4883193969727,63.4718132019043,61.4883193969727,63.4718132019043,282834,"2016-06-21","SPMA"
62.6784133911133,63.4718132019043,62.6784133911133,63.0751152038574,21678,"2016-06-22","SPMA"
63.0751152038574,63.0751152038574,61.4883193969727,63.0751152038574,26720,"2016-06-23","SPMA"
63.0751152038574,63.0751152038574,63.0751152038574,63.0751152038574,14116,"2016-06-24","SPMA"
63.0751152038574,63.0751152038574,63.0751152038574,63.0751152038574,50416,"2016-06-27","SPMA"
61.4883193969727,62.6784133911133,61.4883193969727,62.2817153930664,54449,"2016-06-28","SPMA"
64.2652130126953,65.4553070068359,62.6784133911133,63.4718132019043,1231160,"2016-06-29","SPMA"
62.6784133911133,67.0420989990234,62.6784133911133,66.6454010009766,269726,"2016-06-30","SPMA"
66.6454010009766,66.6454010009766,61.4883193969727,65.8520050048828,23191,"2016-07-01","SPMA"
63.4718132019043,63.8685111999512,63.4718132019043,63.4718132019043,140156,"2016-07-11","SPMA"
62.6784133911133,73.3892822265625,62.6784133911133,72.1991882324219,2082688,"2016-07-12","SPMA"
75.3727798461914,76.9595718383789,71.802490234375,75.3727798461914,3264441,"2016-07-13","SPMA"
77.3562698364258,78.5463714599609,73.7859802246094,74.5793762207031,461811,"2016-07-14","SPMA"
74.5793762207031,76.562873840332,72.5958862304688,74.5793762207031,642805,"2016-07-15","SPMA"
78.5463714599609,78.5463714599609,73.3892822265625,74.5793762207031,959670,"2016-07-18","SPMA"
72.5958862304688,76.1661758422852,72.5958862304688,74.1826782226562,79153,"2016-07-19","SPMA"
71.4057922363281,75.3727798461914,71.4057922363281,75.3727798461914,1297205,"2016-07-20","SPMA"
75.7694778442383,76.562873840332,74.5793762207031,76.1661758422852,293169,"2016-07-21","SPMA"
78.5463714599609,78.5463714599609,74.5793762207031,76.562873840332,414168,"2016-07-22","SPMA"
72.5958862304688,76.9595718383789,72.5958862304688,76.1661758422852,240736,"2016-07-25","SPMA"
76.1661758422852,77.3562698364258,75.7694778442383,76.1661758422852,19410,"2016-07-26","SPMA"
76.9595718383789,77.3562698364258,74.5793762207031,76.9595718383789,19914,"2016-07-27","SPMA"
76.9595718383789,78.5463714599609,76.1661758422852,77.7529678344727,2332247,"2016-07-28","SPMA"
78.5463714599609,81.7199554443359,77.7529678344727,78.1496658325195,1487526,"2016-07-29","SPMA"
78.1496658325195,81.7199554443359,78.1496658325195,79.3397674560547,2395015,"2016-08-01","SPMA"
80.1331634521484,80.1331634521484,76.562873840332,77.3562698364258,1210994,"2016-08-02","SPMA"
80.1331634521484,80.1331634521484,77.3562698364258,78.9430694580078,339300,"2016-08-03","SPMA"
78.5463714599609,80.9265594482422,78.5463714599609,78.5463714599609,325435,"2016-08-04","SPMA"
79.3397674560547,79.3397674560547,77.3562698364258,77.3562698364258,78144,"2016-08-05","SPMA"
78.9430694580078,78.9430694580078,76.562873840332,78.5463714599609,67053,"2016-08-08","SPMA"
79.3397674560547,79.3397674560547,76.9595718383789,77.7529678344727,556341,"2016-08-09","SPMA"
79.3397674560547,79.3397674560547,77.7529678344727,78.5463714599609,570457,"2016-08-10","SPMA"
81.7199554443359,84.8935470581055,79.3397674560547,80.1331634521484,2133608,"2016-08-11","SPMA"
79.3397674560547,80.1331634521484,77.3562698364258,77.3562698364258,24955,"2016-08-12","SPMA"
77.3562698364258,77.3562698364258,76.562873840332,76.9595718383789,223343,"2016-08-15","SPMA"
76.9595718383789,79.3397674560547,76.1661758422852,76.1661758422852,788759,"2016-08-16","SPMA"
78.5463714599609,78.5463714599609,76.1661758422852,76.1661758422852,355937,"2016-08-18","SPMA"
76.1661758422852,77.7529678344727,75.3727798461914,77.3562698364258,254097,"2016-08-19","SPMA"
77.3562698364258,77.3562698364258,73.3892822265625,73.3892822265625,307790,"2016-08-22","SPMA"
73.3892822265625,77.3562698364258,73.3892822265625,74.1826782226562,68565,"2016-08-23","SPMA"
77.7529678344727,77.7529678344727,75.3727798461914,77.3562698364258,26972,"2016-08-24","SPMA"
78.9430694580078,79.3397674560547,75.3727798461914,79.3397674560547,161583,"2016-08-25","SPMA"
80.9265594482422,80.9265594482422,77.3562698364258,78.1496658325195,16133,"2016-08-26","SPMA"
78.1496658325195,78.1496658325195,76.562873840332,76.562873840332,111167,"2016-08-29","SPMA"
76.562873840332,76.562873840332,75.7694778442383,76.1661758422852,195866,"2016-08-30","SPMA"
77.7529678344727,78.1496658325195,75.7694778442383,75.7694778442383,49155,"2016-08-31","SPMA"
75.7694778442383,78.1496658325195,75.7694778442383,77.3562698364258,69322,"2016-09-01","SPMA"
77.3562698364258,77.3562698364258,73.7859802246094,73.7859802246094,8066,"2016-09-02","SPMA"
76.9595718383789,77.3562698364258,74.1826782226562,76.1661758422852,255609,"2016-09-05","SPMA"
76.562873840332,76.562873840332,75.3727798461914,75.3727798461914,37307,"2016-09-06","SPMA"
78.1496658325195,78.1496658325195,77.3562698364258,77.3562698364258,2016,"2016-09-07","SPMA"
76.9595718383789,77.3562698364258,74.9760818481445,76.9595718383789,10335,"2016-09-08","SPMA"
76.562873840332,78.1496658325195,76.562873840332,76.9595718383789,11091,"2016-09-09","SPMA"
76.9595718383789,76.9595718383789,76.9595718383789,76.9595718383789,0,"2016-09-13","SPMA"
76.9595718383789,76.9595718383789,76.9595718383789,76.9595718383789,13108,"2016-09-14","SPMA"
78.1496658325195,78.1496658325195,75.3727798461914,75.3727798461914,13864,"2016-09-15","SPMA"
75.3727798461914,78.1496658325195,72.5958862304688,72.5958862304688,263676,"2016-09-16","SPMA"
76.562873840332,76.562873840332,71.802490234375,74.9760818481445,28737,"2016-09-19","SPMA"
76.1661758422852,76.1661758422852,71.802490234375,71.802490234375,22435,"2016-09-20","SPMA"
75.3727798461914,78.1496658325195,73.3892822265625,74.1826782226562,171918,"2016-09-21","SPMA"
74.1826782226562,76.562873840332,71.802490234375,73.7859802246094,15881,"2016-09-22","SPMA"
76.9595718383789,76.9595718383789,76.9595718383789,76.9595718383789,252,"2016-09-23","SPMA"
76.9595718383789,77.3562698364258,71.802490234375,73.7859802246094,58482,"2016-09-26","SPMA"
73.7859802246094,75.3727798461914,67.4388046264648,69.0255966186523,28233,"2016-09-27","SPMA"
74.5793762207031,74.5793762207031,69.4222946166992,69.4222946166992,1512,"2016-09-28","SPMA"
74.5793762207031,74.5793762207031,74.5793762207031,74.5793762207031,504,"2016-09-29","SPMA"
74.5793762207031,76.9595718383789,70.215690612793,70.215690612793,756,"2016-09-30","SPMA"
75.3727798461914,75.3727798461914,70.215690612793,70.6123886108398,56718,"2016-10-03","SPMA"
70.6123886108398,74.1826782226562,69.4222946166992,70.215690612793,19662,"2016-10-04","SPMA"
70.215690612793,74.1826782226562,70.215690612793,73.3892822265625,26216,"2016-10-05","SPMA"
74.1826782226562,74.1826782226562,74.1826782226562,74.1826782226562,252,"2016-10-06","SPMA"
74.9760818481445,74.9760818481445,74.1826782226562,74.1826782226562,504,"2016-10-07","SPMA"
74.1826782226562,74.1826782226562,68.2322006225586,68.2322006225586,7562,"2016-10-10","SPMA"
68.2322006225586,78.1496658325195,68.2322006225586,73.3892822265625,20922,"2016-10-11","SPMA"
73.3892822265625,73.3892822265625,73.3892822265625,73.3892822265625,0,"2016-10-12","SPMA"
77.3562698364258,77.3562698364258,74.9760818481445,74.9760818481445,3024,"2016-10-13","SPMA"
74.9760818481445,74.9760818481445,68.2322006225586,74.1826782226562,1512,"2016-10-14","SPMA"
74.1826782226562,74.1826782226562,71.4057922363281,73.7859802246094,4285,"2016-10-17","SPMA"
73.7859802246094,73.7859802246094,73.7859802246094,73.7859802246094,0,"2016-10-18","SPMA"
69.8189926147461,73.3892822265625,69.8189926147461,72.9925842285156,14368,"2016-10-19","SPMA"
76.1661758422852,76.1661758422852,71.4057922363281,74.1826782226562,4033,"2016-10-20","SPMA"
78.1496658325195,78.1496658325195,70.215690612793,73.7859802246094,12351,"2016-10-21","SPMA"
73.7859802246094,74.5793762207031,68.6288986206055,68.6288986206055,4033,"2016-10-24","SPMA"
69.0255966186523,74.1826782226562,69.0255966186523,73.7859802246094,11847,"2016-10-25","SPMA"
76.1661758422852,76.1661758422852,74.1826782226562,74.1826782226562,756,"2016-10-26","SPMA"
74.1826782226562,74.1826782226562,74.1826782226562,74.1826782226562,0,"2016-10-27","SPMA"
76.562873840332,76.562873840332,76.562873840332,76.562873840332,2772,"2016-10-28","SPMA"
76.562873840332,76.562873840332,71.802490234375,74.9760818481445,408874,"2016-10-31","SPMA"
74.9760818481445,74.9760818481445,70.6123886108398,72.5958862304688,127048,"2016-11-01","SPMA"
72.5958862304688,78.1496658325195,72.1991882324219,72.5958862304688,266953,"2016-11-02","SPMA"
73.7859802246094,74.9760818481445,71.802490234375,74.5793762207031,35543,"2016-11-03","SPMA"
74.5793762207031,74.5793762207031,69.4222946166992,72.9925842285156,134863,"2016-11-04","SPMA"
72.9925842285156,75.3727798461914,69.4222946166992,73.3892822265625,344089,"2016-11-07","SPMA"
75.3727798461914,75.3727798461914,69.0255966186523,71.4057922363281,26468,"2016-11-08","SPMA"
75.3727798461914,75.3727798461914,69.8189926147461,73.7859802246094,4537,"2016-11-09","SPMA"
75.3727798461914,75.3727798461914,68.6288986206055,73.3892822265625,5293,"2016-11-10","SPMA"
75.3727798461914,75.3727798461914,69.0255966186523,73.3892822265625,45122,"2016-11-11","SPMA"
73.3892822265625,73.3892822265625,73.3892822265625,73.3892822265625,0,"2016-11-14","SPMA"
74.9760818481445,74.9760818481445,74.9760818481445,74.9760818481445,25208,"2016-11-15","SPMA"
74.9760818481445,74.9760818481445,74.9760818481445,74.9760818481445,0,"2016-11-16","SPMA"
74.5793762207031,74.5793762207031,69.8189926147461,70.6123886108398,186035,"2016-11-17","SPMA"
74.9760818481445,74.9760818481445,67.4388046264648,71.802490234375,27728,"2016-11-18","SPMA"
71.802490234375,70.6123886108398,67.0420989990234,67.8355026245117,67053,"2016-11-21","SPMA"
67.4388046264648,72.9925842285156,66.6454010009766,69.4222946166992,36551,"2016-11-22","SPMA"
75.3727798461914,78.1496658325195,67.8355026245117,75.3727798461914,310815,"2016-11-23","SPMA"
75.3727798461914,101.554901123047,75.3727798461914,88.8605346679688,29959503,"2016-11-24","SPMA"
90.4473342895508,91.2407302856445,81.7199554443359,84.8935470581055,4519045,"2016-11-25","SPMA"
84.8935470581055,88.8605346679688,84.1001510620117,87.2737426757812,707589,"2016-11-28","SPMA"
87.2737426757812,92.0341262817383,85.6869506835938,85.6869506835938,3041350,"2016-11-29","SPMA"
85.6869506835938,87.2737426757812,83.306755065918,83.306755065918,446938,"2016-11-30","SPMA"
83.306755065918,84.1001510620117,77.7529678344727,80.1331634521484,473406,"2016-12-01","SPMA"
80.9265594482422,88.067138671875,80.9265594482422,83.306755065918,1144445,"2016-12-02","SPMA"
87.2737426757812,87.2737426757812,82.5133590698242,84.8935470581055,1523826,"2016-12-05","SPMA"
85.6869506835938,88.067138671875,84.1001510620117,84.8935470581055,3042610,"2016-12-06","SPMA"
83.306755065918,86.4803466796875,81.7199554443359,84.8935470581055,892868,"2016-12-07","SPMA"
84.1001510620117,85.6869506835938,82.5133590698242,82.5133590698242,927907,"2016-12-08","SPMA"
82.5133590698242,84.1001510620117,79.3397674560547,84.1001510620117,47391,"2016-12-09","SPMA"
84.1001510620117,84.1001510620117,81.7199554443359,82.5133590698242,131333,"2016-12-13","SPMA"
83.306755065918,88.067138671875,80.1331634521484,82.5133590698242,2700789,"2016-12-14","SPMA"
79.3397674560547,85.6869506835938,79.3397674560547,82.5133590698242,626923,"2016-12-15","SPMA"
82.5133590698242,82.5133590698242,80.9265594482422,81.7199554443359,82934,"2016-12-16","SPMA"
87.2737426757812,87.2737426757812,80.1331634521484,80.9265594482422,79657,"2016-12-19","SPMA"
80.9265594482422,84.8935470581055,78.1496658325195,78.9430694580078,3719446,"2016-12-20","SPMA"
78.9430694580078,83.306755065918,75.7694778442383,78.9430694580078,3144198,"2016-12-21","SPMA"
79.3397674560547,80.9265594482422,77.7529678344727,77.7529678344727,666752,"2016-12-22","SPMA"
79.3397674560547,79.3397674560547,76.1661758422852,76.1661758422852,335771,"2016-12-23","SPMA"
78.9430694580078,79.3397674560547,76.1661758422852,79.3397674560547,394253,"2016-12-27","SPMA"
78.5463714599609,79.3397674560547,76.9595718383789,79.3397674560547,58482,"2016-12-28","SPMA"
80.9265594482422,80.9265594482422,76.1661758422852,78.9430694580078,420722,"2016-12-29","SPMA"
76.562873840332,76.9595718383789,76.562873840332,76.9595718383789,395766,"2016-12-30","SPMA"
76.9595718383789,76.9595718383789,76.9595718383789,76.9595718383789,0,"2017-01-02","SPMA"
76.562873840332,79.3397674560547,76.1661758422852,77.7529678344727,84951,"2017-01-03","SPMA"
77.7529678344727,79.3397674560547,76.9595718383789,79.3397674560547,13108,"2017-01-04","SPMA"
76.9595718383789,76.9595718383789,76.1661758422852,76.1661758422852,12856,"2017-01-05","SPMA"
75.3727798461914,76.1661758422852,74.1826782226562,75.3727798461914,428536,"2017-01-06","SPMA"
75.3727798461914,83.306755065918,74.1826782226562,82.5133590698242,35543,"2017-01-09","SPMA"
82.5133590698242,82.5133590698242,69.4222946166992,69.4222946166992,109907,"2017-01-10","SPMA"
69.4222946166992,78.9430694580078,69.4222946166992,73.3892822265625,74363,"2017-01-11","SPMA"
73.3892822265625,77.3562698364258,71.4057922363281,75.3727798461914,981601,"2017-01-12","SPMA"
77.7529678344727,77.7529678344727,73.3892822265625,75.3727798461914,249307,"2017-01-13","SPMA"
75.3727798461914,85.6869506835938,73.7859802246094,84.1001510620117,3610799,"2017-01-16","SPMA"
84.1001510620117,85.6869506835938,83.306755065918,84.1001510620117,62768,"2017-01-17","SPMA"
84.1001510620117,84.1001510620117,78.9430694580078,82.5133590698242,95286,"2017-01-18","SPMA"
82.5133590698242,82.5133590698242,82.5133590698242,82.5133590698242,8318,"2017-01-19","SPMA"
79.3397674560547,79.3397674560547,76.9595718383789,76.9595718383789,268213,"2017-01-20","SPMA"
76.9595718383789,78.1496658325195,75.3727798461914,75.3727798461914,174691,"2017-01-23","SPMA"
75.3727798461914,80.1331634521484,74.5793762207031,76.562873840332,78144,"2017-01-24","SPMA"
78.9430694580078,78.9430694580078,75.7694778442383,78.1496658325195,107638,"2017-01-25","SPMA"
78.1496658325195,78.1496658325195,78.1496658325195,78.1496658325195,0,"2017-01-26","SPMA"
78.1496658325195,78.1496658325195,76.1661758422852,76.1661758422852,65540,"2017-01-27","SPMA"
76.1661758422852,76.1661758422852,76.1661758422852,76.1661758422852,1260,"2017-01-30","SPMA"
75.7694778442383,75.7694778442383,75.7694778442383,75.7694778442383,12604,"2017-01-31","SPMA"
75.7694778442383,79.3397674560547,75.7694778442383,76.1661758422852,26468,"2017-02-01","SPMA"
82.5133590698242,82.5133590698242,76.1661758422852,76.562873840332,355937,"2017-02-02","SPMA"
76.562873840332,76.562873840332,76.562873840332,76.562873840332,252,"2017-02-03","SPMA"
79.3397674560547,82.5133590698242,79.3397674560547,79.3397674560547,12856,"2017-02-06","SPMA"
76.1661758422852,78.9430694580078,75.3727798461914,78.9430694580078,109150,"2017-02-07","SPMA"
76.562873840332,76.562873840332,76.1661758422852,76.1661758422852,7814,"2017-02-08","SPMA"
76.1661758422852,76.1661758422852,73.7859802246094,74.9760818481445,21426,"2017-02-09","SPMA"
74.9760818481445,78.9430694580078,74.9760818481445,78.9430694580078,152508,"2017-02-10","SPMA"
78.9430694580078,79.3397674560547,77.7529678344727,77.7529678344727,31005,"2017-02-13","SPMA"
77.7529678344727,77.7529678344727,75.7694778442383,75.7694778442383,50416,"2017-02-14","SPMA"
75.7694778442383,75.7694778442383,75.7694778442383,75.7694778442383,0,"2017-02-15","SPMA"
75.7694778442383,76.1661758422852,75.3727798461914,75.3727798461914,80161,"2017-02-16","SPMA"
75.3727798461914,75.3727798461914,75.3727798461914,75.3727798461914,0,"2017-02-17","SPMA"
75.3727798461914,75.3727798461914,71.802490234375,73.3892822265625,303000,"2017-02-20","SPMA"
73.3892822265625,73.3892822265625,73.3892822265625,73.3892822265625,252,"2017-02-21","SPMA"
73.3892822265625,74.5793762207031,73.3892822265625,73.7859802246094,285355,"2017-02-22","SPMA"
74.9760818481445,74.9760818481445,74.9760818481445,74.9760818481445,28989,"2017-02-23","SPMA"
73.7859802246094,73.7859802246094,73.7859802246094,73.7859802246094,504,"2017-02-24","SPMA"
74.1826782226562,74.9760818481445,74.1826782226562,74.9760818481445,126544,"2017-02-27","SPMA"
74.9760818481445,75.3727798461914,74.5793762207031,74.5793762207031,157046,"2017-02-28","SPMA"
75.3727798461914,75.3727798461914,75.3727798461914,75.3727798461914,25208,"2017-03-01","SPMA"
75.3727798461914,75.3727798461914,75.3727798461914,75.3727798461914,127300,"2017-03-02","SPMA"
78.9430694580078,78.9430694580078,78.9430694580078,78.9430694580078,252,"2017-03-03","SPMA"
80.9265594482422,80.9265594482422,80.9265594482422,80.9265594482422,252,"2017-03-06","SPMA"
80.9265594482422,80.9265594482422,73.3892822265625,73.3892822265625,20922,"2017-03-07","SPMA"
73.3892822265625,73.3892822265625,73.3892822265625,73.3892822265625,0,"2017-03-08","SPMA"
73.3892822265625,73.3892822265625,72.1991882324219,73.3892822265625,709606,"2017-03-09","SPMA"
73.3892822265625,73.3892822265625,73.3892822265625,73.3892822265625,0,"2017-03-10","SPMA"
80.1331634521484,80.1331634521484,73.7859802246094,73.7859802246094,11847,"2017-03-13","SPMA"
73.7859802246094,78.9430694580078,71.4057922363281,75.3727798461914,135871,"2017-03-14","SPMA"
77.7529678344727,77.7529678344727,77.7529678344727,77.7529678344727,252,"2017-03-15","SPMA"
76.1661758422852,76.1661758422852,71.4057922363281,71.4057922363281,362491,"2017-03-16","SPMA"
71.4057922363281,78.5463714599609,71.4057922363281,75.3727798461914,2772,"2017-03-17","SPMA"
75.3727798461914,77.3562698364258,72.1991882324219,76.9595718383789,54701,"2017-03-20","SPMA"
76.562873840332,76.562873840332,76.1661758422852,76.562873840332,8066,"2017-03-21","SPMA"
76.562873840332,77.3562698364258,76.562873840332,77.3562698364258,142677,"2017-03-22","SPMA"
77.3562698364258,77.3562698364258,77.3562698364258,77.3562698364258,0,"2017-03-23","SPMA"
77.3562698364258,78.9430694580078,77.3562698364258,78.9430694580078,756,"2017-03-24","SPMA"
78.9430694580078,78.9430694580078,78.9430694580078,78.9430694580078,0,"2017-03-27","SPMA"
75.3727798461914,75.3727798461914,75.3727798461914,75.3727798461914,756,"2017-03-29","SPMA"
91.2407302856445,97.5879135131836,75.3727798461914,91.2407302856445,3309311,"2017-03-30","SPMA"
95.2077178955078,99.1747055053711,87.2737426757812,92.827522277832,1404844,"2017-03-31","SPMA"
92.0341262817383,92.827522277832,88.8605346679688,89.653938293457,182254,"2017-04-03","SPMA"
89.653938293457,89.653938293457,84.1001510620117,87.2737426757812,537183,"2017-04-04","SPMA"
87.2737426757812,87.2737426757812,87.2737426757812,87.2737426757812,0,"2017-04-05","SPMA"
84.8935470581055,91.2407302856445,83.306755065918,91.2407302856445,1140411,"2017-04-06","SPMA"
91.2407302856445,92.0341262817383,83.306755065918,84.8935470581055,362239,"2017-04-07","SPMA"
85.6869506835938,88.067138671875,85.6869506835938,85.6869506835938,405597,"2017-04-10","SPMA"
85.6869506835938,87.2737426757812,80.1331634521484,80.1331634521484,137383,"2017-04-11","SPMA"
86.4803466796875,87.2737426757812,80.1331634521484,85.6869506835938,238215,"2017-04-12","SPMA"
85.6869506835938,86.4803466796875,80.1331634521484,86.4803466796875,149483,"2017-04-13","SPMA"
86.4803466796875,88.067138671875,81.7199554443359,81.7199554443359,425259,"2017-04-17","SPMA"
87.2737426757812,89.653938293457,84.8935470581055,88.067138671875,672046,"2017-04-18","SPMA"
88.067138671875,88.067138671875,88.067138671875,88.067138671875,0,"2017-04-19","SPMA"
88.067138671875,88.067138671875,86.4803466796875,86.4803466796875,16385,"2017-04-20","SPMA"
89.653938293457,90.4473342895508,86.4803466796875,86.4803466796875,282834,"2017-04-21","SPMA"
86.4803466796875,88.067138671875,85.6869506835938,85.6869506835938,192085,"2017-04-25","SPMA"
85.6869506835938,85.6869506835938,81.7199554443359,85.6869506835938,157298,"2017-04-26","SPMA"
83.306755065918,85.6869506835938,83.306755065918,85.6869506835938,8570,"2017-04-27","SPMA"
85.6869506835938,85.6869506835938,83.306755065918,84.1001510620117,88984,"2017-04-28","SPMA"
80.9265594482422,91.2407302856445,80.9265594482422,90.4473342895508,1132849,"2017-05-02","SPMA"
91.2407302856445,95.2077178955078,89.653938293457,89.653938293457,1346613,"2017-05-03","SPMA"
89.653938293457,89.653938293457,89.653938293457,89.653938293457,25208,"2017-05-04","SPMA"
93.6209259033203,99.1747055053711,91.2407302856445,91.2407302856445,432065,"2017-05-05","SPMA"
91.2407302856445,91.2407302856445,87.2737426757812,91.2407302856445,257626,"2017-05-08","SPMA"
95.2077178955078,95.2077178955078,84.1001510620117,86.4803466796875,808169,"2017-05-09","SPMA"
94.4143218994141,94.4143218994141,83.306755065918,85.6869506835938,1138395,"2017-05-10","SPMA"
85.6869506835938,88.067138671875,83.306755065918,88.067138671875,10587,"2017-05-12","SPMA"
88.067138671875,91.2407302856445,83.306755065918,84.1001510620117,164860,"2017-05-15","SPMA"
84.1001510620117,90.4473342895508,82.5133590698242,88.067138671875,190068,"2017-05-16","SPMA"
88.067138671875,91.2407302856445,85.6869506835938,88.067138671875,986642,"2017-05-17","SPMA"
90.4473342895508,93.6209259033203,90.4473342895508,90.4473342895508,2520,"2017-05-18","SPMA"
90.4473342895508,91.2407302856445,89.653938293457,90.4473342895508,24955,"2017-05-19","SPMA"
96.7945175170898,96.7945175170898,87.2737426757812,89.653938293457,20670,"2017-05-22","SPMA"
89.653938293457,90.4473342895508,89.653938293457,89.653938293457,3277,"2017-05-23","SPMA"
89.653938293457,89.653938293457,83.306755065918,88.067138671875,154525,"2017-05-24","SPMA"
88.067138671875,88.8605346679688,87.2737426757812,88.067138671875,264684,"2017-05-26","SPMA"
91.2407302856445,91.2407302856445,84.8935470581055,88.8605346679688,8318,"2017-05-29","SPMA"
92.827522277832,92.827522277832,88.067138671875,88.067138671875,169902,"2017-05-30","SPMA"
88.067138671875,88.067138671875,83.306755065918,86.4803466796875,56213,"2017-05-31","SPMA"
86.4803466796875,86.4803466796875,86.4803466796875,86.4803466796875,0,"2017-06-01","SPMA"
83.306755065918,85.6869506835938,79.3397674560547,80.1331634521484,923622,"2017-06-02","SPMA"
82.5133590698242,84.1001510620117,80.9265594482422,83.306755065918,202168,"2017-06-05","SPMA"
81.7199554443359,82.5133590698242,81.7199554443359,82.5133590698242,72094,"2017-06-06","SPMA"
84.8935470581055,84.8935470581055,80.9265594482422,81.7199554443359,24199,"2017-06-07","SPMA"
83.306755065918,83.306755065918,79.3397674560547,81.7199554443359,84951,"2017-06-08","SPMA"
79.3397674560547,91.2407302856445,79.3397674560547,87.2737426757812,52432,"2017-06-09","SPMA"
87.2737426757812,87.2737426757812,87.2737426757812,87.2737426757812,0,"2017-06-12","SPMA"
84.8935470581055,86.4803466796875,84.1001510620117,84.8935470581055,1157553,"2017-06-13","SPMA"
92.827522277832,92.827522277832,84.1001510620117,84.1001510620117,14116,"2017-06-14","SPMA"
90.4473342895508,90.4473342895508,87.2737426757812,87.2737426757812,56970,"2017-06-15","SPMA"
92.0341262817383,92.0341262817383,87.2737426757812,87.2737426757812,5545,"2017-06-16","SPMA"
90.4473342895508,90.4473342895508,90.4473342895508,90.4473342895508,252,"2017-06-19","SPMA"
90.4473342895508,90.4473342895508,90.4473342895508,90.4473342895508,0,"2017-06-20","SPMA"
89.653938293457,89.653938293457,89.653938293457,89.653938293457,252,"2017-06-21","SPMA"
89.653938293457,89.653938293457,89.653938293457,89.653938293457,0,"2017-06-22","SPMA"
89.653938293457,89.653938293457,89.653938293457,89.653938293457,0,"2017-06-23","SPMA"
89.653938293457,89.653938293457,89.653938293457,89.653938293457,0,"2017-06-26","SPMA"
89.653938293457,89.653938293457,89.653938293457,89.653938293457,0,"2017-06-27","SPMA"
89.653938293457,89.653938293457,89.653938293457,89.653938293457,0,"2017-06-28","SPMA"
89.653938293457,89.653938293457,89.653938293457,89.653938293457,0,"2017-06-29","SPMA"
89.653938293457,89.653938293457,89.653938293457,89.653938293457,0,"2017-06-30","SPMA"
89.653938293457,89.653938293457,89.653938293457,89.653938293457,0,"2017-07-03","SPMA"
89.653938293457,89.653938293457,89.653938293457,89.653938293457,0,"2017-07-04","SPMA"
87.2737426757812,87.2737426757812,87.2737426757812,87.2737426757812,71338,"2017-07-05","SPMA"
87.2737426757812,87.2737426757812,80.1331634521484,87.2737426757812,51676,"2017-07-06","SPMA"
86.4803466796875,87.2737426757812,86.4803466796875,87.2737426757812,25208,"2017-07-07","SPMA"
87.2737426757812,87.2737426757812,87.2737426757812,87.2737426757812,0,"2017-07-10","SPMA"
86.4803466796875,87.2737426757812,86.4803466796875,87.2737426757812,92009,"2017-07-11","SPMA"
79.3397674560547,85.6869506835938,79.3397674560547,85.6869506835938,34282,"2017-07-12","SPMA"
79.3397674560547,83.306755065918,79.3397674560547,80.9265594482422,185279,"2017-07-13","SPMA"
80.1331634521484,84.8935470581055,80.1331634521484,84.1001510620117,1008,"2017-07-14","SPMA"
84.1001510620117,84.1001510620117,84.1001510620117,84.1001510620117,5041,"2017-07-17","SPMA"
84.1001510620117,84.1001510620117,84.1001510620117,84.1001510620117,0,"2017-07-18","SPMA"
80.1331634521484,80.1331634521484,80.1331634521484,80.1331634521484,25460,"2017-07-19","SPMA"
82.5133590698242,82.5133590698242,80.9265594482422,80.9265594482422,1512,"2017-07-20","SPMA"
82.5133590698242,87.2737426757812,79.3397674560547,80.1331634521484,2520,"2017-07-21","SPMA"
86.4803466796875,86.4803466796875,84.8935470581055,84.8935470581055,5797,"2017-07-24","SPMA"
84.1001510620117,84.1001510620117,84.1001510620117,84.1001510620117,252,"2017-07-25","SPMA"
84.8935470581055,84.8935470581055,84.8935470581055,84.8935470581055,252,"2017-07-26","SPMA"
83.306755065918,83.306755065918,80.9265594482422,80.9265594482422,3781,"2017-07-27","SPMA"
86.4803466796875,95.2077178955078,86.4803466796875,91.2407302856445,817244,"2017-07-28","SPMA"
91.2407302856445,92.0341262817383,85.6869506835938,87.2737426757812,820017,"2017-07-31","SPMA"
90.4473342895508,92.0341262817383,88.067138671875,89.653938293457,568189,"2017-08-01","SPMA"
88.8605346679688,91.2407302856445,87.2737426757812,88.8605346679688,537183,"2017-08-02","SPMA"
91.2407302856445,91.2407302856445,88.8605346679688,89.653938293457,80413,"2017-08-03","SPMA"
89.653938293457,91.2407302856445,86.4803466796875,91.2407302856445,469625,"2017-08-04","SPMA"
91.2407302856445,91.2407302856445,91.2407302856445,91.2407302856445,2520,"2017-08-07","SPMA"
90.4473342895508,91.2407302856445,88.8605346679688,89.653938293457,157046,"2017-08-08","SPMA"
90.4473342895508,91.2407302856445,90.4473342895508,91.2407302856445,328712,"2017-08-09","SPMA"
91.2407302856445,91.2407302856445,91.2407302856445,91.2407302856445,145954,"2017-08-10","SPMA"
91.2407302856445,91.2407302856445,88.067138671875,88.067138671875,18149,"2017-08-11","SPMA"
91.2407302856445,91.2407302856445,87.2737426757812,91.2407302856445,773382,"2017-08-14","SPMA"
92.0341262817383,95.2077178955078,92.0341262817383,95.2077178955078,5797,"2017-08-15","SPMA"
95.2077178955078,95.2077178955078,88.067138671875,94.4143218994141,4789,"2017-08-16","SPMA"
94.4143218994141,94.4143218994141,94.4143218994141,94.4143218994141,0,"2017-08-17","SPMA"
92.827522277832,92.827522277832,88.067138671875,89.653938293457,30501,"2017-08-18","SPMA"
91.2407302856445,91.2407302856445,88.067138671875,88.067138671875,40332,"2017-08-21","SPMA"
90.4473342895508,91.2407302856445,87.2737426757812,89.653938293457,118477,"2017-08-22","SPMA"
88.067138671875,88.8605346679688,87.2737426757812,88.067138671875,509454,"2017-08-23","SPMA"
88.067138671875,90.4473342895508,88.067138671875,90.4473342895508,53188,"2017-08-24","SPMA"
90.4473342895508,90.4473342895508,90.4473342895508,90.4473342895508,0,"2017-08-25","SPMA"
88.067138671875,88.067138671875,87.2737426757812,87.2737426757812,568945,"2017-08-28","SPMA"
87.2737426757812,88.067138671875,86.4803466796875,87.2737426757812,321402,"2017-08-29","SPMA"
88.067138671875,88.067138671875,88.067138671875,88.067138671875,25208,"2017-08-30","SPMA"
88.8605346679688,88.8605346679688,88.8605346679688,88.8605346679688,41341,"2017-08-31","SPMA"
88.8605346679688,88.8605346679688,88.8605346679688,88.8605346679688,0,"2017-09-01","SPMA"
86.4803466796875,88.067138671875,83.306755065918,88.067138671875,888583,"2017-09-04","SPMA"
84.8935470581055,86.4803466796875,84.1001510620117,86.4803466796875,15376,"2017-09-05","SPMA"
84.1001510620117,87.2737426757812,83.306755065918,84.1001510620117,317621,"2017-09-06","SPMA"
84.1001510620117,88.8605346679688,84.1001510620117,88.067138671875,120494,"2017-09-07","SPMA"
88.067138671875,88.067138671875,85.6869506835938,85.6869506835938,67053,"2017-09-08","SPMA"
86.4803466796875,88.8605346679688,84.8935470581055,88.8605346679688,109907,"2017-09-11","SPMA"
88.8605346679688,88.8605346679688,87.2737426757812,87.2737426757812,127804,"2017-09-12","SPMA"
87.2737426757812,87.2737426757812,86.4803466796875,86.4803466796875,10587,"2017-09-13","SPMA"
88.8605346679688,88.8605346679688,85.6869506835938,86.4803466796875,50668,"2017-09-14","SPMA"
85.6869506835938,85.6869506835938,85.6869506835938,85.6869506835938,61003,"2017-09-15","SPMA"
87.2737426757812,87.2737426757812,86.4803466796875,87.2737426757812,4285,"2017-09-18","SPMA"
86.4803466796875,87.2737426757812,86.4803466796875,86.4803466796875,9074,"2017-09-19","SPMA"
88.067138671875,88.067138671875,85.6869506835938,86.4803466796875,133350,"2017-09-20","SPMA"
86.4803466796875,86.4803466796875,86.4803466796875,86.4803466796875,0,"2017-09-21","SPMA"
86.4803466796875,86.4803466796875,84.1001510620117,84.1001510620117,103605,"2017-09-22","SPMA"
86.4803466796875,87.2737426757812,84.1001510620117,84.1001510620117,144946,"2017-09-25","SPMA"
87.2737426757812,87.2737426757812,84.8935470581055,84.8935470581055,70834,"2017-09-26","SPMA"
84.1001510620117,84.1001510620117,83.306755065918,83.306755065918,12604,"2017-09-27","SPMA"
83.306755065918,83.306755065918,83.306755065918,83.306755065918,0,"2017-09-28","SPMA"
87.2737426757812,87.2737426757812,84.1001510620117,87.2737426757812,353920,"2017-09-29","SPMA"
88.8605346679688,92.827522277832,84.1001510620117,89.653938293457,743637,"2017-10-02","SPMA"
89.653938293457,91.2407302856445,89.653938293457,89.653938293457,406353,"2017-10-03","SPMA"
91.2407302856445,91.2407302856445,89.653938293457,90.4473342895508,103605,"2017-10-04","SPMA"
89.653938293457,89.653938293457,89.653938293457,89.653938293457,960174,"2017-10-05","SPMA"
89.653938293457,89.653938293457,89.653938293457,89.653938293457,73103,"2017-10-06","SPMA"
89.653938293457,90.4473342895508,89.653938293457,90.4473342895508,286111,"2017-10-09","SPMA"
89.653938293457,90.4473342895508,89.653938293457,90.4473342895508,71338,"2017-10-10","SPMA"
92.0341262817383,92.0341262817383,91.2407302856445,91.2407302856445,58734,"2017-10-11","SPMA"
91.2407302856445,95.2077178955078,91.2407302856445,92.0341262817383,153264,"2017-10-12","SPMA"
91.2407302856445,102.348297119141,91.2407302856445,98.3813095092773,775903,"2017-10-13","SPMA"
99.9681015014648,99.9681015014648,95.2077178955078,98.3813095092773,214772,"2017-10-16","SPMA"
98.3813095092773,98.3813095092773,92.0341262817383,92.0341262817383,639023,"2017-10-17","SPMA"
92.0341262817383,99.1747055053711,92.0341262817383,95.2077178955078,583818,"2017-10-18","SPMA"
95.2077178955078,99.1747055053711,95.2077178955078,97.5879135131836,818757,"2017-10-19","SPMA"
96.7945175170898,96.7945175170898,96.7945175170898,96.7945175170898,25208,"2017-10-20","SPMA"
92.827522277832,96.7945175170898,92.827522277832,95.2077178955078,730276,"2017-10-23","SPMA"
94.4143218994141,96.7945175170898,93.6209259033203,96.7945175170898,27980,"2017-10-24","SPMA"
94.4143218994141,94.4143218994141,94.4143218994141,94.4143218994141,2520,"2017-10-25","SPMA"
94.4143218994141,94.4143218994141,93.6209259033203,93.6209259033203,63776,"2017-10-26","SPMA"
96.0011138916016,96.7945175170898,96.0011138916016,96.7945175170898,244265,"2017-10-27","SPMA"
96.7945175170898,97.5879135131836,96.7945175170898,96.7945175170898,328208,"2017-10-30","SPMA"
96.7945175170898,99.1747055053711,95.2077178955078,98.3813095092773,1598441,"2017-10-31","SPMA"
93.6209259033203,97.5879135131836,92.827522277832,97.5879135131836,439880,"2017-11-01","SPMA"
92.827522277832,97.5879135131836,92.827522277832,96.7945175170898,160575,"2017-11-02","SPMA"
92.827522277832,96.0011138916016,92.827522277832,96.0011138916016,177968,"2017-11-03","SPMA"
93.6209259033203,94.4143218994141,93.6209259033203,93.6209259033203,77640,"2017-11-06","SPMA"
95.2077178955078,95.2077178955078,92.0341262817383,92.0341262817383,202924,"2017-11-07","SPMA"
92.0341262817383,96.0011138916016,92.0341262817383,95.2077178955078,479204,"2017-11-08","SPMA"
95.2077178955078,95.2077178955078,95.2077178955078,95.2077178955078,3024,"2017-11-09","SPMA"
95.2077178955078,95.2077178955078,95.2077178955078,95.2077178955078,0,"2017-11-10","SPMA"
92.827522277832,95.2077178955078,92.827522277832,95.2077178955078,29745,"2017-11-13","SPMA"
95.2077178955078,95.2077178955078,95.2077178955078,95.2077178955078,0,"2017-11-14","SPMA"
93.6209259033203,95.2077178955078,93.6209259033203,93.6209259033203,10839,"2017-11-15","SPMA"
99.9681015014648,103.935096740723,97.5879135131836,97.5879135131836,2680622,"2017-11-16","SPMA"
97.5879135131836,102.348297119141,97.5879135131836,98.3813095092773,320394,"2017-11-17","SPMA"
97.5879135131836,97.5879135131836,96.0011138916016,96.0011138916016,93521,"2017-11-20","SPMA"
96.0011138916016,96.0011138916016,92.827522277832,94.4143218994141,205949,"2017-11-21","SPMA"
94.4143218994141,94.4143218994141,92.827522277832,92.827522277832,170406,"2017-11-22","SPMA"
92.827522277832,100.761505126953,92.827522277832,99.1747055053711,818757,"2017-11-23","SPMA"
96.0011138916016,99.1747055053711,96.0011138916016,99.1747055053711,54701,"2017-11-24","SPMA"
99.1747055053711,99.1747055053711,96.0011138916016,97.5879135131836,61003,"2017-11-27","SPMA"
96.0011138916016,96.0011138916016,95.2077178955078,95.2077178955078,200403,"2017-11-28","SPMA"
95.2077178955078,95.2077178955078,92.827522277832,95.2077178955078,267709,"2017-11-29","SPMA"
92.827522277832,93.6209259033203,92.827522277832,92.827522277832,635494,"2017-11-30","SPMA"
92.827522277832,92.827522277832,92.827522277832,92.827522277832,0,"2017-12-01","SPMA"
99.1747055053711,99.1747055053711,97.5879135131836,97.5879135131836,431057,"2017-12-04","SPMA"
97.5879135131836,99.1747055053711,92.0341262817383,95.2077178955078,187295,"2017-12-05","SPMA"
97.5879135131836,99.1747055053711,93.6209259033203,95.2077178955078,375095,"2017-12-06","SPMA"
99.1747055053711,99.1747055053711,92.0341262817383,93.6209259033203,265944,"2017-12-07","SPMA"
98.3813095092773,98.3813095092773,97.5879135131836,97.5879135131836,1512,"2017-12-08","SPMA"
97.5879135131836,97.5879135131836,92.0341262817383,92.0341262817383,38568,"2017-12-11","SPMA"
91.2407302856445,97.5879135131836,91.2407302856445,94.4143218994141,250819,"2017-12-12","SPMA"
92.0341262817383,92.0341262817383,92.0341262817383,92.0341262817383,103352,"2017-12-13","SPMA"
92.0341262817383,96.7945175170898,91.2407302856445,91.2407302856445,250567,"2017-12-14","SPMA"
92.0341262817383,92.0341262817383,91.2407302856445,91.2407302856445,783465,"2017-12-15","SPMA"
90.4473342895508,91.2407302856445,90.4473342895508,91.2407302856445,158810,"2017-12-18","SPMA"
91.2407302856445,91.2407302856445,89.653938293457,89.653938293457,345098,"2017-12-19","SPMA"
89.653938293457,94.4143218994141,88.8605346679688,88.8605346679688,684902,"2017-12-20","SPMA"
88.8605346679688,91.2407302856445,88.067138671875,91.2407302856445,24199,"2017-12-21","SPMA"
88.8605346679688,88.8605346679688,87.2737426757812,87.2737426757812,957905,"2017-12-22","SPMA"
87.2737426757812,87.2737426757812,87.2737426757812,87.2737426757812,0,"2017-12-25","SPMA"
87.2737426757812,87.2737426757812,87.2737426757812,87.2737426757812,0,"2017-12-26","SPMA"
87.2737426757812,87.2737426757812,84.1001510620117,84.1001510620117,31762,"2017-12-27","SPMA"
84.1001510620117,84.1001510620117,84.1001510620117,84.1001510620117,0,"2017-12-28","SPMA"
84.1001510620117,84.1001510620117,84.1001510620117,84.1001510620117,0,"2017-12-29","SPMA"
84.1001510620117,84.1001510620117,84.1001510620117,84.1001510620117,0,"2018-01-01","SPMA"
85.6869506835938,85.6869506835938,84.1001510620117,85.6869506835938,27728,"2018-01-02","SPMA"
85.6869506835938,85.6869506835938,82.5133590698242,83.306755065918,731789,"2018-01-03","SPMA"
85.6869506835938,85.6869506835938,80.9265594482422,80.9265594482422,810438,"2018-01-04","SPMA"
84.8935470581055,84.8935470581055,83.306755065918,84.8935470581055,159314,"2018-01-05","SPMA"
84.8935470581055,84.8935470581055,82.5133590698242,82.5133590698242,120494,"2018-01-08","SPMA"
83.306755065918,83.306755065918,82.5133590698242,83.306755065918,544241,"2018-01-09","SPMA"
83.306755065918,83.306755065918,82.5133590698242,82.5133590698242,418453,"2018-01-10","SPMA"
82.5133590698242,83.306755065918,82.5133590698242,83.306755065918,570710,"2018-01-11","SPMA"
82.5133590698242,83.306755065918,81.7199554443359,82.5133590698242,650115,"2018-01-12","SPMA"
82.5133590698242,82.5133590698242,80.9265594482422,81.7199554443359,1112178,"2018-01-15","SPMA"
80.9265594482422,84.1001510620117,80.9265594482422,83.306755065918,962695,"2018-01-16","SPMA"
82.5133590698242,84.1001510620117,82.5133590698242,83.306755065918,286867,"2018-01-17","SPMA"
82.5133590698242,82.5133590698242,80.9265594482422,81.7199554443359,1017900,"2018-01-18","SPMA"
82.5133590698242,83.306755065918,82.5133590698242,83.306755065918,204185,"2018-01-19","SPMA"
83.306755065918,87.2737426757812,83.306755065918,87.2737426757812,700783,"2018-01-22","SPMA"
87.2737426757812,90.4473342895508,87.2737426757812,89.653938293457,878752,"2018-01-23","SPMA"
89.653938293457,92.0341262817383,89.653938293457,92.0341262817383,531637,"2018-01-24","SPMA"
92.0341262817383,96.7945175170898,92.0341262817383,96.7945175170898,1284349,"2018-01-25","SPMA"
96.7945175170898,98.3813095092773,96.7945175170898,96.7945175170898,845729,"2018-01-26","SPMA"
99.1747055053711,99.1747055053711,96.7945175170898,96.7945175170898,257122,"2018-01-29","SPMA"
99.1747055053711,99.1747055053711,95.2077178955078,98.3813095092773,555585,"2018-01-30","SPMA"
96.0011138916016,96.0011138916016,95.2077178955078,95.2077178955078,296446,"2018-01-31","SPMA"
95.2077178955078,96.0011138916016,94.4143218994141,94.4143218994141,674315,"2018-02-01","SPMA"
97.5879135131836,104.728492736816,97.5879135131836,104.728492736816,3200664,"2018-02-02","SPMA"
103.141693115234,130.910614013672,103.141693115234,130.910614013672,14074909,"2018-02-05","SPMA"
138.051193237305,142.811584472656,111.075668334961,135.671005249023,12116496,"2018-02-06","SPMA"
135.671005249023,138.844589233398,126.150230407715,126.150230407715,1699273,"2018-02-07","SPMA"
130.117218017578,130.117218017578,108.69548034668,109.488876342773,10683167,"2018-02-08","SPMA"
109.488876342773,125.356826782227,109.488876342773,115.042663574219,6083960,"2018-02-09","SPMA"
116.629455566406,122.976638793945,115.042663574219,115.042663574219,1569200,"2018-02-12","SPMA"
115.042663574219,118.216247558594,113.455863952637,115.836059570312,2000510,"2018-02-13","SPMA"
113.455863952637,116.629455566406,113.455863952637,116.629455566406,514496,"2018-02-14","SPMA"
116.629455566406,117.4228515625,114.24925994873,115.042663574219,760274,"2018-02-15","SPMA"
115.042663574219,115.042663574219,115.042663574219,115.042663574219,0,"2018-02-16","SPMA"
116.629455566406,119.803047180176,116.629455566406,118.216247558594,3106638,"2018-02-19","SPMA"
119.009651184082,127.737022399902,119.009651184082,124.563430786133,8725510,"2018-02-20","SPMA"
124.563430786133,128.530426025391,122.183242797852,122.976638793945,1465343,"2018-02-21","SPMA"
122.976638793945,125.356826782227,119.009651184082,122.976638793945,557601,"2018-02-22","SPMA"
126.150230407715,127.737022399902,122.976638793945,122.976638793945,910010,"2018-02-23","SPMA"
123.770034790039,124.563430786133,121.389839172363,121.389839172363,1629951,"2018-02-26","SPMA"
123.770034790039,126.943626403809,122.183242797852,122.976638793945,1737590,"2018-02-27","SPMA"
123.770034790039,135.671005249023,119.009651184082,133.290802001953,31037147,"2018-02-28","SPMA"
134.87760925293,136.464401245117,130.117218017578,131.704010009766,5508965,"2018-03-01","SPMA"
131.704010009766,131.704010009766,128.530426025391,130.117218017578,2136381,"2018-03-02","SPMA"
130.117218017578,134.084197998047,128.530426025391,131.704010009766,1155536,"2018-03-05","SPMA"
132.497406005859,132.497406005859,129.323822021484,129.323822021484,593397,"2018-03-06","SPMA"
129.323822021484,129.323822021484,123.770034790039,123.770034790039,1175955,"2018-03-07","SPMA"
123.770034790039,125.356826782227,120.59644317627,121.389839172363,343585,"2018-03-08","SPMA"
122.183242797852,123.770034790039,122.183242797852,123.770034790039,628940,"2018-03-09","SPMA"
124.563430786133,124.563430786133,122.183242797852,122.976638793945,318125,"2018-03-12","SPMA"
122.976638793945,126.150230407715,122.183242797852,123.770034790039,187295,"2018-03-13","SPMA"
123.770034790039,124.563430786133,122.183242797852,124.563430786133,145954,"2018-03-14","SPMA"
122.183242797852,123.770034790039,122.183242797852,122.183242797852,64280,"2018-03-15","SPMA"
122.183242797852,122.976638793945,121.389839172363,122.976638793945,287875,"2018-03-16","SPMA"
122.976638793945,122.976638793945,121.389839172363,121.389839172363,431813,"2018-03-19","SPMA"
121.389839172363,121.389839172363,119.803047180176,119.803047180176,80161,"2018-03-20","SPMA"
121.389839172363,122.183242797852,120.59644317627,122.183242797852,59490,"2018-03-21","SPMA"
122.976638793945,122.976638793945,121.389839172363,122.183242797852,2638021,"2018-03-22","SPMA"
122.183242797852,122.976638793945,119.009651184082,121.389839172363,177464,"2018-03-23","SPMA"
120.59644317627,121.389839172363,119.009651184082,119.803047180176,127552,"2018-03-26","SPMA"
121.389839172363,122.183242797852,116.629455566406,121.389839172363,185027,"2018-03-27","SPMA"
122.183242797852,123.770034790039,116.629455566406,118.216247558594,630705,"2018-03-28","SPMA"
121.389839172363,121.389839172363,118.216247558594,118.216247558594,336023,"2018-03-29","SPMA"
118.216247558594,118.216247558594,118.216247558594,118.216247558594,0,"2018-03-30","SPMA"
118.216247558594,118.216247558594,111.869071960449,115.836059570312,385178,"2018-04-02","SPMA"
115.836059570312,115.836059570312,113.455863952637,113.455863952637,214016,"2018-04-03","SPMA"
113.455863952637,115.042663574219,113.455863952637,114.24925994873,150744,"2018-04-04","SPMA"
113.455863952637,116.629455566406,113.455863952637,114.24925994873,112427,"2018-04-05","SPMA"
115.042663574219,117.4228515625,113.455863952637,116.629455566406,147971,"2018-04-06","SPMA"
117.4228515625,117.4228515625,113.455863952637,114.24925994873,529620,"2018-04-09","SPMA"
115.042663574219,119.009651184082,114.24925994873,119.009651184082,280313,"2018-04-10","SPMA"
118.216247558594,122.183242797852,115.042663574219,118.216247558594,1146713,"2018-04-11","SPMA"
119.009651184082,123.770034790039,117.4228515625,123.770034790039,2827585,"2018-04-12","SPMA"
122.976638793945,124.563430786133,119.009651184082,119.009651184082,1199902,"2018-04-13","SPMA"
119.009651184082,119.009651184082,119.009651184082,119.009651184082,0,"2018-04-16","SPMA"
119.009651184082,119.009651184082,119.009651184082,119.009651184082,0,"2018-04-17","SPMA"
119.803047180176,121.389839172363,118.216247558594,121.389839172363,810438,"2018-04-18","SPMA"
121.389839172363,121.389839172363,121.389839172363,121.389839172363,0,"2018-04-19","SPMA"
121.389839172363,121.389839172363,121.389839172363,121.389839172363,0,"2018-04-20","SPMA"
124.563430786133,124.563430786133,119.803047180176,122.183242797852,2001014,"2018-04-23","SPMA"
122.183242797852,122.183242797852,119.009651184082,119.803047180176,513991,"2018-04-24","SPMA"
119.803047180176,119.803047180176,119.803047180176,119.803047180176,0,"2018-04-25","SPMA"
119.803047180176,119.803047180176,119.803047180176,119.803047180176,0,"2018-04-26","SPMA"
119.803047180176,119.803047180176,119.803047180176,119.803047180176,0,"2018-04-27","SPMA"
117.4228515625,117.4228515625,112.662467956543,114.24925994873,149735,"2018-04-30","SPMA"
114.24925994873,114.24925994873,114.24925994873,114.24925994873,0,"2018-05-01","SPMA"
112.662467956543,113.455863952637,109.488876342773,113.455863952637,224855,"2018-05-02","SPMA"
113.455863952637,115.836059570312,107.108680725098,111.075668334961,177212,"2018-05-03","SPMA"
111.075668334961,111.075668334961,107.108680725098,110.282272338867,160827,"2018-05-04","SPMA"
110.282272338867,110.282272338867,103.935096740723,108.69548034668,85455,"2018-05-07","SPMA"
106.315284729004,110.282272338867,105.52188873291,110.282272338867,206201,"2018-05-08","SPMA"
110.282272338867,110.282272338867,108.69548034668,108.69548034668,6806,"2018-05-09","SPMA"
108.69548034668,108.69548034668,108.69548034668,108.69548034668,0,"2018-05-10","SPMA"
109.488876342773,110.282272338867,108.69548034668,109.488876342773,26216,"2018-05-11","SPMA"
109.488876342773,109.488876342773,109.488876342773,109.488876342773,0,"2018-05-14","SPMA"
110.282272338867,111.075668334961,103.141693115234,108.69548034668,159818,"2018-05-15","SPMA"
107.108680725098,107.902084350586,106.315284729004,107.108680725098,36803,"2018-05-16","SPMA"
106.315284729004,108.69548034668,106.315284729004,108.69548034668,44114,"2018-05-17","SPMA"
107.108680725098,107.902084350586,103.935096740723,107.902084350586,27980,"2018-05-18","SPMA"
107.108680725098,107.108680725098,107.108680725098,107.108680725098,7814,"2018-05-21","SPMA"
107.108680725098,107.108680725098,107.108680725098,107.108680725098,6049,"2018-05-22","SPMA"
103.141693115234,106.315284729004,103.141693115234,106.315284729004,31510,"2018-05-23","SPMA"
105.52188873291,107.902084350586,100.761505126953,103.935096740723,154021,"2018-05-24","SPMA"
106.315284729004,107.108680725098,106.315284729004,107.108680725098,7562,"2018-05-25","SPMA"
107.108680725098,107.902084350586,107.108680725098,107.108680725098,193849,"2018-05-28","SPMA"
107.108680725098,107.108680725098,107.108680725098,107.108680725098,0,"2018-05-29","SPMA"
107.902084350586,108.69548034668,103.141693115234,107.902084350586,255861,"2018-05-30","SPMA"
107.902084350586,108.69548034668,107.108680725098,108.69548034668,98815,"2018-05-31","SPMA"
108.69548034668,108.69548034668,108.69548034668,108.69548034668,0,"2018-06-01","SPMA"
108.69548034668,109.488876342773,107.108680725098,107.108680725098,604488,"2018-06-04","SPMA"
107.902084350586,107.902084350586,105.52188873291,106.315284729004,342073,"2018-06-05","SPMA"
107.902084350586,108.69548034668,107.902084350586,108.69548034668,104361,"2018-06-06","SPMA"
108.69548034668,117.4228515625,108.69548034668,117.4228515625,1118984,"2018-06-07","SPMA"
117.4228515625,117.4228515625,112.662467956543,112.662467956543,73607,"2018-06-08","SPMA"
112.662467956543,112.662467956543,112.662467956543,112.662467956543,0,"2018-06-11","SPMA"
112.662467956543,112.662467956543,112.662467956543,112.662467956543,0,"2018-06-12","SPMA"
112.662467956543,112.662467956543,112.662467956543,112.662467956543,0,"2018-06-13","SPMA"
112.662467956543,112.662467956543,112.662467956543,112.662467956543,0,"2018-06-14","SPMA"
112.662467956543,112.662467956543,112.662467956543,112.662467956543,0,"2018-06-15","SPMA"
112.662467956543,112.662467956543,112.662467956543,112.662467956543,0,"2018-06-18","SPMA"
112.662467956543,112.662467956543,112.662467956543,112.662467956543,0,"2018-06-19","SPMA"
111.075668334961,114.24925994873,111.075668334961,112.662467956543,60499,"2018-06-20","SPMA"
111.869071960449,112.662467956543,109.488876342773,112.662467956543,198891,"2018-06-21","SPMA"
111.869071960449,114.24925994873,111.075668334961,114.24925994873,42349,"2018-06-22","SPMA"
114.24925994873,114.24925994873,109.488876342773,113.455863952637,77640,"2018-06-25","SPMA"
109.488876342773,113.455863952637,108.69548034668,113.455863952637,14368,"2018-06-26","SPMA"
111.075668334961,111.869071960449,110.282272338867,111.869071960449,8318,"2018-06-27","SPMA"
111.075668334961,111.075668334961,104.728492736816,109.488876342773,382405,"2018-06-28","SPMA"
108.69548034668,108.69548034668,108.69548034668,108.69548034668,95538,"2018-06-29","SPMA"
107.902084350586,109.488876342773,104.728492736816,107.902084350586,25460,"2018-07-02","SPMA"
107.902084350586,107.902084350586,107.902084350586,107.902084350586,0,"2018-07-03","SPMA"
103.935096740723,106.315284729004,103.141693115234,106.315284729004,80665,"2018-07-04","SPMA"
103.141693115234,103.935096740723,100.761505126953,103.141693115234,389716,"2018-07-05","SPMA"
99.9681015014648,103.935096740723,99.9681015014648,103.935096740723,248047,"2018-07-06","SPMA"
100.761505126953,103.935096740723,99.1747055053711,103.935096740723,375347,"2018-07-09","SPMA"
103.935096740723,106.315284729004,99.1747055053711,103.141693115234,798086,"2018-07-10","SPMA"
103.141693115234,103.141693115234,97.5879135131836,102.348297119141,134610,"2018-07-11","SPMA"
97.5879135131836,100.761505126953,97.5879135131836,100.761505126953,104613,"2018-07-12","SPMA"
102.348297119141,102.348297119141,100.761505126953,101.554901123047,63776,"2018-07-13","SPMA"
97.5879135131836,103.141693115234,97.5879135131836,103.141693115234,442653,"2018-07-16","SPMA"
103.935096740723,103.935096740723,103.935096740723,103.935096740723,252,"2018-07-17","SPMA"
99.1747055053711,103.935096740723,99.1747055053711,103.935096740723,12604,"2018-07-18","SPMA"
103.141693115234,103.935096740723,95.2077178955078,99.9681015014648,847242,"2018-07-19","SPMA"
95.2077178955078,99.9681015014648,94.4143218994141,94.4143218994141,492060,"2018-07-20","SPMA"
99.9681015014648,99.9681015014648,91.2407302856445,91.2407302856445,596926,"2018-07-23","SPMA"
92.0341262817383,98.3813095092773,91.2407302856445,96.7945175170898,385683,"2018-07-24","SPMA"
96.0011138916016,98.3813095092773,96.0011138916016,98.3813095092773,48903,"2018-07-25","SPMA"
98.3813095092773,98.3813095092773,98.3813095092773,98.3813095092773,21174,"2018-07-26","SPMA"
98.3813095092773,99.1747055053711,94.4143218994141,99.1747055053711,133350,"2018-07-27","SPMA"
99.1747055053711,99.1747055053711,94.4143218994141,99.1747055053711,61003,"2018-07-30","SPMA"
99.1747055053711,99.1747055053711,99.1747055053711,99.1747055053711,0,"2018-07-31","SPMA"
99.1747055053711,99.1747055053711,99.1747055053711,99.1747055053711,5041,"2018-08-01","SPMA"
99.1747055053711,99.9681015014648,99.1747055053711,99.9681015014648,91001,"2018-08-02","SPMA"
99.9681015014648,99.9681015014648,99.1747055053711,99.1747055053711,1512,"2018-08-03","SPMA"
99.1747055053711,99.1747055053711,92.827522277832,93.6209259033203,91253,"2018-08-06","SPMA"
93.6209259033203,96.0011138916016,93.6209259033203,95.2077178955078,30753,"2018-08-07","SPMA"
96.0011138916016,98.3813095092773,96.0011138916016,98.3813095092773,170154,"2018-08-08","SPMA"
96.0011138916016,97.5879135131836,95.2077178955078,96.7945175170898,66549,"2018-08-09","SPMA"
97.5879135131836,98.3813095092773,97.5879135131836,97.5879135131836,28233,"2018-08-10","SPMA"
95.2077178955078,99.1747055053711,93.6209259033203,98.3813095092773,3277,"2018-08-13","SPMA"
92.0341262817383,96.7945175170898,91.2407302856445,91.2407302856445,267457,"2018-08-14","SPMA"
92.0341262817383,96.0011138916016,91.2407302856445,96.0011138916016,12604,"2018-08-15","SPMA"
96.0011138916016,96.0011138916016,96.0011138916016,96.0011138916016,2268,"2018-08-16","SPMA"
96.0011138916016,96.0011138916016,96.0011138916016,96.0011138916016,0,"2018-08-17","SPMA"
96.0011138916016,97.5879135131836,93.6209259033203,97.5879135131836,22435,"2018-08-20","SPMA"
93.6209259033203,93.6209259033203,93.6209259033203,93.6209259033203,1008,"2018-08-21","SPMA"
93.6209259033203,93.6209259033203,93.6209259033203,93.6209259033203,0,"2018-08-22","SPMA"
96.7945175170898,97.5879135131836,94.4143218994141,97.5879135131836,81169,"2018-08-23","SPMA"
97.5879135131836,98.3813095092773,94.4143218994141,94.4143218994141,236199,"2018-08-24","SPMA"
97.5879135131836,97.5879135131836,95.2077178955078,96.7945175170898,66549,"2018-08-27","SPMA"
97.5879135131836,97.5879135131836,95.2077178955078,96.0011138916016,71338,"2018-08-28","SPMA"
96.7945175170898,97.5879135131836,96.7945175170898,97.5879135131836,132846,"2018-08-29","SPMA"
95.2077178955078,97.5879135131836,95.2077178955078,97.5879135131836,2016,"2018-08-30","SPMA"
95.2077178955078,97.5879135131836,91.2407302856445,96.7945175170898,111167,"2018-08-31","SPMA"
96.7945175170898,96.7945175170898,95.2077178955078,96.7945175170898,155029,"2018-09-03","SPMA"
95.2077178955078,95.2077178955078,95.2077178955078,95.2077178955078,41341,"2018-09-04","SPMA"
92.0341262817383,94.4143218994141,91.2407302856445,91.2407302856445,323671,"2018-09-05","SPMA"
92.0341262817383,92.0341262817383,92.0341262817383,92.0341262817383,28233,"2018-09-06","SPMA"
93.6209259033203,93.6209259033203,91.2407302856445,93.6209259033203,71590,"2018-09-07","SPMA"
93.6209259033203,93.6209259033203,93.6209259033203,93.6209259033203,1008,"2018-09-10","SPMA"
93.6209259033203,93.6209259033203,93.6209259033203,93.6209259033203,0,"2018-09-11","SPMA"
92.827522277832,95.2077178955078,92.827522277832,95.2077178955078,34787,"2018-09-12","SPMA"
96.0011138916016,96.0011138916016,93.6209259033203,93.6209259033203,40837,"2018-09-13","SPMA"
94.4143218994141,95.2077178955078,94.4143218994141,95.2077178955078,48147,"2018-09-14","SPMA"
95.2077178955078,95.2077178955078,95.2077178955078,95.2077178955078,0,"2018-09-17","SPMA"
97.5879135131836,97.5879135131836,96.7945175170898,96.7945175170898,756,"2018-09-18","SPMA"
97.5879135131836,97.5879135131836,92.827522277832,95.2077178955078,9074,"2018-09-19","SPMA"
96.0011138916016,97.5879135131836,96.0011138916016,97.5879135131836,126292,"2018-09-20","SPMA"
97.5879135131836,97.5879135131836,97.5879135131836,97.5879135131836,0,"2018-09-21","SPMA"
95.2077178955078,96.0011138916016,95.2077178955078,96.0011138916016,26468,"2018-09-24","SPMA"
97.5879135131836,97.5879135131836,95.2077178955078,96.0011138916016,239980,"2018-09-25","SPMA"
96.0011138916016,97.5879135131836,96.0011138916016,96.0011138916016,131081,"2018-09-26","SPMA"
96.0011138916016,96.0011138916016,96.0011138916016,96.0011138916016,0,"2018-09-27","SPMA"
96.0011138916016,96.7945175170898,95.2077178955078,95.2077178955078,252584,"2018-09-28","SPMA"
96.7945175170898,99.1747055053711,95.2077178955078,97.5879135131836,203176,"2018-10-01","SPMA"
97.5879135131836,98.3813095092773,96.7945175170898,97.5879135131836,96294,"2018-10-02","SPMA"
99.1747055053711,99.1747055053711,98.3813095092773,98.3813095092773,15881,"2018-10-03","SPMA"
98.3813095092773,98.3813095092773,92.827522277832,92.827522277832,442149,"2018-10-04","SPMA"
94.4143218994141,95.2077178955078,94.4143218994141,94.4143218994141,128308,"2018-10-05","SPMA"
94.4143218994141,94.4143218994141,91.2407302856445,91.2407302856445,43105,"2018-10-08","SPMA"
92.827522277832,93.6209259033203,91.2407302856445,93.6209259033203,38568,"2018-10-09","SPMA"
93.6209259033203,94.4143218994141,92.0341262817383,94.4143218994141,17645,"2018-10-10","SPMA"
94.4143218994141,94.4143218994141,94.4143218994141,94.4143218994141,504,"2018-10-11","SPMA"
91.2407302856445,92.827522277832,91.2407302856445,92.827522277832,252332,"2018-10-12","SPMA"
92.0341262817383,93.6209259033203,91.2407302856445,93.6209259033203,168389,"2018-10-15","SPMA"
91.2407302856445,92.0341262817383,86.4803466796875,92.0341262817383,170910,"2018-10-16","SPMA"
91.2407302856445,91.2407302856445,91.2407302856445,91.2407302856445,296698,"2018-10-17","SPMA"
91.2407302856445,92.827522277832,91.2407302856445,92.827522277832,2520,"2018-10-18","SPMA"
87.2737426757812,91.2407302856445,86.4803466796875,88.8605346679688,251072,"2018-10-19","SPMA"
92.0341262817383,92.0341262817383,88.8605346679688,92.0341262817383,51424,"2018-10-22","SPMA"
89.653938293457,92.0341262817383,89.653938293457,89.653938293457,2268,"2018-10-23","SPMA"
91.2407302856445,91.2407302856445,89.653938293457,91.2407302856445,12351,"2018-10-24","SPMA"
87.2737426757812,91.2407302856445,87.2737426757812,88.067138671875,741872,"2018-10-25","SPMA"
90.4473342895508,90.4473342895508,88.8605346679688,88.8605346679688,252332,"2018-10-26","SPMA"
90.4473342895508,90.4473342895508,87.2737426757812,89.653938293457,461055,"2018-10-29","SPMA"
90.4473342895508,91.2407302856445,90.4473342895508,91.2407302856445,108646,"2018-10-30","SPMA"
88.067138671875,90.4473342895508,87.2737426757812,90.4473342895508,226620,"2018-10-31","SPMA"
90.4473342895508,94.4143218994141,89.653938293457,94.4143218994141,458030,"2018-11-01","SPMA"
94.4143218994141,99.1747055053711,94.4143218994141,98.3813095092773,338291,"2018-11-02","SPMA"
98.3813095092773,99.1747055053711,98.3813095092773,98.3813095092773,797834,"2018-11-05","SPMA"
98.3813095092773,98.3813095092773,98.3813095092773,98.3813095092773,134358,"2018-11-06","SPMA"
98.3813095092773,98.3813095092773,92.827522277832,92.827522277832,272750,"2018-11-07","SPMA"
98.3813095092773,99.9681015014648,98.3813095092773,99.9681015014648,246534,"2018-11-08","SPMA"
99.9681015014648,99.9681015014648,99.1747055053711,99.1747055053711,13360,"2018-11-09","SPMA"
97.5879135131836,99.1747055053711,97.5879135131836,99.1747055053711,76632,"2018-11-12","SPMA"
96.7945175170898,99.1747055053711,96.7945175170898,99.1747055053711,100832,"2018-11-13","SPMA"
99.9681015014648,100.761505126953,96.7945175170898,96.7945175170898,285102,"2018-11-14","SPMA"
96.7945175170898,100.761505126953,94.4143218994141,94.4143218994141,164356,"2018-11-15","SPMA"
96.7945175170898,99.9681015014648,96.7945175170898,99.1747055053711,173683,"2018-11-16","SPMA"
99.1747055053711,99.9681015014648,92.827522277832,99.9681015014648,110411,"2018-11-19","SPMA"
99.9681015014648,99.9681015014648,99.9681015014648,99.9681015014648,0,"2018-11-20","SPMA"
93.6209259033203,103.935096740723,93.6209259033203,103.935096740723,838419,"2018-11-21","SPMA"
99.9681015014648,106.315284729004,99.9681015014648,106.315284729004,357450,"2018-11-22","SPMA"
107.108680725098,107.108680725098,101.554901123047,101.554901123047,4537,"2018-11-23","SPMA"
101.554901123047,103.935096740723,101.554901123047,103.935096740723,375851,"2018-11-26","SPMA"
104.728492736816,105.52188873291,103.935096740723,105.52188873291,147719,"2018-11-27","SPMA"
101.554901123047,103.141693115234,100.761505126953,100.761505126953,67809,"2018-11-28","SPMA"
104.728492736816,104.728492736816,100.761505126953,101.554901123047,312579,"2018-11-29","SPMA"
101.554901123047,101.554901123047,101.554901123047,101.554901123047,0,"2018-11-30","SPMA"
101.554901123047,101.554901123047,101.554901123047,101.554901123047,0,"2018-12-03","SPMA"
99.9681015014648,100.761505126953,99.9681015014648,100.761505126953,130829,"2018-12-04","SPMA"
100.761505126953,101.554901123047,100.761505126953,101.554901123047,1336278,"2018-12-05","SPMA"
101.554901123047,101.554901123047,101.554901123047,101.554901123047,0,"2018-12-06","SPMA"
101.554901123047,101.554901123047,101.554901123047,101.554901123047,252,"2018-12-07","SPMA"
101.554901123047,101.554901123047,101.554901123047,101.554901123047,0,"2018-12-10","SPMA"
99.1747055053711,99.9681015014648,99.1747055053711,99.9681015014648,44618,"2018-12-11","SPMA"
104.728492736816,106.315284729004,104.728492736816,106.315284729004,369801,"2018-12-12","SPMA"
106.315284729004,106.315284729004,106.315284729004,106.315284729004,0,"2018-12-13","SPMA"
106.315284729004,106.315284729004,101.554901123047,106.315284729004,111923,"2018-12-14","SPMA"
106.315284729004,106.315284729004,103.935096740723,103.935096740723,504,"2018-12-17","SPMA"
103.935096740723,103.935096740723,103.935096740723,103.935096740723,0,"2018-12-18","SPMA"
103.935096740723,103.935096740723,103.935096740723,103.935096740723,0,"2018-12-19","SPMA"
101.554901123047,101.554901123047,101.554901123047,101.554901123047,252,"2018-12-20","SPMA"
101.554901123047,101.554901123047,101.554901123047,101.554901123047,24955,"2018-12-21","SPMA"
101.554901123047,101.554901123047,101.554901123047,101.554901123047,0,"2018-12-24","SPMA"
101.554901123047,101.554901123047,101.554901123047,101.554901123047,0,"2018-12-25","SPMA"
99.1747055053711,99.1747055053711,99.1747055053711,99.1747055053711,109150,"2018-12-26","SPMA"
99.1747055053711,99.1747055053711,99.1747055053711,99.1747055053711,0,"2018-12-27","SPMA"
99.1747055053711,99.1747055053711,99.1747055053711,99.1747055053711,0,"2018-12-28","SPMA"
99.1747055053711,99.1747055053711,99.1747055053711,99.1747055053711,0,"2018-12-31","SPMA"
99.1747055053711,99.1747055053711,99.1747055053711,99.1747055053711,0,"2019-01-01","SPMA"
98.3813095092773,99.1747055053711,98.3813095092773,98.3813095092773,302496,"2019-01-02","SPMA"
98.3813095092773,98.3813095092773,98.3813095092773,98.3813095092773,0,"2019-01-03","SPMA"
97.5879135131836,99.1747055053711,97.5879135131836,99.1747055053711,132594,"2019-01-04","SPMA"
99.1747055053711,99.1747055053711,99.1747055053711,99.1747055053711,0,"2019-01-07","SPMA"
96.7945175170898,99.1747055053711,96.7945175170898,99.1747055053711,12856,"2019-01-08","SPMA"
99.1747055053711,103.141693115234,99.1747055053711,103.141693115234,73103,"2019-01-09","SPMA"
103.141693115234,103.141693115234,103.141693115234,103.141693115234,0,"2019-01-10","SPMA"
103.141693115234,103.141693115234,103.141693115234,103.141693115234,45626,"2019-01-11","SPMA"
103.141693115234,103.141693115234,103.141693115234,103.141693115234,0,"2019-01-14","SPMA"
103.935096740723,107.902084350586,103.935096740723,107.902084350586,30753,"2019-01-15","SPMA"
107.902084350586,107.902084350586,107.902084350586,107.902084350586,0,"2019-01-16","SPMA"
107.902084350586,107.902084350586,107.902084350586,107.902084350586,0,"2019-01-17","SPMA"
108.69548034668,108.69548034668,108.69548034668,108.69548034668,20922,"2019-01-18","SPMA"
108.69548034668,108.69548034668,108.69548034668,108.69548034668,0,"2019-01-21","SPMA"
108.69548034668,108.69548034668,106.315284729004,106.315284729004,15376,"2019-01-22","SPMA"
106.315284729004,106.315284729004,106.315284729004,106.315284729004,0,"2019-01-23","SPMA"
103.141693115234,103.141693115234,103.141693115234,103.141693115234,71086,"2019-01-24","SPMA"
103.141693115234,103.141693115234,102.348297119141,102.348297119141,51172,"2019-01-25","SPMA"
103.141693115234,103.141693115234,99.1747055053711,99.1747055053711,178725,"2019-01-28","SPMA"
99.1747055053711,99.1747055053711,99.1747055053711,99.1747055053711,0,"2019-01-29","SPMA"
99.9681015014648,104.728492736816,99.1747055053711,99.1747055053711,135871,"2019-01-30","SPMA"
99.9681015014648,100.761505126953,99.1747055053711,100.761505126953,358458,"2019-01-31","SPMA"
103.935096740723,103.935096740723,103.141693115234,103.141693115234,502396,"2019-02-01","SPMA"
103.141693115234,111.075668334961,99.9681015014648,111.075668334961,2014374,"2019-02-04","SPMA"
111.075668334961,111.075668334961,111.075668334961,111.075668334961,0,"2019-02-05","SPMA"
111.075668334961,113.455863952637,106.315284729004,111.075668334961,252332,"2019-02-06","SPMA"
111.075668334961,111.075668334961,111.075668334961,111.075668334961,0,"2019-02-07","SPMA"
107.902084350586,108.69548034668,107.902084350586,107.902084350586,513991,"2019-02-08","SPMA"
111.075668334961,115.836059570312,111.075668334961,115.042663574219,195110,"2019-02-11","SPMA"
115.042663574219,115.042663574219,107.902084350586,112.662467956543,522562,"2019-02-12","SPMA"
111.869071960449,112.662467956543,111.869071960449,112.662467956543,13864,"2019-02-13","SPMA"
112.662467956543,112.662467956543,112.662467956543,112.662467956543,0,"2019-02-14","SPMA"
111.075668334961,111.075668334961,111.075668334961,111.075668334961,252,"2019-02-15","SPMA"
107.108680725098,107.902084350586,107.108680725098,107.902084350586,4537,"2019-02-18","SPMA"
108.69548034668,108.69548034668,108.69548034668,108.69548034668,10335,"2019-02-19","SPMA"
112.662467956543,115.836059570312,108.69548034668,109.488876342773,195110,"2019-02-20","SPMA"
112.662467956543,112.662467956543,109.488876342773,112.662467956543,5797,"2019-02-21","SPMA"
112.662467956543,112.662467956543,112.662467956543,112.662467956543,0,"2019-02-22","SPMA"
112.662467956543,112.662467956543,112.662467956543,112.662467956543,0,"2019-02-25","SPMA"
112.662467956543,112.662467956543,107.108680725098,107.108680725098,64532,"2019-02-26","SPMA"
107.108680725098,108.69548034668,107.108680725098,108.69548034668,36299,"2019-02-27","SPMA"
108.69548034668,108.69548034668,108.69548034668,108.69548034668,0,"2019-02-28","SPMA"
108.69548034668,108.69548034668,108.69548034668,108.69548034668,0,"2019-03-01","SPMA"
108.69548034668,108.69548034668,108.69548034668,108.69548034668,0,"2019-03-04","SPMA"
106.315284729004,107.902084350586,103.141693115234,103.935096740723,674315,"2019-03-05","SPMA"
103.935096740723,103.935096740723,103.935096740723,103.935096740723,0,"2019-03-06","SPMA"
103.935096740723,103.935096740723,103.935096740723,103.935096740723,0,"2019-03-07","SPMA"
103.935096740723,103.935096740723,103.935096740723,103.935096740723,0,"2019-03-08","SPMA"
107.902084350586,107.902084350586,106.315284729004,106.315284729004,1008,"2019-03-11","SPMA"
106.315284729004,106.315284729004,106.315284729004,106.315284729004,0,"2019-03-12","SPMA"
106.315284729004,106.315284729004,103.935096740723,103.935096740723,26972,"2019-03-13","SPMA"
103.935096740723,103.935096740723,99.1747055053711,103.141693115234,912026,"2019-03-14","SPMA"
103.141693115234,103.141693115234,103.141693115234,103.141693115234,0,"2019-03-15","SPMA"
106.315284729004,115.836059570312,106.315284729004,111.075668334961,1077139,"2019-03-18","SPMA"
110.282272338867,114.24925994873,110.282272338867,113.455863952637,566676,"2019-03-19","SPMA"
108.69548034668,114.24925994873,108.69548034668,114.24925994873,7310,"2019-03-20","SPMA"
113.455863952637,113.455863952637,113.455863952637,113.455863952637,252,"2019-03-21","SPMA"
113.455863952637,113.455863952637,108.69548034668,108.69548034668,18906,"2019-03-22","SPMA"
111.869071960449,111.869071960449,110.282272338867,110.282272338867,13108,"2019-03-25","SPMA"
106.315284729004,106.315284729004,103.935096740723,105.52188873291,49911,"2019-03-26","SPMA"
108.69548034668,108.69548034668,103.935096740723,103.935096740723,756,"2019-03-27","SPMA"
108.69548034668,111.075668334961,108.69548034668,111.075668334961,124275,"2019-03-28","SPMA"
109.488876342773,110.282272338867,109.488876342773,110.282272338867,4033,"2019-03-29","SPMA"
110.282272338867,110.282272338867,110.282272338867,110.282272338867,1260,"2019-04-01","SPMA"
106.315284729004,106.315284729004,106.315284729004,106.315284729004,2772,"2019-04-02","SPMA"
106.315284729004,106.315284729004,106.315284729004,106.315284729004,0,"2019-04-03","SPMA"
106.315284729004,106.315284729004,106.315284729004,106.315284729004,0,"2019-04-04","SPMA"
106.315284729004,109.488876342773,103.935096740723,103.935096740723,50920,"2019-04-05","SPMA"
104.728492736816,111.075668334961,103.935096740723,105.52188873291,39828,"2019-04-08","SPMA"
108.69548034668,108.69548034668,99.1747055053711,102.348297119141,1355688,"2019-04-09","SPMA"
103.141693115234,106.315284729004,102.348297119141,106.315284729004,272498,"2019-04-10","SPMA"
106.315284729004,106.315284729004,99.1747055053711,99.1747055053711,621630,"2019-04-11","SPMA"
102.348297119141,102.348297119141,99.1747055053711,99.1747055053711,613059,"2019-04-12","SPMA"
99.9681015014648,102.348297119141,99.1747055053711,102.348297119141,83438,"2019-04-15","SPMA"
102.348297119141,102.348297119141,102.348297119141,102.348297119141,252,"2019-04-16","SPMA"
102.348297119141,102.348297119141,102.348297119141,102.348297119141,0,"2019-04-17","SPMA"
100.761505126953,102.348297119141,99.1747055053711,99.1747055053711,1555840,"2019-04-18","SPMA"
99.1747055053711,99.1747055053711,99.1747055053711,99.1747055053711,0,"2019-04-19","SPMA"
99.9681015014648,99.9681015014648,95.2077178955078,95.2077178955078,322914,"2019-04-22","SPMA"
99.1747055053711,101.554901123047,96.0011138916016,99.9681015014648,357197,"2019-04-23","SPMA"
99.9681015014648,101.554901123047,99.9681015014648,101.554901123047,253844,"2019-04-24","SPMA"
101.554901123047,103.935096740723,101.554901123047,102.348297119141,37055,"2019-04-25","SPMA"
102.348297119141,103.141693115234,99.9681015014648,99.9681015014648,152760,"2019-04-26","SPMA"
103.141693115234,103.141693115234,100.761505126953,101.554901123047,111419,"2019-04-29","SPMA"
103.141693115234,107.108680725098,103.141693115234,107.108680725098,943536,"2019-04-30","SPMA"
107.108680725098,107.108680725098,107.108680725098,107.108680725098,0,"2019-05-01","SPMA"
107.108680725098,108.69548034668,104.728492736816,104.728492736816,644317,"2019-05-02","SPMA"
104.728492736816,107.108680725098,100.761505126953,101.554901123047,298463,"2019-05-03","SPMA"
106.315284729004,107.902084350586,102.348297119141,106.315284729004,1949841,"2019-05-06","SPMA"
108.69548034668,108.69548034668,106.315284729004,107.902084350586,368289,"2019-05-07","SPMA"
107.108680725098,107.902084350586,107.108680725098,107.108680725098,682885,"2019-05-08","SPMA"
106.315284729004,107.902084350586,106.315284729004,107.902084350586,53693,"2019-05-09","SPMA"
107.902084350586,111.075668334961,106.315284729004,111.075668334961,411395,"2019-05-10","SPMA"
111.075668334961,111.075668334961,109.488876342773,111.075668334961,265188,"2019-05-13","SPMA"
107.902084350586,107.902084350586,107.108680725098,107.108680725098,176456,"2019-05-14","SPMA"
110.282272338867,110.282272338867,109.488876342773,109.488876342773,247290,"2019-05-15","SPMA"
109.488876342773,110.282272338867,107.108680725098,110.282272338867,479709,"2019-05-16","SPMA"
107.902084350586,110.282272338867,107.902084350586,107.902084350586,6554,"2019-05-17","SPMA"
108.69548034668,111.075668334961,108.69548034668,111.075668334961,53693,"2019-05-20","SPMA"
107.902084350586,111.075668334961,107.902084350586,111.075668334961,405597,"2019-05-21","SPMA"
107.902084350586,111.075668334961,107.108680725098,108.69548034668,250063,"2019-05-22","SPMA"
111.869071960449,111.869071960449,108.69548034668,110.282272338867,848502,"2019-05-23","SPMA"
111.075668334961,111.869071960449,111.075668334961,111.075668334961,75624,"2019-05-24","SPMA"
111.869071960449,111.869071960449,107.108680725098,111.075668334961,859594,"2019-05-27","SPMA"
109.488876342773,111.075668334961,108.69548034668,111.075668334961,204185,"2019-05-28","SPMA"
111.075668334961,111.869071960449,107.902084350586,110.282272338867,213512,"2019-05-29","SPMA"
110.282272338867,110.282272338867,110.282272338867,110.282272338867,0,"2019-05-30","SPMA"
108.69548034668,111.075668334961,108.69548034668,111.075668334961,207966,"2019-05-31","SPMA"
111.075668334961,111.075668334961,111.075668334961,111.075668334961,0,"2019-06-03","SPMA"
111.075668334961,111.075668334961,111.075668334961,111.075668334961,0,"2019-06-04","SPMA"
111.075668334961,111.075668334961,111.075668334961,111.075668334961,0,"2019-06-05","SPMA"
111.075668334961,111.075668334961,111.075668334961,111.075668334961,0,"2019-06-06","SPMA"
111.075668334961,111.075668334961,111.075668334961,111.075668334961,0,"2019-06-07","SPMA"
111.869071960449,111.869071960449,111.075668334961,111.869071960449,1479964,"2019-06-10","SPMA"
111.869071960449,111.869071960449,111.075668334961,111.075668334961,227628,"2019-06-11","SPMA"
111.075668334961,115.042663574219,110.282272338867,110.282272338867,396270,"2019-06-12","SPMA"
115.836059570312,116.629455566406,110.282272338867,115.836059570312,129569,"2019-06-13","SPMA"
116.629455566406,119.009651184082,115.042663574219,119.009651184082,1436606,"2019-06-14","SPMA"
119.009651184082,121.389839172363,119.009651184082,120.59644317627,447190,"2019-06-17","SPMA"
122.183242797852,122.183242797852,120.59644317627,120.59644317627,49659,"2019-06-18","SPMA"
120.59644317627,122.976638793945,119.803047180176,119.803047180176,270230,"2019-06-19","SPMA"
119.803047180176,121.389839172363,115.836059570312,119.009651184082,644065,"2019-06-20","SPMA"
121.389839172363,121.389839172363,118.216247558594,118.216247558594,80917,"2019-06-21","SPMA"
121.389839172363,121.389839172363,118.216247558594,119.009651184082,84446,"2019-06-24","SPMA"
119.009651184082,119.009651184082,118.216247558594,118.216247558594,66801,"2019-06-25","SPMA"
119.803047180176,119.803047180176,118.216247558594,118.216247558594,85455,"2019-06-26","SPMA"
121.389839172363,121.389839172363,111.869071960449,117.4228515625,284094,"2019-06-27","SPMA"
118.216247558594,118.216247558594,116.629455566406,116.629455566406,13864,"2019-06-28","SPMA"
116.629455566406,119.009651184082,115.042663574219,115.042663574219,100075,"2019-07-01","SPMA"
121.389839172363,121.389839172363,116.629455566406,117.4228515625,371818,"2019-07-02","SPMA"
119.009651184082,119.803047180176,115.042663574219,119.803047180176,317621,"2019-07-03","SPMA"
121.389839172363,122.976638793945,119.009651184082,119.803047180176,250063,"2019-07-04","SPMA"
119.803047180176,122.976638793945,119.009651184082,120.59644317627,574743,"2019-07-05","SPMA"
121.389839172363,121.389839172363,119.009651184082,119.803047180176,433578,"2019-07-08","SPMA"
119.803047180176,122.976638793945,119.009651184082,119.009651184082,33778,"2019-07-09","SPMA"
119.009651184082,122.183242797852,119.009651184082,121.389839172363,15124,"2019-07-10","SPMA"
121.389839172363,121.389839172363,119.009651184082,119.009651184082,223343,"2019-07-11","SPMA"
119.009651184082,122.183242797852,115.836059570312,115.836059570312,832369,"2019-07-12","SPMA"
115.836059570312,121.389839172363,115.836059570312,119.803047180176,2636256,"2019-07-15","SPMA"
119.803047180176,122.976638793945,119.009651184082,119.009651184082,759266,"2019-07-16","SPMA"
119.009651184082,122.976638793945,119.009651184082,122.183242797852,1650622,"2019-07-17","SPMA"
119.009651184082,122.183242797852,119.009651184082,121.389839172363,107386,"2019-07-18","SPMA"
121.389839172363,122.183242797852,119.009651184082,120.59644317627,897910,"2019-07-19","SPMA"
120.59644317627,122.183242797852,120.59644317627,120.59644317627,275019,"2019-07-22","SPMA"
120.59644317627,120.59644317627,119.803047180176,119.803047180176,177464,"2019-07-23","SPMA"
120.59644317627,121.389839172363,118.216247558594,119.009651184082,522058,"2019-07-24","SPMA"
119.009651184082,119.803047180176,119.009651184082,119.803047180176,18401,"2019-07-25","SPMA"
119.009651184082,134.084197998047,119.009651184082,123.770034790039,4372334,"2019-07-26","SPMA"
125.356826782227,129.323822021484,125.356826782227,127.737022399902,5869692,"2019-07-29","SPMA"
128.530426025391,130.910614013672,126.943626403809,127.737022399902,3636511,"2019-07-30","SPMA"
129.323822021484,130.910614013672,127.737022399902,129.323822021484,1830607,"2019-07-31","SPMA"
129.323822021484,129.323822021484,126.943626403809,127.737022399902,1352411,"2019-08-01","SPMA"
126.943626403809,128.530426025391,125.356826782227,127.737022399902,823546,"2019-08-02","SPMA"
127.737022399902,127.737022399902,123.770034790039,125.356826782227,1202423,"2019-08-05","SPMA"
125.356826782227,128.530426025391,123.770034790039,124.563430786133,1174442,"2019-08-06","SPMA"
124.563430786133,130.117218017578,124.563430786133,125.356826782227,527352,"2019-08-07","SPMA"
125.356826782227,126.943626403809,123.770034790039,126.150230407715,193597,"2019-08-08","SPMA"
125.356826782227,126.150230407715,125.356826782227,126.150230407715,77388,"2019-08-09","SPMA"
126.150230407715,127.737022399902,126.150230407715,126.150230407715,630201,"2019-08-12","SPMA"
125.356826782227,126.943626403809,124.563430786133,125.356826782227,233426,"2019-08-13","SPMA"
126.150230407715,126.943626403809,125.356826782227,125.356826782227,610286,"2019-08-14","SPMA"
125.356826782227,129.323822021484,125.356826782227,129.323822021484,1896905,"2019-08-15","SPMA"
130.117218017578,135.671005249023,129.323822021484,131.704010009766,5690967,"2019-08-16","SPMA"
132.497406005859,132.497406005859,129.323822021484,130.910614013672,391228,"2019-08-19","SPMA"
130.910614013672,131.704010009766,129.323822021484,130.117218017578,425007,"2019-08-20","SPMA"
129.323822021484,130.910614013672,129.323822021484,130.117218017578,281321,"2019-08-21","SPMA"
130.117218017578,131.704010009766,130.117218017578,130.117218017578,506681,"2019-08-22","SPMA"
130.910614013672,130.910614013672,127.737022399902,127.737022399902,242501,"2019-08-23","SPMA"
127.737022399902,130.910614013672,123.770034790039,130.910614013672,274263,"2019-08-26","SPMA"
130.117218017578,130.910614013672,124.563430786133,129.323822021484,465844,"2019-08-27","SPMA"
126.150230407715,130.117218017578,125.356826782227,126.943626403809,78397,"2019-08-28","SPMA"
130.910614013672,130.910614013672,126.150230407715,126.150230407715,470382,"2019-08-29","SPMA"
126.150230407715,130.117218017578,125.356826782227,128.530426025391,352156,"2019-08-30","SPMA"
128.530426025391,130.117218017578,126.943626403809,129.323822021484,397530,"2019-09-02","SPMA"
129.323822021484,134.084197998047,129.323822021484,134.084197998047,3603993,"2019-09-03","SPMA"
134.084197998047,135.671005249023,134.084197998047,134.084197998047,245274,"2019-09-04","SPMA"
134.084197998047,134.084197998047,133.290802001953,134.084197998047,156037,"2019-09-05","SPMA"
134.084197998047,134.084197998047,132.497406005859,134.084197998047,127804,"2019-09-06","SPMA"
135.671005249023,138.051193237305,135.671005249023,138.051193237305,746410,"2019-09-09","SPMA"
138.844589233398,142.018188476562,136.464401245117,138.844589233398,1103103,"2019-09-10","SPMA"
139.637985229492,142.018188476562,138.051193237305,138.844589233398,1075374,"2019-09-11","SPMA"
140.431381225586,140.431381225586,138.844589233398,140.431381225586,1130328,"2019-09-12","SPMA"
140.431381225586,140.431381225586,137.257797241211,138.844589233398,809934,"2019-09-13","SPMA"
138.844589233398,138.844589233398,134.87760925293,138.051193237305,90748,"2019-09-16","SPMA"
138.051193237305,138.051193237305,132.497406005859,133.290802001953,1583064,"2019-09-17","SPMA"
133.290802001953,138.844589233398,133.290802001953,134.87760925293,1005044,"2019-09-18","SPMA"
134.87760925293,138.844589233398,134.87760925293,138.844589233398,666500,"2019-09-19","SPMA"
138.844589233398,138.844589233398,134.87760925293,138.844589233398,553316,"2019-09-20","SPMA"
138.844589233398,138.844589233398,138.051193237305,138.844589233398,76380,"2019-09-23","SPMA"
138.844589233398,138.844589233398,134.87760925293,135.671005249023,916816,"2019-09-24","SPMA"
138.051193237305,138.051193237305,137.257797241211,138.051193237305,30249,"2019-09-25","SPMA"
138.051193237305,138.844589233398,134.87760925293,134.87760925293,132594,"2019-09-26","SPMA"
134.87760925293,139.637985229492,134.87760925293,138.844589233398,23443,"2019-09-27","SPMA"
138.844589233398,138.844589233398,135.671005249023,138.051193237305,196118,"2019-09-30","SPMA"
139.637985229492,139.637985229492,135.671005249023,135.671005249023,184522,"2019-10-01","SPMA"
138.844589233398,138.844589233398,136.464401245117,136.464401245117,42853,"2019-10-02","SPMA"
134.084197998047,135.671005249023,127.737022399902,133.290802001953,718933,"2019-10-03","SPMA"
137.257797241211,137.257797241211,134.87760925293,137.257797241211,121754,"2019-10-04","SPMA"
136.464401245117,138.051193237305,132.497406005859,137.257797241211,109654,"2019-10-07","SPMA"
136.464401245117,137.257797241211,133.290802001953,133.290802001953,170910,"2019-10-08","SPMA"
138.051193237305,138.051193237305,133.290802001953,137.257797241211,2268,"2019-10-09","SPMA"
134.87760925293,138.051193237305,133.290802001953,138.051193237305,190320,"2019-10-10","SPMA"
134.084197998047,138.051193237305,133.290802001953,134.87760925293,102848,"2019-10-11","SPMA"
138.051193237305,138.051193237305,134.87760925293,138.051193237305,33526,"2019-10-14","SPMA"
135.671005249023,137.257797241211,135.671005249023,137.257797241211,6806,"2019-10-15","SPMA"
138.051193237305,138.051193237305,135.671005249023,138.051193237305,207462,"2019-10-16","SPMA"
137.257797241211,138.844589233398,136.464401245117,138.844589233398,255357,"2019-10-17","SPMA"
135.671005249023,138.844589233398,134.87760925293,135.671005249023,67809,"2019-10-18","SPMA"
135.671005249023,138.844589233398,134.084197998047,137.257797241211,210739,"2019-10-21","SPMA"
134.87760925293,137.257797241211,134.87760925293,136.464401245117,39072,"2019-10-22","SPMA"
136.464401245117,138.844589233398,132.497406005859,137.257797241211,108142,"2019-10-23","SPMA"
137.257797241211,137.257797241211,134.87760925293,137.257797241211,80413,"2019-10-24","SPMA"
137.257797241211,137.257797241211,134.87760925293,136.464401245117,136879,"2019-10-25","SPMA"
136.464401245117,137.257797241211,132.497406005859,137.257797241211,151752,"2019-10-28","SPMA"
134.084197998047,136.464401245117,134.084197998047,134.87760925293,22939,"2019-10-29","SPMA"
134.87760925293,138.844589233398,133.290802001953,137.257797241211,236955,"2019-10-30","SPMA"
138.051193237305,138.051193237305,133.290802001953,135.671005249023,521806,"2019-10-31","SPMA"
137.257797241211,137.257797241211,134.87760925293,134.87760925293,14116,"2019-11-01","SPMA"
134.87760925293,137.257797241211,134.87760925293,137.257797241211,556845,"2019-11-04","SPMA"
137.257797241211,145.985168457031,137.257797241211,138.051193237305,153012,"2019-11-05","SPMA"
138.051193237305,138.844589233398,137.257797241211,137.257797241211,9074,"2019-11-06","SPMA"
134.87760925293,137.257797241211,134.87760925293,137.257797241211,21174,"2019-11-07","SPMA"
134.87760925293,137.257797241211,133.290802001953,137.257797241211,493321,"2019-11-08","SPMA"
136.464401245117,137.257797241211,134.87760925293,134.87760925293,29241,"2019-11-11","SPMA"
134.87760925293,136.464401245117,133.290802001953,134.87760925293,31510,"2019-11-12","SPMA"
134.87760925293,136.464401245117,134.87760925293,134.87760925293,10083,"2019-11-13","SPMA"
134.87760925293,136.464401245117,134.084197998047,134.87760925293,20418,"2019-11-14","SPMA"
134.87760925293,136.464401245117,130.910614013672,131.704010009766,287875,"2019-11-15","SPMA"
136.464401245117,136.464401245117,131.704010009766,134.87760925293,196370,"2019-11-18","SPMA"
134.87760925293,134.87760925293,123.770034790039,126.943626403809,798590,"2019-11-19","SPMA"
127.737022399902,134.87760925293,127.737022399902,134.87760925293,3529,"2019-11-20","SPMA"
134.87760925293,134.87760925293,134.87760925293,134.87760925293,0,"2019-11-21","SPMA"
132.497406005859,133.290802001953,132.497406005859,133.290802001953,88480,"2019-11-22","SPMA"
133.290802001953,133.290802001953,115.836059570312,122.976638793945,1297457,"2019-11-25","SPMA"
122.976638793945,133.290802001953,117.4228515625,133.290802001953,77640,"2019-11-26","SPMA"
133.290802001953,142.811584472656,133.290802001953,134.87760925293,51172,"2019-11-27","SPMA"
136.464401245117,136.464401245117,132.497406005859,132.497406005859,7814,"2019-11-28","SPMA"
130.910614013672,130.910614013672,130.117218017578,130.117218017578,14368,"2019-11-29","SPMA"
130.117218017578,134.87760925293,130.117218017578,132.497406005859,147214,"2019-12-02","SPMA"
132.497406005859,132.497406005859,126.943626403809,132.497406005859,57978,"2019-12-03","SPMA"
127.737022399902,132.497406005859,119.803047180176,130.910614013672,11091,"2019-12-04","SPMA"
134.87760925293,136.464401245117,126.943626403809,132.497406005859,59995,"2019-12-05","SPMA"
131.704010009766,134.084197998047,131.704010009766,134.084197998047,21930,"2019-12-06","SPMA"
126.943626403809,134.084197998047,126.943626403809,134.084197998047,263676,"2019-12-09","SPMA"
130.910614013672,133.290802001953,126.943626403809,133.290802001953,59743,"2019-12-10","SPMA"
133.290802001953,133.290802001953,122.976638793945,122.976638793945,896902,"2019-12-11","SPMA"
130.910614013672,130.910614013672,119.803047180176,122.183242797852,310058,"2019-12-12","SPMA"
119.803047180176,127.737022399902,119.803047180176,127.737022399902,2268,"2019-12-13","SPMA"
127.737022399902,128.530426025391,119.803047180176,126.150230407715,165112,"2019-12-16","SPMA"
126.943626403809,130.910614013672,120.59644317627,121.389839172363,480465,"2019-12-17","SPMA"
121.389839172363,126.150230407715,120.59644317627,126.150230407715,131838,"2019-12-18","SPMA"
126.150230407715,130.117218017578,126.150230407715,129.323822021484,1512,"2019-12-19","SPMA"
129.323822021484,129.323822021484,129.323822021484,129.323822021484,4789,"2019-12-20","SPMA"
129.323822021484,130.117218017578,129.323822021484,130.117218017578,7562,"2019-12-23","SPMA"
130.117218017578,138.844589233398,130.117218017578,136.464401245117,447190,"2019-12-26","SPMA"
136.464401245117,136.464401245117,120.59644317627,126.150230407715,487271,"2019-12-27","SPMA"
133.290802001953,134.87760925293,131.704010009766,132.497406005859,13612,"2019-12-30","SPMA"
131.704010009766,132.497406005859,125.356826782227,132.497406005859,53693,"2020-01-02","SPMA"
126.943626403809,132.497406005859,126.943626403809,131.704010009766,10839,"2020-01-03","SPMA"
126.943626403809,133.290802001953,126.943626403809,133.290802001953,12604,"2020-01-06","SPMA"
133.290802001953,133.290802001953,133.290802001953,133.290802001953,0,"2020-01-07","SPMA"
132.497406005859,133.290802001953,119.803047180176,122.183242797852,555081,"2020-01-08","SPMA"
121.389839172363,130.910614013672,119.803047180176,130.117218017578,308042,"2020-01-09","SPMA"
120.59644317627,126.943626403809,120.59644317627,121.389839172363,524327,"2020-01-10","SPMA"
122.976638793945,125.356826782227,121.389839172363,121.389839172363,103352,"2020-01-13","SPMA"
124.563430786133,124.563430786133,122.183242797852,122.976638793945,59490,"2020-01-14","SPMA"
122.976638793945,122.976638793945,120.59644317627,120.59644317627,109150,"2020-01-15","SPMA"
119.803047180176,126.943626403809,119.803047180176,126.150230407715,332241,"2020-01-16","SPMA"
126.150230407715,126.150230407715,122.976638793945,124.563430786133,178725,"2020-01-17","SPMA"
125.356826782227,126.150230407715,120.59644317627,126.150230407715,14872,"2020-01-20","SPMA"
122.976638793945,125.356826782227,121.389839172363,124.563430786133,9074,"2020-01-21","SPMA"
124.563430786133,124.563430786133,123.770034790039,123.770034790039,43861,"2020-01-22","SPMA"
123.770034790039,123.770034790039,119.009651184082,122.976638793945,340308,"2020-01-23","SPMA"
119.009651184082,122.976638793945,119.009651184082,122.976638793945,50920,"2020-01-24","SPMA"
124.563430786133,124.563430786133,119.009651184082,123.770034790039,61759,"2020-01-27","SPMA"
122.976638793945,122.976638793945,122.976638793945,122.976638793945,756,"2020-01-28","SPMA"
122.976638793945,122.976638793945,119.009651184082,122.976638793945,28485,"2020-01-29","SPMA"
122.183242797852,122.976638793945,118.216247558594,118.216247558594,31005,"2020-01-30","SPMA"
122.976638793945,122.976638793945,116.629455566406,116.629455566406,26720,"2020-01-31","SPMA"
114.24925994873,122.976638793945,114.24925994873,122.183242797852,186791,"2020-02-03","SPMA"
114.24925994873,120.59644317627,113.455863952637,119.009651184082,242249,"2020-02-04","SPMA"
118.216247558594,119.803047180176,117.4228515625,118.216247558594,60247,"2020-02-05","SPMA"
122.976638793945,122.976638793945,118.216247558594,120.59644317627,62768,"2020-02-06","SPMA"
122.183242797852,122.183242797852,121.389839172363,121.389839172363,2016,"2020-02-07","SPMA"
122.183242797852,122.183242797852,115.042663574219,121.389839172363,20670,"2020-02-10","SPMA"
122.183242797852,122.183242797852,116.629455566406,121.389839172363,57978,"2020-02-11","SPMA"
115.042663574219,121.389839172363,115.042663574219,121.389839172363,20670,"2020-02-12","SPMA"
119.803047180176,119.803047180176,119.803047180176,119.803047180176,36299,"2020-02-13","SPMA"
119.803047180176,119.803047180176,115.042663574219,115.042663574219,56718,"2020-02-14","SPMA"
119.803047180176,121.389839172363,114.24925994873,121.389839172363,170658,"2020-02-17","SPMA"
116.629455566406,121.389839172363,115.836059570312,121.389839172363,35291,"2020-02-18","SPMA"
120.59644317627,121.389839172363,120.59644317627,120.59644317627,49407,"2020-02-19","SPMA"
120.59644317627,121.389839172363,120.59644317627,121.389839172363,126292,"2020-02-20","SPMA"
120.59644317627,120.59644317627,115.836059570312,117.4228515625,101840,"2020-02-21","SPMA"
121.389839172363,122.183242797852,115.836059570312,115.836059570312,98815,"2020-02-24","SPMA"
115.836059570312,121.389839172363,115.836059570312,120.59644317627,165868,"2020-02-25","SPMA"
115.836059570312,120.59644317627,115.836059570312,119.803047180176,120998,"2020-02-26","SPMA"
120.59644317627,122.183242797852,115.836059570312,115.836059570312,342829,"2020-02-27","SPMA"
115.836059570312,118.216247558594,107.108680725098,118.216247558594,74363,"2020-02-28","SPMA"
117.4228515625,119.009651184082,108.69548034668,117.4228515625,94782,"2020-03-02","SPMA"
119.009651184082,119.009651184082,118.216247558594,118.216247558594,2772,"2020-03-03","SPMA"
119.009651184082,119.009651184082,111.869071960449,116.629455566406,45626,"2020-03-04","SPMA"
119.009651184082,119.009651184082,112.662467956543,117.4228515625,107638,"2020-03-05","SPMA"
111.869071960449,116.629455566406,111.075668334961,113.455863952637,140912,"2020-03-06","SPMA"
111.075668334961,111.869071960449,107.108680725098,107.902084350586,590372,"2020-03-09","SPMA"
110.282272338867,110.282272338867,108.69548034668,109.488876342773,292413,"2020-03-10","SPMA"
107.902084350586,110.282272338867,107.902084350586,110.282272338867,75119,"2020-03-11","SPMA"
107.902084350586,107.902084350586,99.9681015014648,101.554901123047,42853,"2020-03-12","SPMA"
101.554901123047,101.554901123047,101.554901123047,101.554901123047,0,"2020-03-13","SPMA"
101.554901123047,101.554901123047,101.554901123047,101.554901123047,0,"2020-03-16","SPMA"
90.4473342895508,90.4473342895508,84.8935470581055,86.4803466796875,302748,"2020-03-17","SPMA"
81.7199554443359,91.2407302856445,80.9265594482422,91.2407302856445,198891,"2020-03-18","SPMA"
91.2407302856445,95.2077178955078,84.8935470581055,84.8935470581055,633982,"2020-03-19","SPMA"
89.653938293457,90.4473342895508,84.8935470581055,84.8935470581055,8066,"2020-03-20","SPMA"
83.306755065918,83.306755065918,80.9265594482422,83.306755065918,6554,"2020-03-23","SPMA"
83.306755065918,83.306755065918,83.306755065918,83.306755065918,0,"2020-03-24","SPMA"
95.2077178955078,95.2077178955078,83.306755065918,87.2737426757812,244013,"2020-03-26","SPMA"
91.2407302856445,95.2077178955078,91.2407302856445,92.0341262817383,91001,"2020-03-27","SPMA"
94.4143218994141,94.4143218994141,94.4143218994141,94.4143218994141,8822,"2020-03-30","SPMA"
94.4143218994141,98.3813095092773,94.4143218994141,95.2077178955078,1121757,"2020-03-31","SPMA"
95.2077178955078,104.728492736816,93.6209259033203,104.728492736816,231157,"2020-04-01","SPMA"
102.348297119141,102.348297119141,102.348297119141,102.348297119141,1512,"2020-04-02","SPMA"
102.348297119141,109.488876342773,102.348297119141,107.108680725098,11091,"2020-04-03","SPMA"
107.902084350586,107.902084350586,101.554901123047,101.554901123047,45374,"2020-04-06","SPMA"
101.554901123047,105.52188873291,101.554901123047,104.728492736816,52432,"2020-04-07","SPMA"
110.282272338867,110.282272338867,97.5879135131836,108.69548034668,22687,"2020-04-08","SPMA"
108.69548034668,108.69548034668,102.348297119141,108.69548034668,756,"2020-04-09","SPMA"
109.488876342773,115.042663574219,109.488876342773,114.24925994873,45122,"2020-04-13","SPMA"
115.042663574219,115.042663574219,107.108680725098,111.075668334961,9326,"2020-04-14","SPMA"
111.075668334961,111.075668334961,111.075668334961,111.075668334961,2268,"2020-04-15","SPMA"
111.075668334961,111.075668334961,111.075668334961,111.075668334961,2772,"2020-04-16","SPMA"
111.075668334961,111.075668334961,103.935096740723,103.935096740723,5041,"2020-04-17","SPMA"
111.075668334961,111.075668334961,109.488876342773,109.488876342773,13360,"2020-04-20","SPMA"
110.282272338867,110.282272338867,110.282272338867,110.282272338867,22939,"2020-04-21","SPMA"
110.282272338867,110.282272338867,110.282272338867,110.282272338867,0,"2020-04-22","SPMA"
109.488876342773,109.488876342773,109.488876342773,109.488876342773,3781,"2020-04-23","SPMA"
109.488876342773,109.488876342773,102.348297119141,102.348297119141,92765,"2020-04-24","SPMA"
102.348297119141,103.141693115234,97.5879135131836,103.141693115234,14116,"2020-04-27","SPMA"
103.141693115234,103.141693115234,99.1747055053711,103.141693115234,2016,"2020-04-28","SPMA"
103.141693115234,103.141693115234,98.3813095092773,98.3813095092773,29241,"2020-04-29","SPMA"
99.1747055053711,107.108680725098,99.1747055053711,106.315284729004,305773,"2020-04-30","SPMA"
111.075668334961,111.075668334961,105.52188873291,109.488876342773,14368,"2020-05-04","SPMA"
103.141693115234,109.488876342773,102.348297119141,109.488876342773,32518,"2020-05-05","SPMA"
109.488876342773,109.488876342773,109.488876342773,109.488876342773,3529,"2020-05-06","SPMA"
109.488876342773,111.075668334961,109.488876342773,111.075668334961,3529,"2020-05-08","SPMA"
110.282272338867,110.282272338867,104.728492736816,109.488876342773,1008,"2020-05-11","SPMA"
109.488876342773,111.075668334961,103.935096740723,110.282272338867,577012,"2020-05-12","SPMA"
104.728492736816,110.282272338867,103.935096740723,110.282272338867,50668,"2020-05-13","SPMA"
104.728492736816,110.282272338867,104.728492736816,110.282272338867,3781,"2020-05-14","SPMA"
105.52188873291,109.488876342773,104.728492736816,109.488876342773,11091,"2020-05-15","SPMA"
110.282272338867,111.075668334961,103.141693115234,106.315284729004,62768,"2020-05-18","SPMA"
106.315284729004,111.075668334961,106.315284729004,111.075668334961,2016,"2020-05-19","SPMA"
111.075668334961,111.075668334961,111.075668334961,111.075668334961,1260,"2020-05-20","SPMA"
111.075668334961,111.075668334961,111.075668334961,111.075668334961,5293,"2020-05-26","SPMA"
111.075668334961,111.075668334961,111.075668334961,111.075668334961,1008,"2020-05-27","SPMA"
107.902084350586,111.075668334961,107.902084350586,111.075668334961,140156,"2020-05-28","SPMA"
110.282272338867,111.075668334961,110.282272338867,110.282272338867,2772,"2020-05-29","SPMA"
111.075668334961,111.075668334961,106.315284729004,106.315284729004,11595,"2020-06-02","SPMA"
106.315284729004,110.282272338867,105.52188873291,108.69548034668,270230,"2020-06-03","SPMA"
110.282272338867,110.282272338867,106.315284729004,110.282272338867,41845,"2020-06-04","SPMA"
110.282272338867,110.282272338867,108.69548034668,108.69548034668,39828,"2020-06-05","SPMA"
108.69548034668,111.075668334961,108.69548034668,110.282272338867,13108,"2020-06-08","SPMA"
106.315284729004,110.282272338867,103.935096740723,103.935096740723,349635,"2020-06-09","SPMA"
111.075668334961,111.075668334961,110.282272338867,110.282272338867,2520,"2020-06-10","SPMA"
111.075668334961,111.075668334961,103.141693115234,103.141693115234,384422,"2020-06-11","SPMA"
110.282272338867,110.282272338867,110.282272338867,110.282272338867,1512,"2020-06-12","SPMA"
110.282272338867,110.282272338867,110.282272338867,110.282272338867,8318,"2020-06-15","SPMA"
104.728492736816,110.282272338867,104.728492736816,110.282272338867,2016,"2020-06-16","SPMA"
110.282272338867,110.282272338867,105.52188873291,110.282272338867,12099,"2020-06-17","SPMA"
105.52188873291,110.282272338867,105.52188873291,110.282272338867,2016,"2020-06-18","SPMA"
110.282272338867,110.282272338867,110.282272338867,110.282272338867,1764,"2020-06-19","SPMA"
104.728492736816,107.902084350586,103.141693115234,106.315284729004,389716,"2020-06-22","SPMA"
106.315284729004,109.488876342773,101.554901123047,109.488876342773,44870,"2020-06-23","SPMA"
108.69548034668,108.69548034668,103.141693115234,103.141693115234,5041,"2020-06-24","SPMA"
106.315284729004,106.315284729004,106.315284729004,106.315284729004,52180,"2020-06-25","SPMA"
105.52188873291,106.315284729004,103.141693115234,103.141693115234,263676,"2020-06-26","SPMA"
103.141693115234,107.108680725098,99.1747055053711,105.52188873291,15881,"2020-06-29","SPMA"
99.1747055053711,105.52188873291,99.1747055053711,105.52188873291,19662,"2020-06-30","SPMA"
103.935096740723,103.935096740723,100.761505126953,102.348297119141,33022,"2020-07-01","SPMA"
100.761505126953,100.761505126953,100.761505126953,100.761505126953,4789,"2020-07-02","SPMA"
100.761505126953,106.315284729004,96.7945175170898,103.935096740723,34787,"2020-07-03","SPMA"
98.3813095092773,102.348297119141,96.7945175170898,97.5879135131836,656165,"2020-07-06","SPMA"
103.141693115234,103.141693115234,101.554901123047,102.348297119141,6806,"2020-07-07","SPMA"
99.1747055053711,103.141693115234,99.1747055053711,103.141693115234,44618,"2020-07-08","SPMA"
103.935096740723,103.935096740723,102.348297119141,103.141693115234,169398,"2020-07-09","SPMA"
103.141693115234,103.141693115234,103.141693115234,103.141693115234,63020,"2020-07-10","SPMA"
103.141693115234,104.728492736816,100.761505126953,103.935096740723,183010,"2020-07-13","SPMA"
103.141693115234,103.141693115234,103.141693115234,103.141693115234,1260,"2020-07-14","SPMA"
103.935096740723,104.728492736816,103.935096740723,104.728492736816,2772,"2020-07-15","SPMA"
103.141693115234,103.141693115234,98.3813095092773,102.348297119141,59743,"2020-07-16","SPMA"
102.348297119141,102.348297119141,101.554901123047,101.554901123047,50416,"2020-07-17","SPMA"
99.1747055053711,100.761505126953,97.5879135131836,97.5879135131836,156541,"2020-07-20","SPMA"
102.348297119141,102.348297119141,102.348297119141,102.348297119141,252,"2020-07-21","SPMA"
102.348297119141,102.348297119141,97.5879135131836,100.761505126953,612807,"2020-07-22","SPMA"
100.761505126953,102.348297119141,99.9681015014648,102.348297119141,273255,"2020-07-23","SPMA"
103.141693115234,105.52188873291,100.761505126953,100.761505126953,160071,"2020-07-24","SPMA"
100.761505126953,100.761505126953,95.2077178955078,97.5879135131836,147467,"2020-07-27","SPMA"
103.141693115234,103.935096740723,98.3813095092773,99.1747055053711,37559,"2020-07-28","SPMA"
99.1747055053711,103.141693115234,97.5879135131836,97.5879135131836,164860,"2020-07-29","SPMA"
99.9681015014648,100.761505126953,99.1747055053711,99.9681015014648,348375,"2020-07-30","SPMA"
99.1747055053711,99.9681015014648,93.6209259033203,96.0011138916016,323419,"2020-08-03","SPMA"
96.0011138916016,97.5879135131836,96.0011138916016,96.7945175170898,50416,"2020-08-04","SPMA"
97.5879135131836,97.5879135131836,96.7945175170898,97.5879135131836,195362,"2020-08-05","SPMA"
97.5879135131836,100.761505126953,97.5879135131836,99.1747055053711,286867,"2020-08-06","SPMA"
99.1747055053711,103.141693115234,99.1747055053711,102.348297119141,80665,"2020-08-07","SPMA"
102.348297119141,103.141693115234,99.9681015014648,100.761505126953,22939,"2020-08-10","SPMA"
103.141693115234,103.141693115234,101.554901123047,101.554901123047,154525,"2020-08-11","SPMA"
102.348297119141,102.348297119141,101.554901123047,102.348297119141,19158,"2020-08-12","SPMA"
103.141693115234,103.935096740723,102.348297119141,102.348297119141,49407,"2020-08-13","SPMA"
103.935096740723,103.935096740723,101.554901123047,101.554901123047,21678,"2020-08-14","SPMA"
101.554901123047,103.141693115234,99.9681015014648,103.141693115234,170406,"2020-08-18","SPMA"
103.141693115234,103.141693115234,102.348297119141,103.141693115234,50163,"2020-08-19","SPMA"
103.141693115234,103.141693115234,103.141693115234,103.141693115234,17645,"2020-08-24","SPMA"
103.141693115234,105.52188873291,100.761505126953,104.728492736816,139400,"2020-08-25","SPMA"
104.728492736816,104.728492736816,102.348297119141,104.728492736816,42349,"2020-08-26","SPMA"
104.728492736816,104.728492736816,101.554901123047,104.728492736816,62768,"2020-08-27","SPMA"
104.728492736816,104.728492736816,103.935096740723,103.935096740723,2016,"2020-08-28","SPMA"
103.935096740723,103.935096740723,101.554901123047,103.141693115234,28485,"2020-08-31","SPMA"
100.761505126953,103.141693115234,100.761505126953,101.554901123047,192337,"2020-09-01","SPMA"
100.761505126953,103.141693115234,99.9681015014648,99.9681015014648,51676,"2020-09-02","SPMA"
101.554901123047,103.141693115234,99.1747055053711,99.9681015014648,301740,"2020-09-03","SPMA"
103.141693115234,103.141693115234,101.554901123047,103.141693115234,28233,"2020-09-04","SPMA"
103.141693115234,105.52188873291,103.141693115234,105.52188873291,135619,"2020-09-07","SPMA"
106.315284729004,114.24925994873,105.52188873291,112.662467956543,1596929,"2020-09-08","SPMA"
111.075668334961,115.836059570312,109.488876342773,111.075668334961,60499,"2020-09-09","SPMA"
107.108680725098,111.075668334961,103.935096740723,105.52188873291,68817,"2020-09-10","SPMA"
100.761505126953,114.24925994873,100.761505126953,111.075668334961,123267,"2020-09-11","SPMA"
114.24925994873,114.24925994873,111.869071960449,112.662467956543,110663,"2020-09-14","SPMA"
112.662467956543,113.455863952637,111.075668334961,113.455863952637,44366,"2020-09-15","SPMA"
113.455863952637,113.455863952637,107.108680725098,107.108680725098,59490,"2020-09-16","SPMA"
115.042663574219,115.836059570312,107.902084350586,115.042663574219,1159317,"2020-09-17","SPMA"
115.836059570312,119.009651184082,111.869071960449,115.836059570312,1586089,"2020-09-18","SPMA"
114.24925994873,119.009651184082,111.075668334961,114.24925994873,1922113,"2020-09-21","SPMA"
114.24925994873,116.629455566406,113.455863952637,115.042663574219,440888,"2020-09-22","SPMA"
114.24925994873,116.629455566406,107.108680725098,107.108680725098,734562,"2020-09-23","SPMA"
107.108680725098,114.24925994873,103.935096740723,108.69548034668,520546,"2020-09-24","SPMA"
111.075668334961,114.24925994873,103.141693115234,113.455863952637,515756,"2020-09-25","SPMA"
113.455863952637,115.042663574219,109.488876342773,114.24925994873,2496604,"2020-09-28","SPMA"
114.24925994873,114.24925994873,110.282272338867,114.24925994873,1764,"2020-09-29","SPMA"
114.24925994873,114.24925994873,107.902084350586,112.662467956543,410134,"2020-09-30","SPMA"
108.69548034668,111.869071960449,107.108680725098,111.075668334961,12351,"2020-10-01","SPMA"
111.075668334961,114.24925994873,105.52188873291,112.662467956543,1231664,"2020-10-02","SPMA"
112.662467956543,112.662467956543,112.662467956543,112.662467956543,504,"2020-10-05","SPMA"
114.24925994873,114.24925994873,107.902084350586,113.455863952637,1030504,"2020-10-06","SPMA"
112.662467956543,113.455863952637,112.662467956543,113.455863952637,4789,"2020-10-07","SPMA"
113.455863952637,113.455863952637,113.455863952637,113.455863952637,2772,"2020-10-08","SPMA"
113.455863952637,114.24925994873,108.69548034668,113.455863952637,83438,"2020-10-09","SPMA"
113.455863952637,113.455863952637,111.075668334961,111.075668334961,133098,"2020-10-12","SPMA"
111.075668334961,113.455863952637,111.075668334961,111.075668334961,22939,"2020-10-13","SPMA"
112.662467956543,112.662467956543,111.075668334961,111.075668334961,186791,"2020-10-14","SPMA"
111.075668334961,112.662467956543,111.075668334961,111.075668334961,5545,"2020-10-15","SPMA"
111.075668334961,112.662467956543,111.075668334961,111.075668334961,5041,"2020-10-16","SPMA"
113.455863952637,115.042663574219,110.282272338867,111.869071960449,142425,"2020-10-19","SPMA"
110.282272338867,112.662467956543,109.488876342773,109.488876342773,5797,"2020-10-20","SPMA"
112.662467956543,112.662467956543,109.488876342773,109.488876342773,960930,"2020-10-21","SPMA"
111.075668334961,112.662467956543,109.488876342773,110.282272338867,198891,"2020-10-22","SPMA"
110.282272338867,111.869071960449,110.282272338867,110.282272338867,26972,"2020-10-23","SPMA"
111.869071960449,111.869071960449,107.902084350586,111.869071960449,1045125,"2020-10-26","SPMA"
107.902084350586,111.075668334961,107.902084350586,111.075668334961,82934,"2020-10-27","SPMA"
111.075668334961,111.075668334961,107.902084350586,111.075668334961,68313,"2020-11-02","SPMA"
111.075668334961,111.075668334961,111.075668334961,111.075668334961,5041,"2020-11-03","SPMA"
111.869071960449,111.869071960449,111.869071960449,111.869071960449,436603,"2020-11-04","SPMA"
111.869071960449,114.24925994873,111.869071960449,111.869071960449,53945,"2020-11-05","SPMA"
111.869071960449,116.629455566406,111.075668334961,115.836059570312,276532,"2020-11-06","SPMA"
115.836059570312,116.629455566406,111.869071960449,115.836059570312,362743,"2020-11-09","SPMA"
115.836059570312,115.836059570312,115.836059570312,115.836059570312,38820,"2020-11-10","SPMA"
115.836059570312,119.009651184082,115.836059570312,117.4228515625,173683,"2020-11-11","SPMA"
117.4228515625,117.4228515625,115.042663574219,116.629455566406,44366,"2020-11-12","SPMA"
119.009651184082,120.59644317627,117.4228515625,119.803047180176,1009834,"2020-11-13","SPMA"
119.009651184082,133.290802001953,119.009651184082,130.117218017578,822034,"2020-11-16","SPMA"
130.117218017578,130.117218017578,123.770034790039,123.770034790039,583314,"2020-11-17","SPMA"
123.770034790039,130.910614013672,123.770034790039,126.150230407715,773382,"2020-11-18","SPMA"
129.323822021484,129.323822021484,126.150230407715,128.530426025391,160575,"2020-11-19","SPMA"
128.530426025391,128.530426025391,125.356826782227,125.356826782227,281573,"2020-11-20","SPMA"
129.323822021484,130.910614013672,125.356826782227,130.117218017578,545249,"2020-11-23","SPMA"
129.323822021484,130.910614013672,126.150230407715,130.910614013672,333250,"2020-11-24","SPMA"
130.910614013672,134.87760925293,130.910614013672,133.290802001953,446434,"2020-11-25","SPMA"
134.87760925293,134.87760925293,130.117218017578,133.290802001953,99823,"2020-11-26","SPMA"
129.323822021484,133.290802001953,129.323822021484,129.323822021484,167885,"2020-11-27","SPMA"
132.497406005859,132.497406005859,126.943626403809,130.910614013672,626419,"2020-11-30","SPMA"
130.910614013672,130.910614013672,126.943626403809,130.910614013672,31257,"2020-12-01","SPMA"
130.910614013672,130.910614013672,130.910614013672,130.910614013672,756,"2020-12-02","SPMA"
126.943626403809,130.910614013672,126.943626403809,126.943626403809,26720,"2020-12-03","SPMA"
129.323822021484,129.323822021484,122.976638793945,128.530426025391,33526,"2020-12-04","SPMA"
130.910614013672,132.497406005859,122.976638793945,130.910614013672,775651,"2020-12-07","SPMA"
131.704010009766,131.704010009766,130.117218017578,130.117218017578,25460,"2020-12-08","SPMA"
126.943626403809,126.943626403809,122.976638793945,122.976638793945,356441,"2020-12-10","SPMA"
122.976638793945,125.356826782227,121.389839172363,125.356826782227,29745,"2020-12-11","SPMA"
125.356826782227,129.323822021484,125.356826782227,129.323822021484,11595,"2020-12-14","SPMA"
129.323822021484,129.323822021484,123.770034790039,129.323822021484,6302,"2020-12-15","SPMA"
129.323822021484,129.323822021484,129.323822021484,129.323822021484,0,"2020-12-16","SPMA"
129.323822021484,129.323822021484,120.59644317627,121.389839172363,205193,"2020-12-17","SPMA"
126.943626403809,126.943626403809,122.976638793945,125.356826782227,13360,"2020-12-18","SPMA"
126.943626403809,126.943626403809,122.976638793945,122.976638793945,69322,"2020-12-21","SPMA"
128.530426025391,128.530426025391,123.770034790039,124.563430786133,36551,"2020-12-22","SPMA"
124.563430786133,126.943626403809,122.976638793945,126.150230407715,54449,"2020-12-23","SPMA"
126.150230407715,126.150230407715,119.009651184082,125.356826782227,46886,"2020-12-28","SPMA"
126.943626403809,127.737022399902,125.356826782227,127.737022399902,133854,"2020-12-29","SPMA"
126.943626403809,126.943626403809,122.976638793945,122.976638793945,203428,"2020-12-30","SPMA"
126.150230407715,126.150230407715,119.803047180176,126.150230407715,8822,"2021-01-04","SPMA"
126.943626403809,126.943626403809,119.009651184082,119.009651184082,180237,"2021-01-05","SPMA"
119.009651184082,122.976638793945,118.216247558594,120.59644317627,261659,"2021-01-06","SPMA"
120.59644317627,122.183242797852,119.009651184082,119.803047180176,1610289,"2021-01-07","SPMA"
119.803047180176,126.150230407715,119.803047180176,120.59644317627,124023,"2021-01-08","SPMA"
121.389839172363,126.150230407715,120.59644317627,125.356826782227,89488,"2021-01-11","SPMA"
125.356826782227,126.943626403809,121.389839172363,122.183242797852,22939,"2021-01-12","SPMA"
122.183242797852,126.943626403809,119.009651184082,126.150230407715,97303,"2021-01-13","SPMA"
122.183242797852,125.356826782227,122.183242797852,125.356826782227,18906,"2021-01-14","SPMA"
123.770034790039,126.150230407715,123.770034790039,126.150230407715,69322,"2021-01-15","SPMA"
126.943626403809,127.737022399902,122.183242797852,126.150230407715,57726,"2021-01-18","SPMA"
119.009651184082,125.356826782227,119.009651184082,122.976638793945,260903,"2021-01-19","SPMA"
119.803047180176,120.59644317627,118.216247558594,119.803047180176,559870,"2021-01-20","SPMA"
119.803047180176,120.59644317627,119.009651184082,119.803047180176,96798,"2021-01-21","SPMA"
119.803047180176,122.183242797852,119.009651184082,119.803047180176,175195,"2021-01-22","SPMA"
119.803047180176,119.803047180176,118.216247558594,119.009651184082,463575,"2021-01-25","SPMA"
119.009651184082,119.803047180176,116.629455566406,116.629455566406,219562,"2021-01-26","SPMA"
116.629455566406,119.803047180176,115.042663574219,116.629455566406,43105,"2021-01-27","SPMA"
119.009651184082,119.009651184082,109.488876342773,109.488876342773,120746,"2021-01-28","SPMA"
114.24925994873,114.24925994873,110.282272338867,114.24925994873,242249,"2021-01-29","SPMA"
114.24925994873,117.4228515625,114.24925994873,117.4228515625,12351,"2021-02-01","SPMA"
117.4228515625,119.009651184082,117.4228515625,119.009651184082,10083,"2021-02-02","SPMA"
117.4228515625,118.216247558594,117.4228515625,117.4228515625,9326,"2021-02-03","SPMA"
115.042663574219,119.803047180176,111.075668334961,119.803047180176,924630,"2021-02-04","SPMA"
119.803047180176,121.389839172363,119.009651184082,120.59644317627,83942,"2021-02-05","SPMA"
120.59644317627,121.389839172363,118.216247558594,119.009651184082,151500,"2021-02-08","SPMA"
119.009651184082,120.59644317627,118.216247558594,119.803047180176,1678099,"2021-02-09","SPMA"
119.803047180176,123.770034790039,119.803047180176,120.59644317627,62263,"2021-02-10","SPMA"
120.59644317627,123.770034790039,120.59644317627,123.770034790039,14368,"2021-02-11","SPMA"
123.770034790039,125.356826782227,123.770034790039,124.563430786133,160575,"2021-02-15","SPMA"
124.563430786133,124.563430786133,122.183242797852,122.976638793945,67305,"2021-02-16","SPMA"
122.183242797852,122.976638793945,122.183242797852,122.976638793945,4033,"2021-02-17","SPMA"
119.009651184082,122.976638793945,119.009651184082,122.976638793945,12856,"2021-02-18","SPMA"
122.976638793945,122.976638793945,117.4228515625,119.803047180176,174439,"2021-02-19","SPMA"
119.009651184082,119.803047180176,119.009651184082,119.009651184082,47895,"2021-02-22","SPMA"
119.009651184082,121.389839172363,119.009651184082,121.389839172363,8066,"2021-02-23","SPMA"
121.389839172363,122.183242797852,121.389839172363,121.389839172363,37559,"2021-02-24","SPMA"
121.389839172363,133.290802001953,121.389839172363,133.290802001953,27980,"2021-02-25","SPMA"
133.290802001953,133.290802001953,124.563430786133,125.356826782227,146458,"2021-02-26","SPMA"
124.563430786133,124.563430786133,121.389839172363,124.563430786133,8066,"2021-03-01","SPMA"
124.563430786133,124.563430786133,120.59644317627,122.183242797852,84446,"2021-03-02","SPMA"
122.183242797852,122.183242797852,121.389839172363,121.389839172363,8066,"2021-03-03","SPMA"
121.389839172363,122.976638793945,121.389839172363,122.183242797852,69322,"2021-03-04","SPMA"
122.183242797852,122.976638793945,121.389839172363,121.389839172363,10587,"2021-03-05","SPMA"
122.976638793945,123.770034790039,121.389839172363,122.976638793945,40584,"2021-03-08","SPMA"
122.976638793945,125.356826782227,122.976638793945,122.976638793945,82934,"2021-03-09","SPMA"
122.976638793945,126.150230407715,122.976638793945,124.563430786133,13108,"2021-03-10","SPMA"
124.563430786133,124.563430786133,124.563430786133,124.563430786133,29745,"2021-03-12","SPMA"
124.563430786133,125.356826782227,123.770034790039,124.563430786133,58734,"2021-03-15","SPMA"
124.563430786133,125.356826782227,124.563430786133,125.356826782227,18906,"2021-03-16","SPMA"
124.563430786133,124.563430786133,123.770034790039,123.770034790039,21426,"2021-03-17","SPMA"
126.150230407715,126.150230407715,123.770034790039,124.563430786133,13360,"2021-03-18","SPMA"
124.563430786133,125.356826782227,124.563430786133,125.356826782227,63272,"2021-03-19","SPMA"
124.563430786133,126.943626403809,124.563430786133,125.356826782227,15881,"2021-03-22","SPMA"
124.563430786133,125.356826782227,124.563430786133,124.563430786133,53188,"2021-03-23","SPMA"
125.356826782227,125.356826782227,123.770034790039,125.356826782227,1078652,"2021-03-24","SPMA"
125.356826782227,125.356826782227,124.563430786133,125.356826782227,101336,"2021-03-25","SPMA"
126.943626403809,149.952163696289,126.943626403809,146.778564453125,32089582,"2021-03-26","SPMA"
149.158752441406,178.51448059082,148.365356445312,157.886138916016,13461093,"2021-03-29","SPMA"
157.886138916016,166.613510131836,154.712539672852,157.886138916016,1678603,"2021-03-30","SPMA"
157.092742919922,161.059722900391,147.571960449219,153.919143676758,2450473,"2021-03-31","SPMA"
154.712539672852,154.712539672852,146.778564453125,147.571960449219,1928667,"2021-04-01","SPMA"
148.365356445312,153.919143676758,147.571960449219,149.158752441406,1484501,"2021-04-05","SPMA"
149.158752441406,157.092742919922,149.158752441406,155.505935668945,982105,"2021-04-06","SPMA"
155.505935668945,162.646514892578,153.919143676758,157.092742919922,1385685,"2021-04-07","SPMA"
157.092742919922,162.646514892578,157.092742919922,158.679534912109,335771,"2021-04-08","SPMA"
158.679534912109,164.233322143555,158.679534912109,164.233322143555,1088231,"2021-04-09","SPMA"
165.820114135742,176.13427734375,164.233322143555,169.787094116211,3351156,"2021-04-12","SPMA"
172.960693359375,176.13427734375,165.820114135742,167.40690612793,1462822,"2021-04-13","SPMA"
167.40690612793,170.580490112305,162.646514892578,166.613510131836,1174694,"2021-04-14","SPMA"
166.613510131836,176.13427734375,166.613510131836,168.993698120117,974038,"2021-04-15","SPMA"
168.993698120117,168.993698120117,166.613510131836,167.40690612793,284850,"2021-04-16","SPMA"
167.40690612793,167.40690612793,164.233322143555,164.233322143555,733806,"2021-04-19","SPMA"
164.233322143555,165.026718139648,163.439910888672,164.233322143555,230653,"2021-04-20","SPMA"
164.233322143555,167.40690612793,163.439910888672,165.820114135742,301992,"2021-04-21","SPMA"
165.820114135742,165.820114135742,159.472930908203,160.266326904297,662719,"2021-04-22","SPMA"
160.266326904297,167.40690612793,159.472930908203,166.613510131836,511219,"2021-04-23","SPMA"
167.40690612793,168.200302124023,163.439910888672,165.026718139648,436855,"2021-04-26","SPMA"
170.580490112305,206.283386230469,170.580490112305,206.283386230469,8903983,"2021-04-27","SPMA"
226.11833190918,255.870742797852,218.184356689453,230.085327148438,28996052,"2021-04-28","SPMA"
230.085327148438,234.052307128906,214.217361450195,224.134841918945,4938002,"2021-04-29","SPMA"
224.134841918945,234.052307128906,210.250381469727,216.200866699219,4255873,"2021-04-30","SPMA"
220.167846679688,245.953277587891,216.200866699219,232.068817138672,6827093,"2021-05-03","SPMA"
236.035797119141,243.969787597656,226.11833190918,238.019302368164,5000014,"2021-05-04","SPMA"
238.019302368164,241.986282348633,222.151351928711,226.11833190918,3167390,"2021-05-05","SPMA"
214.217361450195,232.068817138672,214.217361450195,220.167846679688,1456268,"2021-05-06","SPMA"
220.167846679688,232.068817138672,216.200866699219,220.167846679688,524831,"2021-05-07","SPMA"
220.167846679688,228.101821899414,214.217361450195,228.101821899414,956393,"2021-05-10","SPMA"
228.101821899414,236.035797119141,224.134841918945,232.068817138672,1765571,"2021-05-11","SPMA"
232.068817138672,232.068817138672,216.200866699219,218.184356689453,1911273,"2021-05-17","SPMA"
220.167846679688,226.11833190918,218.184356689453,224.134841918945,1181752,"2021-05-18","SPMA"
218.184356689453,224.134841918945,218.184356689453,222.151351928711,367029,"2021-05-19","SPMA"
222.151351928711,226.11833190918,214.217361450195,220.167846679688,1371569,"2021-05-20","SPMA"
218.184356689453,220.167846679688,210.250381469727,218.184356689453,1398289,"2021-05-21","SPMA"
220.167846679688,220.167846679688,204.299896240234,216.200866699219,1720952,"2021-05-24","SPMA"
216.200866699219,216.200866699219,202.31640625,206.283386230469,2032272,"2021-05-25","SPMA"
206.283386230469,210.250381469727,204.299896240234,206.283386230469,630201,"2021-05-27","SPMA"
206.283386230469,216.200866699219,206.283386230469,216.200866699219,952863,"2021-05-28","SPMA"
224.134841918945,241.986282348633,216.200866699219,241.986282348633,4668781,"2021-05-31","SPMA"
259.837738037109,261.821228027344,230.085327148438,247.936767578125,8842980,"2021-06-02","SPMA"
247.936767578125,253.887252807617,236.035797119141,240.002792358398,4221338,"2021-06-03","SPMA"
240.002792358398,245.953277587891,232.068817138672,245.953277587891,1550798,"2021-06-04","SPMA"
245.953277587891,251.903762817383,236.035797119141,241.986282348633,1578527,"2021-06-07","SPMA"
249.920257568359,251.903762817383,232.068817138672,240.002792358398,3264945,"2021-06-08","SPMA"
240.002792358398,240.002792358398,228.101821899414,228.101821899414,2246288,"2021-06-09","SPMA"
234.052307128906,238.019302368164,218.184356689453,224.134841918945,3003033,"2021-06-10","SPMA"
230.085327148438,230.085327148438,224.134841918945,226.11833190918,1846488,"2021-06-11","SPMA"
230.085327148438,234.052307128906,226.11833190918,230.085327148438,3914304,"2021-06-14","SPMA"
230.085327148438,232.068817138672,218.184356689453,218.184356689453,3881533,"2021-06-15","SPMA"
212.233871459961,214.217361450195,206.283386230469,208.266891479492,2751457,"2021-06-16","SPMA"
208.266891479492,226.11833190918,206.283386230469,220.167846679688,2749945,"2021-06-17","SPMA"
220.167846679688,226.11833190918,206.283386230469,210.250381469727,1084197,"2021-06-18","SPMA"
206.283386230469,210.250381469727,200.332916259766,206.283386230469,886314,"2021-06-21","SPMA"
210.250381469727,222.151351928711,210.250381469727,212.233871459961,1004792,"2021-06-22","SPMA"
214.217361450195,226.11833190918,210.250381469727,212.233871459961,2120752,"2021-06-23","SPMA"
212.233871459961,216.200866699219,206.283386230469,210.250381469727,832873,"2021-06-24","SPMA"
210.250381469727,216.200866699219,210.250381469727,214.217361450195,1605500,"2021-06-25","SPMA"
216.200866699219,218.184356689453,200.332916259766,208.266891479492,1988914,"2021-06-28","SPMA"
209.456985473633,212.598831176758,194.794998168945,197.93684387207,2758752,"2021-06-29","SPMA"
198.984130859375,213.646118164062,198.984130859375,207.362411499023,1145438,"2021-06-30","SPMA"
207.362411499023,213.646118164062,201.078704833984,201.078704833984,2057701,"2021-07-01","SPMA"
201.078704833984,207.362411499023,198.984130859375,198.984130859375,893357,"2021-07-02","SPMA"
197.93684387207,206.315124511719,196.889556884766,198.984130859375,1231947,"2021-07-05","SPMA"
198.984130859375,205.267837524414,196.889556884766,198.984130859375,616451,"2021-07-06","SPMA"
200.03141784668,200.03141784668,193.747711181641,197.93684387207,1003547,"2021-07-07","SPMA"
198.984130859375,198.984130859375,188.511291503906,188.511291503906,3788653,"2021-07-08","SPMA"
188.511291503906,188.511291503906,178.038436889648,178.038436889648,3070224,"2021-07-09","SPMA"
179.085723876953,181.180282592773,170.707443237305,176.991149902344,940909,"2021-07-12","SPMA"
176.991149902344,176.991149902344,171.754730224609,173.84928894043,1320939,"2021-07-13","SPMA"
174.896575927734,183.274856567383,170.707443237305,171.754730224609,1063511,"2021-07-14","SPMA"
173.84928894043,173.84928894043,163.376449584961,165.47102355957,2683319,"2021-07-15","SPMA"
165.47102355957,167.565582275391,162.329162597656,164.423736572266,2161016,"2021-07-16","SPMA"
164.423736572266,168.612869262695,162.329162597656,164.423736572266,1137226,"2021-07-19","SPMA"
163.376449584961,172.802017211914,163.376449584961,168.612869262695,1671942,"2021-07-21","SPMA"
169.66015625,173.84928894043,168.612869262695,171.754730224609,809330,"2021-07-22","SPMA"
171.754730224609,173.84928894043,170.707443237305,171.754730224609,801692,"2021-07-23","SPMA"
172.802017211914,176.991149902344,170.707443237305,171.754730224609,1038112,"2021-07-26","SPMA"
171.754730224609,173.84928894043,164.423736572266,167.565582275391,474751,"2021-07-27","SPMA"
168.612869262695,202.125991821289,168.612869262695,195.84228515625,15690286,"2021-07-28","SPMA"
203.173278808594,235.639099121094,195.84228515625,204.220550537109,36868095,"2021-07-29","SPMA"
209.456985473633,210.504272460938,193.747711181641,195.84228515625,7126427,"2021-07-30","SPMA"
195.84228515625,197.93684387207,183.274856567383,185.369430541992,3371766,"2021-08-02","SPMA"
184.322143554688,194.794998168945,180.133010864258,188.511291503906,1654946,"2021-08-03","SPMA"
188.511291503906,194.794998168945,183.274856567383,186.416717529297,1639095,"2021-08-04","SPMA"
186.416717529297,189.558563232422,184.322143554688,184.322143554688,1458055,"2021-08-05","SPMA"
184.322143554688,188.511291503906,182.227569580078,183.274856567383,895840,"2021-08-06","SPMA"
183.274856567383,186.416717529297,181.180282592773,182.227569580078,1195472,"2021-08-09","SPMA"
183.274856567383,188.511291503906,180.133010864258,184.322143554688,909017,"2021-08-10","SPMA"
187.464004516602,188.511291503906,182.227569580078,183.274856567383,933461,"2021-08-12","SPMA"
183.274856567383,193.747711181641,181.180282592773,187.464004516602,1794736,"2021-08-13","SPMA"
187.464004516602,192.700424194336,187.464004516602,187.464004516602,1618470,"2021-08-16","SPMA"
187.464004516602,187.464004516602,176.991149902344,181.180282592773,1916002,"2021-08-18","SPMA"
181.180282592773,186.416717529297,180.133010864258,182.227569580078,850389,"2021-08-19","SPMA"
182.227569580078,186.416717529297,181.180282592773,183.274856567383,499577,"2021-08-20","SPMA"
183.274856567383,186.416717529297,179.085723876953,185.369430541992,1807531,"2021-08-23","SPMA"
186.416717529297,190.605850219727,185.369430541992,185.369430541992,723394,"2021-08-24","SPMA"
186.416717529297,190.605850219727,186.416717529297,189.558563232422,2289157,"2021-08-25","SPMA"
190.605850219727,209.456985473633,190.605850219727,196.889556884766,10327275,"2021-08-26","SPMA"
200.03141784668,210.504272460938,193.747711181641,193.747711181641,6161265,"2021-08-27","SPMA"
194.794998168945,197.93684387207,190.605850219727,190.605850219727,1975011,"2021-08-30","SPMA"
190.605850219727,196.889556884766,186.416717529297,192.700424194336,1371164,"2021-08-31","SPMA"
192.700424194336,196.889556884766,189.558563232422,189.558563232422,1483263,"2021-09-01","SPMA"
190.605850219727,192.700424194336,187.464004516602,191.653137207031,1401337,"2021-09-02","SPMA"
191.653137207031,192.700424194336,189.558563232422,191.653137207031,529368,"2021-09-03","SPMA"
191.653137207031,191.653137207031,188.511291503906,190.605850219727,731797,"2021-09-06","SPMA"
190.605850219727,192.700424194336,190.605850219727,191.653137207031,774956,"2021-09-07","SPMA"
191.653137207031,195.84228515625,191.653137207031,191.653137207031,1297259,"2021-09-08","SPMA"
191.653137207031,191.653137207031,188.511291503906,190.605850219727,941673,"2021-09-09","SPMA"
189.558563232422,190.605850219727,187.464004516602,187.464004516602,1332397,"2021-09-10","SPMA"
187.464004516602,190.605850219727,187.464004516602,187.464004516602,466157,"2021-09-13","SPMA"
187.464004516602,189.558563232422,187.464004516602,189.558563232422,510653,"2021-09-14","SPMA"
189.558563232422,191.653137207031,188.511291503906,188.511291503906,758532,"2021-09-15","SPMA"
188.511291503906,189.558563232422,187.464004516602,188.511291503906,479907,"2021-09-16","SPMA"
188.511291503906,190.605850219727,187.464004516602,188.511291503906,313954,"2021-09-17","SPMA"
188.511291503906,188.511291503906,181.180282592773,182.227569580078,2209713,"2021-09-20","SPMA"
182.227569580078,183.274856567383,179.085723876953,183.274856567383,764070,"2021-09-21","SPMA"
183.274856567383,188.511291503906,180.133010864258,184.322143554688,3091231,"2021-09-22","SPMA"
184.322143554688,184.322143554688,179.085723876953,181.180282592773,717856,"2021-09-23","SPMA"
181.180282592773,183.274856567383,180.133010864258,180.133010864258,689019,"2021-09-24","SPMA"
180.133010864258,181.180282592773,179.085723876953,180.133010864258,659037,"2021-09-27","SPMA"
180.133010864258,181.180282592773,178.038436889648,178.038436889648,1224881,"2021-09-28","SPMA"
178.038436889648,186.416717529297,178.038436889648,183.274856567383,1762653,"2021-09-29","SPMA"
183.274856567383,190.605850219727,183.274856567383,189.558563232422,3263677,"2021-09-30","SPMA"
190.605850219727,192.700424194336,186.416717529297,187.464004516602,1315210,"2021-10-01","SPMA"
187.464004516602,188.511291503906,185.369430541992,188.511291503906,1456719,"2021-10-04","SPMA"
189.558563232422,189.558563232422,184.322143554688,187.464004516602,707925,"2021-10-05","SPMA"
187.464004516602,188.511291503906,184.322143554688,185.369430541992,741345,"2021-10-06","SPMA"
186.416717529297,186.416717529297,184.322143554688,185.369430541992,702960,"2021-10-07","SPMA"
186.416717529297,198.984130859375,186.416717529297,187.464004516602,2128933,"2021-10-08","SPMA"
189.558563232422,189.558563232422,185.369430541992,187.464004516602,604992,"2021-10-11","SPMA"
187.464004516602,189.558563232422,187.464004516602,189.558563232422,1064275,"2021-10-12","SPMA"
190.605850219727,191.653137207031,189.558563232422,189.558563232422,1202920,"2021-10-13","SPMA"
189.558563232422,191.653137207031,185.369430541992,190.605850219727,984259,"2021-10-14","SPMA"
189.558563232422,190.605850219727,188.511291503906,189.558563232422,261246,"2021-10-15","SPMA"
189.558563232422,193.747711181641,189.558563232422,190.605850219727,1000682,"2021-10-18","SPMA"
190.605850219727,191.653137207031,187.464004516602,189.558563232422,1895950,"2021-10-19","SPMA"
190.605850219727,195.84228515625,190.605850219727,193.747711181641,2178012,"2021-10-21","SPMA"
193.747711181641,194.794998168945,189.558563232422,192.700424194336,3545930,"2021-10-22","SPMA"
191.653137207031,194.794998168945,190.605850219727,192.700424194336,997818,"2021-10-25","SPMA"
194.794998168945,194.794998168945,190.605850219727,191.653137207031,435411,"2021-10-26","SPMA"
191.653137207031,194.794998168945,189.558563232422,191.653137207031,2650663,"2021-10-27","SPMA"
191.653137207031,192.700424194336,189.558563232422,189.558563232422,773428,"2021-10-28","SPMA"
189.558563232422,198.984130859375,189.558563232422,192.700424194336,577111,"2021-10-29","SPMA"
204.220550537109,230.402679443359,198.984130859375,220.977111816406,13499287,"2021-11-01","SPMA"
220.977111816406,223.071685791016,209.456985473633,213.646118164062,8106867,"2021-11-02","SPMA"
214.693405151367,214.693405151367,203.173278808594,208.409698486328,5917205,"2021-11-03","SPMA"
209.456985473633,219.929824829102,207.362411499023,213.646118164062,12500132,"2021-11-04","SPMA"
214.693405151367,226.21354675293,214.693405151367,220.977111816406,9211056,"2021-11-05","SPMA"
222.024398803711,246.111953735352,222.024398803711,246.111953735352,16825984,"2021-11-08","SPMA"
248.206527709961,285.385131835938,247.159240722656,272.294067382812,19774370,"2021-11-09","SPMA"
277.530487060547,277.530487060547,258.679382324219,267.057647705078,5968576,"2021-11-10","SPMA"
269.675872802734,269.675872802734,257.632080078125,261.821228027344,3536573,"2021-11-11","SPMA"
267.057647705078,267.057647705078,258.679382324219,259.726654052734,3074426,"2021-11-12","SPMA"
264.439453125,264.439453125,255.537521362305,255.537521362305,2987916,"2021-11-15","SPMA"
255.537521362305,258.679382324219,239.828247070312,251.348373413086,5124107,"2021-11-16","SPMA"
253.442947387695,258.679382324219,251.348373413086,256.584808349609,1317502,"2021-11-17","SPMA"
259.726654052734,261.821228027344,249.253814697266,260.773956298828,2176485,"2021-11-18","SPMA"
260.773956298828,274.912292480469,260.773956298828,269.675872802734,11035965,"2021-11-19","SPMA"
269.675872802734,280.148712158203,261.821228027344,269.675872802734,4017053,"2021-11-22","SPMA"
272.294067382812,280.148712158203,269.675872802734,277.530487060547,4066515,"2021-11-23","SPMA"
277.530487060547,306.330841064453,274.912292480469,306.330841064453,15156906,"2021-11-24","SPMA"
306.330841064453,311.567260742188,288.003356933594,308.949035644531,7654650,"2021-11-25","SPMA"
314.185485839844,314.185485839844,293.239776611328,301.094421386719,6853722,"2021-11-26","SPMA"
298.476196289062,303.712615966797,282.766937255859,303.712615966797,3100588,"2021-11-29","SPMA"
306.330841064453,350.840454101562,306.330841064453,337.749389648438,15889085,"2021-11-30","SPMA"
342.985809326172,342.985809326172,322.040100097656,329.894744873047,3415307,"2021-12-01","SPMA"
332.512969970703,342.985809326172,319.421905517578,319.421905517578,2993645,"2021-12-02","SPMA"
327.276519775391,329.894744873047,308.949035644531,308.949035644531,3089512,"2021-12-03","SPMA"
311.567260742188,342.985809326172,298.476196289062,340.367584228516,8451377,"2021-12-06","SPMA"
345.604034423828,345.604034423828,319.421905517578,332.512969970703,4816263,"2021-12-07","SPMA"
327.276519775391,337.749389648438,327.276519775391,335.131164550781,2781287,"2021-12-08","SPMA"
335.131164550781,337.749389648438,329.894744873047,337.749389648438,1510763,"2021-12-09","SPMA"
337.749389648438,361.313293457031,337.749389648438,358.695068359375,6626659,"2021-12-10","SPMA"
358.695068359375,363.931518554688,345.604034423828,356.076873779297,2862067,"2021-12-13","SPMA"
356.076873779297,363.931518554688,345.604034423828,350.840454101562,2564536,"2021-12-14","SPMA"
350.840454101562,356.076873779297,332.512969970703,340.367584228516,4440816,"2021-12-15","SPMA"
342.985809326172,356.076873779297,335.131164550781,340.367584228516,2344156,"2021-12-16","SPMA"
342.985809326172,384.877197265625,340.367584228516,384.877197265625,14620090,"2021-12-17","SPMA"
390.113616943359,421.532165527344,371.7861328125,387.495422363281,16577914,"2021-12-20","SPMA"
387.495422363281,392.731842041016,374.404357910156,382.259002685547,2899306,"2021-12-21","SPMA"
382.259002685547,392.731842041016,361.313293457031,363.931518554688,7809336,"2021-12-22","SPMA"
363.931518554688,387.495422363281,361.313293457031,382.259002685547,4444062,"2021-12-23","SPMA"
384.877197265625,392.731842041016,366.549713134766,374.404357910156,3868670,"2021-12-24","SPMA"
374.404357910156,403.204681396484,374.404357910156,384.877197265625,6974797,"2021-12-27","SPMA"
384.877197265625,395.350067138672,382.259002685547,390.113616943359,3767456,"2021-12-28","SPMA"
392.731842041016,397.96826171875,377.022583007812,384.877197265625,2646462,"2021-12-29","SPMA"
384.877197265625,387.495422363281,366.549713134766,366.549713134766,3587562,"2021-12-30","SPMA"
366.549713134766,387.495422363281,345.604034423828,387.495422363281,7031324,"2022-01-03","SPMA"
392.731842041016,447.714294433594,387.495422363281,439.859649658203,28399912,"2022-01-04","SPMA"
445.096099853516,447.714294433594,418.913970947266,426.768615722656,7578835,"2022-01-05","SPMA"
429.386810302734,429.386810302734,408.441101074219,418.913970947266,4934282,"2022-01-06","SPMA"
418.913970947266,452.950714111328,418.913970947266,418.913970947266,8314642,"2022-01-07","SPMA"
418.913970947266,429.386810302734,408.441101074219,421.532165527344,4140420,"2022-01-10","SPMA"
421.532165527344,434.623229980469,416.295745849609,424.150390625,2292212,"2022-01-11","SPMA"
426.768615722656,439.859649658203,426.768615722656,437.241455078125,5044281,"2022-01-12","SPMA"
437.241455078125,445.096099853516,424.150390625,429.386810302734,3220709,"2022-01-13","SPMA"
429.386810302734,432.005035400391,408.441101074219,426.768615722656,3809087,"2022-01-14","SPMA"
426.768615722656,429.386810302734,418.913970947266,424.150390625,2837241,"2022-01-17","SPMA"
429.386810302734,429.386810302734,416.295745849609,418.913970947266,2740419,"2022-01-18","SPMA"
426.768615722656,426.768615722656,408.441101074219,424.150390625,4637897,"2022-01-19","SPMA"
424.150390625,426.768615722656,411.059326171875,416.295745849609,2749204,"2022-01-20","SPMA"
416.295745849609,424.150390625,395.350067138672,421.532165527344,6968304,"2022-01-21","SPMA"
424.150390625,426.768615722656,408.441101074219,416.295745849609,2407749,"2022-01-24","SPMA"
413.677551269531,416.295745849609,387.495422363281,387.495422363281,6789556,"2022-01-25","SPMA"
387.495422363281,387.495422363281,361.313293457031,369.167938232422,6442754,"2022-01-26","SPMA"
371.7861328125,384.877197265625,366.549713134766,366.549713134766,2269487,"2022-01-27","SPMA"
369.167938232422,390.113616943359,348.222229003906,379.640777587891,7191548,"2022-01-28","SPMA"
379.640777587891,395.350067138672,379.640777587891,387.495422363281,3366610,"2022-01-31","SPMA"
387.495422363281,400.586486816406,382.259002685547,384.877197265625,2238359,"2022-02-02","SPMA"
384.877197265625,387.495422363281,379.640777587891,379.640777587891,1421389,"2022-02-03","SPMA"
379.640777587891,387.495422363281,371.7861328125,377.022583007812,1543992,"2022-02-04","SPMA"
377.022583007812,390.113616943359,371.7861328125,382.259002685547,1425209,"2022-02-07","SPMA"
382.259002685547,387.495422363281,382.259002685547,387.495422363281,565271,"2022-02-08","SPMA"
387.495422363281,397.96826171875,387.495422363281,387.495422363281,1472760,"2022-02-09","SPMA"
387.495422363281,392.731842041016,384.877197265625,387.495422363281,1945220,"2022-02-10","SPMA"
390.113616943359,392.731842041016,387.495422363281,387.495422363281,938044,"2022-02-11","SPMA"
387.495422363281,392.731842041016,369.167938232422,371.7861328125,4136601,"2022-02-14","SPMA"
371.7861328125,382.259002685547,366.549713134766,382.259002685547,1655327,"2022-02-15","SPMA"
382.259002685547,413.677551269531,382.259002685547,413.677551269531,5067770,"2022-02-16","SPMA"
418.913970947266,418.913970947266,397.96826171875,403.204681396484,2530543,"2022-02-17","SPMA"
403.204681396484,405.822906494141,382.259002685547,387.495422363281,4906210,"2022-02-18","SPMA"
387.495422363281,403.204681396484,379.640777587891,392.731842041016,2209331,"2022-02-21","SPMA"
392.731842041016,397.96826171875,384.877197265625,390.113616943359,1216287,"2022-02-22","SPMA"
390.113616943359,392.731842041016,379.640777587891,384.877197265625,1855464,"2022-02-23","SPMA"
392.731842041016,392.731842041016,358.695068359375,361.313293457031,8964513,"2022-02-24","SPMA"
358.695068359375,379.640777587891,350.840454101562,379.640777587891,3529316,"2022-02-25","SPMA"
379.640777587891,395.350067138672,374.404357910156,377.022583007812,1505416,"2022-03-01","SPMA"
374.404357910156,379.640777587891,366.549713134766,374.404357910156,1801420,"2022-03-02","SPMA"
374.404357910156,379.640777587891,369.167938232422,374.404357910156,2399156,"2022-03-04","SPMA"
374.404357910156,400.586486816406,371.7861328125,397.96826171875,4883102,"2022-03-07","SPMA"
397.96826171875,405.822906494141,371.7861328125,390.113616943359,2228810,"2022-03-08","SPMA"
390.113616943359,390.113616943359,379.640777587891,384.877197265625,1896714,"2022-03-09","SPMA"
384.877197265625,395.350067138672,379.640777587891,387.495422363281,1842860,"2022-03-10","SPMA"
387.495422363281,392.731842041016,377.022583007812,377.022583007812,824226,"2022-03-11","SPMA"
377.022583007812,382.259002685547,374.404357910156,374.404357910156,441904,"2022-03-14","SPMA"
374.404357910156,382.259002685547,369.167938232422,374.404357910156,632492,"2022-03-15","SPMA"
374.404357910156,379.640777587891,369.167938232422,377.022583007812,787942,"2022-03-16","SPMA"
377.022583007812,377.022583007812,369.167938232422,371.7861328125,292947,"2022-03-17","SPMA"
371.7861328125,377.022583007812,361.313293457031,366.549713134766,2595091,"2022-03-18","SPMA"
366.549713134766,369.167938232422,353.458648681641,356.076873779297,3173157,"2022-03-21","SPMA"
350.840454101562,366.549713134766,350.840454101562,363.931518554688,2542765,"2022-03-22","SPMA"
363.931518554688,429.386810302734,361.313293457031,418.913970947266,11869358,"2022-03-23","SPMA"
416.295745849609,429.386810302734,392.731842041016,421.532165527344,5362055,"2022-03-24","SPMA"
424.150390625,434.623229980469,416.295745849609,429.386810302734,3246680,"2022-03-25","SPMA"
439.859649658203,463.423583984375,400.586486816406,411.059326171875,22856244,"2022-03-28","SPMA"
416.295745849609,418.913970947266,397.96826171875,403.204681396484,5025184,"2022-03-29","SPMA"
403.204681396484,405.822906494141,384.877197265625,384.877197265625,6614627,"2022-03-30","SPMA"
384.877197265625,395.350067138672,377.022583007812,384.877197265625,4727844,"2022-03-31","SPMA"
390.113616943359,392.731842041016,371.7861328125,377.022583007812,4845481,"2022-04-01","SPMA"
377.022583007812,377.022583007812,369.167938232422,371.7861328125,3104790,"2022-04-04","SPMA"
371.7861328125,384.877197265625,369.167938232422,382.259002685547,3545549,"2022-04-05","SPMA"
384.877197265625,390.113616943359,361.313293457031,361.313293457031,11664065,"2022-04-06","SPMA"
361.313293457031,369.167938232422,358.695068359375,366.549713134766,1828728,"2022-04-07","SPMA"
366.549713134766,371.7861328125,358.695068359375,363.931518554688,5715159,"2022-04-08","SPMA"
363.931518554688,363.931518554688,348.222229003906,348.222229003906,9561867,"2022-04-11","SPMA"
350.840454101562,363.931518554688,324.658325195312,363.931518554688,13647480,"2022-04-12","SPMA"
366.549713134766,366.549713134766,342.985809326172,358.695068359375,4233422,"2022-04-13","SPMA"
358.695068359375,363.931518554688,353.458648681641,356.076873779297,676606,"2022-04-14","SPMA"
356.076873779297,371.7861328125,353.458648681641,356.076873779297,2319712,"2022-04-18","SPMA"
356.076873779297,356.076873779297,340.367584228516,342.985809326172,3934745,"2022-04-19","SPMA"
342.985809326172,342.985809326172,327.276519775391,329.894744873047,7656178,"2022-04-20","SPMA"
332.512969970703,332.512969970703,308.949035644531,322.040100097656,10653452,"2022-04-21","SPMA"
322.040100097656,322.040100097656,308.949035644531,316.803680419922,3381505,"2022-04-22","SPMA"
316.803680419922,363.931518554688,308.949035644531,329.894744873047,11669603,"2022-04-25","SPMA"
337.749389648438,361.313293457031,329.894744873047,353.458648681641,6789174,"2022-04-26","SPMA"
356.076873779297,363.931518554688,335.131164550781,337.749389648438,5889514,"2022-04-27","SPMA"
337.749389648438,353.458648681641,337.749389648438,348.222229003906,2762190,"2022-04-28","SPMA"
356.076873779297,366.549713134766,340.367584228516,342.985809326172,5477592,"2022-05-09","SPMA"
345.604034423828,345.604034423828,322.040100097656,329.894744873047,3891968,"2022-05-10","SPMA"
329.894744873047,342.985809326172,324.658325195312,332.512969970703,2116902,"2022-05-11","SPMA"
332.512969970703,335.131164550781,311.567260742188,311.567260742188,8286761,"2022-05-12","SPMA"
311.567260742188,316.803680419922,306.330841064453,316.803680419922,3209250,"2022-05-13","SPMA"
319.421905517578,350.840454101562,316.803680419922,348.222229003906,5466325,"2022-05-17","SPMA"
348.222229003906,356.076873779297,332.512969970703,337.749389648438,4049900,"2022-05-18","SPMA"
337.749389648438,342.985809326172,329.894744873047,335.131164550781,2173238,"2022-05-19","SPMA"
335.131164550781,345.604034423828,335.131164550781,337.749389648438,2731252,"2022-05-20","SPMA"
340.367584228516,345.604034423828,335.131164550781,340.367584228516,1350539,"2022-05-23","SPMA"
340.367584228516,371.7861328125,337.749389648438,366.549713134766,7995913,"2022-05-24","SPMA"
371.7861328125,382.259002685547,361.313293457031,369.167938232422,4858849,"2022-05-25","SPMA"
369.167938232422,382.259002685547,369.167938232422,379.640777587891,3266923,"2022-05-27","SPMA"
379.640777587891,403.204681396484,379.640777587891,395.350067138672,7284932,"2022-05-30","SPMA"
397.96826171875,403.204681396484,382.259002685547,384.877197265625,3432303,"2022-05-31","SPMA"
384.877197265625,397.96826171875,374.404357910156,379.640777587891,3452737,"2022-06-02","SPMA"
384.877197265625,392.731842041016,374.404357910156,390.113616943359,3070415,"2022-06-03","SPMA"
390.113616943359,400.586486816406,384.877197265625,387.495422363281,2627365,"2022-06-06","SPMA"
384.877197265625,397.96826171875,374.404357910156,382.259002685547,7052713,"2022-06-07","SPMA"
382.259002685547,392.731842041016,361.313293457031,371.7861328125,4648209,"2022-06-08","SPMA"
377.022583007812,377.022583007812,361.313293457031,361.313293457031,5529154,"2022-06-09","SPMA"
361.313293457031,382.259002685547,356.076873779297,377.022583007812,4139465,"2022-06-10","SPMA"
379.640777587891,379.640777587891,350.840454101562,358.695068359375,6717560,"2022-06-13","SPMA"
361.313293457031,369.167938232422,350.840454101562,366.549713134766,2427037,"2022-06-14","SPMA"
387.573974609375,408.284027099609,372.781066894531,372.781066894531,4155710,"2022-06-15","SPMA"
372.781066894531,387.573974609375,369.822479248047,381.656799316406,2274909,"2022-06-16","SPMA"
381.656799316406,381.656799316406,369.822479248047,369.822479248047,2366338,"2022-06-17","SPMA"
372.781066894531,381.656799316406,369.822479248047,375.739654541016,486889,"2022-06-20","SPMA"
375.739654541016,387.573974609375,375.739654541016,387.573974609375,1048476,"2022-06-21","SPMA"
387.573974609375,393.491119384766,384.615386962891,390.532531738281,1457625,"2022-06-22","SPMA"
390.532531738281,390.532531738281,372.781066894531,378.698211669922,2396927,"2022-06-23","SPMA"
381.656799316406,384.615386962891,378.698211669922,378.698211669922,933725,"2022-06-24","SPMA"
384.615386962891,384.615386962891,372.781066894531,378.698211669922,1201421,"2022-06-27","SPMA"
378.698211669922,384.615386962891,375.739654541016,378.698211669922,743938,"2022-06-28","SPMA"
378.698211669922,378.698211669922,372.781066894531,372.781066894531,283413,"2022-06-29","SPMA"
372.781066894531,378.698211669922,352.071014404297,360.946746826172,2002988,"2022-06-30","SPMA"
360.946746826172,360.946746826172,352.071014404297,355.029571533203,1117090,"2022-07-01","SPMA"
357.988159179688,360.946746826172,349.112426757812,355.029571533203,2414334,"2022-07-04","SPMA"
355.029571533203,369.822479248047,355.029571533203,369.822479248047,644904,"2022-07-05","SPMA"
366.863891601562,369.822479248047,357.988159179688,360.946746826172,679380,"2022-07-06","SPMA"
360.946746826172,375.739654541016,357.988159179688,366.863891601562,545363,"2022-07-07","SPMA"
355.029571533203,369.822479248047,355.029571533203,366.863891601562,798356,"2022-07-08","SPMA"
363.905334472656,369.822479248047,357.988159179688,360.946746826172,858182,"2022-07-11","SPMA"
363.905334472656,366.863891601562,355.029571533203,360.946746826172,533364,"2022-07-12","SPMA"
360.946746826172,360.946746826172,355.029571533203,355.029571533203,1421290,"2022-07-13","SPMA"
355.029571533203,357.988159179688,352.071014404297,357.988159179688,946231,"2022-07-14","SPMA"
360.946746826172,366.863891601562,352.071014404297,355.029571533203,1119794,"2022-07-15","SPMA"
357.988159179688,363.905334472656,355.029571533203,355.029571533203,433992,"2022-07-18","SPMA"
355.029571533203,363.905334472656,355.029571533203,357.988159179688,425880,"2022-07-19","SPMA"
357.988159179688,369.822479248047,357.988159179688,366.863891601562,901953,"2022-07-20","SPMA"
366.863891601562,369.822479248047,360.946746826172,369.822479248047,226629,"2022-07-21","SPMA"
369.822479248047,372.781066894531,363.905334472656,363.905334472656,507000,"2022-07-22","SPMA"
366.863891601562,366.863891601562,355.029571533203,363.905334472656,488241,"2022-07-25","SPMA"
363.905334472656,369.822479248047,357.988159179688,366.863891601562,1131286,"2022-07-26","SPMA"
366.863891601562,369.822479248047,357.988159179688,363.905334472656,1022450,"2022-07-27","SPMA"
363.905334472656,375.739654541016,363.905334472656,372.781066894531,1588600,"2022-07-28","SPMA"
360.946746826172,360.946746826172,349.112426757812,349.112426757812,11085217,"2022-07-29","SPMA"
343.195251464844,343.195251464844,325.443786621094,325.443786621094,4295304,"2022-08-01","SPMA"
304.733734130859,331.360931396484,304.733734130859,325.443786621094,10768173,"2022-08-02","SPMA"
328.402374267578,337.278106689453,325.443786621094,334.319519042969,1749488,"2022-08-03","SPMA"
337.278106689453,337.278106689453,331.360931396484,337.278106689453,1028027,"2022-08-04","SPMA"
337.278106689453,337.278106689453,328.402374267578,331.360931396484,775541,"2022-08-05","SPMA"
334.319519042969,334.319519042969,322.485198974609,325.443786621094,2334397,"2022-08-08","SPMA"
325.443786621094,337.278106689453,319.526641845703,325.443786621094,1512719,"2022-08-09","SPMA"
328.402374267578,328.402374267578,316.568054199219,322.485198974609,1251614,"2022-08-10","SPMA"
322.485198974609,325.443786621094,310.65087890625,319.526641845703,2303977,"2022-08-11","SPMA"
319.526641845703,328.402374267578,319.526641845703,322.485198974609,718926,"2022-08-12","SPMA"
325.443786621094,328.402374267578,319.526641845703,322.485198974609,1029210,"2022-08-15","SPMA"
322.485198974609,325.443786621094,319.526641845703,322.485198974609,253669,"2022-08-16","SPMA"
322.485198974609,325.443786621094,313.609466552734,316.568054199219,1596543,"2022-08-18","SPMA"
316.568054199219,322.485198974609,316.568054199219,316.568054199219,478439,"2022-08-19","SPMA"
316.568054199219,319.526641845703,310.65087890625,310.65087890625,1258374,"2022-08-22","SPMA"
310.65087890625,316.568054199219,307.692321777344,310.65087890625,759317,"2022-08-23","SPMA"
310.65087890625,316.568054199219,310.65087890625,313.609466552734,766246,"2022-08-24","SPMA"
316.568054199219,316.568054199219,307.692321777344,313.609466552734,926965,"2022-08-25","SPMA"
313.609466552734,316.568054199219,310.65087890625,313.609466552734,692393,"2022-08-26","SPMA"
313.609466552734,316.568054199219,307.692321777344,310.65087890625,816439,"2022-08-29","SPMA"
310.65087890625,313.609466552734,307.692321777344,313.609466552734,619047,"2022-08-30","SPMA"
313.609466552734,313.609466552734,304.733734130859,307.692321777344,976651,"2022-08-31","SPMA"
310.65087890625,310.65087890625,298.816558837891,301.775146484375,2695719,"2022-09-01","SPMA"
304.733734130859,304.733734130859,294.674560546875,295.858001708984,4109404,"2022-09-02","SPMA"
295.858001708984,295.858001708984,275.739654541016,284.023681640625,10075949,"2022-09-05","SPMA"
284.023681640625,288.757385253906,273.372772216797,276.923065185547,4418674,"2022-09-06","SPMA"
276.923065185547,278.106506347656,271.005920410156,271.005920410156,3873142,"2022-09-07","SPMA"
271.005920410156,286.390533447266,271.005920410156,282.840240478516,4893226,"2022-09-08","SPMA"
281.656799316406,282.840240478516,275.739654541016,278.106506347656,2573532,"2022-09-09","SPMA"
279.289947509766,295.858001708984,279.289947509766,287.573974609375,3699241,"2022-09-12","SPMA"
288.757385253906,288.757385253906,284.023681640625,286.390533447266,1415037,"2022-09-13","SPMA"
286.390533447266,286.390533447266,284.023681640625,284.023681640625,1023464,"2022-09-14","SPMA"
286.390533447266,291.124267578125,284.023681640625,285.207092285156,1854944,"2022-09-15","SPMA"
293.491119384766,294.674560546875,287.573974609375,287.573974609375,2971696,"2022-09-16","SPMA"
288.757385253906,289.940826416016,279.289947509766,281.656799316406,1528943,"2022-09-19","SPMA"
281.656799316406,285.207092285156,281.656799316406,282.840240478516,531505,"2022-09-20","SPMA"
282.840240478516,284.023681640625,278.106506347656,278.106506347656,553137,"2022-09-21","SPMA"
280.473358154297,280.473358154297,272.189361572266,278.106506347656,699829,"2022-09-22","SPMA"
279.289947509766,279.289947509766,276.923065185547,279.289947509766,333099,"2022-09-23","SPMA"
279.289947509766,279.289947509766,274.556213378906,276.923065185547,708617,"2022-09-26","SPMA"
276.923065185547,276.923065185547,273.372772216797,274.556213378906,919867,"2022-09-27","SPMA"
274.556213378906,274.556213378906,268.639038085938,268.639038085938,1681212,"2022-09-28","SPMA"
268.639038085938,276.923065185547,266.272186279297,266.272186279297,1267331,"2022-09-29","SPMA"
267.455627441406,274.556213378906,260.355041503906,263.905334472656,1936571,"2022-09-30","SPMA"
263.905334472656,292.307678222656,260.355041503906,269.822479248047,14640132,"2022-10-03","SPMA"
271.005920410156,278.106506347656,269.822479248047,274.556213378906,1707576,"2022-10-04","SPMA"
275.739654541016,281.656799316406,275.739654541016,280.473358154297,1195506,"2022-10-05","SPMA"
280.473358154297,281.656799316406,271.005920410156,275.739654541016,1906151,"2022-10-06","SPMA"
276.923065185547,276.923065185547,273.372772216797,274.556213378906,1512550,"2022-10-07","SPMA"
274.556213378906,274.556213378906,267.455627441406,271.005920410156,535223,"2022-10-10","SPMA"
271.005920410156,271.005920410156,266.272186279297,268.639038085938,741403,"2022-10-11","SPMA"
268.639038085938,268.639038085938,262.721893310547,265.088745117188,851422,"2022-10-12","SPMA"
265.088745117188,268.639038085938,256.804718017578,256.804718017578,1974596,"2022-10-13","SPMA"
256.804718017578,260.355041503906,239.053253173828,249.704147338867,3086785,"2022-10-14","SPMA"
249.704147338867,249.704147338867,237.869827270508,241.420120239258,2576912,"2022-10-17","SPMA"
241.420120239258,244.970413208008,239.053253173828,242.603546142578,429091,"2022-10-18","SPMA"
242.603546142578,246.153839111328,240.236679077148,244.970413208008,220376,"2022-10-19","SPMA"
244.970413208008,255.621307373047,244.970413208008,252.070999145508,939809,"2022-10-20","SPMA"
253.254440307617,257.988159179688,253.254440307617,254.437866210938,635102,"2022-10-21","SPMA"
256.804718017578,261.538452148438,256.804718017578,259.171600341797,722644,"2022-10-24","SPMA"
261.538452148438,262.721893310547,256.804718017578,259.171600341797,442104,"2022-10-25","SPMA"
259.171600341797,263.905334472656,253.254440307617,257.988159179688,702533,"2022-10-26","SPMA"
260.355041503906,266.272186279297,257.988159179688,263.905334472656,416078,"2022-10-27","SPMA"
263.905334472656,267.455627441406,260.355041503906,260.355041503906,269555,"2022-10-28","SPMA"
261.538452148438,265.088745117188,259.171600341797,262.721893310547,838071,"2022-10-31","SPMA"
284.023681640625,328.402374267578,284.023681640625,328.402374267578,31789407,"2022-11-01","SPMA"
355.029571533203,360.946746826172,310.65087890625,331.360931396484,19634758,"2022-11-02","SPMA"
331.360931396484,331.360931396484,310.65087890625,319.526641845703,3599024,"2022-11-03","SPMA"
322.485198974609,340.236694335938,319.526641845703,337.278106689453,6962124,"2022-11-04","SPMA"
337.278106689453,346.153839111328,325.443786621094,328.402374267578,2407743,"2022-11-07","SPMA"
328.402374267578,331.360931396484,319.526641845703,322.485198974609,1806103,"2022-11-08","SPMA"
322.485198974609,328.402374267578,316.568054199219,325.443786621094,1998932,"2022-11-09","SPMA"
325.443786621094,331.360931396484,319.526641845703,319.526641845703,1075516,"2022-11-10","SPMA"
319.526641845703,346.153839111328,319.526641845703,334.319519042969,3341130,"2022-11-11","SPMA"
331.360931396484,340.236694335938,319.526641845703,325.443786621094,3254433,"2022-11-14","SPMA"
325.443786621094,331.360931396484,322.485198974609,322.485198974609,2185339,"2022-11-15","SPMA"
319.526641845703,325.443786621094,304.733734130859,316.568054199219,2012790,"2022-11-16","SPMA"
316.568054199219,322.485198974609,310.65087890625,316.568054199219,1840579,"2022-11-17","SPMA"
316.568054199219,346.153839111328,316.568054199219,331.360931396484,4571112,"2022-11-18","SPMA"
331.360931396484,360.946746826172,319.526641845703,331.360931396484,5967728,"2022-11-21","SPMA"
340.236694335938,343.195251464844,328.402374267578,334.319519042969,1412840,"2022-11-22","SPMA"
334.319519042969,340.236694335938,331.360931396484,340.236694335938,1356056,"2022-11-23","SPMA"
337.278106689453,343.195251464844,334.319519042969,340.236694335938,2105233,"2022-11-24","SPMA"
343.195251464844,349.112426757812,334.319519042969,340.236694335938,1254487,"2022-11-25","SPMA"
343.195251464844,349.112426757812,334.319519042969,346.153839111328,1372787,"2022-11-28","SPMA"
346.153839111328,349.112426757812,334.319519042969,334.319519042969,854295,"2022-11-29","SPMA"
334.319519042969,346.153839111328,334.319519042969,340.236694335938,1652144,"2022-11-30","SPMA"
340.236694335938,352.071014404297,334.319519042969,337.278106689453,1024478,"2022-12-01","SPMA"
337.278106689453,340.236694335938,322.485198974609,325.443786621094,1276795,"2022-12-02","SPMA"
325.443786621094,337.278106689453,322.485198974609,322.485198974609,480467,"2022-12-05","SPMA"
319.526641845703,325.443786621094,307.692321777344,322.485198974609,813904,"2022-12-06","SPMA"
322.485198974609,322.485198974609,313.609466552734,322.485198974609,374335,"2022-12-07","SPMA"
322.485198974609,322.485198974609,301.775146484375,316.568054199219,4170751,"2022-12-08","SPMA"
316.568054199219,316.568054199219,304.733734130859,304.733734130859,876941,"2022-12-09","SPMA"
304.733734130859,319.526641845703,298.816558837891,319.526641845703,612118,"2022-12-12","SPMA"
319.526641845703,322.485198974609,313.609466552734,313.609466552734,366730,"2022-12-13","SPMA"
316.568054199219,316.568054199219,307.692321777344,307.692321777344,363688,"2022-12-14","SPMA"
307.692321777344,316.568054199219,301.775146484375,316.568054199219,991692,"2022-12-15","SPMA"
322.485198974609,322.485198974609,304.733734130859,307.692321777344,215306,"2022-12-16","SPMA"
307.692321777344,310.65087890625,304.733734130859,307.692321777344,214461,"2022-12-19","SPMA"
304.733734130859,310.65087890625,304.733734130859,310.65087890625,229840,"2022-12-20","SPMA"
310.65087890625,310.65087890625,298.816558837891,304.733734130859,587613,"2022-12-21","SPMA"
304.733734130859,307.692321777344,293.491119384766,304.733734130859,2152891,"2022-12-22","SPMA"
304.733734130859,304.733734130859,294.674560546875,298.816558837891,1327833,"2022-12-23","SPMA"
298.816558837891,301.775146484375,295.858001708984,298.816558837891,289666,"2022-12-26","SPMA"
298.816558837891,307.692321777344,295.858001708984,295.858001708984,465257,"2022-12-27","SPMA"
295.858001708984,298.816558837891,292.307678222656,292.307678222656,462891,"2022-12-28","SPMA"
292.307678222656,292.307678222656,286.390533447266,291.124267578125,962117,"2022-12-29","SPMA"
291.124267578125,294.674560546875,291.124267578125,293.491119384766,232375,"2022-12-30","SPMA"
294.674560546875,294.674560546875,289.940826416016,293.491119384766,240487,"2023-01-02","SPMA"
293.491119384766,301.775146484375,293.491119384766,295.858001708984,316706,"2023-01-03","SPMA"
295.858001708984,298.816558837891,287.573974609375,292.307678222656,384644,"2023-01-04","SPMA"
293.491119384766,293.491119384766,282.840240478516,284.023681640625,2158637,"2023-01-05","SPMA"
284.023681640625,304.733734130859,281.656799316406,285.207092285156,742924,"2023-01-06","SPMA"
286.390533447266,295.858001708984,280.473358154297,280.473358154297,753909,"2023-01-09","SPMA"
281.656799316406,293.491119384766,281.656799316406,284.023681640625,222911,"2023-01-10","SPMA"
293.491119384766,293.491119384766,285.207092285156,286.390533447266,264485,"2023-01-11","SPMA"
292.307678222656,292.307678222656,284.023681640625,286.390533447266,240318,"2023-01-12","SPMA"
289.940826416016,289.940826416016,285.207092285156,288.757385253906,154297,"2023-01-13","SPMA"
295.858001708984,295.858001708984,288.757385253906,288.757385253906,329719,"2023-01-16","SPMA"
288.757385253906,292.307678222656,288.757385253906,292.307678222656,266175,"2023-01-17","SPMA"
292.307678222656,298.816558837891,292.307678222656,295.858001708984,370448,"2023-01-18","SPMA"
295.858001708984,298.816558837891,291.124267578125,298.816558837891,831649,"2023-01-19","SPMA"
298.816558837891,304.733734130859,295.858001708984,304.733734130859,396136,"2023-01-20","SPMA"
301.775146484375,310.65087890625,301.775146484375,307.692321777344,446836,"2023-01-24","SPMA"
310.65087890625,310.65087890625,301.775146484375,307.692321777344,302510,"2023-01-25","SPMA"
301.775146484375,307.692321777344,295.858001708984,298.816558837891,880997,"2023-01-26","SPMA"
298.816558837891,304.733734130859,298.816558837891,301.775146484375,155480,"2023-01-27","SPMA"
301.775146484375,304.733734130859,298.816558837891,304.733734130859,95147,"2023-01-30","SPMA"
301.775146484375,304.733734130859,298.816558837891,298.816558837891,141791,"2023-01-31","SPMA"
301.775146484375,304.733734130859,301.775146484375,301.775146484375,780780,"2023-02-01","SPMA"
301.775146484375,304.733734130859,298.816558837891,304.733734130859,139763,"2023-02-02","SPMA"
304.733734130859,304.733734130859,298.816558837891,304.733734130859,132327,"2023-02-03","SPMA"
304.733734130859,313.609466552734,304.733734130859,310.65087890625,668564,"2023-02-06","SPMA"
313.609466552734,316.568054199219,301.775146484375,307.692321777344,356083,"2023-02-07","SPMA"
307.692321777344,313.609466552734,301.775146484375,307.692321777344,130299,"2023-02-08","SPMA"
304.733734130859,313.609466552734,301.775146484375,307.692321777344,547560,"2023-02-09","SPMA"
307.692321777344,307.692321777344,298.816558837891,298.816558837891,380588,"2023-02-10","SPMA"
304.733734130859,322.485198974609,298.816558837891,298.816558837891,2091206,"2023-02-13","SPMA"
298.816558837891,307.692321777344,295.858001708984,301.775146484375,1445964,"2023-02-14","SPMA"
301.775146484375,301.775146484375,298.816558837891,298.816558837891,117455,"2023-02-15","SPMA"
301.775146484375,301.775146484375,298.816558837891,301.775146484375,328198,"2023-02-16","SPMA"
301.775146484375,304.733734130859,295.858001708984,304.733734130859,453089,"2023-02-17","SPMA"
304.733734130859,304.733734130859,298.816558837891,298.816558837891,321269,"2023-02-20","SPMA"
301.775146484375,307.692321777344,301.775146484375,304.733734130859,190463,"2023-02-21","SPMA"
301.775146484375,307.692321777344,301.775146484375,307.692321777344,350337,"2023-02-22","SPMA"
307.692321777344,307.692321777344,301.775146484375,301.775146484375,246233,"2023-02-23","SPMA"
301.775146484375,310.65087890625,301.775146484375,304.733734130859,286624,"2023-02-24","SPMA"
304.733734130859,313.609466552734,301.775146484375,301.775146484375,367237,"2023-02-27","SPMA"
301.775146484375,307.692321777344,301.775146484375,304.733734130859,180492,"2023-02-28","SPMA"
301.775146484375,307.692321777344,298.816558837891,304.733734130859,201279,"2023-03-01","SPMA"
304.733734130859,307.692321777344,301.775146484375,307.692321777344,176436,"2023-03-02","SPMA"
307.692321777344,307.692321777344,298.816558837891,304.733734130859,1053715,"2023-03-03","SPMA"
304.733734130859,307.692321777344,298.816558837891,307.692321777344,623948,"2023-03-06","SPMA"
307.692321777344,307.692321777344,301.775146484375,301.775146484375,323804,"2023-03-07","SPMA"
301.775146484375,304.733734130859,298.816558837891,304.733734130859,277836,"2023-03-08","SPMA"
301.775146484375,304.733734130859,298.816558837891,304.733734130859,88387,"2023-03-09","SPMA"
304.733734130859,304.733734130859,298.816558837891,298.816558837891,273273,"2023-03-10","SPMA"
298.816558837891,301.775146484375,293.491119384766,295.858001708984,772668,"2023-03-13","SPMA"
294.674560546875,298.816558837891,291.124267578125,292.307678222656,209053,"2023-03-14","SPMA"
292.307678222656,298.816558837891,291.124267578125,295.858001708984,377546,"2023-03-15","SPMA"
295.858001708984,295.858001708984,289.940826416016,291.124267578125,445991,"2023-03-16","SPMA"
291.124267578125,295.858001708984,286.390533447266,295.858001708984,195533,"2023-03-17","SPMA"
295.858001708984,295.858001708984,292.307678222656,295.858001708984,153790,"2023-03-20","SPMA"
295.858001708984,295.858001708984,293.491119384766,295.858001708984,69966,"2023-03-21","SPMA"
295.858001708984,298.816558837891,294.674560546875,294.674560546875,87373,"2023-03-24","SPMA"
294.674560546875,294.674560546875,292.307678222656,293.491119384766,181844,"2023-03-27","SPMA"
293.491119384766,294.674560546875,292.307678222656,293.491119384766,63713,"2023-03-28","SPMA"
295.858001708984,295.858001708984,292.307678222656,292.307678222656,391573,"2023-03-29","SPMA"
293.491119384766,295.858001708984,292.307678222656,293.491119384766,872209,"2023-03-30","SPMA"
295.858001708984,301.775146484375,292.307678222656,293.491119384766,425035,"2023-03-31","SPMA"
295.858001708984,295.858001708984,273.372772216797,278.106506347656,7906665,"2023-04-03","SPMA"
278.106506347656,280.473358154297,275.739654541016,278.106506347656,889616,"2023-04-04","SPMA"
280.473358154297,292.307678222656,275.739654541016,280.473358154297,836888,"2023-04-05","SPMA"
280.473358154297,281.656799316406,272.189361572266,273.372772216797,863759,"2023-04-06","SPMA"
273.372772216797,276.923065185547,272.189361572266,272.189361572266,509873,"2023-04-10","SPMA"
276.923065185547,276.923065185547,271.005920410156,273.372772216797,610597,"2023-04-11","SPMA"
273.372772216797,278.106506347656,271.005920410156,272.189361572266,1450358,"2023-04-12","SPMA"
272.189361572266,275.739654541016,271.005920410156,273.372772216797,400868,"2023-04-13","SPMA"
273.372772216797,274.556213378906,268.639038085938,273.372772216797,912431,"2023-04-14","SPMA"
272.189361572266,274.556213378906,269.822479248047,272.189361572266,192660,"2023-04-17","SPMA"
272.189361572266,274.556213378906,267.455627441406,272.189361572266,624117,"2023-04-18","SPMA"
272.189361572266,279.289947509766,271.005920410156,279.289947509766,588965,"2023-04-26","SPMA"
279.289947509766,286.390533447266,278.106506347656,281.656799316406,611273,"2023-04-27","SPMA"
281.656799316406,282.840240478516,272.189361572266,278.106506347656,1192464,"2023-04-28","SPMA"
276.923065185547,276.923065185547,260.355041503906,261.538452148438,4772053,"2023-05-02","SPMA"
261.538452148438,271.005920410156,260.355041503906,260.355041503906,1547195,"2023-05-03","SPMA"
260.355041503906,267.455627441406,260.355041503906,263.905334472656,350337,"2023-05-04","SPMA"
263.905334472656,268.639038085938,263.905334472656,265.088745117188,459511,"2023-05-05","SPMA"
265.088745117188,275.739654541016,263.905334472656,267.455627441406,661128,"2023-05-08","SPMA"
267.455627441406,268.639038085938,263.905334472656,266.272186279297,634257,"2023-05-09","SPMA"
266.272186279297,268.639038085938,263.905334472656,265.088745117188,573079,"2023-05-10","SPMA"
265.088745117188,267.455627441406,262.721893310547,266.272186279297,675831,"2023-05-11","SPMA"
263.905334472656,267.455627441406,262.721893310547,266.272186279297,350844,"2023-05-12","SPMA"
266.272186279297,266.272186279297,261.538452148438,265.088745117188,1072643,"2023-05-15","SPMA"
265.088745117188,265.088745117188,262.721893310547,263.905334472656,293891,"2023-05-16","SPMA"
263.905334472656,266.272186279297,261.538452148438,263.905334472656,703378,"2023-05-17","SPMA"
263.905334472656,266.272186279297,263.905334472656,265.088745117188,401206,"2023-05-19","SPMA"
265.088745117188,265.088745117188,262.721893310547,263.905334472656,355576,"2023-05-22","SPMA"
263.905334472656,266.272186279297,262.721893310547,262.721893310547,1902264,"2023-05-23","SPMA"
262.721893310547,266.272186279297,261.538452148438,262.721893310547,443625,"2023-05-24","SPMA"
262.721893310547,266.272186279297,262.721893310547,266.272186279297,235248,"2023-05-25","SPMA"
266.272186279297,266.272186279297,262.721893310547,262.721893310547,135876,"2023-05-26","SPMA"
262.721893310547,265.088745117188,262.721893310547,265.088745117188,141622,"2023-05-29","SPMA"
265.088745117188,278.106506347656,263.905334472656,278.106506347656,984087,"2023-05-30","SPMA"
278.106506347656,279.289947509766,268.639038085938,272.189361572266,484016,"2023-05-31","SPMA"
272.189361572266,276.923065185547,269.822479248047,275.739654541016,671437,"2023-06-05","SPMA"
275.739654541016,275.739654541016,272.189361572266,274.556213378906,138242,"2023-06-06","SPMA"
274.556213378906,275.739654541016,272.189361572266,274.556213378906,286793,"2023-06-07","SPMA"
275.739654541016,281.656799316406,274.556213378906,279.289947509766,790075,"2023-06-08","SPMA"
280.473358154297,280.473358154297,266.272186279297,268.639038085938,2323919,"2023-06-09","SPMA"
266.272186279297,268.639038085938,260.355041503906,261.538452148438,4306458,"2023-06-12","SPMA"
261.538452148438,263.905334472656,256.804718017578,260.355041503906,1583023,"2023-06-13","SPMA"
260.355041503906,265.088745117188,257.988159179688,263.905334472656,646425,"2023-06-14","SPMA"
265.088745117188,267.455627441406,261.538452148438,263.905334472656,666198,"2023-06-15","SPMA"
263.905334472656,265.088745117188,260.355041503906,260.355041503906,593359,"2023-06-16","SPMA"
260.355041503906,263.905334472656,260.355041503906,262.721893310547,749346,"2023-06-19","SPMA"
262.721893310547,263.905334472656,260.355041503906,262.721893310547,283751,"2023-06-20","SPMA"
263.905334472656,263.905334472656,260.355041503906,262.721893310547,648115,"2023-06-21","SPMA"
261.538452148438,263.905334472656,261.538452148438,262.721893310547,505310,"2023-06-22","SPMA"
262.721893310547,262.721893310547,242.603546142578,244.970413208008,4893395,"2023-06-23","SPMA"
248.520706176758,257.988159179688,248.520706176758,252.070999145508,1342874,"2023-06-26","SPMA"
252.070999145508,255.621307373047,248.520706176758,252.070999145508,573079,"2023-06-27","SPMA"
252.070999145508,259.171600341797,252.070999145508,257.988159179688,726869,"2023-07-03","SPMA"
257.988159179688,259.171600341797,255.621307373047,257.988159179688,322283,"2023-07-04","SPMA"
257.988159179688,262.721893310547,255.621307373047,260.355041503906,622596,"2023-07-05","SPMA"
260.355041503906,272.189361572266,260.355041503906,271.005920410156,2076165,"2023-07-06","SPMA"
271.005920410156,272.189361572266,266.272186279297,269.822479248047,820495,"2023-07-07","SPMA"
269.822479248047,278.106506347656,269.822479248047,273.372772216797,1332903,"2023-07-10","SPMA"
275.739654541016,280.473358154297,273.372772216797,275.739654541016,851760,"2023-07-11","SPMA"
275.739654541016,279.289947509766,268.639038085938,269.822479248047,1068587,"2023-07-12","SPMA"
269.822479248047,273.372772216797,266.272186279297,271.005920410156,1492946,"2023-07-13","SPMA"
271.005920410156,275.739654541016,269.822479248047,273.372772216797,843817,"2023-07-14","SPMA"
276.923065185547,276.923065185547,271.005920410156,273.372772216797,459342,"2023-07-17","SPMA"
273.372772216797,273.372772216797,269.822479248047,271.005920410156,423176,"2023-07-18","SPMA"
272.189361572266,272.189361572266,267.455627441406,269.822479248047,823537,"2023-07-20","SPMA"
269.822479248047,271.005920410156,265.088745117188,266.272186279297,970567,"2023-07-21","SPMA"
268.639038085938,271.005920410156,262.721893310547,266.272186279297,1662960,"2023-07-24","SPMA"
267.455627441406,268.639038085938,265.088745117188,267.455627441406,806130,"2023-07-25","SPMA"
268.639038085938,268.639038085938,265.088745117188,266.272186279297,1046955,"2023-07-26","SPMA"
266.272186279297,268.639038085938,265.088745117188,268.639038085938,614146,"2023-07-27","SPMA"
268.639038085938,269.822479248047,260.355041503906,265.088745117188,2384928,"2023-07-28","SPMA"
260.355041503906,263.905334472656,248.520706176758,259.171600341797,4502329,"2023-07-31","SPMA"
259.171600341797,259.171600341797,244.970413208008,250.887573242188,4548804,"2023-08-01","SPMA"
249.704147338867,253.254440307617,248.520706176758,252.070999145508,441766,"2023-08-02","SPMA"
252.070999145508,253.254440307617,241.420120239258,250.887573242188,3239223,"2023-08-03","SPMA"
250.887573242188,254.437866210938,250.887573242188,253.254440307617,530491,"2023-08-04","SPMA"
253.254440307617,253.254440307617,249.704147338867,252.070999145508,1114724,"2023-08-07","SPMA"
252.070999145508,257.988159179688,249.704147338867,256.804718017578,1420445,"2023-08-08","SPMA"
257.988159179688,265.088745117188,257.988159179688,261.538452148438,1279668,"2023-08-09","SPMA"
263.905334472656,265.088745117188,256.804718017578,260.355041503906,547391,"2023-08-10","SPMA"
260.355041503906,260.355041503906,256.804718017578,259.171600341797,263978,"2023-08-11","SPMA"
260.355041503906,263.905334472656,259.171600341797,259.171600341797,294398,"2023-08-14","SPMA"
259.171600341797,262.721893310547,255.621307373047,259.171600341797,565812,"2023-08-15","SPMA"
259.171600341797,261.538452148438,256.804718017578,257.988159179688,198575,"2023-08-16","SPMA"
259.171600341797,259.171600341797,256.804718017578,259.171600341797,192660,"2023-08-18","SPMA"
259.171600341797,259.171600341797,255.621307373047,255.621307373047,236262,"2023-08-21","SPMA"
255.621307373047,257.988159179688,253.254440307617,256.804718017578,261274,"2023-08-22","SPMA"
256.804718017578,257.988159179688,255.621307373047,255.621307373047,230854,"2023-08-23","SPMA"
254.437866210938,255.621307373047,252.070999145508,254.437866210938,390559,"2023-08-24","SPMA"
254.437866210938,256.804718017578,253.254440307617,256.804718017578,254345,"2023-08-25","SPMA"
256.804718017578,256.804718017578,252.070999145508,256.804718017578,262964,"2023-08-28","SPMA"
256.804718017578,256.804718017578,254.437866210938,256.804718017578,403910,"2023-08-29","SPMA"
256.804718017578,256.804718017578,253.254440307617,253.254440307617,490269,"2023-08-30","SPMA"
254.437866210938,254.437866210938,253.254440307617,254.437866210938,674986,"2023-08-31","SPMA"
254.437866210938,268.639038085938,254.437866210938,260.355041503906,2599727,"2023-09-01","SPMA"
262.721893310547,266.272186279297,260.355041503906,262.721893310547,844155,"2023-09-04","SPMA"
262.721893310547,262.721893310547,259.171600341797,259.171600341797,456300,"2023-09-05","SPMA"
259.171600341797,262.721893310547,256.804718017578,259.171600341797,431457,"2023-09-06","SPMA"
259.171600341797,261.538452148438,257.988159179688,259.171600341797,106470,"2023-09-07","SPMA"
260.355041503906,261.538452148438,259.171600341797,260.355041503906,109343,"2023-09-08","SPMA"
260.355041503906,261.538452148438,257.988159179688,257.988159179688,206518,"2023-09-11","SPMA"
260.355041503906,261.538452148438,254.437866210938,261.538452148438,1273922,"2023-09-12","SPMA"
261.538452148438,266.272186279297,259.171600341797,261.538452148438,1983215,"2023-09-13","SPMA"
263.905334472656,266.272186279297,260.355041503906,262.721893310547,2675946,"2023-09-14","SPMA"
262.721893310547,263.905334472656,259.171600341797,263.905334472656,631891,"2023-09-15","SPMA"
262.721893310547,267.455627441406,260.355041503906,267.455627441406,2002481,"2023-09-18","SPMA"
267.455627441406,279.289947509766,266.272186279297,272.189361572266,5165316,"2023-09-19","SPMA"
273.372772216797,278.106506347656,268.639038085938,269.822479248047,2202408,"2023-09-20","SPMA"
271.005920410156,275.739654541016,267.455627441406,267.455627441406,2854072,"2023-09-21","SPMA"
268.639038085938,271.005920410156,266.272186279297,266.272186279297,2213562,"2023-09-22","SPMA"
268.639038085938,271.005920410156,262.721893310547,262.721893310547,2530437,"2023-09-25","SPMA"
262.721893310547,265.088745117188,260.355041503906,261.538452148438,913952,"2023-09-26","SPMA"
261.538452148438,263.905334472656,260.355041503906,262.721893310547,275470,"2023-09-27","SPMA"
263.905334472656,266.272186279297,260.355041503906,261.538452148438,1162382,"2023-09-29","SPMA"
261.538452148438,265.088745117188,259.171600341797,261.538452148438,1311271,"2023-10-02","SPMA"
261.538452148438,261.538452148438,257.988159179688,257.988159179688,340704,"2023-10-03","SPMA"
259.171600341797,262.721893310547,257.988159179688,260.355041503906,1031407,"2023-10-04","SPMA"
260.355041503906,266.272186279297,260.355041503906,260.355041503906,466440,"2023-10-05","SPMA"
262.721893310547,262.721893310547,260.355041503906,261.538452148438,418275,"2023-10-06","SPMA"
261.538452148438,262.721893310547,257.988159179688,260.355041503906,127933,"2023-10-09","SPMA"
260.355041503906,260.355041503906,257.988159179688,257.988159179688,225108,"2023-10-10","SPMA"
257.988159179688,257.988159179688,253.254440307617,253.254440307617,1185704,"2023-10-11","SPMA"
253.254440307617,254.437866210938,252.070999145508,254.437866210938,1025492,"2023-10-12","SPMA"
255.621307373047,255.621307373047,252.070999145508,253.254440307617,235755,"2023-10-13","SPMA"
253.254440307617,253.254440307617,248.520706176758,249.704147338867,659269,"2023-10-16","SPMA"
249.704147338867,252.070999145508,248.520706176758,248.520706176758,172718,"2023-10-17","SPMA"
250.887573242188,252.070999145508,247.337280273438,247.337280273438,508352,"2023-10-18","SPMA"
249.704147338867,249.704147338867,242.603546142578,246.153839111328,1732588,"2023-10-19","SPMA"
246.153839111328,246.153839111328,236.686386108398,240.236679077148,4742140,"2023-10-20","SPMA"
239.053253173828,242.603546142578,235.502960205078,236.686386108398,2170636,"2023-10-23","SPMA"
236.686386108398,236.686386108398,230.769226074219,235.502960205078,748163,"2023-10-24","SPMA"
237.869827270508,240.236679077148,230.769226074219,235.502960205078,1473849,"2023-10-25","SPMA"
235.502960205078,236.686386108398,235.502960205078,236.686386108398,294060,"2023-10-26","SPMA"
237.869827270508,240.236679077148,236.686386108398,239.053253173828,179647,"2023-10-27","SPMA"
240.236679077148,242.603546142578,213.01774597168,215.384613037109,7988630,"2023-10-30","SPMA"
215.384613037109,216.568054199219,194.08283996582,200,6971757,"2023-10-31","SPMA"
202.36686706543,205.91716003418,195.266265869141,200,1232855,"2023-11-01","SPMA"
200,204.733734130859,198.81657409668,201.18342590332,666536,"2023-11-02","SPMA"
204.733734130859,221.301773071289,201.18342590332,216.568054199219,1140243,"2023-11-03","SPMA"
216.568054199219,217.751480102539,213.01774597168,217.751480102539,118807,"2023-11-06","SPMA"
217.751480102539,217.751480102539,215.384613037109,216.568054199219,69797,"2023-11-07","SPMA"
216.568054199219,217.751480102539,211.834320068359,211.834320068359,173394,"2023-11-08","SPMA"
214.201187133789,215.384613037109,214.201187133789,214.201187133789,48334,"2023-11-09","SPMA"
214.201187133789,215.384613037109,213.01774597168,213.01774597168,196885,"2023-11-10","SPMA"
215.384613037109,216.568054199219,213.01774597168,214.201187133789,190801,"2023-11-13","SPMA"
216.568054199219,216.568054199219,209.46745300293,213.01774597168,149903,"2023-11-14","SPMA"
214.201187133789,215.384613037109,208.284027099609,213.01774597168,140777,"2023-11-15","SPMA"
213.01774597168,215.384613037109,213.01774597168,213.01774597168,64558,"2023-11-16","SPMA"
214.201187133789,215.384613037109,211.834320068359,214.201187133789,237445,"2023-11-17","SPMA"
214.201187133789,222.485214233398,213.01774597168,214.201187133789,384137,"2023-11-20","SPMA"
216.568054199219,216.568054199219,214.201187133789,215.384613037109,243529,"2023-11-21","SPMA"
214.201187133789,216.568054199219,214.201187133789,215.384613037109,116103,"2023-11-22","SPMA"
216.568054199219,216.568054199219,213.01774597168,213.01774597168,310284,"2023-11-23","SPMA"
214.201187133789,215.384613037109,211.834320068359,213.01774597168,174746,"2023-11-24","SPMA"
211.834320068359,215.384613037109,211.834320068359,213.01774597168,417768,"2023-11-27","SPMA"
213.01774597168,215.384613037109,210.650894165039,211.834320068359,111202,"2023-11-28","SPMA"
211.834320068359,213.01774597168,211.834320068359,211.834320068359,121173,"2023-11-29","SPMA"
210.650894165039,214.201187133789,210.650894165039,214.201187133789,396812,"2023-11-30","SPMA"
214.201187133789,214.201187133789,213.01774597168,213.01774597168,293215,"2023-12-01","SPMA"
213.01774597168,215.384613037109,211.834320068359,213.01774597168,126750,"2023-12-04","SPMA"
214.201187133789,214.201187133789,210.650894165039,214.201187133789,355576,"2023-12-05","SPMA"
214.201187133789,214.201187133789,208.284027099609,210.650894165039,547898,"2023-12-06","SPMA"
211.834320068359,211.834320068359,208.284027099609,211.834320068359,242177,"2023-12-07","SPMA"
211.834320068359,211.834320068359,209.46745300293,210.650894165039,59488,"2023-12-08","SPMA"
209.46745300293,210.650894165039,207.1005859375,209.46745300293,452413,"2023-12-11","SPMA"
209.46745300293,209.46745300293,207.1005859375,208.284027099609,71149,"2023-12-12","SPMA"
207.1005859375,210.650894165039,205.91716003418,208.284027099609,834353,"2023-12-13","SPMA"
207.1005859375,210.650894165039,207.1005859375,209.46745300293,100386,"2023-12-14","SPMA"
208.284027099609,208.284027099609,204.733734130859,205.91716003418,185562,"2023-12-15","SPMA"
205.91716003418,209.46745300293,205.91716003418,205.91716003418,242177,"2023-12-18","SPMA"
205.91716003418,208.284027099609,204.733734130859,207.1005859375,91598,"2023-12-19","SPMA"
207.1005859375,208.284027099609,205.91716003418,207.1005859375,154128,"2023-12-20","SPMA"
208.284027099609,209.46745300293,205.91716003418,209.46745300293,164099,"2023-12-21","SPMA"
209.46745300293,211.834320068359,207.1005859375,208.284027099609,676845,"2023-12-22","SPMA"
208.284027099609,209.46745300293,204.733734130859,204.733734130859,934401,"2023-12-27","SPMA"
205.91716003418,207.1005859375,204.733734130859,205.91716003418,226122,"2023-12-28","SPMA"
207.1005859375,208.284027099609,204.733734130859,205.91716003418,191984,"2023-12-29","SPMA"
209.46745300293,209.46745300293,207.1005859375,209.46745300293,133848,"2024-01-02","SPMA"
209.46745300293,210.650894165039,208.284027099609,210.650894165039,644397,"2024-01-03","SPMA"
209.46745300293,213.01774597168,209.46745300293,210.650894165039,107653,"2024-01-04","SPMA"
211.834320068359,237.869827270508,210.650894165039,227.218933105469,3323385,"2024-01-05","SPMA"
227.218933105469,230.769226074219,221.301773071289,221.301773071289,806975,"2024-01-08","SPMA"
221.301773071289,230.769226074219,221.301773071289,222.485214233398,366392,"2024-01-09","SPMA"
221.301773071289,227.218933105469,218.934906005859,218.934906005859,245895,"2024-01-10","SPMA"
218.934906005859,221.301773071289,218.934906005859,221.301773071289,109343,"2024-01-11","SPMA"
218.934906005859,221.301773071289,218.934906005859,220.118347167969,134017,"2024-01-12","SPMA"
218.934906005859,222.485214233398,218.934906005859,222.485214233398,323635,"2024-01-15","SPMA"
222.485214233398,224.852066040039,222.485214233398,224.852066040039,228488,"2024-01-16","SPMA"
224.852066040039,224.852066040039,220.118347167969,221.301773071289,161395,"2024-01-17","SPMA"
221.301773071289,221.301773071289,217.751480102539,218.934906005859,226291,"2024-01-18","SPMA"
220.118347167969,221.301773071289,216.568054199219,217.751480102539,180154,"2024-01-19","SPMA"
218.934906005859,220.118347167969,215.384613037109,215.384613037109,269048,"2024-01-22","SPMA"
215.384613037109,215.384613037109,210.650894165039,214.201187133789,493818,"2024-01-23","SPMA"
213.01774597168,215.384613037109,207.1005859375,210.650894165039,903643,"2024-01-24","SPMA"
214.201187133789,216.568054199219,208.284027099609,210.650894165039,66248,"2024-01-25","SPMA"
210.650894165039,210.650894165039,208.284027099609,209.46745300293,122863,"2024-01-26","SPMA"
209.46745300293,215.384613037109,208.284027099609,209.46745300293,637468,"2024-01-29","SPMA"
209.46745300293,214.201187133789,207.1005859375,207.1005859375,171028,"2024-01-30","SPMA"
210.650894165039,211.834320068359,207.1005859375,208.284027099609,733967,"2024-01-31","SPMA"
208.284027099609,213.01774597168,207.1005859375,208.284027099609,77402,"2024-02-01","SPMA"
209.46745300293,213.01774597168,207.1005859375,213.01774597168,92443,"2024-02-02","SPMA"
213.01774597168,213.01774597168,210.650894165039,211.834320068359,19773,"2024-02-05","SPMA"
211.834320068359,211.834320068359,205.91716003418,211.834320068359,312650,"2024-02-06","SPMA"
211.834320068359,213.01774597168,208.284027099609,209.46745300293,70135,"2024-02-07","SPMA"
208.284027099609,213.01774597168,208.284027099609,210.650894165039,9971,"2024-02-12","SPMA"
211.834320068359,211.834320068359,207.1005859375,210.650894165039,180323,"2024-02-13","SPMA"
210.650894165039,213.01774597168,207.1005859375,207.1005859375,656396,"2024-02-15","SPMA"
210.650894165039,210.650894165039,207.1005859375,208.284027099609,78416,"2024-02-16","SPMA"
209.46745300293,210.650894165039,207.1005859375,208.284027099609,216827,"2024-02-19","SPMA"
208.284027099609,208.284027099609,205.91716003418,207.1005859375,205335,"2024-02-20","SPMA"
207.1005859375,207.1005859375,202.36686706543,203.55029296875,81965,"2024-02-21","SPMA"
205.91716003418,207.1005859375,204.733734130859,207.1005859375,62699,"2024-02-22","SPMA"
207.1005859375,215.384613037109,207.1005859375,209.46745300293,331240,"2024-02-23","SPMA"
208.284027099609,211.834320068359,207.1005859375,207.1005859375,268879,"2024-02-26","SPMA"
210.650894165039,217.751480102539,208.284027099609,211.834320068359,262795,"2024-02-27","SPMA"
210.650894165039,210.650894165039,207.1005859375,207.1005859375,31265,"2024-02-28","SPMA"
208.284027099609,211.834320068359,207.1005859375,209.46745300293,203307,"2024-02-29","SPMA"
209.46745300293,211.834320068359,196.44970703125,207.1005859375,372814,"2024-03-01","SPMA"
207.1005859375,208.284027099609,205.91716003418,205.91716003418,104611,"2024-03-04","SPMA"
207.1005859375,208.284027099609,203.55029296875,205.91716003418,58136,"2024-03-05","SPMA"
204.733734130859,218.934906005859,204.733734130859,207.1005859375,84331,"2024-03-06","SPMA"
207.1005859375,210.650894165039,207.1005859375,207.1005859375,70642,"2024-03-07","SPMA"
208.284027099609,218.934906005859,207.1005859375,208.284027099609,40898,"2024-03-08","SPMA"
207.1005859375,209.46745300293,202.36686706543,204.733734130859,778245,"2024-03-13","SPMA"
207.1005859375,214.201187133789,203.55029296875,207.1005859375,343070,"2024-03-14","SPMA"
207.1005859375,213.01774597168,205.91716003418,207.1005859375,191477,"2024-03-15","SPMA"
207.1005859375,209.46745300293,203.55029296875,207.1005859375,182520,"2024-03-18","SPMA"
207.1005859375,207.1005859375,203.55029296875,204.733734130859,82303,"2024-03-19","SPMA"
204.733734130859,207.1005859375,203.55029296875,205.91716003418,309101,"2024-03-20","SPMA"
207.1005859375,207.1005859375,204.733734130859,205.91716003418,119990,"2024-03-21","SPMA"
204.733734130859,207.1005859375,203.55029296875,204.733734130859,438893,"2024-03-22","SPMA"
207.1005859375,207.1005859375,204.733734130859,207.1005859375,422162,"2024-03-25","SPMA"
207.1005859375,207.1005859375,203.55029296875,207.1005859375,616512,"2024-03-26","SPMA"
207.1005859375,207.1005859375,202.36686706543,205.91716003418,605696,"2024-03-27","SPMA"
205.91716003418,207.1005859375,201.18342590332,203.55029296875,335465,"2024-03-28","SPMA"
203.55029296875,207.1005859375,195.266265869141,205.91716003418,525083,"2024-04-01","SPMA"
205.91716003418,205.91716003418,201.18342590332,203.55029296875,123877,"2024-04-02","SPMA"
205.91716003418,205.91716003418,198.81657409668,202.36686706543,344760,"2024-04-03","SPMA"
202.36686706543,203.55029296875,200,201.18342590332,147199,"2024-04-04","SPMA"
201.18342590332,201.18342590332,195.266265869141,198.81657409668,860041,"2024-04-05","SPMA"
198.81657409668,201.18342590332,195.266265869141,200,381095,"2024-04-16","SPMA"
200,200,191.715972900391,198.81657409668,416754,"2024-04-17","SPMA"
198.81657409668,198.81657409668,194.08283996582,195.266265869141,125229,"2024-04-18","SPMA"
195.266265869141,195.266265869141,190.53254699707,191.715972900391,258401,"2024-04-19","SPMA"
191.715972900391,191.715972900391,186.98225402832,189.349105834961,254007,"2024-04-22","SPMA"
189.349105834961,205.91716003418,188.165679931641,190.53254699707,373997,"2024-04-23","SPMA"
192.8994140625,197.63313293457,189.349105834961,191.715972900391,137397,"2024-04-24","SPMA"
191.715972900391,194.08283996582,191.715972900391,192.8994140625,23998,"2024-04-25","SPMA"
195.266265869141,195.266265869141,188.165679931641,190.53254699707,184886,"2024-04-26","SPMA"
192.8994140625,195.266265869141,183.431945800781,188.165679931641,535730,"2024-04-29","SPMA"
188.165679931641,195.266265869141,185.798812866211,189.349105834961,616850,"2024-04-30","SPMA"
188.165679931641,188.165679931641,177.514785766602,182.248519897461,1597557,"2024-05-02","SPMA"
182.248519897461,182.248519897461,177.514785766602,178.698226928711,1073488,"2024-05-03","SPMA"
178.698226928711,178.698226928711,165.680465698242,170.414199829102,2943304,"2024-05-06","SPMA"
171.597625732422,182.248519897461,171.597625732422,176.331359863281,699829,"2024-05-07","SPMA"
177.514785766602,177.514785766602,171.597625732422,173.964492797852,55601,"2024-05-08","SPMA"
176.331359863281,176.331359863281,168.047332763672,173.964492797852,1336114,"2024-05-13","SPMA"
173.964492797852,177.514785766602,171.597625732422,176.331359863281,628342,"2024-05-14","SPMA"
173.964492797852,175.147933959961,165.680465698242,172.781066894531,252824,"2024-05-15","SPMA"
171.597625732422,176.331359863281,171.597625732422,175.147933959961,784329,"2024-05-16","SPMA"
175.147933959961,175.147933959961,173.964492797852,175.147933959961,19604,"2024-05-17","SPMA"
175.147933959961,186.98225402832,173.964492797852,177.514785766602,407628,"2024-05-20","SPMA"
177.514785766602,179.881652832031,171.597625732422,176.331359863281,33631,"2024-05-21","SPMA"
176.331359863281,181.065093994141,176.331359863281,178.698226928711,54587,"2024-05-22","SPMA"
178.698226928711,182.248519897461,178.698226928711,181.065093994141,220038,"2024-05-27","SPMA"
182.248519897461,182.248519897461,177.514785766602,178.698226928711,567164,"2024-05-28","SPMA"
177.514785766602,177.514785766602,172.781066894531,173.964492797852,159874,"2024-05-29","SPMA"
173.964492797852,173.964492797852,171.597625732422,173.964492797852,335634,"2024-05-30","SPMA"
172.781066894531,176.331359863281,165.680465698242,170.414199829102,1490242,"2024-05-31","SPMA"
170.414199829102,176.331359863281,168.047332763672,172.781066894531,409318,"2024-06-03","SPMA"
171.597625732422,172.781066894531,168.047332763672,171.597625732422,308425,"2024-06-04","SPMA"
172.781066894531,184.615386962891,172.781066894531,173.964492797852,485368,"2024-06-05","SPMA"
181.065093994141,181.065093994141,169.230773925781,172.781066894531,61178,"2024-06-06","SPMA"
175.147933959961,177.514785766602,172.781066894531,175.147933959961,117624,"2024-06-07","SPMA"
173.964492797852,178.698226928711,165.680465698242,166.863906860352,809510,"2024-06-10","SPMA"
169.230773925781,170.414199829102,165.680465698242,166.863906860352,120497,"2024-06-11","SPMA"
168.047332763672,170.414199829102,165.680465698242,168.047332763672,125905,"2024-06-12","SPMA"
168.047332763672,168.047332763672,160.946746826172,166.863906860352,155480,"2024-06-13","SPMA"
168.047332763672,169.230773925781,164.497039794922,166.863906860352,162747,"2024-06-14","SPMA"
168.047332763672,168.047332763672,163.313613891602,164.497039794922,229840,"2024-06-19","SPMA"
164.497039794922,176.331359863281,163.313613891602,169.230773925781,388869,"2024-06-20","SPMA"
170.414199829102,171.597625732422,166.863906860352,170.414199829102,238966,"2024-06-21","SPMA"
171.597625732422,172.781066894531,168.047332763672,168.047332763672,419796,"2024-06-24","SPMA"
171.597625732422,177.514785766602,170.414199829102,170.414199829102,148551,"2024-06-25","SPMA"
171.597625732422,172.781066894531,170.414199829102,170.414199829102,1307215,"2024-06-26","SPMA"
164.497039794922,165.680465698242,163.313613891602,164.497039794922,884039,"2024-06-27","SPMA"
165.680465698242,168.047332763672,164.497039794922,164.497039794922,500071,"2024-06-28","SPMA"
165.680465698242,168.047332763672,163.313613891602,164.497039794922,720954,"2024-07-01","SPMA"
164.497039794922,168.047332763672,163.313613891602,166.863906860352,427232,"2024-07-02","SPMA"
168.047332763672,170.414199829102,166.863906860352,169.230773925781,129285,"2024-07-03","SPMA"
169.230773925781,171.597625732422,169.230773925781,171.597625732422,179140,"2024-07-04","SPMA"
171.597625732422,172.781066894531,169.230773925781,170.414199829102,545701,"2024-07-05","SPMA"
171.597625732422,172.781066894531,170.414199829102,171.597625732422,636454,"2024-07-08","SPMA"
171.597625732422,173.964492797852,170.414199829102,171.597625732422,920036,"2024-07-09","SPMA"
171.597625732422,173.964492797852,171.597625732422,172.781066894531,503620,"2024-07-10","SPMA"
172.781066894531,175.147933959961,171.597625732422,172.781066894531,398840,"2024-07-11","SPMA"
171.597625732422,173.964492797852,170.414199829102,172.781066894531,189618,"2024-07-12","SPMA"
173.964492797852,182.248519897461,170.414199829102,181.065093994141,713349,"2024-07-15","SPMA"
181.065093994141,182.248519897461,177.514785766602,177.514785766602,199082,"2024-07-16","SPMA"
178.698226928711,179.881652832031,177.514785766602,179.881652832031,331916,"2024-07-17","SPMA"
177.514785766602,178.698226928711,176.331359863281,178.698226928711,1431937,"2024-07-18","SPMA"
179.881652832031,181.065093994141,177.514785766602,179.881652832031,315692,"2024-07-19","SPMA"
178.698226928711,179.881652832031,173.964492797852,178.698226928711,1091740,"2024-07-22","SPMA"
178.698226928711,179.881652832031,176.331359863281,178.698226928711,402896,"2024-07-23","SPMA"
179.881652832031,181.065093994141,178.698226928711,178.698226928711,160043,"2024-07-24","SPMA"
179.881652832031,179.881652832031,175.147933959961,176.331359863281,101231,"2024-07-25","SPMA"
176.331359863281,181.065093994141,175.147933959961,179.881652832031,122525,"2024-07-26","SPMA"
179.881652832031,181.065093994141,177.514785766602,178.698226928711,154466,"2024-07-29","SPMA"
179.881652832031,181.065093994141,175.147933959961,176.331359863281,458666,"2024-07-30","SPMA"
176.331359863281,177.514785766602,172.781066894531,176.331359863281,426218,"2024-07-31","SPMA"
178.698226928711,179.881652832031,175.147933959961,176.331359863281,658424,"2024-08-01","SPMA"
176.331359863281,177.514785766602,173.964492797852,177.514785766602,139087,"2024-08-02","SPMA"
177.514785766602,177.514785766602,170.414199829102,171.597625732422,565981,"2024-08-05","SPMA"
171.597625732422,177.514785766602,171.597625732422,172.781066894531,119483,"2024-08-06","SPMA"
173.964492797852,176.331359863281,165.680465698242,171.597625732422,1372280,"2024-08-07","SPMA"
175.147933959961,175.147933959961,173.964492797852,173.964492797852,7267,"2024-08-08","SPMA"
176.331359863281,176.331359863281,172.781066894531,172.781066894531,74698,"2024-08-09","SPMA"
172.781066894531,177.514785766602,171.597625732422,172.781066894531,165282,"2024-08-12","SPMA"
171.597625732422,176.331359863281,171.597625732422,171.597625732422,258232,"2024-08-13","SPMA"
171.597625732422,175.147933959961,170.414199829102,172.781066894531,314678,"2024-08-14","SPMA"
175.147933959961,175.147933959961,170.414199829102,173.964492797852,336986,"2024-08-15","SPMA"
172.781066894531,176.331359863281,170.414199829102,175.147933959961,405938,"2024-08-16","SPMA"
175.147933959961,177.514785766602,173.964492797852,176.331359863281,440076,"2024-08-19","SPMA"
176.331359863281,181.065093994141,175.147933959961,177.514785766602,1989468,"2024-08-20","SPMA"
177.514785766602,181.065093994141,177.514785766602,179.881652832031,884377,"2024-08-21","SPMA"
179.881652832031,179.881652832031,176.331359863281,178.698226928711,552123,"2024-08-22","SPMA"
178.698226928711,179.881652832031,177.514785766602,179.881652832031,986284,"2024-08-23","SPMA"
179.881652832031,181.065093994141,178.698226928711,178.698226928711,1181479,"2024-08-26","SPMA"
179.881652832031,181.065093994141,178.698226928711,181.065093994141,330226,"2024-08-27","SPMA"
181.065093994141,181.065093994141,177.514785766602,178.698226928711,484185,"2024-08-28","SPMA"
178.698226928711,178.698226928711,175.147933959961,178.698226928711,282568,"2024-08-29","SPMA"
178.698226928711,179.881652832031,175.147933959961,177.514785766602,545870,"2024-08-30","SPMA"
181.065093994141,181.065093994141,177.514785766602,178.698226928711,671268,"2024-09-02","SPMA"
178.698226928711,179.881652832031,177.514785766602,179.881652832031,337155,"2024-09-03","SPMA"
182.248519897461,182.248519897461,176.331359863281,178.698226928711,311467,"2024-09-04","SPMA"
178.698226928711,178.698226928711,177.514785766602,178.698226928711,180830,"2024-09-05","SPMA"
178.698226928711,179.881652832031,177.514785766602,179.881652832031,269048,"2024-09-06","SPMA"
179.881652832031,181.065093994141,177.514785766602,178.698226928711,322959,"2024-09-09","SPMA"
178.698226928711,179.881652832031,177.514785766602,178.698226928711,821002,"2024-09-10","SPMA"
178.698226928711,179.881652832031,177.514785766602,178.698226928711,509873,"2024-09-11","SPMA"
179.881652832031,179.881652832031,176.331359863281,177.514785766602,697294,"2024-09-12","SPMA"
177.514785766602,179.881652832031,177.514785766602,178.698226928711,133172,"2024-09-13","SPMA"
178.698226928711,179.881652832031,177.514785766602,178.698226928711,105625,"2024-09-17","SPMA"
178.698226928711,178.698226928711,176.331359863281,178.698226928711,263302,"2024-09-18","SPMA"
178.698226928711,179.881652832031,177.514785766602,177.514785766602,1172184,"2024-09-19","SPMA"
178.698226928711,179.881652832031,177.514785766602,179.881652832031,261105,"2024-09-20","SPMA"
181.065093994141,181.065093994141,178.698226928711,179.881652832031,145847,"2024-09-23","SPMA"
179.881652832031,181.065093994141,177.514785766602,178.698226928711,378053,"2024-09-24","SPMA"
179.881652832031,182.248519897461,179.881652832031,181.065093994141,185393,"2024-09-25","SPMA"
181.065093994141,188.165679931641,179.881652832031,183.431945800781,1597557,"2024-09-26","SPMA"
183.431945800781,205.91716003418,183.431945800781,200,7198555,"2024-09-27","SPMA"
201.18342590332,202.36686706543,192.8994140625,195.266265869141,2620007,"2024-09-30","SPMA"
196.44970703125,196.44970703125,192.8994140625,194.08283996582,330564,"2024-10-01","SPMA"
194.08283996582,196.44970703125,190.53254699707,192.8994140625,926627,"2024-10-02","SPMA"
194.08283996582,196.44970703125,190.53254699707,191.715972900391,258570,"2024-10-03","SPMA"
191.715972900391,194.08283996582,182.248519897461,194.08283996582,1758783,"2024-10-04","SPMA"
194.08283996582,195.266265869141,185.798812866211,192.8994140625,334113,"2024-10-07","SPMA"
192.8994140625,192.8994140625,186.98225402832,190.53254699707,195702,"2024-10-08","SPMA"
190.53254699707,190.53254699707,186.98225402832,188.165679931641,345605,"2024-10-09","SPMA"
188.165679931641,189.349105834961,186.98225402832,186.98225402832,308763,"2024-10-10","SPMA"
186.98225402832,189.349105834961,186.98225402832,186.98225402832,164944,"2024-10-11","SPMA"
188.165679931641,189.349105834961,186.98225402832,188.165679931641,431288,"2024-10-14","SPMA"
188.165679931641,189.349105834961,184.615386962891,186.98225402832,437879,"2024-10-15","SPMA"
185.798812866211,188.165679931641,184.615386962891,185.798812866211,174070,"2024-10-16","SPMA"
184.615386962891,186.98225402832,184.615386962891,186.98225402832,182351,"2024-10-17","SPMA"
186.98225402832,189.349105834961,182.248519897461,186.98225402832,564967,"2024-10-18","SPMA"
184.615386962891,191.715972900391,177.514785766602,186.98225402832,128271,"2024-10-21","SPMA"
188.165679931641,188.165679931641,182.248519897461,184.615386962891,798018,"2024-10-22","SPMA"
184.615386962891,188.165679931641,184.615386962891,184.615386962891,263809,"2024-10-23","SPMA"
184.615386962891,186.98225402832,184.615386962891,184.615386962891,300144,"2024-10-24","SPMA"
184.615386962891,186.98225402832,184.615386962891,185.798812866211,157677,"2024-10-25","SPMA"
184.615386962891,195.266265869141,183.431945800781,189.349105834961,1666678,"2024-10-28","SPMA"
188.165679931641,195.266265869141,188.165679931641,192.8994140625,1619020,"2024-10-29","SPMA"
194.08283996582,194.08283996582,189.349105834961,190.53254699707,522717,"2024-10-30","SPMA"
191.715972900391,197.63313293457,189.349105834961,191.715972900391,1167114,"2024-10-31","SPMA"
194.08283996582,194.08283996582,188.165679931641,190.53254699707,573755,"2024-11-01","SPMA"
190.53254699707,191.715972900391,185.798812866211,188.165679931641,330902,"2024-11-04","SPMA"
188.165679931641,190.53254699707,185.798812866211,188.165679931641,307411,"2024-11-05","SPMA"
188.165679931641,190.53254699707,186.98225402832,188.165679931641,91936,"2024-11-06","SPMA"
183.431945800781,188.165679931641,183.431945800781,186.98225402832,221728,"2024-11-07","SPMA"
185.798812866211,186.98225402832,183.431945800781,184.615386962891,200772,"2024-11-08","SPMA"
184.615386962891,186.98225402832,177.514785766602,179.881652832031,291187,"2024-11-11","SPMA"
179.881652832031,183.431945800781,177.514785766602,179.881652832031,164775,"2024-11-12","SPMA"
179.881652832031,183.431945800781,177.514785766602,178.698226928711,294398,"2024-11-13","SPMA"
179.881652832031,179.881652832031,177.514785766602,177.514785766602,502099,"2024-11-14","SPMA"
177.514785766602,179.881652832031,177.514785766602,177.514785766602,885898,"2024-11-15","SPMA"
177.514785766602,177.514785766602,172.781066894531,175.147933959961,424866,"2024-11-18","SPMA"
177.514785766602,189.349105834961,176.331359863281,176.331359863281,748670,"2024-11-19","SPMA"
178.698226928711,179.881652832031,177.514785766602,177.514785766602,97344,"2024-11-20","SPMA"
177.514785766602,179.881652832031,173.964492797852,173.964492797852,210912,"2024-11-21","SPMA"
175.147933959961,179.881652832031,175.147933959961,178.698226928711,243360,"2024-11-22","SPMA"
177.514785766602,179.881652832031,176.331359863281,177.514785766602,161733,"2024-11-25","SPMA"
176.331359863281,179.881652832031,176.331359863281,176.331359863281,451737,"2024-11-26","SPMA"
178.698226928711,179.881652832031,176.331359863281,176.331359863281,32279,"2024-11-28","SPMA"
176.331359863281,178.698226928711,175.147933959961,177.514785766602,89739,"2024-11-29","SPMA"
177.514785766602,177.514785766602,172.781066894531,173.964492797852,1029548,"2024-12-02","SPMA"
177.514785766602,178.698226928711,173.964492797852,173.964492797852,686985,"2024-12-03","SPMA"
176.331359863281,178.698226928711,172.781066894531,177.514785766602,1087853,"2024-12-04","SPMA"
178.698226928711,178.698226928711,175.147933959961,175.147933959961,473031,"2024-12-05","SPMA"
176.331359863281,178.698226928711,175.147933959961,178.698226928711,732277,"2024-12-06","SPMA"
177.514785766602,177.514785766602,175.147933959961,177.514785766602,1106274,"2024-12-09","SPMA"
177.514785766602,178.698226928711,176.331359863281,178.698226928711,452751,"2024-12-10","SPMA"
177.514785766602,178.698226928711,176.331359863281,177.514785766602,309439,"2024-12-11","SPMA"
177.514785766602,178.698226928711,177.514785766602,178.698226928711,286962,"2024-12-12","SPMA"
178.698226928711,178.698226928711,177.514785766602,178.698226928711,114751,"2024-12-13","SPMA"
178.698226928711,178.698226928711,176.331359863281,177.514785766602,177112,"2024-12-16","SPMA"
177.514785766602,178.698226928711,177.514785766602,177.514785766602,136045,"2024-12-17","SPMA"
177.514785766602,182.248519897461,177.514785766602,178.698226928711,211588,"2024-12-18","SPMA"
178.698226928711,179.881652832031,176.331359863281,177.514785766602,860717,"2024-12-19","SPMA"
177.514785766602,178.698226928711,176.331359863281,176.331359863281,958568,"2024-12-20","SPMA"
176.331359863281,178.698226928711,175.147933959961,176.331359863281,461539,"2024-12-23","SPMA"
177.514785766602,178.698226928711,176.331359863281,177.514785766602,147368,"2024-12-24","SPMA"
177.514785766602,179.881652832031,177.514785766602,178.698226928711,104611,"2024-12-27","SPMA"
178.698226928711,178.698226928711,164.497039794922,175.147933959961,742248,"2024-12-30","SPMA"
175.147933959961,178.698226928711,175.147933959961,177.514785766602,75543,"2025-01-02","SPMA"
177.514785766602,178.698226928711,175.147933959961,175.147933959961,102583,"2025-01-03","SPMA"
176.331359863281,177.514785766602,171.597625732422,177.514785766602,257387,"2025-01-06","SPMA"
175.147933959961,176.331359863281,172.781066894531,172.781066894531,544856,"2025-01-07","SPMA"
173.964492797852,178.698226928711,172.781066894531,175.147933959961,10816,"2025-01-08","SPMA"
175.147933959961,177.514785766602,173.964492797852,175.147933959961,336986,"2025-01-09","SPMA"
176.331359863281,176.331359863281,172.781066894531,172.781066894531,120159,"2025-01-10","SPMA"
175.147933959961,175.147933959961,172.781066894531,175.147933959961,71487,"2025-01-13","SPMA"
173.964492797852,173.964492797852,171.597625732422,172.781066894531,155480,"2025-01-14","SPMA"
171.597625732422,173.964492797852,171.597625732422,173.964492797852,199082,"2025-01-15","SPMA"
173.964492797852,173.964492797852,171.597625732422,171.597625732422,160381,"2025-01-16","SPMA"
172.781066894531,172.781066894531,171.597625732422,171.597625732422,392080,"2025-01-17","SPMA"
171.597625732422,176.331359863281,165.680465698242,175.147933959961,766415,"2025-01-20","SPMA"
176.331359863281,176.331359863281,172.781066894531,172.781066894531,62699,"2025-01-21","SPMA"
173.964492797852,175.147933959961,171.597625732422,171.597625732422,190463,"2025-01-22","SPMA"
172.781066894531,175.147933959961,171.597625732422,172.781066894531,55770,"2025-01-23","SPMA"
173.964492797852,175.147933959961,171.597625732422,171.597625732422,42926,"2025-01-24","SPMA"
171.597625732422,172.781066894531,169.230773925781,170.414199829102,204490,"2025-01-30","SPMA"
169.230773925781,175.147933959961,168.047332763672,170.414199829102,568854,"2025-01-31","SPMA"
170.414199829102,171.597625732422,166.863906860352,169.230773925781,575276,"2025-02-03","SPMA"
169.230773925781,172.781066894531,168.047332763672,170.414199829102,649805,"2025-02-04","SPMA"
170.414199829102,171.597625732422,166.863906860352,168.047332763672,217841,"2025-02-05","SPMA"
170.414199829102,171.597625732422,166.863906860352,171.597625732422,675662,"2025-02-06","SPMA"
171.597625732422,184.615386962891,170.414199829102,175.147933959961,1250262,"2025-02-07","SPMA"
177.514785766602,179.881652832031,170.414199829102,172.781066894531,517985,"2025-02-10","SPMA"
172.781066894531,176.331359863281,171.597625732422,172.781066894531,850239,"2025-02-11","SPMA"
171.597625732422,175.147933959961,171.597625732422,175.147933959961,297778,"2025-02-12","SPMA"
172.781066894531,173.964492797852,169.230773925781,169.230773925781,102414,"2025-02-13","SPMA"
170.414199829102,172.781066894531,169.230773925781,170.414199829102,55601,"2025-02-14","SPMA"
170.414199829102,171.597625732422,166.863906860352,169.230773925781,545025,"2025-02-17","SPMA"
170.414199829102,170.414199829102,168.047332763672,169.230773925781,190632,"2025-02-18","SPMA"
169.230773925781,170.414199829102,160.946746826172,165.680465698242,3245814,"2025-02-19","SPMA"
165.680465698242,165.680465698242,163.313613891602,163.313613891602,607893,"2025-02-20","SPMA"
165.680465698242,169.230773925781,163.313613891602,166.863906860352,991692,"2025-02-21","SPMA"
165.680465698242,166.863906860352,164.497039794922,164.497039794922,314002,"2025-02-24","SPMA"
166.863906860352,166.863906860352,160.946746826172,160.946746826172,869336,"2025-02-25","SPMA"
163.313613891602,170.414199829102,159.763305664062,163.313613891602,908375,"2025-02-26","SPMA"
165.680465698242,165.680465698242,157.396453857422,165.680465698242,1106105,"2025-02-27","SPMA"
164.497039794922,164.497039794922,157.396453857422,158.579879760742,235586,"2025-02-28","SPMA"
158.579879760742,164.497039794922,157.396453857422,158.579879760742,130637,"2025-03-03","SPMA"
158.579879760742,160.946746826172,155.029586791992,155.029586791992,602823,"2025-03-04","SPMA"
156.213012695312,159.763305664062,155.029586791992,155.029586791992,161057,"2025-03-05","SPMA"
156.213012695312,159.763305664062,155.029586791992,158.579879760742,139087,"2025-03-06","SPMA"
159.763305664062,160.946746826172,157.396453857422,157.396453857422,48841,"2025-03-07","SPMA"
158.579879760742,159.763305664062,157.396453857422,158.579879760742,130806,"2025-03-10","SPMA"
157.396453857422,158.579879760742,156.213012695312,158.579879760742,147030,"2025-03-11","SPMA"
158.579879760742,158.579879760742,153.846145629883,157.396453857422,286455,"2025-03-12","SPMA"
157.396453857422,162.130172729492,157.396453857422,158.579879760742,477087,"2025-03-13","SPMA"
158.579879760742,162.130172729492,158.579879760742,160.946746826172,84838,"2025-03-14","SPMA"
160.946746826172,164.497039794922,160.946746826172,160.946746826172,63713,"2025-03-17","SPMA"
160.946746826172,163.313613891602,157.396453857422,158.579879760742,225277,"2025-03-18","SPMA"
160.946746826172,163.313613891602,157.396453857422,160.946746826172,145171,"2025-03-19","SPMA"
160.946746826172,162.130172729492,157.396453857422,160.946746826172,28730,"2025-03-20","SPMA"
160.946746826172,160.946746826172,153.846145629883,155.029586791992,115089,"2025-03-21","SPMA"
155.029586791992,162.130172729492,153.846145629883,160.946746826172,236938,"2025-03-24","SPMA"
160.946746826172,160.946746826172,156.213012695312,158.579879760742,197392,"2025-03-25","SPMA"
159.763305664062,162.130172729492,158.579879760742,158.579879760742,23153,"2025-03-26","SPMA"
159.763305664062,169.230773925781,159.763305664062,160.946746826172,478777,"2025-03-27","SPMA"
158.579879760742,158.579879760742,153.846145629883,153.846145629883,315016,"2025-04-08","SPMA"
153.846145629883,162.130172729492,153.846145629883,155.029586791992,518323,"2025-04-09","SPMA"
158.579879760742,158.579879760742,153.846145629883,155.029586791992,94640,"2025-04-10","SPMA"
156.213012695312,163.313613891602,155.029586791992,157.396453857422,63713,"2025-04-11","SPMA"
159.763305664062,159.763305664062,153.846145629883,156.213012695312,180323,"2025-04-14","SPMA"
159.763305664062,159.763305664062,156.213012695312,156.213012695312,190294,"2025-04-15","SPMA"
156.213012695312,159.763305664062,156.213012695312,158.579879760742,164437,"2025-04-16","SPMA"
158.579879760742,158.579879760742,156.213012695312,157.396453857422,96330,"2025-04-17","SPMA"
157.396453857422,159.763305664062,157.396453857422,158.579879760742,15717,"2025-04-21","SPMA"
157.396453857422,158.579879760742,147.929000854492,158.579879760742,652847,"2025-04-22","SPMA"
158.579879760742,159.763305664062,156.213012695312,157.396453857422,48334,"2025-04-23","SPMA"
158.579879760742,158.579879760742,156.213012695312,156.213012695312,341042,"2025-04-24","SPMA"
156.213012695312,159.763305664062,156.213012695312,158.579879760742,189787,"2025-04-25","SPMA"
158.579879760742,158.579879760742,156.213012695312,157.396453857422,395629,"2025-04-28","SPMA"
157.396453857422,157.396453857422,152.662719726562,156.213012695312,1094444,"2025-04-29","SPMA"
157.396453857422,157.396453857422,155.029586791992,157.396453857422,631384,"2025-04-30","SPMA"
156.213012695312,156.213012695312,147.929000854492,153.846145629883,2804048,"2025-05-02","SPMA"
151.479293823242,155.029586791992,150.295852661133,153.846145629883,451399,"2025-05-05","SPMA"
155.029586791992,155.029586791992,147.929000854492,153.846145629883,781794,"2025-05-06","SPMA"
153.846145629883,155.029586791992,149.112426757812,150.295852661133,740220,"2025-05-07","SPMA"
152.662719726562,152.662719726562,150.295852661133,152.662719726562,171028,"2025-05-08","SPMA"
150.295852661133,153.846145629883,150.295852661133,151.479293823242,136890,"2025-05-09","SPMA"
151.479293823242,152.662719726562,151.479293823242,152.662719726562,407628,"2025-05-14","SPMA"
152.662719726562,153.846145629883,152.662719726562,153.846145629883,329043,"2025-05-15","SPMA"
153.846145629883,155.029586791992,152.662719726562,155.029586791992,49517,"2025-05-16","SPMA"
155.029586791992,156.213012695312,152.662719726562,153.846145629883,434668,"2025-05-19","SPMA"
155.029586791992,166.863906860352,153.846145629883,159.763305664062,7487207,"2025-05-20","SPMA"
160.946746826172,162.130172729492,153.846145629883,157.396453857422,2813005,"2025-05-21","SPMA"
158.579879760742,158.579879760742,152.662719726562,158.579879760742,893503,"2025-05-22","SPMA"
158.579879760742,160.946746826172,157.396453857422,159.763305664062,1144130,"2025-05-23","SPMA"
159.763305664062,160.946746826172,156.213012695312,157.396453857422,283075,"2025-05-26","SPMA"
158.579879760742,162.130172729492,157.396453857422,159.763305664062,1215110,"2025-05-27","SPMA"
160.946746826172,160.946746826172,158.579879760742,160.946746826172,715715,"2025-05-28","SPMA"
160.946746826172,160.946746826172,158.579879760742,158.579879760742,375687,"2025-06-02","SPMA"
159.763305664062,163.313613891602,157.396453857422,160.946746826172,1580319,"2025-06-03","SPMA"
160.946746826172,166.863906860352,160.946746826172,165.680465698242,1537393,"2025-06-04","SPMA"
165.680465698242,166.863906860352,163.313613891602,165.680465698242,588796,"2025-06-05","SPMA"
166.863906860352,166.863906860352,159.763305664062,160.946746826172,690196,"2025-06-10","SPMA"
162.130172729492,165.680465698242,157.396453857422,163.313613891602,576290,"2025-06-11","SPMA"
164.497039794922,164.497039794922,158.579879760742,160.946746826172,192322,"2025-06-12","SPMA"
160.946746826172,163.313613891602,159.763305664062,159.763305664062,579670,"2025-06-13","SPMA"
160.946746826172,163.313613891602,158.579879760742,159.763305664062,76726,"2025-06-16","SPMA"
158.579879760742,160.946746826172,157.396453857422,160.946746826172,100724,"2025-06-17","SPMA"
159.763305664062,159.763305664062,157.396453857422,158.579879760742,173901,"2025-06-18","SPMA"
158.579879760742,159.763305664062,147.929000854492,151.479293823242,1297582,"2025-06-19","SPMA"
151.479293823242,156.213012695312,151.479293823242,155.029586791992,114751,"2025-06-20","SPMA"
155.029586791992,155.029586791992,147.929000854492,150.295852661133,390052,"2025-06-23","SPMA"
150.295852661133,155.029586791992,149.112426757812,153.846145629883,341718,"2025-06-24","SPMA"
151.479293823242,153.846145629883,150.295852661133,152.662719726562,89401,"2025-06-25","SPMA"
151.479293823242,152.662719726562,147.929000854492,150.295852661133,304369,"2025-06-26","SPMA"
151.479293823242,152.662719726562,147.929000854492,151.479293823242,359970,"2025-06-30","SPMA"
151.479293823242,152.662719726562,149.112426757812,151.479293823242,194350,"2025-07-01","SPMA"
151.479293823242,151.479293823242,147.929000854492,150.295852661133,832325,"2025-07-02","SPMA"
151.479293823242,151.479293823242,146.745559692383,149.112426757812,1500551,"2025-07-03","SPMA"
149.112426757812,150.295852661133,147.929000854492,149.112426757812,124553,"2025-07-04","SPMA"
149.112426757812,150.295852661133,147.929000854492,150.295852661133,200265,"2025-07-07","SPMA"
150.295852661133,150.295852661133,149.112426757812,150.295852661133,80275,"2025-07-08","SPMA"
150.295852661133,151.479293823242,149.112426757812,150.295852661133,255866,"2025-07-09","SPMA"
150.295852661133,155.029586791992,150.295852661133,153.846145629883,1086163,"2025-07-10","SPMA"
155.029586791992,156.213012695312,152.662719726562,153.846145629883,56784,"2025-07-11","SPMA"
155.029586791992,158.579879760742,153.846145629883,155.029586791992,232375,"2025-07-14","SPMA"
155.029586791992,155.029586791992,153.846145629883,153.846145629883,330564,"2025-07-15","SPMA"
153.846145629883,155.029586791992,153.846145629883,155.029586791992,96499,"2025-07-16","SPMA"
155.029586791992,155.029586791992,153.846145629883,153.846145629883,28561,"2025-07-17","SPMA"
153.846145629883,155.029586791992,151.479293823242,155.029586791992,476242,"2025-07-18","SPMA"
153.846145629883,155.029586791992,149.112426757812,153.846145629883,842296,"2025-07-21","SPMA"
153.846145629883,153.846145629883,150.295852661133,153.846145629883,274794,"2025-07-22","SPMA"
153.846145629883,155.029586791992,150.295852661133,153.846145629883,568347,"2025-07-23","SPMA"
153.846145629883,153.846145629883,151.479293823242,152.662719726562,180154,"2025-07-24","SPMA"
152.662719726562,153.846145629883,151.479293823242,153.846145629883,59150,"2025-07-25","SPMA"
152.662719726562,166.863906860352,152.662719726562,163.313613891602,3663244,"2025-07-28","SPMA"
165.680465698242,165.680465698242,158.579879760742,160.946746826172,872378,"2025-07-29","SPMA"
160.946746826172,163.313613891602,159.763305664062,163.313613891602,271583,"2025-07-30","SPMA"
163.313613891602,165.680465698242,159.763305664062,160.946746826172,827086,"2025-07-31","SPMA"
156.213012695312,162.130172729492,156.213012695312,160.946746826172,125229,"2025-08-01","SPMA"
162.130172729492,168.047332763672,162.130172729492,163.313613891602,2298400,"2025-08-04","SPMA"
165.680465698242,165.680465698242,160.946746826172,164.497039794922,378222,"2025-08-05","SPMA"
164.497039794922,166.863906860352,163.313613891602,164.497039794922,934908,"2025-08-06","SPMA"
164.497039794922,164.497039794922,160.946746826172,163.313613891602,553982,"2025-08-07","SPMA"
163.313613891602,163.313613891602,160.946746826172,160.946746826172,718588,"2025-08-08","SPMA"
160.946746826172,164.497039794922,160.946746826172,164.497039794922,282568,"2025-08-11","SPMA"
164.497039794922,165.680465698242,162.130172729492,163.313613891602,396305,"2025-08-12","SPMA"
163.313613891602,166.863906860352,163.313613891602,164.497039794922,451061,"2025-08-13","SPMA"
164.497039794922,168.047332763672,163.313613891602,164.497039794922,928655,"2025-08-14","SPMA"
164.497039794922,168.047332763672,163.313613891602,164.497039794922,651664,"2025-08-15","SPMA"
164.497039794922,181.065093994141,164.497039794922,175.147933959961,5317923,"2025-08-19","SPMA"
175.147933959961,178.698226928711,172.781066894531,176.331359863281,1611584,"2025-08-20","SPMA"
176.331359863281,177.514785766602,170.414199829102,177.514785766602,629018,"2025-08-21","SPMA"
177.514785766602,179.881652832031,172.781066894531,177.514785766602,507507,"2025-08-22","SPMA"
177.514785766602,178.698226928711,172.781066894531,175.147933959961,686985,"2025-08-25","SPMA"
177.514785766602,177.514785766602,173.964492797852,175.147933959961,209898,"2025-08-26","SPMA"
170.414199829102,175.147933959961,170.414199829102,171.597625732422,693069,"2025-08-27","SPMA"
171.597625732422,176.331359863281,171.597625732422,175.147933959961,894179,"2025-08-28","SPMA"
175.147933959961,176.331359863281,166.863906860352,171.597625732422,933049,"2025-08-29","SPMA"
170.414199829102,172.781066894531,165.680465698242,169.230773925781,334958,"2025-09-01","SPMA"
171.597625732422,172.781066894531,169.230773925781,171.597625732422,172887,"2025-09-02","SPMA"
172.781066894531,176.331359863281,170.414199829102,173.964492797852,250965,"2025-09-03","SPMA"
173.964492797852,173.964492797852,170.414199829102,172.781066894531,165451,"2025-09-04","SPMA"
172.781066894531,172.781066894531,170.414199829102,171.597625732422,412191,"2025-09-08","SPMA"
173.964492797852,173.964492797852,165.680465698242,165.680465698242,806299,"2025-09-09","SPMA"
165.680465698242,171.597625732422,165.680465698242,170.414199829102,147706,"2025-09-10","SPMA"
170.414199829102,171.597625732422,169.230773925781,169.230773925781,98020,"2025-09-11","SPMA"
171.597625732422,171.597625732422,166.863906860352,168.047332763672,556855,"2025-09-12","SPMA"
169.230773925781,171.597625732422,166.863906860352,170.414199829102,219531,"2025-09-15","SPMA"
160.946746826172,170.414199829102,160.946746826172,168.047332763672,340704,"2025-09-16","SPMA"
168.047332763672,172.781066894531,164.497039794922,169.230773925781,814580,"2025-09-17","SPMA"
169.230773925781,172.781066894531,165.680465698242,166.863906860352,404924,"2025-09-18","SPMA"
168.047332763672,170.414199829102,165.680465698242,166.863906860352,269048,"2025-09-19","SPMA"
166.863906860352,170.414199829102,165.680465698242,170.414199829102,566826,"2025-09-22","SPMA"
172.781066894531,213.01774597168,168.047332763672,213.01774597168,28493062,"2025-09-23","SPMA"
237.869827270508,260.355041503906,220.118347167969,223.668640136719,85501832,"2025-09-24","SPMA"
229.585800170898,230.769226074219,213.01774597168,221.301773071289,8980491,"2025-09-25","SPMA"
221.301773071289,222.485214233398,214.201187133789,215.384613037109,3285022,"2025-09-26","SPMA"
214.201187133789,214.201187133789,202.36686706543,207.1005859375,6751888,"2025-09-29","SPMA"
204.733734130859,211.834320068359,202.36686706543,204.733734130859,3855059,"2025-09-30","SPMA"
204.733734130859,207.1005859375,192.8994140625,195.266265869141,8628464,"2025-10-01","SPMA"
195.266265869141,198.81657409668,194.08283996582,197.63313293457,3053323,"2025-10-02","SPMA"
195.266265869141,197.63313293457,191.715972900391,196.44970703125,1791738,"2025-10-03","SPMA"
198.81657409668,203.55029296875,190.53254699707,198.81657409668,2790866,"2025-10-06","SPMA"
201.18342590332,202.36686706543,196.44970703125,197.63313293457,1035801,"2025-10-07","SPMA"
197.63313293457,201.18342590332,190.53254699707,201.18342590332,1831622,"2025-10-08","SPMA"
202.36686706543,213.01774597168,201.18342590332,210.650894165039,3468556,"2025-10-09","SPMA"
214.201187133789,215.384613037109,209.46745300293,210.650894165039,2784613,"2025-10-10","SPMA"
210.650894165039,217.751480102539,204.733734130859,215.384613037109,5697497,"2025-10-13","SPMA"
215.384613037109,216.568054199219,202.36686706543,207.1005859375,3581279,"2025-10-14","SPMA"
207.1005859375,209.46745300293,197.63313293457,201.18342590332,1603810,"2025-10-15","SPMA"
207.1005859375,214.201187133789,201.18342590332,208.284027099609,2342002,"2025-10-16","SPMA"
210.650894165039,216.568054199219,201.18342590332,205.91716003418,2115204,"2025-10-17","SPMA"
203.55029296875,209.46745300293,202.36686706543,205.91716003418,1378026,"2025-10-20","SPMA"
207.1005859375,210.650894165039,205.91716003418,207.1005859375,879307,"2025-10-21","SPMA"
208.284027099609,213.01774597168,207.1005859375,211.834320068359,1362816,"2025-10-22","SPMA"
213.01774597168,236.686386108398,211.834320068359,227.218933105469,11755471,"2025-10-23","SPMA"
234.319519042969,234.319519042969,217.751480102539,224.852066040039,3814837,"2025-10-24","SPMA"
226.035507202148,234.319519042969,221.301773071289,227.218933105469,4772898,"2025-10-27","SPMA"
227.218933105469,230.769226074219,220.118347167969,222.485214233398,1143792,"2025-10-28","SPMA"
228.402359008789,228.402359008789,218.934906005859,224.852066040039,2011269,"2025-10-29","SPMA"
224.852066040039,227.218933105469,214.201187133789,217.751480102539,4295980,"2025-10-30","SPMA"
218.934906005859,222.485214233398,214.201187133789,216.568054199219,1089374,"2025-10-31","SPMA"
223.668640136719,226.035507202148,217.751480102539,218.934906005859,3412448,"2025-11-03","SPMA"
221.301773071289,224.852066040039,217.751480102539,217.751480102539,2999074,"2025-11-04","SPMA"
220.118347167969,236.686386108398,216.568054199219,218.934906005859,8240609,"2025-11-05","SPMA"
218.934906005859,223.668640136719,217.751480102539,218.934906005859,5168189,"2025-11-06","SPMA"
218.934906005859,222.485214233398,208.284027099609,217.751480102539,6558721,"2025-11-07","SPMA"
218.461532592773,221.538467407227,192.307693481445,209.230773925781,5210660,"2025-11-10","SPMA"
210.769226074219,218.461532592773,210.769226074219,216.923080444336,4127240,"2025-11-11","SPMA"
216.923080444336,216.923080444336,209.230773925781,213.846145629883,2364960,"2025-11-12","SPMA"
213.846145629883,215.384613037109,207.692306518555,209.230773925781,2847520,"2025-11-13","SPMA"
209.230773925781,209.230773925781,204.615386962891,206.153839111328,993720,"2025-11-14","SPMA"
206.153839111328,206.153839111328,200,201.538467407227,1504230,"2025-11-17","SPMA"
203.076919555664,206.153839111328,201.538467407227,201.538467407227,564850,"2025-11-18","SPMA"
206.153839111328,207.692306518555,200,201.538467407227,1190800,"2025-11-19","SPMA"
201.538467407227,206.153839111328,200,203.076919555664,657020,"2025-11-20","SPMA"
204.615386962891,204.615386962891,201.538467407227,201.538467407227,219440,"2025-11-21","SPMA"
203.076919555664,204.615386962891,198.461532592773,201.538467407227,1234870,"2025-11-24","SPMA"
196.923080444336,201.538467407227,190.769226074219,190.769226074219,4977960,"2025-11-25","SPMA"
190.769226074219,190.769226074219,183.076919555664,186.153839111328,3214770,"2025-11-26","SPMA"
186.153839111328,196.923080444336,184.615386962891,195.384613037109,1389180,"2025-11-27","SPMA"
198.461532592773,198.461532592773,187.692306518555,190.769226074219,655590,"2025-11-28","SPMA"
192.307693481445,192.307693481445,187.692306518555,189.230773925781,892580,"2025-12-01","SPMA"
190.769226074219,190.769226074219,186.153839111328,186.153839111328,1190930,"2025-12-02","SPMA"
186.153839111328,190.769226074219,184.615386962891,184.615386962891,890240,"2025-12-03","SPMA"
189.230773925781,189.230773925781,183.076919555664,184.615386962891,1578070,"2025-12-04","SPMA"
184.615386962891,186.153839111328,183.076919555664,184.615386962891,1205620,"2025-12-05","SPMA"
183.076919555664,187.692306518555,181.538467407227,187.692306518555,2016170,"2025-12-08","SPMA"
189.230773925781,190.769226074219,183.076919555664,184.615386962891,1464450,"2025-12-09","SPMA"
186.153839111328,186.153839111328,181.538467407227,183.076919555664,1433380,"2025-12-10","SPMA"
181.538467407227,186.153839111328,175.384613037109,180,3306680,"2025-12-11","SPMA"
181.538467407227,184.615386962891,180,180,855270,"2025-12-12","SPMA"
180,183.076919555664,175.384613037109,180,1303640,"2025-12-15","SPMA"
180,183.076919555664,176.923080444336,181.538467407227,1560780,"2025-12-16","SPMA"
184.615386962891,200,183.076919555664,192.307693481445,5750550,"2025-12-17","SPMA"
193.846145629883,196.923080444336,192.307693481445,192.307693481445,1773590,"2025-12-18","SPMA"
193.846145629883,193.846145629883,186.153839111328,187.692306518555,371800,"2025-12-19","SPMA"
189.230773925781,189.230773925781,181.538467407227,183.076919555664,926250,"2025-12-22","SPMA"
186.153839111328,187.692306518555,183.076919555664,184.615386962891,401700,"2025-12-23","SPMA"
184.615386962891,184.615386962891,183.076919555664,183.076919555664,958100,"2025-12-24","SPMA"
183.076919555664,186.153839111328,180,183.076919555664,648570,"2025-12-29","SPMA"
186.153839111328,187.692306518555,181.538467407227,184.615386962891,833430,"2025-12-30","SPMA"
184.615386962891,189.230773925781,181.538467407227,187.692306518555,2636920,"2026-01-02","SPMA"
190.769226074219,193.846145629883,183.076919555664,189.230773925781,692380,"2026-01-05","SPMA"
189.230773925781,190.769226074219,183.076919555664,186.153839111328,1581450,"2026-01-06","SPMA"
186.153839111328,190.769226074219,184.615386962891,189.230773925781,2301910,"2026-01-07","SPMA"
189.230773925781,190.769226074219,184.615386962891,186.153839111328,1125670,"2026-01-08","SPMA"
186.153839111328,189.230773925781,184.615386962891,187.692306518555,1114750,"2026-01-09","SPMA"
187.692306518555,189.230773925781,183.076919555664,184.615386962891,1566110,"2026-01-12","SPMA"
184.615386962891,189.230773925781,184.615386962891,186.153839111328,1885650,"2026-01-13","SPMA"
186.153839111328,190.769226074219,184.615386962891,187.692306518555,897390,"2026-01-14","SPMA"
189.230773925781,189.230773925781,184.615386962891,186.153839111328,1269190,"2026-01-15","SPMA"
187.692306518555,190.769226074219,186.153839111328,189.230773925781,733720,"2026-01-19","SPMA"
190.769226074219,190.769226074219,187.692306518555,187.692306518555,1517490,"2026-01-20","SPMA"
189.230773925781,189.230773925781,184.615386962891,184.615386962891,1953770,"2026-01-21","SPMA"
186.153839111328,189.230773925781,184.615386962891,187.692306518555,858520,"2026-01-22","SPMA"
190.769226074219,190.769226074219,186.153839111328,186.153839111328,1052090,"2026-01-23","SPMA"
187.692306518555,190.769226074219,187.692306518555,189.230773925781,1040390,"2026-01-26","SPMA"
189.230773925781,215.384613037109,189.230773925781,193.846145629883,10728640,"2026-01-27","SPMA"
195.384613037109,196.923080444336,176.923080444336,183.076919555664,4485910,"2026-01-28","SPMA"
181.538467407227,186.153839111328,163.076919555664,176.923080444336,3056820,"2026-01-29","SPMA"
178.461532592773,186.153839111328,176.923080444336,181.538467407227,621140,"2026-01-30","SPMA"
181.538467407227,183.076919555664,172.307693481445,173.846145629883,1341210,"2026-02-02","SPMA"
175.384613037109,183.076919555664,172.307693481445,178.461532592773,346970,"2026-02-03","SPMA"
178.461532592773,180,163.076919555664,173.846145629883,2457520,"2026-02-04","SPMA"
173.846145629883,181.538467407227,173.846145629883,180,574730,"2026-02-05","SPMA"
178.461532592773,178.461532592773,172.307693481445,173.846145629883,571740,"2026-02-06","SPMA"
173.846145629883,175.384613037109,170.769226074219,173.846145629883,373490,"2026-02-09","SPMA"
173.846145629883,176.923080444336,173.846145629883,175.384613037109,307190,"2026-02-10","SPMA"
175.384613037109,178.461532592773,173.846145629883,175.384613037109,284700,"2026-02-11","SPMA"
175.384613037109,180,175.384613037109,180,448500,"2026-02-12","SPMA"
181.538467407227,181.538467407227,173.846145629883,178.461532592773,290030,"2026-02-13","SPMA"
178.461532592773,181.538467407227,175.384613037109,178.461532592773,226070,"2026-02-18","SPMA"
178.461532592773,178.461532592773,161.538467407227,172.307693481445,4740840,"2026-02-19","SPMA"
173.846145629883,175.384613037109,170.769226074219,172.307693481445,552370,"2026-02-20","SPMA"
173.846145629883,176.923080444336,173.846145629883,176.923080444336,360100,"2026-02-23","SPMA"
176.923080444336,178.461532592773,175.384613037109,176.923080444336,504270,"2026-02-24","SPMA"
176.923080444336,184.615386962891,175.384613037109,183.076919555664,1737580,"2026-02-25","SPMA"
183.076919555664,184.615386962891,172.307693481445,176.923080444336,1164410,"2026-02-26","SPMA"
178.461532592773,178.461532592773,175.384613037109,175.384613037109,235820,"2026-02-27","SPMA"
172.307693481445,176.923080444336,167.692306518555,172.307693481445,1275300,"2026-03-02","SPMA"
172.307693481445,181.538467407227,167.692306518555,175.384613037109,545220,"2026-03-03","SPMA"
175.384613037109,175.384613037109,155.384613037109,164.615386962891,1785680,"2026-03-04","SPMA"
163.076919555664,169.230773925781,161.538467407227,166.153839111328,610090,"2026-03-05","SPMA"
166.153839111328,170.769226074219,163.076919555664,166.153839111328,155350,"2026-03-06","SPMA"
166.153839111328,169.230773925781,156.923080444336,164.615386962891,324350,"2026-03-09","SPMA"
164.615386962891,169.230773925781,161.538467407227,163.076919555664,305630,"2026-03-10","SPMA"
164.615386962891,169.230773925781,163.076919555664,164.615386962891,136890,"2026-03-11","SPMA"
166.153839111328,167.692306518555,163.076919555664,164.615386962891,111670,"2026-03-12","SPMA"
164.615386962891,167.692306518555,158.461532592773,160,216320,"2026-03-13","SPMA"
161.538467407227,161.538467407227,155.384613037109,158.461532592773,876720,"2026-03-16","SPMA"
156.923080444336,160,156.923080444336,158.461532592773,707720,"2026-03-17","SPMA"
155.384613037109,167.692306518555,155.384613037109,164.615386962891,885690,"2026-03-25","SPMA"
163.076919555664,164.615386962891,161.538467407227,161.538467407227,152100,"2026-03-26","SPMA"
163.076919555664,164.615386962891,158.461532592773,161.538467407227,113230,"2026-03-27","SPMA"
166.153839111328,166.153839111328,158.461532592773,161.538467407227,199550,"2026-03-30","SPMA"
164.615386962891,164.615386962891,155.384613037109,160,397930,"2026-03-31","SPMA"
160,169.230773925781,158.461532592773,163.076919555664,2058940,"2026-04-01","SPMA"
164.615386962891,166.153839111328,161.538467407227,163.076919555664,278590,"2026-04-02","SPMA"
161.538467407227,164.615386962891,156.923080444336,160,277290,"2026-04-06","SPMA"
160,160,155.384613037109,158.461532592773,261040,"2026-04-07","SPMA"
163.076919555664,175.384613037109,160,167.692306518555,1028560,"2026-04-08","SPMA"
167.692306518555,170.769226074219,164.615386962891,167.692306518555,174200,"2026-04-09","SPMA"
169.230773925781,169.230773925781,166.153839111328,169.230773925781,311480,"2026-04-10","SPMA"
169.230773925781,170.769226074219,166.153839111328,169.230773925781,224900,"2026-04-13","SPMA"
169.230773925781,176.923080444336,167.692306518555,170.769226074219,489060,"2026-04-14","SPMA"
172.307693481445,176.923080444336,169.230773925781,170.769226074219,481390,"2026-04-15","SPMA"
175.384613037109,175.384613037109,169.230773925781,172.307693481445,428350,"2026-04-16","SPMA"
172.307693481445,175.384613037109,169.230773925781,173.846145629883,285220,"2026-04-17","SPMA"
178.461532592773,178.461532592773,170.769226074219,172.307693481445,406900,"2026-04-20","SPMA"
173.846145629883,175.384613037109,169.230773925781,169.230773925781,436930,"2026-04-21","SPMA"
170.769226074219,173.846145629883,169.230773925781,170.769226074219,626860,"2026-04-22","SPMA"
172.307693481445,175.384613037109,169.230773925781,172.307693481445,1565330,"2026-04-23","SPMA"
172.307693481445,173.846145629883,163.076919555664,163.076919555664,624390,"2026-04-24","SPMA"
167.692306518555,170.769226074219,164.615386962891,167.692306518555,73710,"2026-04-27","SPMA"
169.230773925781,170.769226074219,158.461532592773,166.153839111328,1005160,"2026-04-28","SPMA"
166.153839111328,166.153839111328,155.384613037109,161.538467407227,1864590,"2026-04-29","SPMA"
156.923080444336,161.538467407227,156.923080444336,161.538467407227,528580,"2026-04-30","SPMA"
161.538467407227,161.538467407227,161.538467407227,161.538467407227,0,"2026-05-01","SPMA"
161.538467407227,161.538467407227,158.461532592773,160,182520,"2026-05-04","SPMA"
160,163.076919555664,160,160,336700,"2026-05-05","SPMA"
161.538467407227,163.076919555664,160,163.076919555664,433550,"2026-05-06","SPMA"
161.538467407227,163.076919555664,161.538467407227,163.076919555664,233350,"2026-05-07","SPMA"
163.076919555664,163.076919555664,160,163.076919555664,561860,"2026-05-08","SPMA"
163.076919555664,164.615386962891,160,163.076919555664,368680,"2026-05-11","SPMA"
163.076919555664,163.076919555664,160,163.076919555664,593320,"2026-05-12","SPMA"
160,161.538467407227,156.923080444336,161.538467407227,622440,"2026-05-13","SPMA"
161.538467407227,161.538467407227,161.538467407227,161.538467407227,0,"2026-05-14","SPMA"
161.538467407227,161.538467407227,161.538467407227,161.538467407227,0,"2026-05-15","SPMA"
163.076919555664,163.076919555664,156.923080444336,160,544180,"2026-05-18","SPMA"
158.461532592773,160,156.923080444336,158.461532592773,416000,"2026-05-19","SPMA"
158.461532592773,160,153.846145629883,153.846145629883,923260,"2026-05-20","SPMA"
153.846145629883,161.538467407227,152.307693481445,158.461532592773,656240,"2026-05-21","SPMA"
158.461532592773,158.461532592773,152.307693481445,155.384613037109,297440,"2026-05-22","SPMA"
161.538467407227,166.153839111328,161.538467407227,163.076919555664,930020,"2026-05-25","SPMA"
167.692306518555,167.692306518555,161.538467407227,161.538467407227,805090,"2026-05-26","SPMA"
161.538467407227,161.538467407227,161.538467407227,161.538467407227,0,"2026-05-27","SPMA"
161.538467407227,161.538467407227,161.538467407227,161.538467407227,0,"2026-05-28","SPMA"
161.538467407227,164.615386962891,158.461532592773,160,758810,"2026-05-29","SPMA"
160,160,160,160,0,"2026-06-01","SPMA"
160,161.538467407227,158.461532592773,160,492700,"2026-06-02","SPMA"
161.538467407227,161.538467407227,152.307693481445,153.846145629883,1222130,"2026-06-03","SPMA"
153.846145629883,158.461532592773,149.230773925781,152.307693481445,907400,"2026-06-04","SPMA"
153.846145629883,155.384613037109,150.769226074219,150.769226074219,454740,"2026-06-05","SPMA"
148.461532592773,148.461532592773,142.307693481445,146.153839111328,560430,"2026-06-08","SPMA"
146.153839111328,149.230773925781,136.923080444336,149.230773925781,1065220,"2026-06-09","SPMA"
150,152.307693481445,149.230773925781,151.538467407227,246220,"2026-06-10","SPMA"
161.538467407227,161.538467407227,150,153.076919555664,433940,"2026-06-11","SPMA"
152.307693481445,161.538467407227,152.307693481445,158.461532592773,235040,"2026-06-12","SPMA"
161.538467407227,163.076919555664,153.846145629883,160,538460,"2026-06-15","SPMA"
160,160,160,160,0,"2026-06-16","SPMA"
158.461532592773,161.538467407227,153.846145629883,156.923080444336,216450,"2026-06-17","SPMA"
156.923080444336,158.461532592773,153.846145629883,156.923080444336,569920,"2026-06-18","SPMA"
158.461532592773,160,156.923080444336,160,67730,"2026-06-19","SPMA"
160,161.538467407227,156.923080444336,160,122460,"2026-06-22","SPMA"
158.461532592773,160,156.923080444336,158.461532592773,228540,"2026-06-23","SPMA"
160,161.538467407227,153.846145629883,156.923080444336,229450,"2026-06-24","SPMA"
153.846145629883,160,153.846145629883,156.923080444336,300300,"2026-06-25","SPMA"
156.923080444336,158.461532592773,155.384613037109,155.384613037109,103870,"2026-06-26","SPMA"
156.923080444336,158.461532592773,155.384613037109,155.384613037109,97760,"2026-06-29","SPMA"
160,160,153.846145629883,158.461532592773,490360,"2026-06-30","SPMA"
160,160,150,156.923080444336,496210,"2026-07-01","SPMA"
156.923080444336,163.076919555664,155.384613037109,158.461532592773,1376960,"2026-07-02","SPMA"
160,161.538467407227,158.461532592773,160,813670,"2026-07-03","SPMA"
160,175.384613037109,158.461532592773,163.076919555664,5648500,"2026-07-06","SPMA"
164.615386962891,169.230773925781,163.076919555664,167.692306518555,1268930,"2026-07-07","SPMA"
166.153839111328,172.307693481445,161.538467407227,170.769226074219,3317600,"2026-07-08","SPMA"
190,190,166,168,3936500,"2026-07-09","SPMA"
171,174,168,172,425500,"2026-07-10","SPMA"
174,175,168,170,263500,"2026-07-13","SPMA"
172,172,167,170,793400,"2026-07-14","SPMA"
170,172,168,168,339900,"2026-07-15","SPMA"
168,170,166,168,577400,"2026-07-16","SPMA"
168,171,168,169,370100,"2026-07-17","SPMA"
169,180,168,171,259300,"2026-07-20","SPMA"
171,175,169,172,378000,"2026-07-21","SPMA"
172,172,168,170,84500,"2026-07-22","SPMA"
171,173,169,169,276000,"2026-07-23","SPMA"
172,172,168,171,962700,"2026-07-24","SPMA"
171,172,165,168,2355400,"2026-07-27","SPMA"
170,170,167,169,259700,"2026-07-28","SPMA"
170,170,165,166,405000,"2026-07-29","SPMA"
163,169,160,162,2414400,"2026-07-30","SPMA"
163,165,161,163,501800,"2026-07-31","SPMA"
163,164,161,162,378400,"2026-08-03","SPMA"
162,164,160,164,826800,"2026-08-04","SPMA"
165,165,162,164,602800,"2026-08-05","SPMA"
164,165,160,163,430500,"2026-08-06","SPMA"
163,171,162,164,849100,"2026-08-07","SPMA"
166,167,163,164,623500,"2026-08-10","SPMA"
164,167,162,165,471100,"2026-08-11","SPMA"
165,169,162,165,403900,"2026-08-12","SPMA"
165,168,164,164,89400,"2026-08-13","SPMA"
164,173,163,166,957000,"2026-08-14","SPMA"
NA,NA,NA,NA,NA,"2026-08-17","SPMA"
166,168,164,164,618200,"2026-08-18","SPMA"
165,168,163,164,419200,"2026-08-19","SPMA"
163,166,163,165,171700,"2026-08-20","SPMA"
166,168,165,166,289700,"2026-08-21","SPMA"
166,168,165,166,459900,"2026-08-24","SPMA"
166,166,166,166,0,"2026-08-25","SPMA"
166,167,163,164,681900,"2026-08-26","SPMA"
164,165,163,165,166600,"2026-08-27","SPMA"
165,168,165,167,358100,"2026-08-28","SPMA"
167,170,165,168,707100,"2026-08-31","SPMA"
168,169,165,168,1034300,"2026-09-01","SPMA"
168,169,166,167,188400,"2026-09-02","SPMA"
169,172,166,168,570600,"2026-09-03","SPMA"
169,173,169,170,1033500,"2026-09-04","SPMA"
170,173,170,171,400500,"2026-09-07","SPMA"
171,173,170,173,787200,"2026-09-08","SPMA"
173,173,170,173,560000,"2026-09-09","SPMA"
173,177,173,174,1213000,"2026-09-10","SPMA"
174,175,169,172,1304100,"2026-09-11","SPMA"
170,172,168,171,351200,"2026-09-14","SPMA"
171,172,169,169,235700,"2026-09-15","SPMA"
170,174,169,170,339000,"2026-09-16","SPMA"
172,173,169,171,246200,"2026-09-17","SPMA"
171,172,168,170,223000,"2026-09-18","SPMA"
171,171,169,169,165600,"2026-09-21","SPMA"
170,171,165,166,673500,"2026-09-22","SPMA"
167,170,165,168,582200,"2026-09-23","SPMA"
170,170,167,168,88100,"2026-09-24","SPMA"
170,170,164,165,1102600,"2026-09-25","SPMA"
163,164,159,161,760000,"2026-09-28","SPMA"
163,163,159,160,330800,"2026-09-29","SPMA"
160,166,160,NA,209300,"2026-09-30","SPMA"
