"Open","High","Low","Close","Volume","Date","Emiten"
334.992156982422,471.819946289062,330.273956298828,334.992156982422,472735955,"2010-11-29","WINS"
297.246551513672,349.146759033203,292.528350830078,297.246551513672,169951486,"2010-11-30","WINS"
334.992156982422,334.992156982422,297.246551513672,334.992156982422,111237350,"2010-12-01","WINS"
311.401153564453,344.428558349609,306.682952880859,311.401153564453,44807347,"2010-12-02","WINS"
306.682952880859,325.555755615234,306.682952880859,306.682952880859,30810482,"2010-12-03","WINS"
306.682952880859,316.119354248047,301.964752197266,306.682952880859,11814888,"2010-12-06","WINS"
306.682952880859,311.401153564453,297.246551513672,306.682952880859,14365649,"2010-12-08","WINS"
301.964752197266,311.401153564453,301.964752197266,301.964752197266,25438200,"2010-12-09","WINS"
297.246551513672,301.964752197266,292.528350830078,297.246551513672,12817919,"2010-12-10","WINS"
297.246551513672,301.964752197266,283.091949462891,297.246551513672,17282016,"2010-12-13","WINS"
292.528350830078,306.682952880859,287.810150146484,292.528350830078,8709360,"2010-12-14","WINS"
292.528350830078,297.246551513672,283.091949462891,292.528350830078,9293269,"2010-12-15","WINS"
301.964752197266,301.964752197266,283.091949462891,301.964752197266,15931925,"2010-12-16","WINS"
297.246551513672,306.682952880859,292.528350830078,297.246551513672,58340582,"2010-12-17","WINS"
301.964752197266,301.964752197266,292.528350830078,301.964752197266,3761498,"2010-12-20","WINS"
297.246551513672,301.964752197266,292.528350830078,297.246551513672,4188038,"2010-12-21","WINS"
301.964752197266,311.401153564453,292.528350830078,301.964752197266,12385021,"2010-12-22","WINS"
306.682952880859,306.682952880859,297.246551513672,306.682952880859,10876500,"2010-12-23","WINS"
297.246551513672,306.682952880859,297.246551513672,297.246551513672,13042581,"2010-12-27","WINS"
306.682952880859,306.682952880859,297.246551513672,306.682952880859,2595269,"2010-12-28","WINS"
301.964752197266,306.682952880859,297.246551513672,301.964752197266,13604766,"2010-12-29","WINS"
301.964752197266,306.682952880859,297.246551513672,301.964752197266,6309610,"2010-12-30","WINS"
301.964752197266,306.682952880859,297.246551513672,301.964752197266,4702535,"2011-01-03","WINS"
306.682952880859,306.682952880859,297.246551513672,306.682952880859,8670680,"2011-01-04","WINS"
320.837554931641,334.992156982422,301.964752197266,320.837554931641,52545998,"2011-01-05","WINS"
339.710357666016,349.146759033203,320.837554931641,339.710357666016,121015445,"2011-01-06","WINS"
339.710357666016,353.864959716797,334.992156982422,339.710357666016,52521625,"2011-01-07","WINS"
325.555755615234,344.428558349609,320.837554931641,325.555755615234,20025647,"2011-01-10","WINS"
325.555755615234,334.992156982422,316.119354248047,325.555755615234,31309083,"2011-01-11","WINS"
325.555755615234,330.273956298828,320.837554931641,325.555755615234,7553729,"2011-01-12","WINS"
325.555755615234,334.992156982422,320.837554931641,325.555755615234,8442309,"2011-01-13","WINS"
339.710357666016,339.710357666016,320.837554931641,339.710357666016,29748106,"2011-01-14","WINS"
339.710357666016,344.428558349609,330.273956298828,339.710357666016,13227503,"2011-01-17","WINS"
334.992156982422,339.710357666016,330.273956298828,334.992156982422,6877093,"2011-01-18","WINS"
325.555755615234,339.710357666016,325.555755615234,325.555755615234,4307257,"2011-01-19","WINS"
320.837554931641,325.555755615234,316.119354248047,320.837554931641,8236192,"2011-01-20","WINS"
316.119354248047,316.119354248047,306.682952880859,316.119354248047,7715867,"2011-01-21","WINS"
311.401153564453,320.837554931641,306.682952880859,311.401153564453,4031728,"2011-01-24","WINS"
311.401153564453,316.119354248047,306.682952880859,311.401153564453,1686024,"2011-01-25","WINS"
316.119354248047,325.555755615234,311.401153564453,316.119354248047,9775445,"2011-01-26","WINS"
316.119354248047,330.273956298828,311.401153564453,316.119354248047,13693783,"2011-01-27","WINS"
320.837554931641,320.837554931641,311.401153564453,320.837554931641,3343966,"2011-01-28","WINS"
311.401153564453,316.119354248047,306.682952880859,311.401153564453,3673011,"2011-01-31","WINS"
311.401153564453,316.119354248047,306.682952880859,311.401153564453,652261,"2011-02-01","WINS"
320.837554931641,320.837554931641,311.401153564453,320.837554931641,892289,"2011-02-02","WINS"
311.401153564453,320.837554931641,311.401153564453,311.401153564453,1301873,"2011-02-04","WINS"
316.119354248047,316.119354248047,311.401153564453,316.119354248047,967530,"2011-02-07","WINS"
316.119354248047,325.555755615234,311.401153564453,316.119354248047,3189246,"2011-02-08","WINS"
306.682952880859,316.119354248047,306.682952880859,306.682952880859,639544,"2011-02-09","WINS"
311.401153564453,320.837554931641,297.246551513672,311.401153564453,11999810,"2011-02-10","WINS"
311.401153564453,316.119354248047,306.682952880859,311.401153564453,1442817,"2011-02-11","WINS"
311.401153564453,311.401153564453,306.682952880859,311.401153564453,1317769,"2011-02-14","WINS"
311.401153564453,311.401153564453,301.964752197266,311.401153564453,1285448,"2011-02-16","WINS"
301.964752197266,306.682952880859,297.246551513672,301.964752197266,5386058,"2011-02-17","WINS"
306.682952880859,311.401153564453,297.246551513672,306.682952880859,3608368,"2011-02-18","WINS"
316.119354248047,316.119354248047,301.964752197266,316.119354248047,5025222,"2011-02-21","WINS"
311.401153564453,320.837554931641,306.682952880859,311.401153564453,12996483,"2011-02-22","WINS"
311.401153564453,316.119354248047,311.401153564453,311.401153564453,138824,"2011-02-23","WINS"
301.964752197266,311.401153564453,301.964752197266,301.964752197266,1014158,"2011-02-24","WINS"
306.682952880859,306.682952880859,301.964752197266,306.682952880859,238438,"2011-02-25","WINS"
306.682952880859,311.401153564453,301.964752197266,306.682952880859,535161,"2011-02-28","WINS"
306.682952880859,311.401153564453,301.964752197266,306.682952880859,3746662,"2011-03-01","WINS"
306.682952880859,306.682952880859,301.964752197266,306.682952880859,452503,"2011-03-02","WINS"
306.682952880859,316.119354248047,301.964752197266,306.682952880859,4849837,"2011-03-03","WINS"
306.682952880859,311.401153564453,301.964752197266,306.682952880859,964350,"2011-03-04","WINS"
301.964752197266,306.682952880859,301.964752197266,301.964752197266,224132,"2011-03-07","WINS"
301.964752197266,334.992156982422,297.246551513672,301.964752197266,1393540,"2011-03-08","WINS"
330.273956298828,330.273956298828,306.682952880859,330.273956298828,35133635,"2011-03-09","WINS"
320.837554931641,330.273956298828,316.119354248047,320.837554931641,5485673,"2011-03-10","WINS"
311.401153564453,320.837554931641,306.682952880859,311.401153564453,7858930,"2011-03-11","WINS"
311.401153564453,320.837554931641,306.682952880859,311.401153564453,7491735,"2011-03-14","WINS"
316.119354248047,316.119354248047,306.682952880859,316.119354248047,3269255,"2011-03-15","WINS"
325.555755615234,330.273956298828,311.401153564453,325.555755615234,21113986,"2011-03-16","WINS"
325.555755615234,330.273956298828,316.119354248047,325.555755615234,2531156,"2011-03-17","WINS"
325.555755615234,325.555755615234,320.837554931641,325.555755615234,270230,"2011-03-18","WINS"
325.555755615234,325.555755615234,320.837554931641,325.555755615234,1941418,"2011-03-21","WINS"
316.119354248047,320.837554931641,311.401153564453,316.119354248047,3371519,"2011-03-22","WINS"
320.837554931641,320.837554931641,311.401153564453,320.837554931641,729621,"2011-03-23","WINS"
316.119354248047,325.555755615234,311.401153564453,316.119354248047,7099106,"2011-03-24","WINS"
330.273956298828,330.273956298828,311.401153564453,330.273956298828,22256901,"2011-03-25","WINS"
325.555755615234,334.992156982422,320.837554931641,325.555755615234,3271375,"2011-03-28","WINS"
325.555755615234,325.555755615234,320.837554931641,325.555755615234,1183714,"2011-03-29","WINS"
344.428558349609,344.428558349609,325.555755615234,344.428558349609,43065687,"2011-03-30","WINS"
363.301361083984,368.019561767578,334.992156982422,363.301361083984,74513595,"2011-03-31","WINS"
353.864959716797,368.019561767578,349.146759033203,353.864959716797,12378133,"2011-04-01","WINS"
358.583160400391,363.301361083984,349.146759033203,358.583160400391,4850367,"2011-04-04","WINS"
349.146759033203,358.583160400391,344.428558349609,349.146759033203,1502162,"2011-04-05","WINS"
344.428558349609,349.146759033203,339.710357666016,344.428558349609,1647874,"2011-04-06","WINS"
344.428558349609,349.146759033203,339.710357666016,344.428558349609,5261011,"2011-04-07","WINS"
339.710357666016,344.428558349609,339.710357666016,339.710357666016,1010978,"2011-04-08","WINS"
339.710357666016,339.710357666016,334.992156982422,339.710357666016,1784049,"2011-04-11","WINS"
330.273956298828,339.710357666016,325.555755615234,330.273956298828,2914247,"2011-04-12","WINS"
334.992156982422,334.992156982422,325.555755615234,334.992156982422,3144207,"2011-04-13","WINS"
334.992156982422,334.992156982422,325.555755615234,334.992156982422,1361218,"2011-04-14","WINS"
339.710357666016,339.710357666016,334.992156982422,339.710357666016,5548197,"2011-04-15","WINS"
334.992156982422,339.710357666016,330.273956298828,334.992156982422,903946,"2011-04-18","WINS"
334.992156982422,344.428558349609,330.273956298828,334.992156982422,5474016,"2011-04-19","WINS"
330.273956298828,339.710357666016,330.273956298828,330.273956298828,1882603,"2011-04-20","WINS"
334.992156982422,334.992156982422,330.273956298828,334.992156982422,775719,"2011-04-21","WINS"
334.992156982422,334.992156982422,330.273956298828,334.992156982422,663918,"2011-04-25","WINS"
330.273956298828,330.273956298828,325.555755615234,330.273956298828,3104468,"2011-04-26","WINS"
330.273956298828,334.992156982422,330.273956298828,330.273956298828,941036,"2011-04-27","WINS"
325.555755615234,334.992156982422,325.555755615234,325.555755615234,1515938,"2011-04-28","WINS"
334.992156982422,334.992156982422,320.837554931641,334.992156982422,4258510,"2011-04-29","WINS"
339.710357666016,344.428558349609,334.992156982422,339.710357666016,12445425,"2011-05-02","WINS"
339.710357666016,344.428558349609,334.992156982422,339.710357666016,6734560,"2011-05-03","WINS"
339.710357666016,339.710357666016,330.273956298828,339.710357666016,3822432,"2011-05-04","WINS"
339.710357666016,344.428558349609,330.273956298828,339.710357666016,13697492,"2011-05-05","WINS"
339.710357666016,344.428558349609,334.992156982422,339.710357666016,7030754,"2011-05-06","WINS"
334.992156982422,339.710357666016,330.273956298828,334.992156982422,3281442,"2011-05-09","WINS"
325.555755615234,334.992156982422,320.837554931641,325.555755615234,20762157,"2011-05-10","WINS"
320.837554931641,330.273956298828,316.119354248047,320.837554931641,46637494,"2011-05-11","WINS"
311.401153564453,320.837554931641,311.401153564453,311.401153564453,26136559,"2011-05-12","WINS"
325.555755615234,330.273956298828,311.401153564453,325.555755615234,24734541,"2011-05-13","WINS"
330.273956298828,334.992156982422,320.837554931641,330.273956298828,19528106,"2011-05-16","WINS"
330.273956298828,330.273956298828,330.273956298828,330.273956298828,0,"2011-05-18","WINS"
330.273956298828,330.273956298828,320.837554931641,330.273956298828,1243058,"2011-05-19","WINS"
334.992156982422,334.992156982422,325.555755615234,334.992156982422,7596118,"2011-05-20","WINS"
325.555755615234,325.555755615234,316.119354248047,325.555755615234,5657348,"2011-05-23","WINS"
320.837554931641,325.555755615234,316.119354248047,320.837554931641,2103026,"2011-05-24","WINS"
320.837554931641,325.555755615234,311.401153564453,320.837554931641,4504896,"2011-05-25","WINS"
320.837554931641,320.837554931641,316.119354248047,320.837554931641,780488,"2011-05-26","WINS"
320.837554931641,320.837554931641,316.119354248047,320.837554931641,2263575,"2011-05-27","WINS"
320.837554931641,320.837554931641,316.119354248047,320.837554931641,5541838,"2011-05-30","WINS"
316.119354248047,320.837554931641,311.401153564453,316.119354248047,3066847,"2011-05-31","WINS"
316.119354248047,320.837554931641,311.401153564453,316.119354248047,1932410,"2011-06-01","WINS"
316.119354248047,316.119354248047,311.401153564453,316.119354248047,815989,"2011-06-03","WINS"
320.837554931641,320.837554931641,311.401153564453,320.837554931641,5224980,"2011-06-06","WINS"
316.119354248047,320.837554931641,311.401153564453,316.119354248047,4922428,"2011-06-07","WINS"
316.119354248047,316.119354248047,311.401153564453,316.119354248047,2500954,"2011-06-08","WINS"
311.401153564453,316.119354248047,306.682952880859,311.401153564453,2017718,"2011-06-09","WINS"
306.682952880859,311.401153564453,306.682952880859,306.682952880859,465219,"2011-06-10","WINS"
311.401153564453,311.401153564453,301.964752197266,311.401153564453,1991225,"2011-06-13","WINS"
306.682952880859,311.401153564453,301.964752197266,306.682952880859,3391654,"2011-06-14","WINS"
311.401153564453,311.401153564453,306.682952880859,311.401153564453,2531156,"2011-06-15","WINS"
311.401153564453,311.401153564453,306.682952880859,311.401153564453,8060808,"2011-06-16","WINS"
316.119354248047,316.119354248047,306.682952880859,316.119354248047,7188653,"2011-06-17","WINS"
316.119354248047,316.119354248047,311.401153564453,316.119354248047,1644165,"2011-06-20","WINS"
316.119354248047,316.119354248047,306.682952880859,316.119354248047,2043682,"2011-06-21","WINS"
320.837554931641,320.837554931641,316.119354248047,320.837554931641,4416939,"2011-06-22","WINS"
320.837554931641,320.837554931641,311.401153564453,320.837554931641,633716,"2011-06-23","WINS"
306.682952880859,316.119354248047,306.682952880859,306.682952880859,7419143,"2011-06-24","WINS"
316.119354248047,320.837554931641,306.682952880859,316.119354248047,8228774,"2011-06-27","WINS"
316.119354248047,316.119354248047,316.119354248047,316.119354248047,0,"2011-06-28","WINS"
316.119354248047,316.119354248047,311.401153564453,316.119354248047,1020516,"2011-06-30","WINS"
316.119354248047,316.119354248047,311.401153564453,316.119354248047,4971176,"2011-07-01","WINS"
316.119354248047,316.119354248047,316.119354248047,316.119354248047,0,"2011-07-04","WINS"
306.682952880859,311.401153564453,306.682952880859,306.682952880859,1398308,"2011-07-05","WINS"
306.682952880859,311.401153564453,301.964752197266,306.682952880859,2854902,"2011-07-06","WINS"
311.401153564453,311.401153564453,306.682952880859,311.401153564453,1065024,"2011-07-07","WINS"
316.119354248047,320.837554931641,306.682952880859,316.119354248047,9502035,"2011-07-08","WINS"
316.119354248047,320.837554931641,306.682952880859,316.119354248047,730681,"2011-07-11","WINS"
311.401153564453,311.401153564453,306.682952880859,311.401153564453,3513522,"2011-07-12","WINS"
311.401153564453,311.401153564453,306.682952880859,311.401153564453,498601,"2011-07-13","WINS"
311.401153564453,311.401153564453,306.682952880859,311.401153564453,2552350,"2011-07-14","WINS"
306.682952880859,316.119354248047,306.682952880859,306.682952880859,2427303,"2011-07-15","WINS"
325.555755615234,325.555755615234,306.682952880859,325.555755615234,23092495,"2011-07-18","WINS"
320.837554931641,325.555755615234,316.119354248047,320.837554931641,2441079,"2011-07-19","WINS"
334.992156982422,334.992156982422,316.119354248047,334.992156982422,25637428,"2011-07-20","WINS"
353.864959716797,358.583160400391,334.992156982422,353.864959716797,54781491,"2011-07-21","WINS"
349.146759033203,358.583160400391,349.146759033203,349.146759033203,16729369,"2011-07-22","WINS"
358.583160400391,358.583160400391,344.428558349609,358.583160400391,18524545,"2011-07-25","WINS"
358.583160400391,358.583160400391,353.864959716797,358.583160400391,5396656,"2011-07-26","WINS"
396.328735351562,415.201538085938,358.583160400391,396.328735351562,172552584,"2011-07-27","WINS"
396.328735351562,401.046936035156,386.892364501953,396.328735351562,22401554,"2011-07-28","WINS"
410.483337402344,415.201538085938,386.892364501953,410.483337402344,47012637,"2011-07-29","WINS"
419.919738769531,448.228942871094,410.483337402344,419.919738769531,45780176,"2011-08-01","WINS"
410.483337402344,429.356140136719,401.046936035156,410.483337402344,13198891,"2011-08-02","WINS"
410.483337402344,410.483337402344,386.892364501953,410.483337402344,7236341,"2011-08-03","WINS"
396.328735351562,415.201538085938,386.892364501953,396.328735351562,5622907,"2011-08-04","WINS"
368.019561767578,377.455963134766,349.146759033203,368.019561767578,13552309,"2011-08-05","WINS"
334.992156982422,349.146759033203,311.401153564453,334.992156982422,27429955,"2011-08-08","WINS"
334.992156982422,363.301361083984,301.964752197266,334.992156982422,51474615,"2011-08-09","WINS"
368.019561767578,372.737762451172,344.428558349609,368.019561767578,24917344,"2011-08-10","WINS"
377.455963134766,386.892364501953,344.428558349609,377.455963134766,14123502,"2011-08-11","WINS"
377.455963134766,391.610534667969,372.737762451172,377.455963134766,4449790,"2011-08-12","WINS"
386.892364501953,391.610534667969,382.174163818359,386.892364501953,4546755,"2011-08-15","WINS"
382.174163818359,386.892364501953,363.301361083984,382.174163818359,2767475,"2011-08-16","WINS"
372.737762451172,382.174163818359,368.019561767578,372.737762451172,1901678,"2011-08-18","WINS"
363.301361083984,368.019561767578,353.864959716797,363.301361083984,4875800,"2011-08-19","WINS"
377.455963134766,377.455963134766,358.583160400391,377.455963134766,1723644,"2011-08-22","WINS"
372.737762451172,391.610534667969,372.737762451172,372.737762451172,10218410,"2011-08-23","WINS"
363.301361083984,382.174163818359,363.301361083984,363.301361083984,3097050,"2011-08-24","WINS"
382.174163818359,382.174163818359,368.019561767578,382.174163818359,2321860,"2011-08-25","WINS"
372.737762451172,382.174163818359,368.019561767578,372.737762451172,4226188,"2011-08-26","WINS"
372.737762451172,382.174163818359,368.019561767578,372.737762451172,486944,"2011-09-05","WINS"
382.174163818359,382.174163818359,372.737762451172,382.174163818359,1019456,"2011-09-06","WINS"
382.174163818359,382.174163818359,368.019561767578,382.174163818359,1822199,"2011-09-07","WINS"
372.737762451172,382.174163818359,368.019561767578,372.737762451172,1932410,"2011-09-08","WINS"
382.174163818359,396.328735351562,368.019561767578,382.174163818359,12889980,"2011-09-09","WINS"
386.892364501953,386.892364501953,368.019561767578,386.892364501953,6335043,"2011-09-12","WINS"
415.201538085938,438.792541503906,377.455963134766,415.201538085938,81977247,"2011-09-13","WINS"
415.201538085938,429.356140136719,396.328735351562,415.201538085938,51070329,"2011-09-14","WINS"
419.919738769531,424.637939453125,405.76513671875,419.919738769531,25399520,"2011-09-15","WINS"
424.637939453125,434.074340820312,419.919738769531,424.637939453125,24459012,"2011-09-16","WINS"
410.483337402344,424.637939453125,405.76513671875,410.483337402344,7466301,"2011-09-19","WINS"
415.201538085938,419.919738769531,401.046936035156,415.201538085938,5590586,"2011-09-20","WINS"
415.201538085938,415.201538085938,401.046936035156,415.201538085938,3640689,"2011-09-21","WINS"
363.301361083984,396.328735351562,349.146759033203,363.301361083984,15095271,"2011-09-22","WINS"
358.583160400391,372.737762451172,349.146759033203,358.583160400391,5228689,"2011-09-23","WINS"
363.301361083984,363.301361083984,320.837554931641,363.301361083984,2857551,"2011-09-26","WINS"
382.174163818359,386.892364501953,363.301361083984,382.174163818359,3826141,"2011-09-27","WINS"
377.455963134766,382.174163818359,368.019561767578,377.455963134766,2088720,"2011-09-28","WINS"
368.019561767578,382.174163818359,353.864959716797,368.019561767578,2866559,"2011-09-29","WINS"
368.019561767578,377.455963134766,358.583160400391,368.019561767578,10345578,"2011-09-30","WINS"
339.710357666016,353.864959716797,334.992156982422,339.710357666016,3840448,"2011-10-03","WINS"
344.428558349609,349.146759033203,330.273956298828,344.428558349609,3079034,"2011-10-04","WINS"
353.864959716797,353.864959716797,339.710357666016,353.864959716797,676105,"2011-10-05","WINS"
363.301361083984,363.301361083984,349.146759033203,363.301361083984,3079034,"2011-10-06","WINS"
349.146759033203,363.301361083984,344.428558349609,349.146759033203,450913,"2011-10-07","WINS"
353.864959716797,353.864959716797,339.710357666016,353.864959716797,179093,"2011-10-10","WINS"
358.583160400391,358.583160400391,344.428558349609,358.583160400391,485884,"2011-10-11","WINS"
368.019561767578,368.019561767578,353.864959716797,368.019561767578,1291276,"2011-10-12","WINS"
368.019561767578,368.019561767578,349.146759033203,368.019561767578,1083570,"2011-10-13","WINS"
372.737762451172,377.455963134766,353.864959716797,372.737762451172,2206880,"2011-10-14","WINS"
372.737762451172,377.455963134766,358.583160400391,372.737762451172,3173350,"2011-10-17","WINS"
368.019561767578,372.737762451172,349.146759033203,368.019561767578,1807363,"2011-10-18","WINS"
368.019561767578,368.019561767578,358.583160400391,368.019561767578,1448645,"2011-10-19","WINS"
353.864959716797,363.301361083984,353.864959716797,353.864959716797,582319,"2011-10-20","WINS"
358.583160400391,368.019561767578,358.583160400391,358.583160400391,1643105,"2011-10-21","WINS"
358.583160400391,358.583160400391,353.864959716797,358.583160400391,1057606,"2011-10-24","WINS"
353.864959716797,363.301361083984,353.864959716797,353.864959716797,1423212,"2011-10-25","WINS"
363.301361083984,363.301361083984,353.864959716797,363.301361083984,451443,"2011-10-26","WINS"
382.174163818359,386.892364501953,358.583160400391,382.174163818359,10271927,"2011-10-27","WINS"
382.174163818359,386.892364501953,368.019561767578,382.174163818359,10139461,"2011-10-28","WINS"
368.019561767578,382.174163818359,368.019561767578,368.019561767578,618880,"2011-10-31","WINS"
358.583160400391,368.019561767578,349.146759033203,358.583160400391,2367428,"2011-11-01","WINS"
368.019561767578,368.019561767578,349.146759033203,368.019561767578,577020,"2011-11-02","WINS"
368.019561767578,386.892364501953,358.583160400391,368.019561767578,2954516,"2011-11-03","WINS"
377.455963134766,386.892364501953,372.737762451172,377.455963134766,3668242,"2011-11-04","WINS"
372.737762451172,382.174163818359,368.019561767578,372.737762451172,309969,"2011-11-07","WINS"
372.737762451172,377.455963134766,368.019561767578,372.737762451172,457271,"2011-11-08","WINS"
377.455963134766,377.455963134766,372.737762451172,377.455963134766,2152833,"2011-11-09","WINS"
358.583160400391,368.019561767578,353.864959716797,358.583160400391,2623352,"2011-11-10","WINS"
363.301361083984,368.019561767578,353.864959716797,363.301361083984,4608749,"2011-11-11","WINS"
353.864959716797,368.019561767578,349.146759033203,353.864959716797,11967489,"2011-11-14","WINS"
349.146759033203,358.583160400391,349.146759033203,349.146759033203,6638655,"2011-11-15","WINS"
363.301361083984,363.301361083984,353.864959716797,363.301361083984,12541330,"2011-11-16","WINS"
363.301361083984,363.301361083984,358.583160400391,363.301361083984,990314,"2011-11-17","WINS"
358.583160400391,363.301361083984,358.583160400391,358.583160400391,358717,"2011-11-18","WINS"
349.146759033203,353.864959716797,349.146759033203,349.146759033203,460451,"2011-11-21","WINS"
353.864959716797,353.864959716797,349.146759033203,353.864959716797,249565,"2011-11-22","WINS"
339.710357666016,353.864959716797,339.710357666016,339.710357666016,2808274,"2011-11-23","WINS"
334.992156982422,349.146759033203,334.992156982422,334.992156982422,1486796,"2011-11-24","WINS"
339.710357666016,344.428558349609,334.992156982422,339.710357666016,2588381,"2011-11-25","WINS"
349.146759033203,349.146759033203,339.710357666016,349.146759033203,136174,"2011-11-28","WINS"
344.428558349609,353.864959716797,344.428558349609,344.428558349609,965940,"2011-11-29","WINS"
330.273956298828,344.428558349609,330.273956298828,330.273956298828,323216,"2011-11-30","WINS"
330.273956298828,330.273956298828,330.273956298828,330.273956298828,0,"2011-12-01","WINS"
334.992156982422,339.710357666016,330.273956298828,334.992156982422,4528740,"2011-12-02","WINS"
334.992156982422,349.146759033203,325.555755615234,334.992156982422,12857659,"2011-12-05","WINS"
325.555755615234,344.428558349609,325.555755615234,325.555755615234,3702683,"2011-12-06","WINS"
330.273956298828,330.273956298828,325.555755615234,330.273956298828,1882073,"2011-12-07","WINS"
325.555755615234,334.992156982422,320.837554931641,325.555755615234,2894112,"2011-12-08","WINS"
311.401153564453,325.555755615234,306.682952880859,311.401153564453,14661313,"2011-12-09","WINS"
297.246551513672,334.992156982422,297.246551513672,297.246551513672,35474867,"2011-12-12","WINS"
301.964752197266,306.682952880859,297.246551513672,301.964752197266,19976900,"2011-12-13","WINS"
306.682952880859,306.682952880859,301.964752197266,306.682952880859,3565449,"2011-12-14","WINS"
297.246551513672,306.682952880859,297.246551513672,297.246551513672,6039910,"2011-12-15","WINS"
306.682952880859,306.682952880859,297.246551513672,306.682952880859,3799118,"2011-12-16","WINS"
306.682952880859,306.682952880859,301.964752197266,306.682952880859,2646666,"2011-12-19","WINS"
301.964752197266,306.682952880859,297.246551513672,301.964752197266,5122187,"2011-12-20","WINS"
301.964752197266,306.682952880859,292.528350830078,301.964752197266,6243907,"2011-12-21","WINS"
287.810150146484,301.964752197266,287.810150146484,287.810150146484,8488937,"2011-12-22","WINS"
311.401153564453,311.401153564453,292.528350830078,311.401153564453,10633823,"2011-12-23","WINS"
297.246551513672,311.401153564453,287.810150146484,297.246551513672,26518591,"2011-12-27","WINS"
320.837554931641,330.273956298828,292.528350830078,320.837554931641,44569438,"2011-12-28","WINS"
306.682952880859,325.555755615234,301.964752197266,306.682952880859,19228733,"2011-12-29","WINS"
311.401153564453,316.119354248047,306.682952880859,311.401153564453,4119156,"2011-12-30","WINS"
301.964752197266,311.401153564453,297.246551513672,301.964752197266,4308317,"2012-01-02","WINS"
311.401153564453,316.119354248047,301.964752197266,311.401153564453,16595313,"2012-01-03","WINS"
311.401153564453,311.401153564453,306.682952880859,311.401153564453,4110148,"2012-01-04","WINS"
306.682952880859,311.401153564453,301.964752197266,306.682952880859,15687658,"2012-01-05","WINS"
301.964752197266,311.401153564453,297.246551513672,301.964752197266,3831970,"2012-01-06","WINS"
301.964752197266,306.682952880859,297.246551513672,301.964752197266,4155716,"2012-01-09","WINS"
311.401153564453,311.401153564453,297.246551513672,311.401153564453,10348227,"2012-01-10","WINS"
320.837554931641,330.273956298828,306.682952880859,320.837554931641,35303722,"2012-01-11","WINS"
325.555755615234,330.273956298828,316.119354248047,325.555755615234,11003138,"2012-01-12","WINS"
316.119354248047,325.555755615234,311.401153564453,316.119354248047,3,"2012-01-13","WINS"
334.992156982422,334.992156982422,316.119354248047,334.992156982422,17818238,"2012-01-16","WINS"
339.710357666016,349.146759033203,330.273956298828,339.710357666016,20557100,"2012-01-17","WINS"
334.992156982422,344.428558349609,330.273956298828,334.992156982422,5030520,"2012-01-18","WINS"
334.992156982422,344.428558349609,334.992156982422,334.992156982422,7471070,"2012-01-19","WINS"
320.837554931641,344.428558349609,316.119354248047,320.837554931641,17224261,"2012-01-20","WINS"
311.401153564453,325.555755615234,311.401153564453,311.401153564453,8236192,"2012-01-24","WINS"
311.401153564453,320.837554931641,311.401153564453,311.401153564453,4056102,"2012-01-25","WINS"
311.401153564453,316.119354248047,311.401153564453,311.401153564453,3953838,"2012-01-26","WINS"
320.837554931641,320.837554931641,316.119354248047,320.837554931641,6592557,"2012-01-27","WINS"
311.401153564453,320.837554931641,311.401153564453,311.401153564453,2910538,"2012-01-30","WINS"
320.837554931641,320.837554931641,311.401153564453,320.837554931641,7650694,"2012-01-31","WINS"
316.119354248047,330.273956298828,316.119354248047,316.119354248047,1922343,"2012-02-01","WINS"
320.837554931641,325.555755615234,320.837554931641,320.837554931641,2692764,"2012-02-02","WINS"
316.119354248047,320.837554931641,316.119354248047,316.119354248047,2618053,"2012-02-03","WINS"
316.119354248047,320.837554931641,311.401153564453,316.119354248047,9968845,"2012-02-06","WINS"
316.119354248047,316.119354248047,311.401153564453,316.119354248047,2287419,"2012-02-07","WINS"
306.682952880859,320.837554931641,301.964752197266,306.682952880859,17239097,"2012-02-08","WINS"
306.682952880859,311.401153564453,301.964752197266,306.682952880859,19271122,"2012-02-09","WINS"
306.682952880859,311.401153564453,301.964752197266,306.682952880859,2394451,"2012-02-10","WINS"
316.119354248047,316.119354248047,301.964752197266,316.119354248047,3595651,"2012-02-13","WINS"
311.401153564453,316.119354248047,311.401153564453,311.401153564453,3612606,"2012-02-14","WINS"
320.837554931641,320.837554931641,311.401153564453,320.837554931641,8794668,"2012-02-15","WINS"
316.119354248047,320.837554931641,311.401153564453,316.119354248047,1267962,"2012-02-16","WINS"
316.119354248047,320.837554931641,311.401153564453,316.119354248047,2455915,"2012-02-17","WINS"
311.401153564453,316.119354248047,311.401153564453,311.401153564453,1482027,"2012-02-20","WINS"
311.401153564453,316.119354248047,306.682952880859,311.401153564453,4151477,"2012-02-21","WINS"
316.119354248047,316.119354248047,311.401153564453,316.119354248047,1684964,"2012-02-22","WINS"
320.837554931641,320.837554931641,311.401153564453,320.837554931641,4148298,"2012-02-23","WINS"
316.119354248047,320.837554931641,306.682952880859,316.119354248047,8464033,"2012-02-24","WINS"
306.682952880859,311.401153564453,306.682952880859,306.682952880859,81069,"2012-02-27","WINS"
311.401153564453,311.401153564453,306.682952880859,311.401153564453,2057988,"2012-02-28","WINS"
311.401153564453,311.401153564453,306.682952880859,311.401153564453,759823,"2012-02-29","WINS"
316.119354248047,316.119354248047,311.401153564453,316.119354248047,2010300,"2012-03-01","WINS"
325.555755615234,330.273956298828,311.401153564453,325.555755615234,14037664,"2012-03-02","WINS"
334.992156982422,334.992156982422,325.555755615234,334.992156982422,10940084,"2012-03-05","WINS"
330.273956298828,334.992156982422,325.555755615234,330.273956298828,3920457,"2012-03-06","WINS"
344.428558349609,353.864959716797,325.555755615234,344.428558349609,29211885,"2012-03-07","WINS"
349.146759033203,353.864959716797,344.428558349609,349.146759033203,3139969,"2012-03-08","WINS"
344.428558349609,353.864959716797,325.555755615234,344.428558349609,1,"2012-03-09","WINS"
339.710357666016,344.428558349609,339.710357666016,339.710357666016,8832288,"2012-03-12","WINS"
344.428558349609,349.146759033203,339.710357666016,344.428558349609,2691174,"2012-03-13","WINS"
368.019561767578,372.737762451172,344.428558349609,368.019561767578,16905283,"2012-03-14","WINS"
368.019561767578,372.737762451172,358.583160400391,368.019561767578,6725552,"2012-03-15","WINS"
386.892364501953,386.892364501953,368.019561767578,386.892364501953,9930165,"2012-03-16","WINS"
391.610534667969,396.328735351562,382.174163818359,391.610534667969,9398182,"2012-03-19","WINS"
419.919738769531,424.637939453125,386.892364501953,419.919738769531,41116320,"2012-03-20","WINS"
415.201538085938,419.919738769531,405.76513671875,415.201538085938,4126574,"2012-03-21","WINS"
415.201538085938,415.201538085938,401.046936035156,415.201538085938,4455089,"2012-03-22","WINS"
405.76513671875,419.919738769531,396.328735351562,405.76513671875,3678309,"2012-03-26","WINS"
415.201538085938,419.919738769531,405.76513671875,415.201538085938,10636472,"2012-03-27","WINS"
415.201538085938,429.356140136719,410.483337402344,415.201538085938,14904520,"2012-03-28","WINS"
405.76513671875,419.919738769531,405.76513671875,405.76513671875,5074499,"2012-03-29","WINS"
405.76513671875,415.201538085938,401.046936035156,405.76513671875,5097813,"2012-03-30","WINS"
410.483337402344,415.201538085938,405.76513671875,410.483337402344,5782396,"2012-04-02","WINS"
410.483337402344,410.483337402344,410.483337402344,410.483337402344,0,"2012-04-03","WINS"
410.483337402344,415.201538085938,405.76513671875,410.483337402344,2069645,"2012-04-04","WINS"
410.483337402344,410.483337402344,405.76513671875,410.483337402344,726972,"2012-04-05","WINS"
410.483337402344,419.919738769531,405.76513671875,410.483337402344,3404900,"2012-04-09","WINS"
405.76513671875,410.483337402344,401.046936035156,405.76513671875,3119304,"2012-04-10","WINS"
401.046936035156,405.76513671875,396.328735351562,401.046936035156,7475309,"2012-04-11","WINS"
410.483337402344,410.483337402344,401.046936035156,410.483337402344,4338519,"2012-04-12","WINS"
410.483337402344,410.483337402344,405.76513671875,410.483337402344,5265250,"2012-04-13","WINS"
405.76513671875,410.483337402344,401.046936035156,405.76513671875,4062460,"2012-04-16","WINS"
405.76513671875,405.76513671875,401.046936035156,405.76513671875,828176,"2012-04-17","WINS"
410.483337402344,410.483337402344,401.046936035156,410.483337402344,3714870,"2012-04-18","WINS"
429.356140136719,448.228942871094,405.76513671875,429.356140136719,15988090,"2012-04-19","WINS"
457.665344238281,462.383544921875,429.356140136719,457.665344238281,13540652,"2012-04-20","WINS"
452.947143554688,462.383544921875,438.792541503906,452.947143554688,5418910,"2012-04-23","WINS"
452.947143554688,452.947143554688,438.792541503906,452.947143554688,1787228,"2012-04-24","WINS"
438.792541503906,448.228942871094,438.792541503906,438.792541503906,1797295,"2012-04-25","WINS"
434.074340820312,462.383544921875,429.356140136719,434.074340820312,5924929,"2012-04-26","WINS"
467.101745605469,490.692749023438,438.792541503906,467.101745605469,33669094,"2012-04-27","WINS"
457.665344238281,471.819946289062,448.228942871094,457.665344238281,4050273,"2012-04-30","WINS"
452.947143554688,457.665344238281,443.5107421875,452.947143554688,5816307,"2012-05-01","WINS"
452.947143554688,457.665344238281,443.5107421875,452.947143554688,3,"2012-05-02","WINS"
452.947143554688,452.947143554688,438.792541503906,452.947143554688,3355093,"2012-05-03","WINS"
438.792541503906,452.947143554688,434.074340820312,438.792541503906,1787758,"2012-05-04","WINS"
429.356140136719,434.074340820312,415.201538085938,429.356140136719,1938769,"2012-05-07","WINS"
429.356140136719,438.792541503906,424.637939453125,429.356140136719,5674834,"2012-05-08","WINS"
424.637939453125,429.356140136719,419.919738769531,424.637939453125,2688525,"2012-05-09","WINS"
429.356140136719,434.074340820312,419.919738769531,429.356140136719,11006847,"2012-05-10","WINS"
429.356140136719,429.356140136719,415.201538085938,429.356140136719,4029609,"2012-05-11","WINS"
419.919738769531,429.356140136719,405.76513671875,419.919738769531,3458416,"2012-05-14","WINS"
419.919738769531,424.637939453125,405.76513671875,419.919738769531,1142914,"2012-05-15","WINS"
429.356140136719,429.356140136719,405.76513671875,429.356140136719,3858993,"2012-05-16","WINS"
415.201538085938,419.919738769531,405.76513671875,415.201538085938,2763236,"2012-05-21","WINS"
415.201538085938,424.637939453125,410.483337402344,415.201538085938,1598067,"2012-05-22","WINS"
424.637939453125,424.637939453125,415.201538085938,424.637939453125,501250,"2012-05-23","WINS"
419.919738769531,434.074340820312,415.201538085938,419.919738769531,472108,"2012-05-24","WINS"
410.483337402344,419.919738769531,405.76513671875,410.483337402344,891759,"2012-05-25","WINS"
396.328735351562,401.046936035156,386.892364501953,396.328735351562,9630792,"2012-05-28","WINS"
405.76513671875,405.76513671875,396.328735351562,405.76513671875,897588,"2012-05-29","WINS"
405.76513671875,415.201538085938,405.76513671875,405.76513671875,1409435,"2012-05-30","WINS"
410.483337402344,410.483337402344,396.328735351562,410.483337402344,1191132,"2012-05-31","WINS"
410.483337402344,410.483337402344,405.76513671875,410.483337402344,2485588,"2012-06-01","WINS"
410.483337402344,410.483337402344,396.328735351562,410.483337402344,2281060,"2012-06-04","WINS"
396.328735351562,410.483337402344,396.328735351562,396.328735351562,2180916,"2012-06-05","WINS"
410.483337402344,410.483337402344,401.046936035156,410.483337402344,529863,"2012-06-06","WINS"
415.201538085938,415.201538085938,396.328735351562,415.201538085938,1713577,"2012-06-07","WINS"
415.201538085938,415.201538085938,415.201538085938,415.201538085938,529,"2012-06-08","WINS"
415.201538085938,429.356140136719,410.483337402344,415.201538085938,2535925,"2012-06-11","WINS"
391.610534667969,415.201538085938,377.455963134766,391.610534667969,7199780,"2012-06-12","WINS"
391.610534667969,401.046936035156,391.610534667969,391.610534667969,3030287,"2012-06-13","WINS"
391.610534667969,396.328735351562,391.610534667969,391.610534667969,2176677,"2012-06-14","WINS"
396.328735351562,396.328735351562,386.892364501953,396.328735351562,90076,"2012-06-15","WINS"
396.328735351562,401.046936035156,391.610534667969,396.328735351562,1528125,"2012-06-18","WINS"
396.328735351562,396.328735351562,396.328735351562,396.328735351562,158958,"2012-06-19","WINS"
401.046936035156,405.76513671875,396.328735351562,401.046936035156,587618,"2012-06-20","WINS"
401.046936035156,401.046936035156,401.046936035156,401.046936035156,209295,"2012-06-21","WINS"
401.046936035156,401.046936035156,401.046936035156,401.046936035156,209295,"2012-06-22","WINS"
401.046936035156,434.074340820312,401.046936035156,434.074340820312,1711457,"2012-06-25","WINS"
434.074340820312,434.074340820312,410.483337402344,429.356140136719,2865499,"2012-06-26","WINS"
429.356140136719,434.074340820312,424.637939453125,434.074340820312,372493,"2012-06-27","WINS"
410.483337402344,419.919738769531,410.483337402344,410.483337402344,928850,"2012-06-28","WINS"
410.483337402344,415.201538085938,410.483337402344,415.201538085938,1351151,"2012-06-29","WINS"
424.637939453125,424.637939453125,424.637939453125,424.637939453125,529,"2012-07-02","WINS"
424.637939453125,424.637939453125,410.483337402344,424.637939453125,337522,"2012-07-03","WINS"
410.483337402344,424.637939453125,410.483337402344,410.483337402344,607223,"2012-07-04","WINS"
410.483337402344,415.201538085938,396.328735351562,410.483337402344,1008859,"2012-07-05","WINS"
410.483337402344,410.483337402344,405.76513671875,410.483337402344,2701242,"2012-07-06","WINS"
410.483337402344,410.483337402344,405.76513671875,410.483337402344,331694,"2012-07-09","WINS"
415.201538085938,415.201538085938,405.76513671875,415.201538085938,577550,"2012-07-10","WINS"
415.201538085938,415.201538085938,405.76513671875,415.201538085938,834004,"2012-07-11","WINS"
434.074340820312,434.074340820312,401.046936035156,434.074340820312,216714,"2012-07-12","WINS"
419.919738769531,424.637939453125,410.483337402344,419.919738769531,1148213,"2012-07-13","WINS"
424.637939453125,424.637939453125,410.483337402344,424.637939453125,1059,"2012-07-16","WINS"
405.76513671875,415.201538085938,396.328735351562,405.76513671875,1186363,"2012-07-17","WINS"
396.328735351562,415.201538085938,396.328735351562,396.328735351562,1031113,"2012-07-18","WINS"
396.328735351562,405.76513671875,386.892364501953,396.328735351562,3647048,"2012-07-19","WINS"
401.046936035156,401.046936035156,391.610534667969,401.046936035156,3057840,"2012-07-20","WINS"
401.046936035156,401.046936035156,396.328735351562,401.046936035156,994023,"2012-07-23","WINS"
382.174163818359,396.328735351562,377.455963134766,382.174163818359,4325802,"2012-07-24","WINS"
382.174163818359,386.892364501953,382.174163818359,382.174163818359,2813573,"2012-07-25","WINS"
382.174163818359,386.892364501953,377.455963134766,382.174163818359,1225043,"2012-07-26","WINS"
386.892364501953,396.328735351562,382.174163818359,386.892364501953,1808952,"2012-07-27","WINS"
382.174163818359,382.174163818359,372.737762451172,382.174163818359,2314972,"2012-07-30","WINS"
382.174163818359,391.610534667969,377.455963134766,382.174163818359,1341613,"2012-07-31","WINS"
396.328735351562,410.483337402344,386.892364501953,396.328735351562,4974355,"2012-08-01","WINS"
386.892364501953,401.046936035156,372.737762451172,386.892364501953,2382794,"2012-08-02","WINS"
386.892364501953,391.610534667969,382.174163818359,386.892364501953,653851,"2012-08-03","WINS"
396.328735351562,396.328735351562,386.892364501953,396.328735351562,205586,"2012-08-06","WINS"
386.892364501953,396.328735351562,382.174163818359,386.892364501953,506019,"2012-08-07","WINS"
391.610534667969,391.610534667969,386.892364501953,391.610534667969,960641,"2012-08-08","WINS"
405.76513671875,415.201538085938,391.610534667969,405.76513671875,1038531,"2012-08-09","WINS"
405.76513671875,405.76513671875,396.328735351562,405.76513671875,163727,"2012-08-10","WINS"
405.76513671875,405.76513671875,391.610534667969,405.76513671875,889110,"2012-08-13","WINS"
396.328735351562,401.046936035156,396.328735351562,396.328735351562,167436,"2012-08-14","WINS"
401.046936035156,401.046936035156,391.610534667969,401.046936035156,82658,"2012-08-15","WINS"
396.328735351562,396.328735351562,391.610534667969,396.328735351562,19604,"2012-08-16","WINS"
415.201538085938,419.919738769531,391.610534667969,415.201538085938,374613,"2012-08-23","WINS"
410.483337402344,415.201538085938,410.483337402344,410.483337402344,396337,"2012-08-24","WINS"
410.483337402344,410.483337402344,410.483337402344,410.483337402344,6888,"2012-08-27","WINS"
410.483337402344,410.483337402344,396.328735351562,410.483337402344,23843,"2012-08-28","WINS"
405.76513671875,410.483337402344,396.328735351562,405.76513671875,80009,"2012-08-29","WINS"
405.76513671875,405.76513671875,405.76513671875,405.76513671875,617290,"2012-08-30","WINS"
419.919738769531,419.919738769531,405.76513671875,419.919738769531,4361833,"2012-08-31","WINS"
415.201538085938,419.919738769531,405.76513671875,415.201538085938,359247,"2012-09-03","WINS"
410.483337402344,424.637939453125,410.483337402344,410.483337402344,3377877,"2012-09-04","WINS"
405.76513671875,405.76513671875,405.76513671875,405.76513671875,529,"2012-09-05","WINS"
396.328735351562,415.201538085938,391.610534667969,396.328735351562,36030,"2012-09-06","WINS"
396.328735351562,405.76513671875,391.610534667969,396.328735351562,333283,"2012-09-07","WINS"
386.892364501953,391.610534667969,382.174163818359,386.892364501953,120808,"2012-09-10","WINS"
386.892364501953,396.328735351562,382.174163818359,386.892364501953,103323,"2012-09-11","WINS"
391.610534667969,391.610534667969,386.892364501953,391.610534667969,78419,"2012-09-12","WINS"
391.610534667969,391.610534667969,391.610534667969,391.610534667969,14836,"2012-09-13","WINS"
405.76513671875,405.76513671875,396.328735351562,405.76513671875,416472,"2012-09-14","WINS"
405.76513671875,410.483337402344,391.610534667969,405.76513671875,19075,"2012-09-17","WINS"
401.046936035156,401.046936035156,391.610534667969,401.046936035156,7418,"2012-09-18","WINS"
401.046936035156,405.76513671875,391.610534667969,401.046936035156,78419,"2012-09-19","WINS"
401.046936035156,401.046936035156,382.174163818359,401.046936035156,3179,"2012-09-20","WINS"
396.328735351562,401.046936035156,386.892364501953,396.328735351562,38150,"2012-09-21","WINS"
401.046936035156,401.046936035156,396.328735351562,401.046936035156,232609,"2012-09-24","WINS"
410.483337402344,424.637939453125,396.328735351562,410.483337402344,2722966,"2012-09-25","WINS"
415.201538085938,424.637939453125,405.76513671875,415.201538085938,1405726,"2012-09-26","WINS"
415.201538085938,415.201538085938,410.483337402344,415.201538085938,397927,"2012-09-27","WINS"
419.919738769531,419.919738769531,410.483337402344,419.919738769531,6327095,"2012-09-28","WINS"
424.637939453125,424.637939453125,415.201538085938,424.637939453125,933618,"2012-10-01","WINS"
424.637939453125,429.356140136719,419.919738769531,424.637939453125,3348735,"2012-10-02","WINS"
429.356140136719,429.356140136719,424.637939453125,429.356140136719,4097431,"2012-10-03","WINS"
424.637939453125,429.356140136719,419.919738769531,424.637939453125,4091073,"2012-10-04","WINS"
424.637939453125,434.074340820312,419.919738769531,424.637939453125,2135878,"2012-10-05","WINS"
424.637939453125,424.637939453125,415.201538085938,424.637939453125,759823,"2012-10-08","WINS"
424.637939453125,429.356140136719,419.919738769531,424.637939453125,571192,"2012-10-09","WINS"
419.919738769531,429.356140136719,415.201538085938,419.919738769531,972298,"2012-10-10","WINS"
429.356140136719,429.356140136719,419.919738769531,429.356140136719,359247,"2012-10-11","WINS"
424.637939453125,424.637939453125,419.919738769531,424.637939453125,270760,"2012-10-12","WINS"
424.637939453125,424.637939453125,424.637939453125,424.637939453125,162138,"2012-10-15","WINS"
429.356140136719,429.356140136719,424.637939453125,429.356140136719,190220,"2012-10-16","WINS"
434.074340820312,434.074340820312,429.356140136719,434.074340820312,591857,"2012-10-17","WINS"
424.637939453125,434.074340820312,424.637939453125,424.637939453125,1151922,"2012-10-18","WINS"
429.356140136719,429.356140136719,429.356140136719,429.356140136719,16425,"2012-10-19","WINS"
429.356140136719,429.356140136719,415.201538085938,429.356140136719,111801,"2012-10-22","WINS"
429.356140136719,429.356140136719,429.356140136719,429.356140136719,111801,"2012-10-23","WINS"
424.637939453125,429.356140136719,424.637939453125,424.637939453125,117099,"2012-10-24","WINS"
424.637939453125,424.637939453125,424.637939453125,424.637939453125,10067,"2012-10-25","WINS"
419.919738769531,424.637939453125,415.201538085938,419.919738769531,61464,"2012-10-29","WINS"
429.356140136719,434.074340820312,415.201538085938,429.356140136719,2383854,"2012-10-30","WINS"
424.637939453125,434.074340820312,419.919738769531,424.637939453125,280827,"2012-10-31","WINS"
434.074340820312,434.074340820312,424.637939453125,434.074340820312,926730,"2012-11-01","WINS"
434.074340820312,434.074340820312,424.637939453125,434.074340820312,814929,"2012-11-02","WINS"
424.637939453125,434.074340820312,424.637939453125,424.637939453125,1589,"2012-11-05","WINS"
424.637939453125,429.356140136719,415.201538085938,424.637939453125,1066084,"2012-11-06","WINS"
424.637939453125,424.637939453125,419.919738769531,424.637939453125,385210,"2012-11-07","WINS"
424.637939453125,424.637939453125,424.637939453125,424.637939453125,83188,"2012-11-08","WINS"
434.074340820312,438.792541503906,429.356140136719,434.074340820312,11696199,"2012-11-09","WINS"
419.919738769531,434.074340820312,410.483337402344,419.919738769531,2622292,"2012-11-12","WINS"
419.919738769531,424.637939453125,415.201538085938,419.919738769531,992433,"2012-11-13","WINS"
401.046936035156,419.919738769531,391.610534667969,401.046936035156,8328389,"2012-11-14","WINS"
405.76513671875,419.919738769531,401.046936035156,405.76513671875,2283710,"2012-11-19","WINS"
405.76513671875,415.201538085938,391.610534667969,405.76513671875,746577,"2012-11-20","WINS"
419.919738769531,419.919738769531,401.046936035156,419.919738769531,3111886,"2012-11-21","WINS"
405.76513671875,424.637939453125,405.76513671875,405.76513671875,3560150,"2012-11-22","WINS"
415.201538085938,424.637939453125,386.892364501953,415.201538085938,8718368,"2012-11-23","WINS"
424.637939453125,434.074340820312,410.483337402344,424.637939453125,7562736,"2012-11-26","WINS"
424.637939453125,429.356140136719,410.483337402344,424.637939453125,5660528,"2012-11-27","WINS"
415.201538085938,429.356140136719,405.76513671875,415.201538085938,2923784,"2012-11-28","WINS"
415.201538085938,429.356140136719,405.76513671875,415.201538085938,4232546,"2012-11-29","WINS"
424.637939453125,424.637939453125,396.328735351562,424.637939453125,2410347,"2012-11-30","WINS"
429.356140136719,429.356140136719,401.046936035156,429.356140136719,878513,"2012-12-03","WINS"
415.201538085938,415.201538085938,415.201538085938,415.201538085938,2649,"2012-12-04","WINS"
415.201538085938,415.201538085938,410.483337402344,415.201538085938,1463482,"2012-12-05","WINS"
410.483337402344,415.201538085938,410.483337402344,410.483337402344,654380,"2012-12-06","WINS"
429.356140136719,429.356140136719,405.76513671875,429.356140136719,483765,"2012-12-07","WINS"
419.919738769531,419.919738769531,405.76513671875,419.919738769531,265991,"2012-12-10","WINS"
415.201538085938,434.074340820312,415.201538085938,415.201538085938,8193273,"2012-12-11","WINS"
415.201538085938,415.201538085938,415.201538085938,415.201538085938,98024,"2012-12-12","WINS"
410.483337402344,410.483337402344,410.483337402344,410.483337402344,23843,"2012-12-13","WINS"
396.328735351562,410.483337402344,391.610534667969,396.328735351562,5608601,"2012-12-14","WINS"
391.610534667969,396.328735351562,391.610534667969,391.610534667969,1388771,"2012-12-17","WINS"
391.610534667969,396.328735351562,391.610534667969,391.610534667969,2505192,"2012-12-18","WINS"
391.610534667969,396.328735351562,391.610534667969,391.610534667969,3923106,"2012-12-19","WINS"
391.610534667969,391.610534667969,382.174163818359,391.610534667969,1450765,"2012-12-20","WINS"
386.892364501953,391.610534667969,386.892364501953,386.892364501953,1951485,"2012-12-21","WINS"
419.919738769531,424.637939453125,391.610534667969,419.919738769531,3,"2012-12-26","WINS"
429.356140136719,443.5107421875,419.919738769531,429.356140136719,3948010,"2012-12-27","WINS"
452.947143554688,452.947143554688,424.637939453125,452.947143554688,10317495,"2012-12-28","WINS"
410.483337402344,452.947143554688,410.483337402344,410.483337402344,733330,"2013-01-02","WINS"
424.637939453125,424.637939453125,410.483337402344,424.637939453125,1051778,"2013-01-03","WINS"
429.356140136719,429.356140136719,405.76513671875,429.356140136719,520325,"2013-01-04","WINS"
415.201538085938,424.637939453125,410.483337402344,415.201538085938,57225,"2013-01-07","WINS"
419.919738769531,419.919738769531,419.919738769531,419.919738769531,529,"2013-01-08","WINS"
419.919738769531,419.919738769531,396.328735351562,419.919738769531,2224365,"2013-01-09","WINS"
405.76513671875,405.76513671875,405.76513671875,405.76513671875,220952,"2013-01-10","WINS"
396.328735351562,405.76513671875,396.328735351562,396.328735351562,1228222,"2013-01-11","WINS"
396.328735351562,405.76513671875,396.328735351562,396.328735351562,736509,"2013-01-14","WINS"
401.046936035156,401.046936035156,401.046936035156,401.046936035156,60934,"2013-01-15","WINS"
405.76513671875,405.76513671875,401.046936035156,405.76513671875,65173,"2013-01-16","WINS"
415.201538085938,415.201538085938,401.046936035156,415.201538085938,468399,"2013-01-17","WINS"
410.483337402344,410.483337402344,410.483337402344,410.483337402344,529,"2013-01-18","WINS"
401.046936035156,405.76513671875,401.046936035156,401.046936035156,222012,"2013-01-21","WINS"
401.046936035156,401.046936035156,401.046936035156,401.046936035156,0,"2013-01-22","WINS"
401.046936035156,401.046936035156,396.328735351562,401.046936035156,68352,"2013-01-23","WINS"
386.892364501953,396.328735351562,386.892364501953,386.892364501953,1164109,"2013-01-25","WINS"
377.455963134766,391.610534667969,372.737762451172,377.455963134766,3301577,"2013-01-28","WINS"
382.174163818359,382.174163818359,377.455963134766,382.174163818359,73650,"2013-01-29","WINS"
382.174163818359,386.892364501953,377.455963134766,382.174163818359,1005150,"2013-01-30","WINS"
363.301361083984,386.892364501953,363.301361083984,363.301361083984,3154805,"2013-01-31","WINS"
382.174163818359,386.892364501953,372.737762451172,382.174163818359,1397249,"2013-02-01","WINS"
382.174163818359,391.610534667969,377.455963134766,382.174163818359,303081,"2013-02-04","WINS"
377.455963134766,382.174163818359,363.301361083984,377.455963134766,1049658,"2013-02-05","WINS"
377.455963134766,382.174163818359,377.455963134766,377.455963134766,1612373,"2013-02-06","WINS"
368.019561767578,382.174163818359,368.019561767578,368.019561767578,6794965,"2013-02-07","WINS"
368.019561767578,377.455963134766,363.301361083984,368.019561767578,3215739,"2013-02-08","WINS"
363.301361083984,372.737762451172,363.301361083984,363.301361083984,170615,"2013-02-11","WINS"
368.019561767578,377.455963134766,363.301361083984,368.019561767578,1850282,"2013-02-12","WINS"
368.019561767578,372.737762451172,363.301361083984,368.019561767578,7441398,"2013-02-13","WINS"
368.019561767578,372.737762451172,368.019561767578,368.019561767578,7186004,"2013-02-14","WINS"
372.737762451172,377.455963134766,363.301361083984,372.737762451172,7316880,"2013-02-15","WINS"
372.737762451172,382.174163818359,372.737762451172,372.737762451172,4696177,"2013-02-18","WINS"
363.301361083984,377.455963134766,363.301361083984,363.301361083984,4662795,"2013-02-19","WINS"
358.583160400391,368.019561767578,349.146759033203,358.583160400391,8736913,"2013-02-20","WINS"
358.583160400391,363.301361083984,353.864959716797,358.583160400391,2396041,"2013-02-21","WINS"
358.583160400391,368.019561767578,353.864959716797,358.583160400391,1353800,"2013-02-22","WINS"
372.737762451172,372.737762451172,363.301361083984,372.737762451172,2023017,"2013-02-25","WINS"
368.019561767578,372.737762451172,368.019561767578,368.019561767578,967530,"2013-02-26","WINS"
382.174163818359,391.610534667969,372.737762451172,382.174163818359,4430715,"2013-02-27","WINS"
415.201538085938,429.356140136719,391.610534667969,415.201538085938,17614770,"2013-02-28","WINS"
405.76513671875,419.919738769531,401.046936035156,405.76513671875,2194163,"2013-03-01","WINS"
396.328735351562,405.76513671875,396.328735351562,396.328735351562,1879424,"2013-03-04","WINS"
382.174163818359,405.76513671875,377.455963134766,382.174163818359,2680047,"2013-03-05","WINS"
386.892364501953,386.892364501953,382.174163818359,386.892364501953,1865648,"2013-03-06","WINS"
401.046936035156,410.483337402344,386.892364501953,401.046936035156,4536158,"2013-03-07","WINS"
401.046936035156,405.76513671875,391.610534667969,401.046936035156,2683756,"2013-03-08","WINS"
396.328735351562,401.046936035156,391.610534667969,396.328735351562,3816604,"2013-03-11","WINS"
396.328735351562,396.328735351562,386.892364501953,396.328735351562,2232313,"2013-03-13","WINS"
410.483337402344,410.483337402344,386.892364501953,410.483337402344,3231105,"2013-03-14","WINS"
396.328735351562,410.483337402344,396.328735351562,396.328735351562,419651,"2013-03-15","WINS"
391.610534667969,396.328735351562,391.610534667969,391.610534667969,416472,"2013-03-18","WINS"
391.610534667969,396.328735351562,386.892364501953,391.610534667969,1884723,"2013-03-19","WINS"
391.610534667969,396.328735351562,386.892364501953,391.610534667969,181743,"2013-03-20","WINS"
386.892364501953,396.328735351562,377.455963134766,386.892364501953,1168348,"2013-03-21","WINS"
391.610534667969,391.610534667969,382.174163818359,391.610534667969,610402,"2013-03-22","WINS"
391.610534667969,391.610534667969,382.174163818359,391.610534667969,436077,"2013-03-25","WINS"
386.892364501953,391.610534667969,386.892364501953,386.892364501953,293014,"2013-03-26","WINS"
386.892364501953,391.610534667969,382.174163818359,386.892364501953,824996,"2013-03-27","WINS"
396.328735351562,401.046936035156,391.610534667969,396.328735351562,3252829,"2013-03-28","WINS"
401.046936035156,405.76513671875,396.328735351562,401.046936035156,429189,"2013-04-01","WINS"
405.76513671875,410.483337402344,401.046936035156,405.76513671875,2914777,"2013-04-02","WINS"
415.201538085938,434.074340820312,410.483337402344,415.201538085938,2,"2013-04-03","WINS"
419.919738769531,419.919738769531,405.76513671875,419.919738769531,3500805,"2013-04-04","WINS"
419.919738769531,419.919738769531,410.483337402344,419.919738769531,192870,"2013-04-05","WINS"
415.201538085938,419.919738769531,405.76513671875,415.201538085938,1245178,"2013-04-08","WINS"
410.483337402344,415.201538085938,405.76513671875,410.483337402344,528273,"2013-04-09","WINS"
410.483337402344,415.201538085938,405.76513671875,410.483337402344,832415,"2013-04-10","WINS"
415.201538085938,419.919738769531,405.76513671875,415.201538085938,1279089,"2013-04-11","WINS"
424.637939453125,429.356140136719,410.483337402344,424.637939453125,4030668,"2013-04-12","WINS"
424.637939453125,424.637939453125,419.919738769531,424.637939453125,1983807,"2013-04-15","WINS"
434.074340820312,438.792541503906,415.201538085938,434.074340820312,5699208,"2013-04-16","WINS"
429.356140136719,434.074340820312,419.919738769531,429.356140136719,1593828,"2013-04-17","WINS"
419.919738769531,429.356140136719,419.919738769531,419.919738769531,1535543,"2013-04-18","WINS"
410.483337402344,419.919738769531,410.483337402344,410.483337402344,1198020,"2013-04-19","WINS"
415.201538085938,424.637939453125,410.483337402344,419.919738769531,3,"2013-04-22","WINS"
410.483337402344,410.483337402344,410.483337402344,410.483337402344,0,"2013-04-23","WINS"
424.637939453125,429.356140136719,419.919738769531,429.356140136719,1408906,"2013-04-24","WINS"
434.074340820312,438.792541503906,429.356140136719,429.356140136719,6070642,"2013-04-25","WINS"
429.356140136719,443.5107421875,429.356140136719,443.5107421875,7345492,"2013-04-26","WINS"
443.5107421875,467.101745605469,443.5107421875,457.665344238281,18573822,"2013-04-29","WINS"
462.383544921875,490.692749023438,462.383544921875,467.101745605469,43029656,"2013-04-30","WINS"
467.101745605469,471.819946289062,457.665344238281,462.383544921875,2827879,"2013-05-01","WINS"
462.383544921875,481.25634765625,462.383544921875,467.101745605469,6223772,"2013-05-02","WINS"
471.819946289062,471.819946289062,462.383544921875,467.101745605469,2320270,"2013-05-03","WINS"
467.101745605469,481.25634765625,467.101745605469,481.25634765625,4572189,"2013-05-06","WINS"
490.692749023438,509.565521240234,471.819946289062,490.692749023438,20332438,"2013-05-07","WINS"
500.129119873047,500.129119873047,490.692749023438,500.129119873047,14568057,"2013-05-08","WINS"
500.129119873047,519.001953125,500.129119873047,509.565521240234,13760016,"2013-05-10","WINS"
509.565521240234,519.001953125,509.565521240234,509.565521240234,1762324,"2013-05-13","WINS"
509.565521240234,509.565521240234,500.129119873047,509.565521240234,5139142,"2013-05-14","WINS"
509.565521240234,556.747497558594,500.129119873047,528.438354492188,16034718,"2013-05-15","WINS"
528.438354492188,537.874755859375,509.565521240234,519.001953125,2390212,"2013-05-16","WINS"
519.001953125,528.438354492188,500.129119873047,528.438354492188,17089146,"2013-05-17","WINS"
528.438354492188,528.438354492188,509.565521240234,509.565521240234,2884574,"2013-05-20","WINS"
519.001953125,585.056701660156,490.692749023438,490.692749023438,3,"2013-05-21","WINS"
490.692749023438,509.565521240234,462.383544921875,500.129119873047,12691812,"2013-05-22","WINS"
500.129119873047,509.565521240234,490.692749023438,509.565521240234,4491649,"2013-05-23","WINS"
509.565521240234,519.001953125,500.129119873047,509.565521240234,2432071,"2013-05-24","WINS"
509.565521240234,528.438354492188,509.565521240234,528.438354492188,6046798,"2013-05-27","WINS"
528.438354492188,537.874755859375,519.001953125,528.438354492188,1811072,"2013-05-28","WINS"
528.438354492188,528.438354492188,519.001953125,528.438354492188,2794498,"2013-05-29","WINS"
528.438354492188,537.874755859375,519.001953125,528.438354492188,1513819,"2013-05-30","WINS"
519.001953125,528.438354492188,500.129119873047,528.438354492188,2295367,"2013-05-31","WINS"
528.438354492188,528.438354492188,509.565521240234,528.438354492188,2041562,"2013-06-03","WINS"
519.001953125,537.874755859375,509.565521240234,528.438354492188,5939765,"2013-06-04","WINS"
519.001953125,528.438354492188,500.129119873047,519.001953125,2252978,"2013-06-05","WINS"
509.565521240234,509.565521240234,490.692749023438,500.129119873047,1999703,"2013-06-07","WINS"
500.129119873047,500.129119873047,481.25634765625,490.692749023438,4820165,"2013-06-10","WINS"
481.25634765625,490.692749023438,471.819946289062,490.692749023438,2955046,"2013-06-11","WINS"
481.25634765625,490.692749023438,481.25634765625,490.692749023438,1545610,"2013-06-12","WINS"
481.25634765625,500.129119873047,481.25634765625,500.129119873047,1443877,"2013-06-13","WINS"
490.692749023438,490.692749023438,471.819946289062,471.819946289062,4407401,"2013-06-14","WINS"
471.819946289062,490.692749023438,462.383544921875,481.25634765625,4275995,"2013-06-17","WINS"
481.25634765625,490.692749023438,481.25634765625,490.692749023438,1386651,"2013-06-18","WINS"
490.692749023438,528.438354492188,490.692749023438,509.565521240234,2021957,"2013-06-19","WINS"
500.129119873047,519.001953125,490.692749023438,509.565521240234,3534187,"2013-06-20","WINS"
500.129119873047,509.565521240234,490.692749023438,490.692749023438,1571574,"2013-06-21","WINS"
490.692749023438,500.129119873047,490.692749023438,490.692749023438,223602,"2013-06-24","WINS"
481.25634765625,519.001953125,481.25634765625,519.001953125,3,"2013-06-25","WINS"
519.001953125,528.438354492188,519.001953125,528.438354492188,2399750,"2013-06-26","WINS"
537.874755859375,547.311157226562,537.874755859375,547.311157226562,518736,"2013-06-27","WINS"
547.311157226562,556.747497558594,547.311157226562,547.311157226562,1257365,"2013-06-28","WINS"
537.874755859375,537.874755859375,537.874755859375,537.874755859375,529,"2013-07-01","WINS"
528.438354492188,528.438354492188,500.129119873047,509.565521240234,150481,"2013-07-02","WINS"
509.565521240234,519.001953125,500.129119873047,509.565521240234,1756496,"2013-07-03","WINS"
509.565521240234,509.565521240234,509.565521240234,509.565521240234,159488,"2013-07-04","WINS"
509.565521240234,519.001953125,509.565521240234,519.001953125,3455767,"2013-07-05","WINS"
519.001953125,528.438354492188,519.001953125,528.438354492188,2596859,"2013-07-08","WINS"
528.438354492188,537.874755859375,528.438354492188,528.438354492188,2202641,"2013-07-09","WINS"
528.438354492188,537.874755859375,528.438354492188,528.438354492188,746577,"2013-07-10","WINS"
509.565521240234,537.874755859375,509.565521240234,528.438354492188,1184244,"2013-07-11","WINS"
519.001953125,519.001953125,490.692749023438,509.565521240234,1781929,"2013-07-12","WINS"
500.129119873047,509.565521240234,500.129119873047,509.565521240234,223602,"2013-07-15","WINS"
509.565521240234,509.565521240234,509.565521240234,509.565521240234,29142,"2013-07-16","WINS"
509.565521240234,519.001953125,500.129119873047,500.129119873047,227311,"2013-07-17","WINS"
500.129119873047,509.565521240234,490.692749023438,509.565521240234,1234051,"2013-07-18","WINS"
508.131195068359,508.131195068359,508.131195068359,508.131195068359,1130131,"2013-07-19","WINS"
498.543823242188,508.131195068359,498.543823242188,498.543823242188,277969,"2013-07-22","WINS"
508.131195068359,517.718566894531,498.543823242188,508.131195068359,2173690,"2013-07-23","WINS"
517.718566894531,517.718566894531,508.131195068359,517.718566894531,403134,"2013-07-24","WINS"
517.718566894531,517.718566894531,517.718566894531,517.718566894531,38592,"2013-07-25","WINS"
517.718566894531,517.718566894531,517.718566894531,517.718566894531,7822,"2013-07-26","WINS"
517.718566894531,517.718566894531,517.718566894531,517.718566894531,1455037,"2013-07-29","WINS"
527.305969238281,536.893371582031,527.305969238281,536.893371582031,242506,"2013-07-30","WINS"
536.893371582031,536.893371582031,517.718566894531,527.305969238281,2287381,"2013-07-31","WINS"
527.305969238281,527.305969238281,527.305969238281,527.305969238281,168450,"2013-08-01","WINS"
527.305969238281,536.893371582031,527.305969238281,536.893371582031,1120222,"2013-08-02","WINS"
536.893371582031,536.893371582031,527.305969238281,536.893371582031,2228971,"2013-08-12","WINS"
536.893371582031,536.893371582031,536.893371582031,536.893371582031,899620,"2013-08-13","WINS"
536.893371582031,536.893371582031,536.893371582031,536.893371582031,813047,"2013-08-14","WINS"
536.893371582031,536.893371582031,536.893371582031,536.893371582031,2131969,"2013-08-15","WINS"
536.893371582031,546.480712890625,536.893371582031,536.893371582031,1748652,"2013-08-16","WINS"
527.305969238281,527.305969238281,508.131195068359,517.718566894531,2250353,"2013-08-19","WINS"
508.131195068359,517.718566894531,488.956451416016,517.718566894531,2285817,"2013-08-20","WINS"
508.131195068359,517.718566894531,508.131195068359,508.131195068359,215387,"2013-08-21","WINS"
508.131195068359,508.131195068359,508.131195068359,508.131195068359,517868,"2013-08-22","WINS"
508.131195068359,508.131195068359,508.131195068359,508.131195068359,625822,"2013-08-23","WINS"
508.131195068359,508.131195068359,498.543823242188,508.131195068359,492835,"2013-08-26","WINS"
498.543823242188,498.543823242188,479.369049072266,488.956451416016,15336304,"2013-08-27","WINS"
488.956451416016,488.956451416016,479.369049072266,488.956451416016,970546,"2013-08-28","WINS"
488.956451416016,508.131195068359,488.956451416016,508.131195068359,2074601,"2013-08-29","WINS"
498.543823242188,498.543823242188,498.543823242188,498.543823242188,1980728,"2013-08-30","WINS"
498.543823242188,498.543823242188,498.543823242188,498.543823242188,8138301,"2013-09-02","WINS"
508.131195068359,527.305969238281,508.131195068359,517.718566894531,930911,"2013-09-03","WINS"
517.718566894531,517.718566894531,517.718566894531,517.718566894531,2086,"2013-09-04","WINS"
488.956451416016,527.305969238281,488.956451416016,527.305969238281,33898,"2013-09-05","WINS"
527.305969238281,536.893371582031,527.305969238281,527.305969238281,9201157,"2013-09-06","WINS"
527.305969238281,527.305969238281,527.305969238281,527.305969238281,764546,"2013-09-09","WINS"
536.893371582031,556.068115234375,536.893371582031,546.480712890625,2270171,"2013-09-10","WINS"
536.893371582031,536.893371582031,527.305969238281,527.305969238281,323341,"2013-09-11","WINS"
536.893371582031,546.480712890625,536.893371582031,536.893371582031,834430,"2013-09-12","WINS"
527.305969238281,527.305969238281,527.305969238281,527.305969238281,2607,"2013-09-13","WINS"
527.305969238281,527.305969238281,527.305969238281,527.305969238281,2607,"2013-09-16","WINS"
517.718566894531,517.718566894531,517.718566894531,517.718566894531,1043,"2013-09-17","WINS"
508.131195068359,508.131195068359,508.131195068359,508.131195068359,7822,"2013-09-18","WINS"
546.480712890625,556.068115234375,546.480712890625,556.068115234375,771847,"2013-09-19","WINS"
556.068115234375,556.068115234375,556.068115234375,556.068115234375,2607,"2013-09-20","WINS"
536.893371582031,536.893371582031,536.893371582031,536.893371582031,44329,"2013-09-23","WINS"
536.893371582031,536.893371582031,536.893371582031,536.893371582031,44329,"2013-09-24","WINS"
527.305969238281,575.242858886719,479.369049072266,556.068115234375,3487918,"2013-09-25","WINS"
556.068115234375,565.655517578125,556.068115234375,556.068115234375,679017,"2013-09-26","WINS"
556.068115234375,565.655517578125,556.068115234375,565.655517578125,2230536,"2013-09-27","WINS"
527.305969238281,565.655517578125,527.305969238281,565.655517578125,1055032,"2013-09-30","WINS"
556.068115234375,556.068115234375,556.068115234375,556.068115234375,1358035,"2013-10-01","WINS"
556.068115234375,556.068115234375,556.068115234375,556.068115234375,1358035,"2013-10-02","WINS"
536.893371582031,536.893371582031,536.893371582031,536.893371582031,63103,"2013-10-03","WINS"
527.305969238281,527.305969238281,527.305969238281,527.305969238281,2607,"2013-10-04","WINS"
527.305969238281,527.305969238281,527.305969238281,527.305969238281,1564,"2013-10-07","WINS"
527.305969238281,527.305969238281,527.305969238281,527.305969238281,1564,"2013-10-08","WINS"
527.305969238281,527.305969238281,527.305969238281,527.305969238281,1564,"2013-10-09","WINS"
556.068115234375,556.068115234375,479.369049072266,508.131195068359,176273,"2013-10-10","WINS"
527.305969238281,575.242858886719,527.305969238281,575.242858886719,1043037,"2013-10-11","WINS"
575.242858886719,584.830261230469,575.242858886719,575.242858886719,3436287,"2013-10-16","WINS"
575.242858886719,575.242858886719,565.655517578125,565.655517578125,2119974,"2013-10-17","WINS"
565.655517578125,565.655517578125,556.068115234375,565.655517578125,4349988,"2013-10-18","WINS"
565.655517578125,565.655517578125,565.655517578125,565.655517578125,7822,"2013-10-21","WINS"
565.655517578125,565.655517578125,565.655517578125,565.655517578125,7822,"2013-10-22","WINS"
565.655517578125,565.655517578125,565.655517578125,565.655517578125,50065,"2013-10-23","WINS"
575.242858886719,575.242858886719,575.242858886719,575.242858886719,6340104,"2013-10-24","WINS"
575.242858886719,613.592407226562,575.242858886719,613.592407226562,1213574,"2013-10-25","WINS"
594.417602539062,613.592407226562,594.417602539062,604.005004882812,11473,"2013-10-28","WINS"
604.005004882812,604.005004882812,594.417602539062,594.417602539062,302480,"2013-10-29","WINS"
613.592407226562,623.179748535156,613.592407226562,623.179748535156,280577,"2013-10-30","WINS"
613.592407226562,613.592407226562,604.005004882812,613.592407226562,276404,"2013-10-31","WINS"
613.592407226562,623.179748535156,613.592407226562,613.592407226562,305088,"2013-11-01","WINS"
584.830261230469,604.005004882812,584.830261230469,604.005004882812,9908,"2013-11-04","WINS"
604.005004882812,604.005004882812,604.005004882812,604.005004882812,251893,"2013-11-06","WINS"
604.005004882812,604.005004882812,604.005004882812,604.005004882812,245113,"2013-11-07","WINS"
604.005004882812,623.179748535156,604.005004882812,613.592407226562,215387,"2013-11-08","WINS"
604.005004882812,604.005004882812,584.830261230469,584.830261230469,52673,"2013-11-11","WINS"
584.830261230469,623.179748535156,584.830261230469,594.417602539062,93873,"2013-11-12","WINS"
584.830261230469,584.830261230469,575.242858886719,575.242858886719,341073,"2013-11-13","WINS"
575.242858886719,584.830261230469,575.242858886719,584.830261230469,414607,"2013-11-14","WINS"
613.592407226562,613.592407226562,604.005004882812,604.005004882812,29205,"2013-11-15","WINS"
604.005004882812,604.005004882812,604.005004882812,604.005004882812,46415,"2013-11-18","WINS"
604.005004882812,604.005004882812,604.005004882812,604.005004882812,46415,"2013-11-19","WINS"
604.005004882812,604.005004882812,604.005004882812,604.005004882812,133508,"2013-11-20","WINS"
604.005004882812,604.005004882812,584.830261230469,594.417602539062,285792,"2013-11-21","WINS"
594.417602539062,594.417602539062,594.417602539062,594.417602539062,285792,"2013-11-22","WINS"
575.242858886719,575.242858886719,575.242858886719,575.242858886719,1151513,"2013-11-25","WINS"
575.242858886719,575.242858886719,565.655517578125,575.242858886719,3734074,"2013-11-26","WINS"
575.242858886719,594.417602539062,575.242858886719,594.417602539062,1153599,"2013-11-27","WINS"
556.068115234375,575.242858886719,556.068115234375,575.242858886719,17210,"2013-11-28","WINS"
594.417602539062,661.529296875,594.417602539062,623.179748535156,4791715,"2013-11-29","WINS"
632.767150878906,632.767150878906,613.592407226562,613.592407226562,1107706,"2013-12-02","WINS"
613.592407226562,613.592407226562,604.005004882812,613.592407226562,279534,"2013-12-03","WINS"
613.592407226562,632.767150878906,613.592407226562,632.767150878906,154891,"2013-12-04","WINS"
623.179748535156,623.179748535156,623.179748535156,623.179748535156,521,"2013-12-05","WINS"
623.179748535156,623.179748535156,613.592407226562,613.592407226562,112648,"2013-12-06","WINS"
613.592407226562,632.767150878906,613.592407226562,632.767150878906,427123,"2013-12-09","WINS"
632.767150878906,661.529296875,632.767150878906,661.529296875,510045,"2013-12-10","WINS"
671.11669921875,671.11669921875,642.354553222656,651.94189453125,801574,"2013-12-11","WINS"
651.94189453125,651.94189453125,623.179748535156,632.767150878906,29205,"2013-12-12","WINS"
632.767150878906,651.94189453125,623.179748535156,642.354553222656,306653,"2013-12-13","WINS"
632.767150878906,632.767150878906,623.179748535156,623.179748535156,152805,"2013-12-16","WINS"
613.592407226562,642.354553222656,604.005004882812,642.354553222656,233640,"2013-12-17","WINS"
632.767150878906,632.767150878906,613.592407226562,623.179748535156,906399,"2013-12-18","WINS"
623.179748535156,623.179748535156,613.592407226562,623.179748535156,680582,"2013-12-19","WINS"
623.179748535156,642.354553222656,623.179748535156,623.179748535156,978369,"2013-12-20","WINS"
623.179748535156,623.179748535156,623.179748535156,623.179748535156,565847,"2013-12-23","WINS"
623.179748535156,632.767150878906,623.179748535156,623.179748535156,699356,"2013-12-24","WINS"
632.767150878906,632.767150878906,613.592407226562,613.592407226562,832344,"2013-12-27","WINS"
613.592407226562,651.94189453125,613.592407226562,651.94189453125,5218839,"2013-12-30","WINS"
642.354553222656,651.94189453125,623.179748535156,623.179748535156,3342414,"2014-01-02","WINS"
623.179748535156,623.179748535156,613.592407226562,613.592407226562,1121787,"2014-01-03","WINS"
608.798706054688,608.798706054688,604.005004882812,608.798706054688,410331,"2014-01-06","WINS"
618.386108398438,618.386108398438,608.798706054688,608.798706054688,2950545,"2014-01-07","WINS"
604.005004882812,604.005004882812,599.211303710938,604.005004882812,1055241,"2014-01-08","WINS"
604.005004882812,608.798706054688,604.005004882812,604.005004882812,781339,"2014-01-09","WINS"
594.417602539062,599.211303710938,594.417602539062,599.211303710938,1147,"2014-01-10","WINS"
608.798706054688,608.798706054688,604.005004882812,608.798706054688,1071095,"2014-01-13","WINS"
608.798706054688,608.798706054688,604.005004882812,608.798706054688,148945,"2014-01-15","WINS"
613.592407226562,613.592407226562,608.798706054688,608.798706054688,20965,"2014-01-16","WINS"
613.592407226562,623.179748535156,608.798706054688,613.592407226562,6884,"2014-01-17","WINS"
613.592407226562,613.592407226562,604.005004882812,608.798706054688,926843,"2014-01-20","WINS"
604.005004882812,608.798706054688,604.005004882812,608.798706054688,4276,"2014-01-21","WINS"
608.798706054688,613.592407226562,608.798706054688,613.592407226562,31604,"2014-01-22","WINS"
613.592407226562,613.592407226562,608.798706054688,613.592407226562,522248,"2014-01-23","WINS"
613.592407226562,618.386108398438,613.592407226562,613.592407226562,26910,"2014-01-24","WINS"
613.592407226562,613.592407226562,613.592407226562,613.592407226562,1460,"2014-01-27","WINS"
613.592407226562,613.592407226562,613.592407226562,613.592407226562,24407,"2014-01-28","WINS"
613.592407226562,637.560852050781,613.592407226562,632.767150878906,41825,"2014-01-29","WINS"
613.592407226562,623.179748535156,613.592407226562,623.179748535156,15645,"2014-01-30","WINS"
613.592407226562,618.386108398438,613.592407226562,618.386108398438,21382,"2014-02-03","WINS"
613.592407226562,613.592407226562,594.417602539062,613.592407226562,1348543,"2014-02-04","WINS"
604.005004882812,613.592407226562,604.005004882812,604.005004882812,713124,"2014-02-05","WINS"
604.005004882812,613.592407226562,604.005004882812,613.592407226562,596721,"2014-02-06","WINS"
623.179748535156,623.179748535156,623.179748535156,623.179748535156,104,"2014-02-07","WINS"
623.179748535156,632.767150878906,618.386108398438,627.973449707031,58931,"2014-02-10","WINS"
647.148254394531,651.94189453125,632.767150878906,647.148254394531,1025931,"2014-02-11","WINS"
647.148254394531,651.94189453125,637.560852050781,642.354553222656,3667111,"2014-02-12","WINS"
642.354553222656,671.11669921875,637.560852050781,666.322998046875,2631375,"2014-02-13","WINS"
666.322998046875,666.322998046875,666.322998046875,666.322998046875,8344,"2014-02-14","WINS"
671.11669921875,695.085144042969,671.11669921875,675.910400390625,301646,"2014-02-17","WINS"
695.085144042969,757.403137207031,685.497741699219,714.259887695312,2078148,"2014-02-18","WINS"
699.878845214844,699.878845214844,690.291442871094,690.291442871094,1899893,"2014-02-19","WINS"
690.291442871094,690.291442871094,671.11669921875,690.291442871094,472704,"2014-02-20","WINS"
690.291442871094,704.672485351562,690.291442871094,704.672485351562,660868,"2014-02-21","WINS"
714.259887695312,752.609436035156,704.672485351562,728.640991210938,849867,"2014-02-24","WINS"
733.434631347656,733.434631347656,719.053588867188,728.640991210938,122244,"2014-02-25","WINS"
728.640991210938,728.640991210938,699.878845214844,728.640991210938,845382,"2014-02-26","WINS"
728.640991210938,728.640991210938,728.640991210938,728.640991210938,2503,"2014-02-27","WINS"
728.640991210938,728.640991210938,723.847290039062,728.640991210938,20234,"2014-02-28","WINS"
719.053588867188,738.228332519531,719.053588867188,728.640991210938,270146,"2014-03-03","WINS"
728.640991210938,757.403137207031,728.640991210938,738.228332519531,243444,"2014-03-04","WINS"
723.847290039062,733.434631347656,719.053588867188,719.053588867188,2668611,"2014-03-05","WINS"
714.259887695312,738.228332519531,714.259887695312,723.847290039062,2849370,"2014-03-06","WINS"
723.847290039062,728.640991210938,723.847290039062,723.847290039062,2138957,"2014-03-07","WINS"
719.053588867188,728.640991210938,680.704040527344,695.085144042969,3409690,"2014-03-10","WINS"
714.259887695312,723.847290039062,714.259887695312,723.847290039062,676409,"2014-03-11","WINS"
723.847290039062,723.847290039062,719.053588867188,719.053588867188,92621,"2014-03-12","WINS"
719.053588867188,719.053588867188,704.672485351562,709.466186523438,1955799,"2014-03-13","WINS"
709.466186523438,714.259887695312,704.672485351562,714.259887695312,50065,"2014-03-14","WINS"
719.053588867188,723.847290039062,685.497741699219,685.497741699219,940402,"2014-03-17","WINS"
690.291442871094,695.085144042969,675.910400390625,695.085144042969,3112320,"2014-03-18","WINS"
709.466186523438,728.640991210938,709.466186523438,728.640991210938,2386887,"2014-03-19","WINS"
728.640991210938,757.403137207031,714.259887695312,728.640991210938,1091017,"2014-03-20","WINS"
738.228332519531,743.022033691406,728.640991210938,728.640991210938,3691831,"2014-03-21","WINS"
728.640991210938,738.228332519531,714.259887695312,723.847290039062,2828822,"2014-03-24","WINS"
733.434631347656,747.815734863281,728.640991210938,738.228332519531,4277706,"2014-03-25","WINS"
738.228332519531,776.577880859375,738.228332519531,757.403137207031,13516829,"2014-03-26","WINS"
762.19677734375,776.577880859375,757.403137207031,766.990478515625,7277691,"2014-03-27","WINS"
766.990478515625,958.738098144531,766.990478515625,862.864318847656,2153872,"2014-03-28","WINS"
872.45166015625,910.801208496094,838.895874023438,862.864318847656,1040847,"2014-04-01","WINS"
843.689514160156,862.864318847656,843.689514160156,843.689514160156,1326848,"2014-04-02","WINS"
838.895874023438,858.070617675781,838.895874023438,853.276916503906,563448,"2014-04-03","WINS"
858.070617675781,858.070617675781,838.895874023438,838.895874023438,84381,"2014-04-04","WINS"
838.895874023438,838.895874023438,829.308471679688,834.102172851562,105451,"2014-04-07","WINS"
862.864318847656,862.864318847656,834.102172851562,834.102172851562,435572,"2014-04-08","WINS"
834.102172851562,834.102172851562,834.102172851562,834.102172851562,0,"2014-04-09","WINS"
834.102172851562,834.102172851562,829.308471679688,834.102172851562,521936,"2014-04-10","WINS"
848.483215332031,848.483215332031,843.689514160156,843.689514160156,1653423,"2014-04-11","WINS"
843.689514160156,848.483215332031,838.895874023438,843.689514160156,2826214,"2014-04-14","WINS"
834.102172851562,843.689514160156,834.102172851562,843.689514160156,950103,"2014-04-15","WINS"
843.689514160156,843.689514160156,829.308471679688,834.102172851562,201514,"2014-04-16","WINS"
838.895874023438,843.689514160156,834.102172851562,838.895874023438,1025723,"2014-04-17","WINS"
834.102172851562,834.102172851562,834.102172851562,834.102172851562,57679,"2014-04-21","WINS"
834.102172851562,838.895874023438,834.102172851562,838.895874023438,17627,"2014-04-22","WINS"
843.689514160156,910.801208496094,834.102172851562,910.801208496094,3271174,"2014-04-23","WINS"
910.801208496094,1054.61193847656,906.007507324219,958.738098144531,13070305,"2014-04-24","WINS"
953.944396972656,958.738098144531,906.007507324219,920.388610839844,89492,"2014-04-25","WINS"
939.563354492188,949.150756835938,891.62646484375,925.182312011719,214552,"2014-04-28","WINS"
925.182312011719,929.975952148438,910.801208496094,925.182312011719,4739876,"2014-04-29","WINS"
925.182312011719,944.357055664062,920.388610839844,944.357055664062,4330275,"2014-04-30","WINS"
939.563354492188,944.357055664062,925.182312011719,944.357055664062,1653527,"2014-05-02","WINS"
939.563354492188,953.944396972656,939.563354492188,949.150756835938,5309061,"2014-05-05","WINS"
939.563354492188,949.150756835938,939.563354492188,949.150756835938,563866,"2014-05-06","WINS"
949.150756835938,949.150756835938,934.769653320312,934.769653320312,2184851,"2014-05-07","WINS"
939.563354492188,953.944396972656,920.388610839844,939.563354492188,2192569,"2014-05-08","WINS"
949.150756835938,958.738098144531,939.563354492188,949.150756835938,3450681,"2014-05-09","WINS"
958.738098144531,958.738098144531,944.357055664062,953.944396972656,3649901,"2014-05-12","WINS"
958.738098144531,958.738098144531,953.944396972656,953.944396972656,270981,"2014-05-13","WINS"
958.738098144531,997.087646484375,958.738098144531,977.912902832031,2419847,"2014-05-14","WINS"
982.70654296875,987.500244140625,973.119201660156,982.70654296875,2777087,"2014-05-16","WINS"
953.944396972656,1006.67504882812,944.357055664062,953.944396972656,2159922,"2014-05-19","WINS"
953.944396972656,987.500244140625,949.150756835938,953.944396972656,3350132,"2014-05-20","WINS"
953.944396972656,958.738098144531,949.150756835938,953.944396972656,1321945,"2014-05-21","WINS"
963.531799316406,963.531799316406,949.150756835938,963.531799316406,1551622,"2014-05-22","WINS"
987.500244140625,987.500244140625,953.944396972656,987.500244140625,6804152,"2014-05-23","WINS"
1016.26239013672,1016.26239013672,987.500244140625,1016.26239013672,2312623,"2014-05-26","WINS"
1059.40563964844,1078.58032226562,1025.84973144531,1059.40563964844,11458603,"2014-05-28","WINS"
1131.31103515625,1193.62890625,1054.61193847656,1131.31103515625,7164834,"2014-05-30","WINS"
1136.10461425781,1150.48571777344,1102.548828125,1136.10461425781,3043896,"2014-06-02","WINS"
1136.10461425781,1150.48571777344,1136.10461425781,1136.10461425781,2117053,"2014-06-03","WINS"
1136.10461425781,1150.48571777344,1136.10461425781,1136.10461425781,3275034,"2014-06-04","WINS"
1136.10461425781,1136.10461425781,1088.16772460938,1121.7236328125,502222,"2014-06-05","WINS"
1102.548828125,1116.92993164062,1078.58032226562,1102.548828125,7125199,"2014-06-06","WINS"
1116.92993164062,1131.31103515625,1083.3740234375,1116.92993164062,3073310,"2014-06-09","WINS"
1112.13623046875,1116.92993164062,1102.548828125,1112.13623046875,800427,"2014-06-10","WINS"
1121.7236328125,1121.7236328125,1107.34252929688,1121.7236328125,1245804,"2014-06-11","WINS"
1126.51733398438,1131.31103515625,1112.13623046875,1126.51733398438,3711441,"2014-06-12","WINS"
1126.51733398438,1145.69201660156,1121.7236328125,1126.51733398438,843504,"2014-06-13","WINS"
1131.31103515625,1140.89831542969,1126.51733398438,1131.31103515625,1469535,"2014-06-16","WINS"
1126.51733398438,1126.51733398438,1116.92993164062,1126.51733398438,9218888,"2014-06-17","WINS"
1126.51733398438,1131.31103515625,1121.7236328125,1126.51733398438,274736,"2014-06-18","WINS"
1112.13623046875,1121.7236328125,1097.75512695312,1112.13623046875,2092125,"2014-06-19","WINS"
1116.92993164062,1121.7236328125,1112.13623046875,1116.92993164062,1106558,"2014-06-20","WINS"
1126.51733398438,1126.51733398438,1116.92993164062,1126.51733398438,15541,"2014-06-23","WINS"
1121.7236328125,1131.31103515625,1121.7236328125,1121.7236328125,217160,"2014-06-24","WINS"
1126.51733398438,1126.51733398438,1116.92993164062,1126.51733398438,1140874,"2014-06-25","WINS"
1121.7236328125,1126.51733398438,1116.92993164062,1121.7236328125,2331397,"2014-06-26","WINS"
1119.55078125,1129.2021484375,1119.55078125,1119.55078125,652761,"2014-06-27","WINS"
1134.02783203125,1187.10998535156,1129.2021484375,1134.02783203125,9228808,"2014-06-30","WINS"
1129.2021484375,1143.67907714844,1114.72521972656,1129.2021484375,809528,"2014-07-01","WINS"
1138.85339355469,1138.85339355469,1124.37646484375,1138.85339355469,410721,"2014-07-02","WINS"
1225.71508789062,1225.71508789062,1134.02783203125,1225.71508789062,2171210,"2014-07-03","WINS"
1211.23815917969,1225.71508789062,1201.5869140625,1211.23815917969,2112254,"2014-07-04","WINS"
1216.06384277344,1220.88952636719,1196.76123046875,1216.06384277344,1720700,"2014-07-07","WINS"
1216.06384277344,1220.88952636719,1191.935546875,1216.06384277344,5758084,"2014-07-08","WINS"
1216.06384277344,1216.06384277344,1216.06384277344,1216.06384277344,0,"2014-07-09","WINS"
1322.22814941406,1399.4384765625,1230.54077148438,1322.22814941406,8932060,"2014-07-10","WINS"
1283.62292480469,1336.705078125,1225.71508789062,1283.62292480469,11929687,"2014-07-11","WINS"
1259.49462890625,1273.9716796875,1254.66906738281,1259.49462890625,992301,"2014-07-14","WINS"
1288.44860839844,1322.22814941406,1259.49462890625,1288.44860839844,272812,"2014-07-15","WINS"
1288.44860839844,1302.92553710938,1225.71508789062,1288.44860839844,2498419,"2014-07-16","WINS"
1254.66906738281,1288.44860839844,1254.66906738281,1254.66906738281,4476080,"2014-07-17","WINS"
1264.3203125,1288.44860839844,1254.66906738281,1264.3203125,2045423,"2014-07-18","WINS"
1351.18200683594,1356.00769042969,1264.3203125,1351.18200683594,6882803,"2014-07-21","WINS"
1331.87939453125,1409.08984375,1331.87939453125,1331.87939453125,4082765,"2014-07-22","WINS"
1351.18200683594,1380.13598632812,1283.62292480469,1351.18200683594,2668966,"2014-07-23","WINS"
1351.18200683594,1356.00769042969,1302.92553710938,1351.18200683594,6807683,"2014-07-24","WINS"
1360.83337402344,1360.83337402344,1302.92553710938,1360.83337402344,1685368,"2014-07-25","WINS"
1322.22814941406,1351.18200683594,1298.09985351562,1322.22814941406,1171966,"2014-08-04","WINS"
1293.27429199219,1322.22814941406,1278.79724121094,1293.27429199219,1563934,"2014-08-05","WINS"
1245.01770019531,1293.27429199219,1225.71508789062,1245.01770019531,2273786,"2014-08-06","WINS"
1245.01770019531,1293.27429199219,1245.01770019531,1245.01770019531,931687,"2014-08-07","WINS"
1288.44860839844,1288.44860839844,1245.01770019531,1288.44860839844,1198076,"2014-08-08","WINS"
1288.44860839844,1298.09985351562,1273.9716796875,1288.44860839844,2298239,"2014-08-11","WINS"
1283.62292480469,1298.09985351562,1283.62292480469,1283.62292480469,675556,"2014-08-12","WINS"
1293.27429199219,1298.09985351562,1283.62292480469,1293.27429199219,10346585,"2014-08-13","WINS"
1302.92553710938,1394.61291503906,1293.27429199219,1302.92553710938,9610311,"2014-08-14","WINS"
1302.92553710938,1351.18200683594,1293.27429199219,1302.92553710938,876358,"2014-08-15","WINS"
1273.9716796875,1302.92553710938,1264.3203125,1273.9716796875,886823,"2014-08-18","WINS"
1254.66906738281,1273.9716796875,1249.84338378906,1254.66906738281,768704,"2014-08-19","WINS"
1278.79724121094,1312.57678222656,1254.66906738281,1278.79724121094,321303,"2014-08-20","WINS"
1302.92553710938,1307.75122070312,1273.9716796875,1302.92553710938,1653663,"2014-08-21","WINS"
1302.92553710938,1302.92553710938,1283.62292480469,1302.92553710938,766010,"2014-08-22","WINS"
1293.27429199219,1302.92553710938,1293.27429199219,1293.27429199219,1484359,"2014-08-25","WINS"
1283.62292480469,1293.27429199219,1283.62292480469,1283.62292480469,402743,"2014-08-26","WINS"
1254.66906738281,1283.62292480469,1254.66906738281,1254.66906738281,590179,"2014-08-27","WINS"
1264.3203125,1273.9716796875,1254.66906738281,1264.3203125,633593,"2014-08-28","WINS"
1278.79724121094,1278.79724121094,1206.41247558594,1278.79724121094,3038347,"2014-08-29","WINS"
1249.84338378906,1259.49462890625,1225.71508789062,1249.84338378906,1541864,"2014-09-01","WINS"
1254.66906738281,1259.49462890625,1235.36645507812,1254.66906738281,925989,"2014-09-02","WINS"
1245.01770019531,1254.66906738281,1235.36645507812,1245.01770019531,209090,"2014-09-03","WINS"
1240.19213867188,1249.84338378906,1225.71508789062,1240.19213867188,1532954,"2014-09-04","WINS"
1225.71508789062,1249.84338378906,1225.71508789062,1225.71508789062,212095,"2014-09-05","WINS"
1230.54077148438,1245.01770019531,1225.71508789062,1230.54077148438,2396671,"2014-09-08","WINS"
1225.71508789062,1230.54077148438,1216.06384277344,1225.71508789062,1430273,"2014-09-09","WINS"
1220.88952636719,1225.71508789062,1158.15600585938,1220.88952636719,2142302,"2014-09-10","WINS"
1298.09985351562,1466.99768066406,1216.06384277344,1298.09985351562,3931180,"2014-09-11","WINS"
1302.92553710938,1399.4384765625,1293.27429199219,1302.92553710938,1849388,"2014-09-12","WINS"
1331.87939453125,1341.53076171875,1302.92553710938,1331.87939453125,100711,"2014-09-15","WINS"
1298.09985351562,1312.57678222656,1273.9716796875,1298.09985351562,77088,"2014-09-16","WINS"
1273.9716796875,1327.05383300781,1273.9716796875,1273.9716796875,45175,"2014-09-17","WINS"
1273.9716796875,1302.92553710938,1273.9716796875,1273.9716796875,34088,"2014-09-18","WINS"
1298.09985351562,1302.92553710938,1259.49462890625,1298.09985351562,549252,"2014-09-19","WINS"
1298.09985351562,1322.22814941406,1264.3203125,1298.09985351562,4518562,"2014-09-22","WINS"
1240.19213867188,1298.09985351562,1220.88952636719,1240.19213867188,994891,"2014-09-23","WINS"
1254.66906738281,1264.3203125,1245.01770019531,1254.66906738281,144954,"2014-09-24","WINS"
1264.3203125,1278.79724121094,1245.01770019531,1264.3203125,87138,"2014-09-25","WINS"
1302.92553710938,1302.92553710938,1245.01770019531,1302.92553710938,115735,"2014-09-26","WINS"
1302.92553710938,1302.92553710938,1245.01770019531,1302.92553710938,1853014,"2014-09-29","WINS"
1302.92553710938,1312.57678222656,1273.9716796875,1302.92553710938,3493726,"2014-09-30","WINS"
1298.09985351562,1351.18200683594,1293.27429199219,1298.09985351562,568213,"2014-10-01","WINS"
1254.66906738281,1322.22814941406,1245.01770019531,1254.66906738281,614735,"2014-10-02","WINS"
1249.84338378906,1254.66906738281,1225.71508789062,1249.84338378906,2850911,"2014-10-03","WINS"
1245.01770019531,1254.66906738281,1230.54077148438,1245.01770019531,581579,"2014-10-06","WINS"
1245.01770019531,1264.3203125,1230.54077148438,1245.01770019531,116046,"2014-10-07","WINS"
1245.01770019531,1245.01770019531,1245.01770019531,1245.01770019531,1100266,"2014-10-08","WINS"
1216.06384277344,1245.01770019531,1206.41247558594,1216.06384277344,5675504,"2014-10-09","WINS"
1177.45861816406,1206.41247558594,1162.98168945312,1177.45861816406,1110938,"2014-10-10","WINS"
1153.33032226562,1216.06384277344,1148.50476074219,1153.33032226562,1102027,"2014-10-13","WINS"
1158.15600585938,1196.76123046875,1138.85339355469,1158.15600585938,1730647,"2014-10-14","WINS"
1138.85339355469,1148.50476074219,1138.85339355469,1138.85339355469,2029571,"2014-10-15","WINS"
1109.89953613281,1138.85339355469,1100.24816894531,1109.89953613281,2677255,"2014-10-16","WINS"
1134.02783203125,1138.85339355469,1105.07385253906,1134.02783203125,1403023,"2014-10-17","WINS"
1167.80737304688,1206.41247558594,1143.67907714844,1167.80737304688,1205951,"2014-10-20","WINS"
1182.28430175781,1206.41247558594,1167.80737304688,1182.28430175781,3049951,"2014-10-21","WINS"
1206.41247558594,1206.41247558594,1196.76123046875,1206.41247558594,812118,"2014-10-22","WINS"
1191.935546875,1206.41247558594,1191.935546875,1191.935546875,136251,"2014-10-23","WINS"
1196.76123046875,1245.01770019531,1191.935546875,1196.76123046875,7120387,"2014-10-24","WINS"
1196.76123046875,1216.06384277344,1191.935546875,1196.76123046875,3234797,"2014-10-27","WINS"
945.827392578125,1206.41247558594,945.827392578125,945.827392578125,1400329,"2014-10-28","WINS"
1109.89953613281,1177.45861816406,1061.64306640625,1109.89953613281,3500046,"2014-10-29","WINS"
1109.89953613281,1109.89953613281,1037.51477050781,1109.89953613281,13326494,"2014-10-30","WINS"
1109.89953613281,1109.89953613281,1061.64306640625,1109.89953613281,9469086,"2014-10-31","WINS"
1109.89953613281,1119.55078125,1109.89953613281,1109.89953613281,293328,"2014-11-03","WINS"
1109.89953613281,1114.72521972656,1066.46862792969,1109.89953613281,1164609,"2014-11-04","WINS"
1076.11999511719,1090.59692382812,1061.64306640625,1076.11999511719,1064001,"2014-11-05","WINS"
1018.21215820312,1085.77124023438,979.606994628906,1018.21215820312,13027363,"2014-11-06","WINS"
979.606994628906,1018.21215820312,974.781311035156,979.606994628906,2477800,"2014-11-07","WINS"
965.130004882812,984.4326171875,945.827392578125,965.130004882812,1792919,"2014-11-10","WINS"
1037.51477050781,1037.51477050781,960.304382324219,1037.51477050781,838125,"2014-11-11","WINS"
989.25830078125,1051.99169921875,989.25830078125,989.25830078125,1232890,"2014-11-12","WINS"
994.083923339844,998.909545898438,979.606994628906,994.083923339844,300166,"2014-11-13","WINS"
965.130004882812,994.083923339844,955.478698730469,965.130004882812,2275755,"2014-11-14","WINS"
965.130004882812,969.955688476562,945.827392578125,955.478698730469,930444,"2014-11-17","WINS"
965.130004882812,1013.38653564453,950.653076171875,965.130004882812,895319,"2014-11-18","WINS"
979.606994628906,998.909545898438,955.478698730469,979.606994628906,1073741,"2014-11-19","WINS"
965.130004882812,979.606994628906,965.130004882812,965.130004882812,523970,"2014-11-20","WINS"
1061.64306640625,1076.11999511719,960.304382324219,1061.64306640625,5007511,"2014-11-21","WINS"
1114.72521972656,1134.02783203125,1061.64306640625,1114.72521972656,2754551,"2014-11-24","WINS"
1080.94567871094,1129.2021484375,1061.64306640625,1080.94567871094,1504046,"2014-11-25","WINS"
1066.46862792969,1095.42260742188,1032.68908691406,1066.46862792969,849833,"2014-11-26","WINS"
1090.59692382812,1095.42260742188,1051.99169921875,1090.59692382812,3382963,"2014-11-27","WINS"
1061.64306640625,1061.64306640625,1018.21215820312,1061.64306640625,4534207,"2014-11-28","WINS"
1047.166015625,1047.166015625,969.955688476562,979.606994628906,3309502,"2014-12-01","WINS"
965.130004882812,1018.21215820312,965.130004882812,1013.38653564453,15828540,"2014-12-02","WINS"
1018.21215820312,1051.99169921875,1003.73522949219,1042.34045410156,8751670,"2014-12-03","WINS"
1047.166015625,1047.166015625,994.083923339844,1013.38653564453,2464331,"2014-12-04","WINS"
1013.38653564453,1076.11999511719,1013.38653564453,1066.46862792969,22250059,"2014-12-05","WINS"
1071.29431152344,1085.77124023438,1013.38653564453,1018.21215820312,3385346,"2014-12-08","WINS"
1018.21215820312,1018.21215820312,969.955688476562,974.781311035156,4222643,"2014-12-09","WINS"
974.781311035156,1013.38653564453,974.781311035156,984.4326171875,2178462,"2014-12-10","WINS"
984.4326171875,1018.21215820312,984.4326171875,984.4326171875,3032959,"2014-12-11","WINS"
984.4326171875,989.25830078125,955.478698730469,969.955688476562,3920093,"2014-12-12","WINS"
965.130004882812,994.083923339844,960.304382324219,979.606994628906,4522188,"2014-12-15","WINS"
974.781311035156,974.781311035156,936.176147460938,945.827392578125,6825505,"2014-12-16","WINS"
945.827392578125,945.827392578125,887.919616699219,916.87353515625,2543802,"2014-12-17","WINS"
945.827392578125,945.827392578125,868.617004394531,873.442687988281,2230476,"2014-12-18","WINS"
873.442687988281,892.745300292969,868.617004394531,883.093994140625,555883,"2014-12-19","WINS"
902.396545410156,902.396545410156,849.314392089844,863.791381835938,1295887,"2014-12-22","WINS"
863.791381835938,863.791381835938,839.663146972656,844.48876953125,1059442,"2014-12-23","WINS"
844.48876953125,858.965698242188,834.837463378906,834.837463378906,1112699,"2014-12-24","WINS"
839.663146972656,844.48876953125,801.057922363281,805.883544921875,3135536,"2014-12-29","WINS"
801.057922363281,805.883544921875,728.673156738281,796.232238769531,7058945,"2014-12-30","WINS"
791.406616210938,796.232238769531,743.150146484375,757.627075195312,399842,"2015-01-02","WINS"
757.627075195312,810.709228515625,743.150146484375,757.627075195312,6382766,"2015-01-05","WINS"
757.627075195312,757.627075195312,709.370544433594,709.370544433594,2814957,"2015-01-06","WINS"
714.196228027344,714.196228027344,646.637084960938,656.288391113281,3164651,"2015-01-07","WINS"
661.114074707031,665.939697265625,617.683227539062,646.637084960938,8670852,"2015-01-08","WINS"
651.462768554688,656.288391113281,598.380615234375,603.206237792969,7693781,"2015-01-09","WINS"
603.206237792969,704.544921875,593.554992675781,603.206237792969,34630567,"2015-01-12","WINS"
646.637084960938,646.637084960938,583.903686523438,612.857543945312,15656025,"2015-01-13","WINS"
612.857543945312,665.939697265625,612.857543945312,622.508850097656,17849719,"2015-01-14","WINS"
636.98583984375,646.637084960938,617.683227539062,636.98583984375,10467294,"2015-01-15","WINS"
651.462768554688,680.416687011719,632.16015625,661.114074707031,12865520,"2015-01-16","WINS"
699.71923828125,699.71923828125,656.288391113281,665.939697265625,11620403,"2015-01-19","WINS"
665.939697265625,694.893615722656,656.288391113281,685.242309570312,14399199,"2015-01-20","WINS"
685.242309570312,791.406616210938,685.242309570312,772.10400390625,21948338,"2015-01-21","WINS"
781.755310058594,815.534851074219,762.452697753906,762.452697753906,13853573,"2015-01-22","WINS"
767.278381347656,781.755310058594,747.975769042969,767.278381347656,3305875,"2015-01-23","WINS"
762.452697753906,762.452697753906,685.242309570312,694.893615722656,6715779,"2015-01-26","WINS"
762.452697753906,762.452697753906,694.893615722656,694.893615722656,3209826,"2015-01-27","WINS"
694.893615722656,714.196228027344,680.416687011719,694.893615722656,4665796,"2015-01-28","WINS"
694.893615722656,738.324462890625,690.067993164062,723.847534179688,6752354,"2015-01-29","WINS"
728.673156738281,733.498840332031,641.811462402344,690.067993164062,33475800,"2015-01-30","WINS"
675.591003417969,675.591003417969,656.288391113281,661.114074707031,5608777,"2015-02-02","WINS"
661.114074707031,675.591003417969,627.334533691406,646.637084960938,7709220,"2015-02-03","WINS"
651.462768554688,665.939697265625,646.637084960938,651.462768554688,5756737,"2015-02-04","WINS"
651.462768554688,661.114074707031,632.16015625,632.16015625,2709065,"2015-02-05","WINS"
632.16015625,641.811462402344,617.683227539062,632.16015625,2708546,"2015-02-06","WINS"
675.591003417969,675.591003417969,608.031921386719,612.857543945312,6133474,"2015-02-09","WINS"
579.078002929688,627.334533691406,574.252380371094,598.380615234375,13419953,"2015-02-10","WINS"
603.206237792969,608.031921386719,588.729309082031,598.380615234375,3495902,"2015-02-11","WINS"
598.380615234375,598.380615234375,574.252380371094,579.078002929688,7003823,"2015-02-12","WINS"
579.078002929688,588.729309082031,569.426696777344,583.903686523438,1430377,"2015-02-13","WINS"
603.206237792969,603.206237792969,554.949768066406,554.949768066406,4383347,"2015-02-16","WINS"
554.949768066406,588.729309082031,554.949768066406,579.078002929688,3345974,"2015-02-17","WINS"
579.078002929688,617.683227539062,579.078002929688,598.380615234375,8817879,"2015-02-18","WINS"
598.380615234375,603.206237792969,588.729309082031,593.554992675781,2076404,"2015-02-20","WINS"
627.334533691406,627.334533691406,579.078002929688,593.554992675781,6546682,"2015-02-23","WINS"
593.554992675781,608.031921386719,588.729309082031,593.554992675781,2172764,"2015-02-24","WINS"
598.380615234375,598.380615234375,588.729309082031,598.380615234375,1330287,"2015-02-25","WINS"
535.647155761719,603.206237792969,535.647155761719,598.380615234375,3864660,"2015-02-26","WINS"
598.380615234375,598.380615234375,583.903686523438,598.380615234375,1782972,"2015-02-27","WINS"
588.729309082031,598.380615234375,579.078002929688,598.380615234375,2226228,"2015-03-02","WINS"
598.380615234375,598.380615234375,583.903686523438,598.380615234375,2612704,"2015-03-03","WINS"
593.554992675781,593.554992675781,564.60107421875,579.078002929688,14001222,"2015-03-04","WINS"
627.334533691406,641.811462402344,579.078002929688,627.334533691406,12028741,"2015-03-05","WINS"
627.334533691406,709.370544433594,627.334533691406,690.067993164062,32352739,"2015-03-06","WINS"
690.067993164062,733.498840332031,670.765380859375,719.021850585938,14147316,"2015-03-09","WINS"
728.673156738281,728.673156738281,685.242309570312,699.71923828125,6354687,"2015-03-10","WINS"
699.71923828125,699.71923828125,636.98583984375,646.637084960938,8172577,"2015-03-11","WINS"
646.637084960938,665.939697265625,593.554992675781,598.380615234375,10567591,"2015-03-12","WINS"
598.380615234375,603.206237792969,569.426696777344,583.903686523438,10316641,"2015-03-13","WINS"
583.903686523438,603.206237792969,574.252380371094,588.729309082031,6143006,"2015-03-16","WINS"
598.380615234375,598.380615234375,583.903686523438,583.903686523438,1880161,"2015-03-17","WINS"
588.729309082031,588.729309082031,574.252380371094,574.252380371094,1805974,"2015-03-18","WINS"
579.078002929688,603.206237792969,579.078002929688,588.729309082031,5746479,"2015-03-19","WINS"
588.729309082031,593.554992675781,583.903686523438,583.903686523438,1081926,"2015-03-20","WINS"
583.903686523438,588.729309082031,574.252380371094,579.078002929688,1609731,"2015-03-23","WINS"
579.078002929688,579.078002929688,564.60107421875,574.252380371094,3159677,"2015-03-24","WINS"
574.252380371094,574.252380371094,550.124084472656,550.124084472656,3247334,"2015-03-25","WINS"
550.124084472656,559.775390625,521.170227050781,525.995849609375,4223368,"2015-03-26","WINS"
516.344543457031,540.472839355469,511.518920898438,521.170227050781,3130666,"2015-03-27","WINS"
521.170227050781,535.647155761719,516.344543457031,521.170227050781,2889558,"2015-03-30","WINS"
525.995849609375,530.821533203125,516.344543457031,525.995849609375,2289639,"2015-03-31","WINS"
521.170227050781,530.821533203125,516.344543457031,521.170227050781,680840,"2015-04-01","WINS"
525.995849609375,550.124084472656,521.170227050781,535.647155761719,7009003,"2015-04-02","WINS"
540.472839355469,564.60107421875,540.472839355469,554.949768066406,6731839,"2015-04-06","WINS"
569.426696777344,569.426696777344,545.298461914062,554.949768066406,3049122,"2015-04-07","WINS"
559.775390625,559.775390625,545.298461914062,550.124084472656,3225886,"2015-04-08","WINS"
550.124084472656,554.949768066406,530.821533203125,535.647155761719,4252587,"2015-04-09","WINS"
535.647155761719,545.298461914062,506.693267822266,511.518920898438,7465522,"2015-04-10","WINS"
506.693267822266,530.821533203125,501.867614746094,506.693267822266,9069658,"2015-04-13","WINS"
521.170227050781,521.170227050781,482.565002441406,482.565002441406,5850921,"2015-04-14","WINS"
497.041961669922,497.041961669922,464.2275390625,465.192657470703,6458300,"2015-04-15","WINS"
473.878845214844,475.809112548828,463.262420654297,467.122924804688,1999730,"2015-04-16","WINS"
469.053192138672,492.21630859375,466.157806396484,492.21630859375,3430315,"2015-04-17","WINS"
521.170227050781,521.170227050781,487.390655517578,521.170227050781,5016836,"2015-04-20","WINS"
521.170227050781,530.821533203125,506.693267822266,511.518920898438,2760249,"2015-04-21","WINS"
465.192657470703,511.518920898438,465.192657470703,487.390655517578,6928185,"2015-04-22","WINS"
487.390655517578,497.041961669922,481.599884033203,481.599884033203,4255799,"2015-04-23","WINS"
463.262420654297,497.041961669922,463.262420654297,482.565002441406,10147751,"2015-04-24","WINS"
482.565002441406,487.390655517578,465.192657470703,468.088073730469,4003398,"2015-04-27","WINS"
472.913696289062,480.634765625,448.785461425781,476.774230957031,4186068,"2015-04-28","WINS"
481.599884033203,482.565002441406,455.541381835938,459.401885986328,933034,"2015-04-29","WINS"
458.436767578125,470.983459472656,386.052001953125,386.052001953125,8201174,"2015-04-30","WINS"
387.017150878906,400.528961181641,366.749420166016,372.540191650391,4472247,"2015-05-04","WINS"
372.540191650391,381.226348876953,365.784271240234,366.749420166016,2106348,"2015-05-05","WINS"
367.714538574219,441.064422607422,367.714538574219,420.796691894531,9307657,"2015-05-06","WINS"
422.726959228516,472.913696289062,422.726959228516,448.785461425781,8330276,"2015-05-07","WINS"
448.785461425781,453.611114501953,419.831573486328,432.378234863281,997274,"2015-05-08","WINS"
432.378234863281,442.029541015625,429.482849121094,429.482849121094,576709,"2015-05-11","WINS"
429.482849121094,444.924926757812,429.482849121094,437.203887939453,1404784,"2015-05-12","WINS"
437.203887939453,472.913696289062,437.203887939453,453.611114501953,10887859,"2015-05-13","WINS"
455.541381835938,472.913696289062,453.611114501953,460.367034912109,2960844,"2015-05-15","WINS"
467.122924804688,467.122924804688,448.785461425781,459.401885986328,480142,"2015-05-18","WINS"
459.401885986328,464.2275390625,458.436767578125,458.436767578125,1016028,"2015-05-19","WINS"
459.401885986328,467.122924804688,434.308502197266,443.959808349609,3692559,"2015-05-20","WINS"
444.924926757812,453.611114501953,415.971038818359,419.831573486328,2046874,"2015-05-21","WINS"
421.761810302734,438.169036865234,419.831573486328,429.482849121094,1717592,"2015-05-22","WINS"
429.482849121094,429.482849121094,399.563842773438,401.494079589844,2442572,"2015-05-25","WINS"
400.528961181641,418.866424560547,400.528961181641,400.528961181641,2993586,"2015-05-26","WINS"
399.563842773438,407.284881591797,388.947387695312,390.877655029297,1218488,"2015-05-27","WINS"
398.598693847656,400.528961181641,379.296112060547,385.086883544922,1523421,"2015-05-28","WINS"
390.877655029297,396.668426513672,382.191497802734,386.052001953125,2293991,"2015-05-29","WINS"
386.052001953125,391.842803955078,381.226348876953,385.086883544922,389792,"2015-06-01","WINS"
386.052001953125,391.842803955078,384.121734619141,384.121734619141,1113321,"2015-06-03","WINS"
386.052001953125,390.877655029297,374.470458984375,374.470458984375,523141,"2015-06-04","WINS"
371.575073242188,387.982269287109,365.784271240234,376.400695800781,1037787,"2015-06-05","WINS"
385.086883544922,385.086883544922,361.923767089844,366.749420166016,788183,"2015-06-08","WINS"
366.749420166016,381.226348876953,347.446807861328,371.575073242188,979557,"2015-06-09","WINS"
371.575073242188,372.540191650391,361.923767089844,366.749420166016,1536373,"2015-06-10","WINS"
366.749420166016,371.575073242188,357.098114013672,371.575073242188,461595,"2015-06-11","WINS"
371.575073242188,372.540191650391,360.958618164062,366.749420166016,252815,"2015-06-12","WINS"
363.85400390625,366.749420166016,347.446807861328,347.446807861328,532570,"2015-06-15","WINS"
347.446807861328,347.446807861328,335.865234375,335.865234375,1067420,"2015-06-16","WINS"
355.167846679688,355.167846679688,335.865234375,337.795501708984,413001,"2015-06-17","WINS"
355.167846679688,355.167846679688,339.725769042969,339.725769042969,789220,"2015-06-18","WINS"
342.621154785156,342.621154785156,338.760650634766,341.656036376953,158113,"2015-06-19","WINS"
341.656036376953,341.656036376953,325.248809814453,328.144195556641,486462,"2015-06-22","WINS"
347.446807861328,347.446807861328,328.144195556641,332.004730224609,399842,"2015-06-23","WINS"
335.865234375,335.865234375,328.144195556641,328.144195556641,974169,"2015-06-24","WINS"
328.144195556641,328.144195556641,317.527770996094,318.492919921875,1927926,"2015-06-25","WINS"
318.492919921875,336.830383300781,313.667266845703,324.28369140625,1489747,"2015-06-26","WINS"
324.28369140625,324.28369140625,313.667266845703,317.527770996094,815848,"2015-06-29","WINS"
317.527770996094,317.527770996094,313.667266845703,316.562652587891,389066,"2015-06-30","WINS"
318.492919921875,332.004730224609,313.667266845703,320.423156738281,273745,"2015-07-01","WINS"
324.28369140625,332.004730224609,323.318542480469,325.248809814453,1487882,"2015-07-02","WINS"
326.213958740234,326.213958740234,317.527770996094,317.527770996094,348346,"2015-07-03","WINS"
315.597503662109,326.213958740234,308.841613769531,313.667266845703,2319687,"2015-07-06","WINS"
313.667266845703,316.562652587891,313.667266845703,313.667266845703,377772,"2015-07-07","WINS"
311.736999511719,314.632385253906,304.981079101562,307.87646484375,496720,"2015-07-08","WINS"
304.015960693359,304.015960693359,294.364654541016,297.260040283203,728606,"2015-07-09","WINS"
277.957458496094,308.841613769531,277.957458496094,299.190307617188,198936,"2015-07-10","WINS"
306.911346435547,307.87646484375,300.155426025391,304.015960693359,82683,"2015-07-13","WINS"
301.120574951172,304.981079101562,294.364654541016,295.329772949219,715965,"2015-07-14","WINS"
301.120574951172,308.841613769531,284.713348388672,288.573883056641,784246,"2015-07-15","WINS"
289.539001464844,295.329772949219,286.643615722656,286.643615722656,471749,"2015-07-22","WINS"
281.817962646484,286.643615722656,281.817962646484,284.713348388672,511122,"2015-07-23","WINS"
284.713348388672,284.713348388672,275.062042236328,281.817962646484,378187,"2015-07-24","WINS"
279.8876953125,279.8876953125,264.445617675781,264.445617675781,1610145,"2015-07-27","WINS"
264.445617675781,270.236419677734,264.445617675781,267.341003417969,928579,"2015-07-28","WINS"
269.271270751953,269.271270751953,264.445617675781,264.445617675781,1600198,"2015-07-29","WINS"
264.445617675781,265.410766601562,252.864059448242,252.864059448242,1821205,"2015-07-30","WINS"
252.864059448242,259.619964599609,246.108154296875,246.108154296875,1998487,"2015-07-31","WINS"
246.108154296875,246.108154296875,224.875289916992,225.840423583984,910343,"2015-08-03","WINS"
224.875289916992,224.875289916992,214.258865356445,216.189117431641,2054956,"2015-08-04","WINS"
217.154251098633,226.805557250977,214.258865356445,220.049652099609,498585,"2015-08-05","WINS"
221.979904174805,235.491729736328,219.084518432617,220.049652099609,236652,"2015-08-06","WINS"
220.049652099609,220.049652099609,219.084518432617,219.084518432617,68488,"2015-08-07","WINS"
208.468078613281,214.258865356445,199.781921386719,201.712173461914,959767,"2015-08-10","WINS"
194.956268310547,206.537826538086,191.095748901367,191.095748901367,1270191,"2015-08-11","WINS"
188.200347900391,221.014770507812,124.501770019531,193.026000976562,6989213,"2015-08-12","WINS"
202.677307128906,212.328598022461,194.956268310547,199.781921386719,2852776,"2015-08-13","WINS"
197.851654052734,206.537826538086,191.095748901367,194.956268310547,405230,"2015-08-14","WINS"
194.956268310547,203.642440795898,182.409576416016,188.200347900391,93044,"2015-08-18","WINS"
188.200347900391,192.06086730957,172.758270263672,173.723403930664,537854,"2015-08-19","WINS"
173.723403930664,173.723403930664,166.967498779297,168.897750854492,414244,"2015-08-20","WINS"
168.897750854492,169.862884521484,164.07209777832,167.9326171875,4047848,"2015-08-21","WINS"
160.211578369141,162.141845703125,159.246459960938,159.246459960938,9646679,"2015-08-24","WINS"
159.246459960938,161.176712036133,152.490539550781,154.420806884766,302031,"2015-08-25","WINS"
158.281326293945,160.211578369141,153.455673217773,158.281326293945,1095189,"2015-08-26","WINS"
158.281326293945,169.862884521484,155.385940551758,164.07209777832,1136530,"2015-08-27","WINS"
168.897750854492,178.549057006836,168.897750854492,168.897750854492,2409727,"2015-08-28","WINS"
173.723403930664,174.688537597656,168.897750854492,169.862884521484,148477,"2015-08-31","WINS"
169.862884521484,170.828018188477,168.897750854492,168.897750854492,1134769,"2015-09-01","WINS"
168.897750854492,172.758270263672,163.106979370117,165.037231445312,698973,"2015-09-02","WINS"
167.9326171875,169.862884521484,164.07209777832,164.07209777832,1489540,"2015-09-03","WINS"
166.002365112305,166.002365112305,162.141845703125,164.07209777832,14298,"2015-09-04","WINS"
162.141845703125,162.141845703125,162.141845703125,162.141845703125,1036,"2015-09-07","WINS"
162.141845703125,164.07209777832,161.176712036133,161.176712036133,445535,"2015-09-08","WINS"
161.176712036133,166.002365112305,159.246459960938,163.106979370117,807766,"2015-09-09","WINS"
163.106979370117,163.106979370117,159.246459960938,161.176712036133,138219,"2015-09-10","WINS"
162.141845703125,165.037231445312,160.211578369141,160.211578369141,470195,"2015-09-11","WINS"
160.211578369141,160.211578369141,160.211578369141,160.211578369141,35539,"2015-09-14","WINS"
160.211578369141,163.106979370117,159.246459960938,162.141845703125,57194,"2015-09-15","WINS"
162.141845703125,162.141845703125,157.316192626953,161.176712036133,39683,"2015-09-16","WINS"
161.176712036133,162.141845703125,161.176712036133,162.141845703125,1499797,"2015-09-17","WINS"
162.141845703125,183.374710083008,162.141845703125,171.79313659668,97188,"2015-09-18","WINS"
171.79313659668,172.758270263672,159.246459960938,166.967498779297,36989,"2015-09-21","WINS"
166.967498779297,174.688537597656,166.002365112305,166.002365112305,515889,"2015-09-22","WINS"
166.002365112305,166.002365112305,160.211578369141,162.141845703125,1099333,"2015-09-23","WINS"
161.176712036133,162.141845703125,159.246459960938,162.141845703125,1965538,"2015-09-25","WINS"
159.246459960938,160.211578369141,146.699768066406,154.420806884766,271466,"2015-09-28","WINS"
153.455673217773,156.351058959961,152.490539550781,154.420806884766,1773336,"2015-09-29","WINS"
156.351058959961,156.351058959961,152.490539550781,153.455673217773,2658709,"2015-09-30","WINS"
154.420806884766,160.211578369141,150.560287475586,159.246459960938,112730,"2015-10-01","WINS"
159.246459960938,159.246459960938,155.385940551758,155.385940551758,34710,"2015-10-02","WINS"
155.385940551758,164.07209777832,152.490539550781,156.351058959961,804865,"2015-10-05","WINS"
157.316192626953,166.002365112305,155.385940551758,160.211578369141,872835,"2015-10-06","WINS"
165.037231445312,170.828018188477,160.211578369141,160.211578369141,2908623,"2015-10-07","WINS"
164.07209777832,166.967498779297,160.211578369141,160.211578369141,1837161,"2015-10-08","WINS"
161.176712036133,166.002365112305,161.176712036133,164.07209777832,3870255,"2015-10-09","WINS"
165.037231445312,206.537826538086,165.037231445312,197.851654052734,5360832,"2015-10-12","WINS"
199.781921386719,207.502960205078,183.374710083008,188.200347900391,2285184,"2015-10-13","WINS"
184.339828491211,194.956268310547,176.618789672852,182.409576416016,339643,"2015-10-15","WINS"
189.165481567383,189.165481567383,177.583923339844,182.409576416016,141431,"2015-10-16","WINS"
182.409576416016,182.409576416016,174.688537597656,176.618789672852,125268,"2015-10-19","WINS"
177.583923339844,182.409576416016,176.618789672852,178.549057006836,1077782,"2015-10-20","WINS"
183.374710083008,183.374710083008,174.688537597656,178.549057006836,31912,"2015-10-21","WINS"
179.514190673828,179.514190673828,170.828018188477,177.583923339844,2367867,"2015-10-22","WINS"
178.549057006836,198.816787719727,178.549057006836,196.886520385742,1372872,"2015-10-23","WINS"
199.781921386719,199.781921386719,193.026000976562,196.886520385742,605514,"2015-10-26","WINS"
196.886520385742,196.886520385742,191.095748901367,194.956268310547,259032,"2015-10-27","WINS"
194.956268310547,194.956268310547,185.304962158203,188.200347900391,65276,"2015-10-28","WINS"
188.200347900391,199.781921386719,186.270095825195,190.130615234375,227430,"2015-10-29","WINS"
193.026000976562,197.851654052734,184.339828491211,189.165481567383,97499,"2015-10-30","WINS"
193.991134643555,195.92138671875,188.200347900391,189.165481567383,29633,"2015-11-02","WINS"
195.92138671875,199.781921386719,189.165481567383,189.165481567383,615150,"2015-11-03","WINS"
189.165481567383,197.851654052734,188.200347900391,197.851654052734,178007,"2015-11-04","WINS"
197.851654052734,197.851654052734,186.270095825195,193.026000976562,186296,"2015-11-05","WINS"
193.026000976562,193.991134643555,193.026000976562,193.026000976562,128998,"2015-11-06","WINS"
197.851654052734,197.851654052734,188.200347900391,188.200347900391,1519173,"2015-11-09","WINS"
188.200347900391,189.165481567383,188.200347900391,188.200347900391,74704,"2015-11-10","WINS"
188.200347900391,193.026000976562,188.200347900391,188.200347900391,37922,"2015-11-11","WINS"
188.200347900391,192.06086730957,188.200347900391,188.200347900391,2949965,"2015-11-12","WINS"
189.165481567383,192.06086730957,178.549057006836,183.374710083008,3568534,"2015-11-13","WINS"
179.514190673828,179.514190673828,173.723403930664,176.618789672852,221731,"2015-11-16","WINS"
174.688537597656,174.688537597656,167.9326171875,168.897750854492,95220,"2015-11-17","WINS"
168.897750854492,174.688537597656,168.897750854492,171.79313659668,97499,"2015-11-18","WINS"
173.723403930664,175.653671264648,173.723403930664,173.723403930664,15334,"2015-11-19","WINS"
184.339828491211,184.339828491211,176.618789672852,176.618789672852,33570,"2015-11-20","WINS"
186.270095825195,186.270095825195,186.270095825195,186.270095825195,103,"2015-11-23","WINS"
186.270095825195,191.095748901367,176.618789672852,176.618789672852,40201,"2015-11-24","WINS"
178.549057006836,181.444442749023,174.688537597656,176.618789672852,58334,"2015-11-25","WINS"
178.549057006836,178.549057006836,173.723403930664,173.723403930664,119362,"2015-11-26","WINS"
169.862884521484,178.549057006836,168.897750854492,175.653671264648,414866,"2015-11-27","WINS"
175.653671264648,177.583923339844,175.653671264648,175.653671264648,156455,"2015-11-30","WINS"
182.409576416016,182.409576416016,168.897750854492,173.723403930664,42481,"2015-12-01","WINS"
173.723403930664,174.688537597656,168.897750854492,168.897750854492,408856,"2015-12-02","WINS"
173.723403930664,178.549057006836,169.862884521484,171.79313659668,22484,"2015-12-03","WINS"
168.897750854492,174.688537597656,168.897750854492,174.688537597656,13780,"2015-12-04","WINS"
174.688537597656,174.688537597656,168.897750854492,168.897750854492,27250,"2015-12-07","WINS"
168.897750854492,168.897750854492,155.385940551758,165.037231445312,22276,"2015-12-08","WINS"
165.037231445312,165.037231445312,165.037231445312,165.037231445312,0,"2015-12-09","WINS"
157.316192626953,161.176712036133,154.420806884766,154.420806884766,445535,"2015-12-10","WINS"
154.420806884766,154.420806884766,149.595153808594,152.490539550781,237170,"2015-12-11","WINS"
145.734634399414,168.897750854492,145.734634399414,164.07209777832,598883,"2015-12-14","WINS"
165.037231445312,165.037231445312,164.07209777832,164.07209777832,4662,"2015-12-15","WINS"
162.141845703125,164.07209777832,154.420806884766,156.351058959961,54293,"2015-12-16","WINS"
159.246459960938,170.828018188477,159.246459960938,166.002365112305,1397013,"2015-12-17","WINS"
163.106979370117,173.723403930664,159.246459960938,166.002365112305,26214,"2015-12-18","WINS"
155.385940551758,171.79313659668,155.385940551758,170.828018188477,518,"2015-12-21","WINS"
168.897750854492,168.897750854492,157.316192626953,163.106979370117,163397,"2015-12-22","WINS"
156.351058959961,164.07209777832,156.351058959961,161.176712036133,43103,"2015-12-23","WINS"
159.246459960938,165.037231445312,159.246459960938,165.037231445312,12537,"2015-12-28","WINS"
165.037231445312,165.037231445312,160.211578369141,160.211578369141,2279,"2015-12-29","WINS"
160.211578369141,165.037231445312,160.211578369141,161.176712036133,20722,"2015-12-30","WINS"
159.246459960938,159.246459960938,156.351058959961,159.246459960938,123817,"2016-01-04","WINS"
159.246459960938,159.246459960938,152.490539550781,154.420806884766,202563,"2016-01-05","WINS"
154.420806884766,154.420806884766,150.560287475586,153.455673217773,104545,"2016-01-06","WINS"
153.455673217773,153.455673217773,144.769500732422,149.595153808594,518893,"2016-01-07","WINS"
151.525405883789,151.525405883789,144.769500732422,145.734634399414,59266,"2016-01-08","WINS"
151.525405883789,151.525405883789,146.699768066406,149.595153808594,22484,"2016-01-11","WINS"
148.630020141602,159.246459960938,148.630020141602,148.630020141602,60509,"2016-01-12","WINS"
153.455673217773,153.455673217773,145.734634399414,146.699768066406,4915814,"2016-01-13","WINS"
150.560287475586,150.560287475586,145.734634399414,146.699768066406,13573,"2016-01-14","WINS"
144.769500732422,144.769500732422,142.839248657227,142.839248657227,2209650,"2016-01-15","WINS"
148.630020141602,148.630020141602,138.978729248047,138.978729248047,4917990,"2016-01-18","WINS"
138.978729248047,138.978729248047,125.466903686523,135.118209838867,7088682,"2016-01-19","WINS"
135.118209838867,137.048461914062,128.362289428711,131.257690429688,142053,"2016-01-20","WINS"
124.501770019531,135.118209838867,124.501770019531,131.257690429688,545625,"2016-01-21","WINS"
128.362289428711,134.153076171875,128.362289428711,133.187942504883,61960,"2016-01-22","WINS"
133.187942504883,133.187942504883,125.466903686523,127.397163391113,103509,"2016-01-25","WINS"
125.466903686523,128.362289428711,121.606384277344,121.606384277344,106617,"2016-01-26","WINS"
124.501770019531,126.432029724121,120.641250610352,123.536643981934,91075,"2016-01-27","WINS"
124.501770019531,125.466903686523,115.815605163574,118.710990905762,1859438,"2016-01-28","WINS"
118.710990905762,123.536643981934,118.710990905762,121.606384277344,7813765,"2016-01-29","WINS"
121.606384277344,121.606384277344,114.850471496582,114.850471496582,5604426,"2016-02-01","WINS"
118.710990905762,119.676124572754,107.129432678223,107.129432678223,2594676,"2016-02-02","WINS"
107.129432678223,114.850471496582,102.303779602051,107.129432678223,8528488,"2016-02-03","WINS"
112.920211791992,112.920211791992,105.199172973633,109.059692382812,568317,"2016-02-04","WINS"
106.16429901123,111.955085754395,106.16429901123,109.059692382812,2298032,"2016-02-05","WINS"
109.059692382812,109.059692382812,109.059692382812,109.059692382812,76466,"2016-02-09","WINS"
109.059692382812,109.059692382812,105.199172973633,108.09455871582,609762,"2016-02-10","WINS"
108.09455871582,109.059692382812,108.09455871582,108.09455871582,1204086,"2016-02-11","WINS"
110.02481842041,110.02481842041,104.234039306641,104.234039306641,740418,"2016-02-12","WINS"
108.09455871582,108.09455871582,105.199172973633,105.199172973633,1741319,"2016-02-15","WINS"
98.4432601928711,108.09455871582,98.4432601928711,108.09455871582,57816,"2016-02-16","WINS"
101.338653564453,110.02481842041,101.338653564453,107.129432678223,414244,"2016-02-17","WINS"
108.09455871582,113.885345458984,105.199172973633,107.129432678223,569146,"2016-02-18","WINS"
108.09455871582,108.09455871582,104.234039306641,104.234039306641,898428,"2016-02-19","WINS"
105.199172973633,109.059692382812,105.199172973633,105.199172973633,1263145,"2016-02-22","WINS"
105.199172973633,107.129432678223,103.268913269043,103.268913269043,169614,"2016-02-23","WINS"
103.268913269043,104.234039306641,100.373519897461,101.338653564453,472786,"2016-02-24","WINS"
97.4781341552734,101.338653564453,97.4781341552734,99.4083938598633,555987,"2016-02-25","WINS"
93.6176147460938,103.268913269043,93.6176147460938,100.373519897461,589350,"2016-02-26","WINS"
102.303779602051,107.129432678223,99.4083938598633,100.373519897461,2758592,"2016-02-29","WINS"
105.199172973633,105.199172973633,100.373519897461,100.373519897461,431858,"2016-03-01","WINS"
101.338653564453,102.303779602051,97.4781341552734,98.4432601928711,534953,"2016-03-02","WINS"
98.4432601928711,101.338653564453,96.5130004882812,99.4083938598633,500554,"2016-03-03","WINS"
101.338653564453,117.745864868164,98.4432601928711,110.989952087402,13207028,"2016-03-04","WINS"
111.955085754395,120.641250610352,111.955085754395,114.850471496582,14541771,"2016-03-07","WINS"
116.780731201172,120.641250610352,115.815605163574,116.780731201172,8064612,"2016-03-08","WINS"
116.780731201172,156.351058959961,110.989952087402,145.734634399414,74420646,"2016-03-10","WINS"
145.734634399414,145.734634399414,145.734634399414,145.734634399414,0,"2016-03-11","WINS"
145.734634399414,145.734634399414,145.734634399414,145.734634399414,0,"2016-03-14","WINS"
193.026000976562,249.003540039062,191.095748901367,219.084518432617,42988301,"2016-03-15","WINS"
221.979904174805,250.933807373047,217.154251098633,224.875289916992,15490037,"2016-03-16","WINS"
224.875289916992,224.875289916992,224.875289916992,224.875289916992,0,"2016-03-17","WINS"
226.805557250977,231.631210327148,215.223999023438,218.119384765625,7162351,"2016-03-18","WINS"
219.084518432617,226.805557250977,218.119384765625,225.840423583984,4428315,"2016-03-21","WINS"
225.840423583984,231.631210327148,222.945037841797,223.910171508789,3714525,"2016-03-22","WINS"
223.910171508789,225.840423583984,201.712173461914,205.572692871094,4923067,"2016-03-23","WINS"
205.572692871094,205.572692871094,185.304962158203,185.304962158203,4487478,"2016-03-24","WINS"
168.897750854492,174.688537597656,166.967498779297,170.828018188477,5660066,"2016-03-28","WINS"
171.79313659668,210.398345947266,157.316192626953,185.304962158203,6879383,"2016-03-29","WINS"
187.235229492188,188.200347900391,170.828018188477,174.688537597656,1497103,"2016-03-30","WINS"
175.653671264648,185.304962158203,163.106979370117,163.106979370117,2460186,"2016-03-31","WINS"
166.967498779297,175.653671264648,163.106979370117,166.967498779297,769222,"2016-04-01","WINS"
170.828018188477,176.618789672852,164.07209777832,167.9326171875,1612010,"2016-04-04","WINS"
168.897750854492,171.79313659668,163.106979370117,164.07209777832,1025872,"2016-04-05","WINS"
168.897750854492,171.79313659668,164.07209777832,167.9326171875,750986,"2016-04-06","WINS"
170.828018188477,175.653671264648,168.897750854492,168.897750854492,1699874,"2016-04-07","WINS"
169.862884521484,170.828018188477,166.967498779297,168.897750854492,276957,"2016-04-08","WINS"
168.897750854492,168.897750854492,168.897750854492,168.897750854492,0,"2016-04-11","WINS"
160.211578369141,166.967498779297,159.246459960938,166.002365112305,399946,"2016-04-12","WINS"
166.002365112305,166.002365112305,166.002365112305,166.002365112305,0,"2016-04-13","WINS"
166.002365112305,166.002365112305,166.002365112305,166.002365112305,0,"2016-04-14","WINS"
166.002365112305,166.002365112305,166.002365112305,166.002365112305,0,"2016-04-15","WINS"
166.002365112305,166.002365112305,166.002365112305,166.002365112305,0,"2016-04-18","WINS"
166.002365112305,166.002365112305,166.002365112305,166.002365112305,0,"2016-04-19","WINS"
168.897750854492,177.583923339844,166.002365112305,177.583923339844,1811051,"2016-04-20","WINS"
192.06086730957,192.06086730957,178.549057006836,184.339828491211,3,"2016-04-21","WINS"
184.339828491211,188.200347900391,178.549057006836,181.444442749023,3341725,"2016-04-22","WINS"
181.444442749023,181.444442749023,181.444442749023,181.444442749023,0,"2016-04-25","WINS"
178.549057006836,178.549057006836,166.967498779297,172.758270263672,834602,"2016-04-26","WINS"
205.572692871094,205.572692871094,173.723403930664,192.06086730957,12836405,"2016-04-27","WINS"
198.816787719727,222.945037841797,193.991134643555,194.956268310547,28673027,"2016-04-28","WINS"
194.956268310547,201.712173461914,176.618789672852,176.618789672852,5469314,"2016-04-29","WINS"
212.328598022461,216.189117431641,166.002365112305,212.328598022461,16505858,"2016-05-02","WINS"
212.328598022461,220.049652099609,193.026000976562,202.677307128906,20953342,"2016-05-03","WINS"
202.677307128906,202.677307128906,193.026000976562,196.886520385742,1104825,"2016-05-04","WINS"
196.886520385742,202.677307128906,192.06086730957,192.06086730957,2792162,"2016-05-09","WINS"
192.06086730957,196.886520385742,186.270095825195,194.956268310547,1308010,"2016-05-10","WINS"
196.886520385742,206.537826538086,193.026000976562,196.886520385742,1171448,"2016-05-11","WINS"
198.816787719727,198.816787719727,183.374710083008,189.165481567383,783935,"2016-05-12","WINS"
189.165481567383,198.816787719727,186.270095825195,193.026000976562,1764011,"2016-05-13","WINS"
193.026000976562,206.537826538086,191.095748901367,202.677307128906,3951281,"2016-05-16","WINS"
208.468078613281,218.119384765625,200.747039794922,202.677307128906,5005543,"2016-05-17","WINS"
202.677307128906,214.258865356445,202.677307128906,208.468078613281,3654119,"2016-05-18","WINS"
208.468078613281,208.468078613281,198.816787719727,200.747039794922,796576,"2016-05-19","WINS"
202.677307128906,206.537826538086,202.677307128906,202.677307128906,854392,"2016-05-20","WINS"
206.537826538086,206.537826538086,196.886520385742,202.677307128906,692031,"2016-05-23","WINS"
202.677307128906,204.607559204102,190.130615234375,193.026000976562,1747847,"2016-05-24","WINS"
196.886520385742,206.537826538086,194.956268310547,194.956268310547,2183436,"2016-05-25","WINS"
194.956268310547,214.258865356445,194.956268310547,212.328598022461,6064053,"2016-05-26","WINS"
214.258865356445,220.049652099609,206.537826538086,212.328598022461,2845834,"2016-05-27","WINS"
216.189117431641,218.119384765625,208.468078613281,210.398345947266,1434728,"2016-05-30","WINS"
212.328598022461,218.119384765625,212.328598022461,212.328598022461,9356252,"2016-05-31","WINS"
216.189117431641,216.189117431641,210.398345947266,210.398345947266,967745,"2016-06-01","WINS"
216.189117431641,216.189117431641,210.398345947266,212.328598022461,1212064,"2016-06-02","WINS"
212.328598022461,231.631210327148,210.398345947266,221.979904174805,5763264,"2016-06-03","WINS"
221.979904174805,227.770690917969,221.979904174805,223.910171508789,3080932,"2016-06-06","WINS"
223.910171508789,239.352249145508,223.910171508789,231.631210327148,4383554,"2016-06-07","WINS"
231.631210327148,239.352249145508,231.631210327148,231.631210327148,2628350,"2016-06-08","WINS"
237.421981811523,237.421981811523,231.631210327148,231.631210327148,813258,"2016-06-09","WINS"
231.631210327148,235.491729736328,221.979904174805,223.910171508789,1396703,"2016-06-10","WINS"
223.910171508789,223.910171508789,206.537826538086,212.328598022461,3221016,"2016-06-13","WINS"
212.328598022461,216.189117431641,204.607559204102,210.398345947266,770258,"2016-06-14","WINS"
212.328598022461,221.979904174805,210.398345947266,220.049652099609,610073,"2016-06-15","WINS"
220.049652099609,221.979904174805,210.398345947266,212.328598022461,774714,"2016-06-16","WINS"
212.328598022461,218.119384765625,212.328598022461,218.119384765625,29736,"2016-06-17","WINS"
218.119384765625,221.979904174805,216.189117431641,221.979904174805,624993,"2016-06-20","WINS"
231.631210327148,237.421981811523,227.770690917969,227.770690917969,2014961,"2016-06-21","WINS"
227.770690917969,231.631210327148,212.328598022461,223.910171508789,969403,"2016-06-22","WINS"
223.910171508789,223.910171508789,216.189117431641,218.119384765625,1380228,"2016-06-23","WINS"
218.119384765625,239.352249145508,210.398345947266,237.421981811523,4744749,"2016-06-24","WINS"
218.119384765625,237.421981811523,218.119384765625,231.631210327148,1092598,"2016-06-27","WINS"
235.491729736328,235.491729736328,223.910171508789,225.840423583984,916249,"2016-06-28","WINS"
233.561462402344,233.561462402344,227.770690917969,233.561462402344,40409,"2016-06-29","WINS"
233.561462402344,235.491729736328,225.840423583984,225.840423583984,980489,"2016-06-30","WINS"
225.840423583984,235.491729736328,223.910171508789,223.910171508789,178317,"2016-07-01","WINS"
229.700942993164,231.631210327148,212.328598022461,218.119384765625,536818,"2016-07-11","WINS"
218.119384765625,229.700942993164,212.328598022461,229.700942993164,2737973,"2016-07-12","WINS"
223.910171508789,231.631210327148,221.979904174805,223.910171508789,581786,"2016-07-13","WINS"
225.840423583984,229.700942993164,214.258865356445,218.119384765625,1337125,"2016-07-14","WINS"
218.119384765625,225.840423583984,216.189117431641,220.049652099609,387201,"2016-07-15","WINS"
223.910171508789,223.910171508789,212.328598022461,216.189117431641,575984,"2016-07-18","WINS"
221.979904174805,223.910171508789,212.328598022461,218.119384765625,517546,"2016-07-19","WINS"
218.119384765625,220.049652099609,212.328598022461,216.189117431641,915317,"2016-07-20","WINS"
216.189117431641,241.282501220703,216.189117431641,223.910171508789,4757700,"2016-07-21","WINS"
229.700942993164,249.003540039062,223.910171508789,225.840423583984,1294851,"2016-07-22","WINS"
229.700942993164,233.561462402344,220.049652099609,225.840423583984,703739,"2016-07-25","WINS"
225.840423583984,231.631210327148,221.979904174805,221.979904174805,198522,"2016-07-26","WINS"
225.840423583984,227.770690917969,221.979904174805,223.910171508789,323272,"2016-07-27","WINS"
223.910171508789,231.631210327148,221.979904174805,227.770690917969,6012972,"2016-07-28","WINS"
227.770690917969,239.352249145508,221.979904174805,231.631210327148,1518966,"2016-07-29","WINS"
231.631210327148,231.631210327148,223.910171508789,229.700942993164,1102234,"2016-08-01","WINS"
221.979904174805,229.700942993164,214.258865356445,227.770690917969,526250,"2016-08-02","WINS"
229.700942993164,241.282501220703,227.770690917969,233.561462402344,4108047,"2016-08-03","WINS"
231.631210327148,241.282501220703,231.631210327148,231.631210327148,1107001,"2016-08-04","WINS"
233.561462402344,241.282501220703,229.700942993164,239.352249145508,1757172,"2016-08-05","WINS"
241.282501220703,241.282501220703,235.491729736328,235.491729736328,441287,"2016-08-08","WINS"
239.352249145508,239.352249145508,233.561462402344,239.352249145508,157491,"2016-08-09","WINS"
237.421981811523,237.421981811523,231.631210327148,233.561462402344,971475,"2016-08-10","WINS"
231.631210327148,235.491729736328,231.631210327148,231.631210327148,158424,"2016-08-11","WINS"
239.352249145508,239.352249145508,229.700942993164,233.561462402344,429683,"2016-08-12","WINS"
227.770690917969,229.700942993164,225.840423583984,227.770690917969,1520727,"2016-08-15","WINS"
237.421981811523,237.421981811523,229.700942993164,229.700942993164,1093220,"2016-08-16","WINS"
229.700942993164,233.561462402344,229.700942993164,231.631210327148,885994,"2016-08-18","WINS"
231.631210327148,239.352249145508,231.631210327148,233.561462402344,339643,"2016-08-19","WINS"
233.561462402344,249.003540039062,231.631210327148,239.352249145508,2264876,"2016-08-22","WINS"
241.282501220703,252.864059448242,239.352249145508,250.933807373047,3093883,"2016-08-23","WINS"
252.864059448242,258.654846191406,243.212768554688,245.143020629883,472682,"2016-08-24","WINS"
250.933807373047,250.933807373047,233.561462402344,239.352249145508,145990,"2016-08-25","WINS"
239.352249145508,241.282501220703,231.631210327148,231.631210327148,1831773,"2016-08-26","WINS"
231.631210327148,247.073287963867,231.631210327148,239.352249145508,524178,"2016-08-29","WINS"
250.933807373047,250.933807373047,218.119384765625,227.770690917969,2155460,"2016-08-30","WINS"
231.631210327148,233.561462402344,227.770690917969,233.561462402344,74601,"2016-08-31","WINS"
233.561462402344,237.421981811523,218.119384765625,231.631210327148,1263560,"2016-09-01","WINS"
229.700942993164,241.282501220703,229.700942993164,241.282501220703,1657,"2016-09-02","WINS"
241.282501220703,245.143020629883,231.631210327148,235.491729736328,100193,"2016-09-05","WINS"
225.840423583984,235.491729736328,225.840423583984,231.631210327148,545107,"2016-09-06","WINS"
231.631210327148,239.352249145508,225.840423583984,239.352249145508,434345,"2016-09-07","WINS"
239.352249145508,239.352249145508,221.979904174805,231.631210327148,1555748,"2016-09-08","WINS"
233.561462402344,239.352249145508,227.770690917969,227.770690917969,656077,"2016-09-09","WINS"
223.910171508789,237.421981811523,221.979904174805,231.631210327148,1971755,"2016-09-13","WINS"
225.840423583984,227.770690917969,223.910171508789,225.840423583984,1027633,"2016-09-14","WINS"
225.840423583984,231.631210327148,225.840423583984,227.770690917969,270429,"2016-09-15","WINS"
227.770690917969,235.491729736328,227.770690917969,231.631210327148,2027395,"2016-09-16","WINS"
237.421981811523,237.421981811523,233.561462402344,233.561462402344,107446,"2016-09-19","WINS"
227.770690917969,233.561462402344,212.328598022461,225.840423583984,1181084,"2016-09-20","WINS"
225.840423583984,233.561462402344,223.910171508789,223.910171508789,59266,"2016-09-21","WINS"
223.910171508789,231.631210327148,223.910171508789,225.840423583984,64136,"2016-09-22","WINS"
225.840423583984,225.840423583984,225.840423583984,225.840423583984,48076,"2016-09-23","WINS"
225.840423583984,229.700942993164,223.910171508789,223.910171508789,125682,"2016-09-26","WINS"
223.910171508789,229.700942993164,220.049652099609,221.979904174805,61131,"2016-09-27","WINS"
231.631210327148,231.631210327148,221.979904174805,231.631210327148,807663,"2016-09-28","WINS"
235.491729736328,241.282501220703,231.631210327148,235.491729736328,1212271,"2016-09-29","WINS"
235.491729736328,243.212768554688,227.770690917969,227.770690917969,105685,"2016-09-30","WINS"
237.421981811523,237.421981811523,227.770690917969,231.631210327148,158838,"2016-10-03","WINS"
231.631210327148,233.561462402344,227.770690917969,231.631210327148,21744945,"2016-10-04","WINS"
231.631210327148,235.491729736328,223.910171508789,227.770690917969,771502,"2016-10-05","WINS"
225.840423583984,229.700942993164,225.840423583984,225.840423583984,879881,"2016-10-06","WINS"
241.282501220703,241.282501220703,225.840423583984,225.840423583984,494337,"2016-10-07","WINS"
225.840423583984,225.840423583984,223.910171508789,223.910171508789,163397,"2016-10-10","WINS"
223.910171508789,229.700942993164,223.910171508789,227.770690917969,482940,"2016-10-11","WINS"
225.840423583984,225.840423583984,221.979904174805,223.910171508789,249810,"2016-10-12","WINS"
223.910171508789,223.910171508789,220.049652099609,223.910171508789,386476,"2016-10-13","WINS"
223.910171508789,225.840423583984,223.910171508789,223.910171508789,163812,"2016-10-14","WINS"
223.910171508789,227.770690917969,221.979904174805,227.770690917969,5624527,"2016-10-17","WINS"
227.770690917969,231.631210327148,225.840423583984,227.770690917969,7252597,"2016-10-18","WINS"
237.421981811523,237.421981811523,221.979904174805,221.979904174805,46625,"2016-10-19","WINS"
221.979904174805,227.770690917969,220.049652099609,225.840423583984,414555,"2016-10-20","WINS"
220.049652099609,231.631210327148,220.049652099609,221.979904174805,71803,"2016-10-21","WINS"
221.979904174805,231.631210327148,221.979904174805,229.700942993164,128376,"2016-10-24","WINS"
231.631210327148,231.631210327148,221.979904174805,225.840423583984,240071,"2016-10-25","WINS"
225.840423583984,225.840423583984,225.840423583984,225.840423583984,8289,"2016-10-26","WINS"
220.049652099609,231.631210327148,214.258865356445,221.979904174805,246806,"2016-10-27","WINS"
221.979904174805,221.979904174805,206.537826538086,208.468078613281,1131350,"2016-10-28","WINS"
208.468078613281,210.398345947266,194.956268310547,194.956268310547,2371908,"2016-10-31","WINS"
194.956268310547,202.677307128906,179.514190673828,184.339828491211,2594676,"2016-11-01","WINS"
184.339828491211,186.270095825195,178.549057006836,182.409576416016,387098,"2016-11-02","WINS"
186.270095825195,221.979904174805,174.688537597656,193.026000976562,3965994,"2016-11-03","WINS"
193.026000976562,204.607559204102,182.409576416016,193.026000976562,280480,"2016-11-04","WINS"
193.026000976562,193.026000976562,184.339828491211,189.165481567383,120605,"2016-11-07","WINS"
189.165481567383,193.026000976562,187.235229492188,189.165481567383,155626,"2016-11-08","WINS"
189.165481567383,194.956268310547,182.409576416016,185.304962158203,302031,"2016-11-09","WINS"
185.304962158203,192.06086730957,182.409576416016,187.235229492188,94702,"2016-11-10","WINS"
187.235229492188,191.095748901367,177.583923339844,179.514190673828,333530,"2016-11-11","WINS"
179.514190673828,186.270095825195,177.583923339844,180.479309082031,682602,"2016-11-14","WINS"
180.479309082031,184.339828491211,165.037231445312,169.862884521484,1757276,"2016-11-15","WINS"
169.862884521484,174.688537597656,162.141845703125,166.967498779297,1748883,"2016-11-16","WINS"
167.9326171875,173.723403930664,166.967498779297,168.897750854492,320578,"2016-11-17","WINS"
177.583923339844,177.583923339844,166.967498779297,167.9326171875,281412,"2016-11-18","WINS"
173.723403930664,178.549057006836,170.828018188477,170.828018188477,353423,"2016-11-21","WINS"
173.723403930664,173.723403930664,169.862884521484,170.828018188477,715240,"2016-11-22","WINS"
170.828018188477,174.688537597656,164.07209777832,172.758270263672,1734170,"2016-11-23","WINS"
172.758270263672,174.688537597656,169.862884521484,174.688537597656,845689,"2016-11-24","WINS"
173.723403930664,174.688537597656,169.862884521484,173.723403930664,1435765,"2016-11-25","WINS"
173.723403930664,174.688537597656,168.897750854492,168.897750854492,1461979,"2016-11-28","WINS"
168.897750854492,170.828018188477,168.897750854492,168.897750854492,1704848,"2016-11-29","WINS"
169.862884521484,174.688537597656,168.897750854492,168.897750854492,3877612,"2016-11-30","WINS"
168.897750854492,183.374710083008,168.897750854492,168.897750854492,1801933,"2016-12-01","WINS"
168.897750854492,171.79313659668,166.002365112305,171.79313659668,1230300,"2016-12-02","WINS"
172.758270263672,174.688537597656,169.862884521484,170.828018188477,3820521,"2016-12-05","WINS"
171.79313659668,173.723403930664,170.828018188477,170.828018188477,1424471,"2016-12-06","WINS"
169.862884521484,172.758270263672,168.897750854492,170.828018188477,323376,"2016-12-07","WINS"
170.828018188477,172.758270263672,168.897750854492,172.758270263672,1245428,"2016-12-08","WINS"
172.758270263672,225.840423583984,172.758270263672,204.607559204102,22180431,"2016-12-09","WINS"
204.607559204102,243.212768554688,202.677307128906,220.049652099609,8280749,"2016-12-13","WINS"
225.840423583984,231.631210327148,214.258865356445,221.979904174805,1771160,"2016-12-14","WINS"
221.979904174805,227.770690917969,216.189117431641,216.189117431641,721457,"2016-12-15","WINS"
216.189117431641,225.840423583984,212.328598022461,216.189117431641,1521971,"2016-12-16","WINS"
216.189117431641,220.049652099609,202.677307128906,212.328598022461,763731,"2016-12-19","WINS"
212.328598022461,218.119384765625,212.328598022461,212.328598022461,1790017,"2016-12-20","WINS"
212.328598022461,214.258865356445,212.328598022461,212.328598022461,368965,"2016-12-21","WINS"
212.328598022461,214.258865356445,212.328598022461,212.328598022461,821132,"2016-12-22","WINS"
214.258865356445,223.910171508789,212.328598022461,212.328598022461,465429,"2016-12-23","WINS"
212.328598022461,221.979904174805,208.468078613281,212.328598022461,1485706,"2016-12-27","WINS"
218.119384765625,218.119384765625,194.956268310547,212.328598022461,176142,"2016-12-28","WINS"
202.677307128906,214.258865356445,202.677307128906,212.328598022461,103302,"2016-12-29","WINS"
208.468078613281,212.328598022461,202.677307128906,212.328598022461,674416,"2016-12-30","WINS"
212.328598022461,212.328598022461,212.328598022461,212.328598022461,0,"2017-01-02","WINS"
210.398345947266,210.398345947266,208.468078613281,208.468078613281,54707,"2017-01-03","WINS"
208.468078613281,218.119384765625,206.537826538086,216.189117431641,62996,"2017-01-04","WINS"
208.468078613281,214.258865356445,208.468078613281,210.398345947266,355081,"2017-01-05","WINS"
210.398345947266,221.979904174805,210.398345947266,221.979904174805,409996,"2017-01-06","WINS"
221.979904174805,221.979904174805,220.049652099609,220.049652099609,67866,"2017-01-09","WINS"
220.049652099609,220.049652099609,206.537826538086,210.398345947266,523556,"2017-01-10","WINS"
210.398345947266,212.328598022461,210.398345947266,210.398345947266,44553,"2017-01-11","WINS"
210.398345947266,235.491729736328,210.398345947266,227.770690917969,1392454,"2017-01-12","WINS"
227.770690917969,233.561462402344,212.328598022461,231.631210327148,949509,"2017-01-13","WINS"
231.631210327148,231.631210327148,218.119384765625,227.770690917969,150238,"2017-01-16","WINS"
227.770690917969,227.770690917969,216.189117431641,225.840423583984,149720,"2017-01-17","WINS"
225.840423583984,239.352249145508,218.119384765625,239.352249145508,397044,"2017-01-18","WINS"
239.352249145508,249.003540039062,231.631210327148,239.352249145508,655973,"2017-01-19","WINS"
225.840423583984,241.282501220703,225.840423583984,239.352249145508,234890,"2017-01-20","WINS"
239.352249145508,239.352249145508,229.700942993164,235.491729736328,219659,"2017-01-23","WINS"
221.979904174805,237.421981811523,221.979904174805,235.491729736328,746945,"2017-01-24","WINS"
235.491729736328,235.491729736328,225.840423583984,235.491729736328,167024,"2017-01-25","WINS"
235.491729736328,239.352249145508,229.700942993164,231.631210327148,891382,"2017-01-26","WINS"
231.631210327148,239.352249145508,231.631210327148,239.352249145508,849212,"2017-01-27","WINS"
239.352249145508,241.282501220703,237.421981811523,241.282501220703,520966,"2017-01-30","WINS"
245.143020629883,245.143020629883,235.491729736328,245.143020629883,529565,"2017-01-31","WINS"
245.143020629883,245.143020629883,241.282501220703,241.282501220703,176245,"2017-02-01","WINS"
241.282501220703,243.212768554688,237.421981811523,243.212768554688,457762,"2017-02-02","WINS"
243.212768554688,262.515380859375,239.352249145508,260.585113525391,1374944,"2017-02-03","WINS"
262.515380859375,274.096923828125,254.794326782227,270.236419677734,839886,"2017-02-06","WINS"
270.236419677734,279.8876953125,270.236419677734,279.8876953125,377876,"2017-02-07","WINS"
279.8876953125,304.981079101562,279.8876953125,289.539001464844,1043175,"2017-02-08","WINS"
289.539001464844,293.399536132812,272.166656494141,283.748229980469,426263,"2017-02-09","WINS"
283.748229980469,283.748229980469,274.096923828125,279.8876953125,77502,"2017-02-10","WINS"
279.8876953125,285.678497314453,277.957458496094,285.678497314453,251572,"2017-02-13","WINS"
285.678497314453,297.260040283203,283.748229980469,297.260040283203,327727,"2017-02-14","WINS"
297.260040283203,297.260040283203,297.260040283203,297.260040283203,0,"2017-02-15","WINS"
297.260040283203,304.981079101562,295.329772949219,299.190307617188,355703,"2017-02-16","WINS"
299.190307617188,299.190307617188,297.260040283203,299.190307617188,179975,"2017-02-17","WINS"
299.190307617188,299.190307617188,281.817962646484,281.817962646484,74290,"2017-02-20","WINS"
281.817962646484,287.608734130859,281.817962646484,285.678497314453,1145234,"2017-02-21","WINS"
285.678497314453,285.678497314453,250.933807373047,270.236419677734,380984,"2017-02-22","WINS"
260.585113525391,260.585113525391,260.585113525391,260.585113525391,90454,"2017-02-23","WINS"
270.236419677734,270.236419677734,268.30615234375,270.236419677734,2143959,"2017-02-24","WINS"
272.166656494141,276.027191162109,270.236419677734,270.236419677734,1902956,"2017-02-27","WINS"
270.236419677734,279.8876953125,270.236419677734,277.957458496094,92630,"2017-02-28","WINS"
285.678497314453,285.678497314453,272.166656494141,272.166656494141,151067,"2017-03-01","WINS"
260.585113525391,262.515380859375,260.585113525391,262.515380859375,23002,"2017-03-02","WINS"
260.585113525391,268.30615234375,260.585113525391,268.30615234375,63514,"2017-03-03","WINS"
285.678497314453,285.678497314453,260.585113525391,264.445617675781,80403,"2017-03-06","WINS"
264.445617675781,274.096923828125,264.445617675781,274.096923828125,207,"2017-03-07","WINS"
274.096923828125,274.096923828125,260.585113525391,260.585113525391,1201081,"2017-03-08","WINS"
252.864059448242,262.515380859375,252.864059448242,252.864059448242,580129,"2017-03-09","WINS"
250.933807373047,250.933807373047,241.282501220703,250.933807373047,456311,"2017-03-10","WINS"
250.933807373047,260.585113525391,250.933807373047,260.585113525391,122366,"2017-03-13","WINS"
252.864059448242,252.864059448242,247.073287963867,250.933807373047,115528,"2017-03-14","WINS"
250.933807373047,250.933807373047,243.212768554688,250.933807373047,189818,"2017-03-15","WINS"
270.236419677734,270.236419677734,270.236419677734,270.236419677734,103,"2017-03-16","WINS"
250.933807373047,250.933807373047,247.073287963867,249.003540039062,446882,"2017-03-17","WINS"
249.003540039062,249.003540039062,231.631210327148,235.491729736328,177178,"2017-03-20","WINS"
233.561462402344,241.282501220703,231.631210327148,237.421981811523,892833,"2017-03-21","WINS"
237.421981811523,256.724578857422,235.491729736328,235.491729736328,1021002,"2017-03-22","WINS"
237.421981811523,237.421981811523,237.421981811523,237.421981811523,650275,"2017-03-23","WINS"
237.421981811523,237.421981811523,231.631210327148,237.421981811523,742905,"2017-03-24","WINS"
250.933807373047,254.794326782227,241.282501220703,250.933807373047,300788,"2017-03-27","WINS"
239.352249145508,245.143020629883,239.352249145508,245.143020629883,1450,"2017-03-29","WINS"
245.143020629883,245.143020629883,231.631210327148,245.143020629883,1621957,"2017-03-30","WINS"
233.561462402344,258.654846191406,231.631210327148,250.933807373047,3552889,"2017-03-31","WINS"
245.143020629883,250.933807373047,233.561462402344,241.282501220703,516407,"2017-04-03","WINS"
241.282501220703,243.212768554688,237.421981811523,243.212768554688,163086,"2017-04-04","WINS"
243.212768554688,243.212768554688,243.212768554688,243.212768554688,0,"2017-04-05","WINS"
245.143020629883,245.143020629883,243.212768554688,243.212768554688,1243,"2017-04-06","WINS"
243.212768554688,252.864059448242,243.212768554688,249.003540039062,178317,"2017-04-07","WINS"
241.282501220703,260.585113525391,241.282501220703,256.724578857422,2401334,"2017-04-10","WINS"
256.724578857422,285.678497314453,256.724578857422,266.375885009766,255302,"2017-04-11","WINS"
266.375885009766,266.375885009766,250.933807373047,250.933807373047,244630,"2017-04-12","WINS"
250.933807373047,250.933807373047,250.933807373047,250.933807373047,118015,"2017-04-13","WINS"
250.933807373047,260.585113525391,247.073287963867,252.864059448242,360365,"2017-04-17","WINS"
250.933807373047,270.236419677734,249.003540039062,250.933807373047,2090806,"2017-04-18","WINS"
250.933807373047,250.933807373047,250.933807373047,250.933807373047,0,"2017-04-19","WINS"
250.933807373047,250.933807373047,250.933807373047,250.933807373047,23002,"2017-04-20","WINS"
250.933807373047,250.933807373047,247.073287963867,249.003540039062,107239,"2017-04-21","WINS"
249.003540039062,249.003540039062,247.073287963867,247.073287963867,40305,"2017-04-25","WINS"
247.073287963867,260.585113525391,249.003540039062,260.585113525391,54396,"2017-04-26","WINS"
243.212768554688,250.933807373047,243.212768554688,250.933807373047,13987,"2017-04-27","WINS"
250.933807373047,250.933807373047,247.073287963867,247.073287963867,153347,"2017-04-28","WINS"
250.933807373047,270.236419677734,247.073287963867,262.515380859375,1868763,"2017-05-02","WINS"
266.375885009766,266.375885009766,256.724578857422,256.724578857422,192305,"2017-05-03","WINS"
249.003540039062,268.30615234375,247.073287963867,249.003540039062,248981,"2017-05-04","WINS"
249.003540039062,250.933807373047,243.212768554688,243.212768554688,1709821,"2017-05-05","WINS"
243.212768554688,243.212768554688,235.491729736328,237.421981811523,3695875,"2017-05-08","WINS"
239.352249145508,239.352249145508,231.631210327148,237.421981811523,2625552,"2017-05-09","WINS"
241.282501220703,250.933807373047,239.352249145508,239.352249145508,151378,"2017-05-10","WINS"
239.352249145508,258.654846191406,239.352249145508,250.933807373047,222042,"2017-05-12","WINS"
250.933807373047,256.724578857422,250.933807373047,254.794326782227,1948027,"2017-05-15","WINS"
254.794326782227,260.585113525391,250.933807373047,258.654846191406,89521,"2017-05-16","WINS"
258.654846191406,262.515380859375,250.933807373047,252.864059448242,26939,"2017-05-17","WINS"
252.864059448242,262.515380859375,250.933807373047,258.654846191406,409478,"2017-05-18","WINS"
258.654846191406,260.585113525391,258.654846191406,260.585113525391,218001,"2017-05-19","WINS"
250.933807373047,260.585113525391,250.933807373047,260.585113525391,15749,"2017-05-22","WINS"
260.585113525391,266.375885009766,250.933807373047,250.933807373047,233440,"2017-05-23","WINS"
258.654846191406,266.375885009766,258.654846191406,260.585113525391,225876,"2017-05-24","WINS"
260.585113525391,264.445617675781,260.585113525391,260.585113525391,199869,"2017-05-26","WINS"
260.585113525391,262.515380859375,260.585113525391,260.585113525391,112938,"2017-05-29","WINS"
264.445617675781,272.166656494141,264.445617675781,270.236419677734,600333,"2017-05-30","WINS"
270.236419677734,277.957458496094,270.236419677734,274.096923828125,141224,"2017-05-31","WINS"
274.096923828125,274.096923828125,274.096923828125,274.096923828125,0,"2017-06-01","WINS"
270.236419677734,274.096923828125,270.236419677734,274.096923828125,400153,"2017-06-02","WINS"
274.096923828125,274.096923828125,274.096923828125,274.096923828125,92630,"2017-06-05","WINS"
274.096923828125,276.027191162109,274.096923828125,274.096923828125,200491,"2017-06-06","WINS"
274.096923828125,281.817962646484,274.096923828125,277.957458496094,165469,"2017-06-07","WINS"
274.096923828125,279.8876953125,274.096923828125,274.096923828125,52635,"2017-06-08","WINS"
274.096923828125,274.096923828125,274.096923828125,274.096923828125,86102,"2017-06-09","WINS"
274.096923828125,274.096923828125,274.096923828125,274.096923828125,78331,"2017-06-12","WINS"
274.096923828125,279.8876953125,270.236419677734,272.166656494141,308559,"2017-06-13","WINS"
272.166656494141,276.027191162109,272.166656494141,276.027191162109,81647,"2017-06-14","WINS"
272.166656494141,272.166656494141,270.236419677734,270.236419677734,1296923,"2017-06-15","WINS"
270.236419677734,270.236419677734,270.236419677734,270.236419677734,4144,"2017-06-16","WINS"
272.166656494141,272.166656494141,270.236419677734,272.166656494141,64758,"2017-06-19","WINS"
274.096923828125,276.027191162109,274.096923828125,276.027191162109,32223,"2017-06-20","WINS"
283.748229980469,283.748229980469,270.236419677734,272.166656494141,156973,"2017-06-21","WINS"
272.166656494141,276.027191162109,270.236419677734,272.166656494141,201320,"2017-06-22","WINS"
272.166656494141,272.166656494141,272.166656494141,272.166656494141,0,"2017-06-23","WINS"
272.166656494141,272.166656494141,272.166656494141,272.166656494141,0,"2017-06-26","WINS"
272.166656494141,272.166656494141,272.166656494141,272.166656494141,0,"2017-06-27","WINS"
272.166656494141,272.166656494141,272.166656494141,272.166656494141,0,"2017-06-28","WINS"
272.166656494141,272.166656494141,272.166656494141,272.166656494141,0,"2017-06-29","WINS"
272.166656494141,272.166656494141,272.166656494141,272.166656494141,0,"2017-06-30","WINS"
274.096923828125,276.027191162109,274.096923828125,276.027191162109,69627,"2017-07-03","WINS"
274.096923828125,274.096923828125,270.236419677734,272.166656494141,351455,"2017-07-04","WINS"
272.166656494141,272.166656494141,270.236419677734,272.166656494141,480453,"2017-07-05","WINS"
276.027191162109,276.027191162109,274.096923828125,274.096923828125,79989,"2017-07-06","WINS"
276.027191162109,276.027191162109,274.096923828125,274.096923828125,9528767,"2017-07-07","WINS"
274.096923828125,274.096923828125,274.096923828125,274.096923828125,0,"2017-07-10","WINS"
270.236419677734,270.236419677734,270.236419677734,270.236419677734,725,"2017-07-11","WINS"
268.30615234375,276.027191162109,254.794326782227,264.445617675781,61856,"2017-07-12","WINS"
264.445617675781,264.445617675781,264.445617675781,264.445617675781,3419,"2017-07-13","WINS"
260.585113525391,270.236419677734,260.585113525391,270.236419677734,335498,"2017-07-14","WINS"
270.236419677734,272.166656494141,270.236419677734,270.236419677734,7252,"2017-07-17","WINS"
270.236419677734,270.236419677734,270.236419677734,270.236419677734,11811,"2017-07-18","WINS"
270.236419677734,274.096923828125,270.236419677734,274.096923828125,73150,"2017-07-19","WINS"
274.096923828125,274.096923828125,274.096923828125,274.096923828125,0,"2017-07-20","WINS"
272.166656494141,272.166656494141,272.166656494141,272.166656494141,207,"2017-07-21","WINS"
272.166656494141,272.166656494141,272.166656494141,272.166656494141,0,"2017-07-24","WINS"
254.794326782227,268.30615234375,243.212768554688,268.30615234375,14194,"2017-07-25","WINS"
268.30615234375,268.30615234375,268.30615234375,268.30615234375,18546,"2017-07-26","WINS"
268.30615234375,268.30615234375,268.30615234375,268.30615234375,12433,"2017-07-27","WINS"
270.236419677734,274.096923828125,270.236419677734,274.096923828125,7563,"2017-07-28","WINS"
274.096923828125,276.027191162109,274.096923828125,276.027191162109,1968,"2017-07-31","WINS"
276.027191162109,276.027191162109,272.166656494141,272.166656494141,29322,"2017-08-01","WINS"
270.236419677734,274.096923828125,270.236419677734,270.236419677734,656284,"2017-08-02","WINS"
270.236419677734,272.166656494141,270.236419677734,272.166656494141,1657,"2017-08-03","WINS"
266.375885009766,266.375885009766,266.375885009766,266.375885009766,25903,"2017-08-04","WINS"
266.375885009766,266.375885009766,266.375885009766,266.375885009766,181529,"2017-08-07","WINS"
258.654846191406,266.375885009766,249.003540039062,252.864059448242,258410,"2017-08-08","WINS"
264.445617675781,264.445617675781,250.933807373047,250.933807373047,11190,"2017-08-09","WINS"
250.933807373047,250.933807373047,241.282501220703,241.282501220703,186399,"2017-08-10","WINS"
243.212768554688,243.212768554688,241.282501220703,241.282501220703,155523,"2017-08-11","WINS"
250.933807373047,250.933807373047,241.282501220703,250.933807373047,13469,"2017-08-14","WINS"
254.794326782227,254.794326782227,254.794326782227,254.794326782227,103,"2017-08-15","WINS"
254.794326782227,254.794326782227,254.794326782227,254.794326782227,0,"2017-08-16","WINS"
254.794326782227,254.794326782227,254.794326782227,254.794326782227,0,"2017-08-17","WINS"
262.515380859375,262.515380859375,233.561462402344,233.561462402344,7874,"2017-08-18","WINS"
233.561462402344,233.561462402344,233.561462402344,233.561462402344,1346,"2017-08-21","WINS"
233.561462402344,233.561462402344,231.631210327148,231.631210327148,161843,"2017-08-22","WINS"
231.631210327148,231.631210327148,231.631210327148,231.631210327148,267943,"2017-08-23","WINS"
231.631210327148,231.631210327148,225.840423583984,225.840423583984,61546,"2017-08-24","WINS"
225.840423583984,225.840423583984,225.840423583984,225.840423583984,0,"2017-08-25","WINS"
227.770690917969,227.770690917969,227.770690917969,227.770690917969,8185,"2017-08-28","WINS"
227.770690917969,231.631210327148,227.770690917969,231.631210327148,3419,"2017-08-29","WINS"
231.631210327148,231.631210327148,231.631210327148,231.631210327148,103,"2017-08-30","WINS"
231.631210327148,231.631210327148,231.631210327148,231.631210327148,0,"2017-08-31","WINS"
231.631210327148,231.631210327148,231.631210327148,231.631210327148,0,"2017-09-01","WINS"
233.561462402344,233.561462402344,223.910171508789,223.910171508789,14713,"2017-09-04","WINS"
220.049652099609,223.910171508789,218.119384765625,223.910171508789,59577,"2017-09-05","WINS"
216.189117431641,231.631210327148,216.189117431641,231.631210327148,72736,"2017-09-06","WINS"
245.143020629883,245.143020629883,231.631210327148,231.631210327148,146715,"2017-09-07","WINS"
231.631210327148,231.631210327148,231.631210327148,231.631210327148,103,"2017-09-08","WINS"
231.631210327148,231.631210327148,231.631210327148,231.631210327148,0,"2017-09-11","WINS"
223.910171508789,231.631210327148,223.910171508789,229.700942993164,24867,"2017-09-12","WINS"
227.770690917969,227.770690917969,227.770690917969,227.770690917969,14609,"2017-09-13","WINS"
235.491729736328,252.864059448242,229.700942993164,252.864059448242,16163,"2017-09-14","WINS"
252.864059448242,252.864059448242,252.864059448242,252.864059448242,0,"2017-09-15","WINS"
252.864059448242,252.864059448242,252.864059448242,252.864059448242,0,"2017-09-18","WINS"
250.933807373047,250.933807373047,250.933807373047,250.933807373047,932,"2017-09-19","WINS"
250.933807373047,254.794326782227,250.933807373047,250.933807373047,12951,"2017-09-20","WINS"
250.933807373047,250.933807373047,250.933807373047,250.933807373047,0,"2017-09-21","WINS"
250.933807373047,254.794326782227,250.933807373047,250.933807373047,5802,"2017-09-22","WINS"
241.282501220703,245.143020629883,241.282501220703,241.282501220703,169407,"2017-09-25","WINS"
241.282501220703,241.282501220703,233.561462402344,233.561462402344,134696,"2017-09-26","WINS"
231.631210327148,233.561462402344,231.631210327148,233.561462402344,41445,"2017-09-27","WINS"
233.561462402344,233.561462402344,233.561462402344,233.561462402344,8289,"2017-09-28","WINS"
233.561462402344,237.421981811523,233.561462402344,237.421981811523,69627,"2017-09-29","WINS"
235.491729736328,235.491729736328,235.491729736328,235.491729736328,24970,"2017-10-02","WINS"
250.933807373047,250.933807373047,239.352249145508,239.352249145508,2175,"2017-10-03","WINS"
235.491729736328,235.491729736328,233.561462402344,235.491729736328,124335,"2017-10-04","WINS"
235.491729736328,247.073287963867,235.491729736328,235.491729736328,146094,"2017-10-05","WINS"
239.352249145508,239.352249145508,233.561462402344,233.561462402344,414,"2017-10-06","WINS"
233.561462402344,233.561462402344,233.561462402344,233.561462402344,103,"2017-10-09","WINS"
239.352249145508,262.515380859375,239.352249145508,241.282501220703,28700,"2017-10-10","WINS"
250.933807373047,260.585113525391,250.933807373047,260.585113525391,7770,"2017-10-11","WINS"
260.585113525391,260.585113525391,250.933807373047,250.933807373047,5387,"2017-10-12","WINS"
250.933807373047,250.933807373047,237.421981811523,250.933807373047,161429,"2017-10-13","WINS"
250.933807373047,250.933807373047,239.352249145508,239.352249145508,2383,"2017-10-16","WINS"
239.352249145508,262.515380859375,239.352249145508,262.515380859375,570596,"2017-10-17","WINS"
260.585113525391,260.585113525391,252.864059448242,252.864059448242,22484,"2017-10-18","WINS"
247.073287963867,260.585113525391,241.282501220703,260.585113525391,6527,"2017-10-19","WINS"
256.724578857422,260.585113525391,256.724578857422,260.585113525391,53257,"2017-10-20","WINS"
260.585113525391,260.585113525391,260.585113525391,260.585113525391,0,"2017-10-23","WINS"
241.282501220703,260.585113525391,241.282501220703,260.585113525391,45175,"2017-10-24","WINS"
270.236419677734,270.236419677734,270.236419677734,270.236419677734,119465,"2017-10-25","WINS"
270.236419677734,274.096923828125,270.236419677734,274.096923828125,1346,"2017-10-26","WINS"
274.096923828125,274.096923828125,274.096923828125,274.096923828125,518,"2017-10-27","WINS"
272.166656494141,272.166656494141,272.166656494141,272.166656494141,103,"2017-10-30","WINS"
272.166656494141,283.748229980469,272.166656494141,279.8876953125,177592,"2017-10-31","WINS"
260.585113525391,283.748229980469,260.585113525391,276.027191162109,67037,"2017-11-01","WINS"
281.817962646484,337.795501708984,281.817962646484,314.632385253906,1899018,"2017-11-02","WINS"
306.911346435547,306.911346435547,281.817962646484,306.911346435547,147855,"2017-11-03","WINS"
306.911346435547,316.562652587891,299.190307617188,316.562652587891,51806,"2017-11-06","WINS"
316.562652587891,326.213958740234,299.190307617188,299.190307617188,24659,"2017-11-07","WINS"
299.190307617188,299.190307617188,289.539001464844,297.260040283203,38751,"2017-11-08","WINS"
289.539001464844,289.539001464844,285.678497314453,287.608734130859,251572,"2017-11-09","WINS"
287.608734130859,299.190307617188,287.608734130859,299.190307617188,74290,"2017-11-10","WINS"
299.190307617188,299.190307617188,299.190307617188,299.190307617188,13262,"2017-11-13","WINS"
299.190307617188,299.190307617188,299.190307617188,299.190307617188,2383,"2017-11-14","WINS"
299.190307617188,326.213958740234,289.539001464844,308.841613769531,359847,"2017-11-15","WINS"
306.911346435547,337.795501708984,306.911346435547,337.795501708984,392693,"2017-11-16","WINS"
335.865234375,384.121734619141,332.004730224609,364.819152832031,215515,"2017-11-17","WINS"
366.749420166016,384.121734619141,337.795501708984,337.795501708984,110451,"2017-11-20","WINS"
335.865234375,335.865234375,303.050811767578,303.050811767578,140395,"2017-11-21","WINS"
312.702117919922,318.492919921875,303.050811767578,318.492919921875,135422,"2017-11-22","WINS"
337.795501708984,337.795501708984,293.399536132812,297.260040283203,47558,"2017-11-23","WINS"
299.190307617188,324.28369140625,299.190307617188,306.911346435547,72011,"2017-11-24","WINS"
306.911346435547,345.516540527344,306.911346435547,318.492919921875,255924,"2017-11-27","WINS"
335.865234375,335.865234375,318.492919921875,326.213958740234,4973,"2017-11-28","WINS"
316.562652587891,320.423156738281,306.911346435547,310.771881103516,16681,"2017-11-29","WINS"
318.492919921875,322.353424072266,316.562652587891,322.353424072266,219245,"2017-11-30","WINS"
322.353424072266,322.353424072266,322.353424072266,322.353424072266,0,"2017-12-01","WINS"
322.353424072266,328.144195556641,322.353424072266,324.28369140625,3419,"2017-12-04","WINS"
322.353424072266,322.353424072266,316.562652587891,316.562652587891,77502,"2017-12-05","WINS"
316.562652587891,316.562652587891,287.608734130859,287.608734130859,79781,"2017-12-06","WINS"
291.469268798828,306.911346435547,289.539001464844,306.911346435547,50563,"2017-12-07","WINS"
306.911346435547,316.562652587891,306.911346435547,308.841613769531,208987,"2017-12-08","WINS"
308.841613769531,308.841613769531,270.236419677734,308.841613769531,306072,"2017-12-11","WINS"
308.841613769531,320.423156738281,308.841613769531,318.492919921875,1074363,"2017-12-12","WINS"
318.492919921875,326.213958740234,316.562652587891,316.562652587891,1669101,"2017-12-13","WINS"
318.492919921875,318.492919921875,299.190307617188,312.702117919922,162050,"2017-12-14","WINS"
310.771881103516,316.562652587891,310.771881103516,312.702117919922,632039,"2017-12-15","WINS"
312.702117919922,316.562652587891,312.702117919922,312.702117919922,298612,"2017-12-18","WINS"
312.702117919922,312.702117919922,312.702117919922,312.702117919922,68695,"2017-12-19","WINS"
293.399536132812,295.329772949219,293.399536132812,295.329772949219,14402,"2017-12-20","WINS"
297.260040283203,297.260040283203,281.817962646484,285.678497314453,718245,"2017-12-21","WINS"
289.539001464844,293.399536132812,289.539001464844,289.539001464844,492265,"2017-12-22","WINS"
289.539001464844,289.539001464844,289.539001464844,289.539001464844,0,"2017-12-25","WINS"
289.539001464844,289.539001464844,289.539001464844,289.539001464844,0,"2017-12-26","WINS"
289.539001464844,289.539001464844,285.678497314453,285.678497314453,624060,"2017-12-27","WINS"
285.678497314453,303.050811767578,279.8876953125,289.539001464844,537233,"2017-12-28","WINS"
289.539001464844,289.539001464844,283.748229980469,283.748229980469,27975,"2017-12-29","WINS"
283.748229980469,283.748229980469,283.748229980469,283.748229980469,0,"2018-01-01","WINS"
283.748229980469,299.190307617188,283.748229980469,287.608734130859,22691,"2018-01-02","WINS"
289.539001464844,310.771881103516,289.539001464844,310.771881103516,34192,"2018-01-03","WINS"
299.190307617188,299.190307617188,299.190307617188,299.190307617188,103,"2018-01-04","WINS"
316.562652587891,335.865234375,301.120574951172,335.865234375,529669,"2018-01-05","WINS"
318.492919921875,320.423156738281,318.492919921875,318.492919921875,13780,"2018-01-08","WINS"
318.492919921875,318.492919921875,308.841613769531,310.771881103516,131899,"2018-01-09","WINS"
310.771881103516,310.771881103516,308.841613769531,308.841613769531,1554,"2018-01-10","WINS"
308.841613769531,308.841613769531,291.469268798828,299.190307617188,106617,"2018-01-11","WINS"
299.190307617188,303.050811767578,291.469268798828,291.469268798828,266907,"2018-01-12","WINS"
295.329772949219,301.120574951172,293.399536132812,299.190307617188,379016,"2018-01-15","WINS"
318.492919921875,328.144195556641,308.841613769531,324.28369140625,869727,"2018-01-16","WINS"
324.28369140625,345.516540527344,324.28369140625,330.074462890625,427507,"2018-01-17","WINS"
328.144195556641,337.795501708984,324.28369140625,328.144195556641,349901,"2018-01-18","WINS"
326.213958740234,326.213958740234,324.28369140625,324.28369140625,12226,"2018-01-19","WINS"
328.144195556641,333.934997558594,324.28369140625,328.144195556641,44968,"2018-01-22","WINS"
328.144195556641,328.144195556641,326.213958740234,326.213958740234,12433,"2018-01-23","WINS"
326.213958740234,328.144195556641,326.213958740234,328.144195556641,36575,"2018-01-24","WINS"
328.144195556641,362.888885498047,326.213958740234,328.144195556641,526353,"2018-01-25","WINS"
330.074462890625,351.307342529297,330.074462890625,335.865234375,150238,"2018-01-26","WINS"
337.795501708984,345.516540527344,337.795501708984,337.795501708984,86516,"2018-01-29","WINS"
326.213958740234,328.144195556641,322.353424072266,328.144195556641,2098473,"2018-01-30","WINS"
328.144195556641,328.144195556641,326.213958740234,326.213958740234,23416,"2018-01-31","WINS"
322.353424072266,335.865234375,322.353424072266,333.934997558594,149409,"2018-02-01","WINS"
333.934997558594,333.934997558594,320.423156738281,328.144195556641,38336,"2018-02-02","WINS"
322.353424072266,343.586273193359,322.353424072266,328.144195556641,31291,"2018-02-05","WINS"
322.353424072266,322.353424072266,299.190307617188,318.492919921875,5789064,"2018-02-06","WINS"
320.423156738281,324.28369140625,299.190307617188,322.353424072266,249292,"2018-02-07","WINS"
322.353424072266,322.353424072266,310.771881103516,314.632385253906,26524,"2018-02-08","WINS"
326.213958740234,326.213958740234,304.981079101562,306.911346435547,36368,"2018-02-09","WINS"
306.911346435547,316.562652587891,306.911346435547,308.841613769531,35228,"2018-02-12","WINS"
328.144195556641,335.865234375,308.841613769531,310.771881103516,87345,"2018-02-13","WINS"
312.702117919922,314.632385253906,310.771881103516,310.771881103516,44864,"2018-02-14","WINS"
312.702117919922,328.144195556641,312.702117919922,316.562652587891,29944,"2018-02-15","WINS"
316.562652587891,316.562652587891,316.562652587891,316.562652587891,0,"2018-02-16","WINS"
318.492919921875,322.353424072266,316.562652587891,322.353424072266,105581,"2018-02-19","WINS"
320.423156738281,320.423156738281,318.492919921875,318.492919921875,21033,"2018-02-20","WINS"
322.353424072266,333.934997558594,306.911346435547,306.911346435547,1158911,"2018-02-21","WINS"
314.632385253906,314.632385253906,310.771881103516,310.771881103516,84030,"2018-02-22","WINS"
320.423156738281,320.423156738281,310.771881103516,312.702117919922,66312,"2018-02-23","WINS"
316.562652587891,320.423156738281,312.702117919922,318.492919921875,307626,"2018-02-26","WINS"
318.492919921875,320.423156738281,306.911346435547,318.492919921875,654108,"2018-02-27","WINS"
320.423156738281,347.446807861328,320.423156738281,337.795501708984,2260835,"2018-02-28","WINS"
337.795501708984,382.191497802734,332.004730224609,351.307342529297,1576057,"2018-03-01","WINS"
372.540191650391,372.540191650391,353.237579345703,366.749420166016,852216,"2018-03-02","WINS"
370.609924316406,376.400695800781,366.749420166016,366.749420166016,1241283,"2018-03-05","WINS"
368.679656982422,368.679656982422,366.749420166016,366.749420166016,158320,"2018-03-06","WINS"
368.679656982422,368.679656982422,362.888885498047,366.749420166016,618673,"2018-03-07","WINS"
368.679656982422,376.400695800781,366.749420166016,366.749420166016,265870,"2018-03-08","WINS"
366.749420166016,376.400695800781,366.749420166016,366.749420166016,943810,"2018-03-09","WINS"
364.819152832031,366.749420166016,341.656036376953,341.656036376953,12019,"2018-03-12","WINS"
320.423156738281,320.423156738281,318.492919921875,318.492919921875,25177,"2018-03-13","WINS"
318.492919921875,320.423156738281,314.632385253906,318.492919921875,348554,"2018-03-14","WINS"
320.423156738281,326.213958740234,318.492919921875,326.213958740234,112627,"2018-03-15","WINS"
328.144195556641,328.144195556641,322.353424072266,326.213958740234,224322,"2018-03-16","WINS"
326.213958740234,332.004730224609,326.213958740234,330.074462890625,24763,"2018-03-19","WINS"
328.144195556641,328.144195556641,328.144195556641,328.144195556641,91386,"2018-03-20","WINS"
328.144195556641,332.004730224609,328.144195556641,328.144195556641,103716,"2018-03-21","WINS"
328.144195556641,330.074462890625,326.213958740234,330.074462890625,484597,"2018-03-22","WINS"
330.074462890625,333.934997558594,326.213958740234,333.934997558594,500554,"2018-03-23","WINS"
328.144195556641,335.865234375,328.144195556641,335.865234375,262555,"2018-03-26","WINS"
337.795501708984,343.586273193359,328.144195556641,330.074462890625,853045,"2018-03-27","WINS"
328.144195556641,335.865234375,326.213958740234,333.934997558594,1570461,"2018-03-28","WINS"
333.934997558594,333.934997558594,330.074462890625,332.004730224609,152000,"2018-03-29","WINS"
332.004730224609,332.004730224609,332.004730224609,332.004730224609,0,"2018-03-30","WINS"
332.004730224609,332.004730224609,330.074462890625,332.004730224609,80092,"2018-04-02","WINS"
332.004730224609,332.004730224609,330.074462890625,330.074462890625,496409,"2018-04-03","WINS"
337.795501708984,337.795501708984,332.004730224609,337.795501708984,9940318,"2018-04-04","WINS"
337.795501708984,376.400695800781,337.795501708984,376.400695800781,355703,"2018-04-05","WINS"
374.470458984375,374.470458984375,349.377075195312,349.377075195312,814916,"2018-04-06","WINS"
347.446807861328,366.749420166016,328.144195556641,343.586273193359,1542072,"2018-04-09","WINS"
343.586273193359,345.516540527344,332.004730224609,337.795501708984,1476277,"2018-04-10","WINS"
330.074462890625,339.725769042969,330.074462890625,337.795501708984,1865862,"2018-04-11","WINS"
335.865234375,347.446807861328,328.144195556641,337.795501708984,1085760,"2018-04-12","WINS"
335.865234375,345.516540527344,335.865234375,337.795501708984,1426750,"2018-04-13","WINS"
337.795501708984,337.795501708984,337.795501708984,337.795501708984,0,"2018-04-16","WINS"
337.795501708984,337.795501708984,337.795501708984,337.795501708984,0,"2018-04-17","WINS"
339.725769042969,339.725769042969,330.074462890625,333.934997558594,1606104,"2018-04-18","WINS"
333.934997558594,333.934997558594,333.934997558594,333.934997558594,0,"2018-04-19","WINS"
333.934997558594,333.934997558594,333.934997558594,333.934997558594,0,"2018-04-20","WINS"
345.516540527344,345.516540527344,339.725769042969,341.656036376953,1323863,"2018-04-23","WINS"
415.005920410156,415.005920410156,343.586273193359,347.446807861328,2268399,"2018-04-24","WINS"
347.446807861328,347.446807861328,347.446807861328,347.446807861328,0,"2018-04-25","WINS"
347.446807861328,347.446807861328,347.446807861328,347.446807861328,0,"2018-04-26","WINS"
347.446807861328,347.446807861328,347.446807861328,347.446807861328,0,"2018-04-27","WINS"
339.725769042969,345.516540527344,330.074462890625,339.725769042969,1862754,"2018-04-30","WINS"
339.725769042969,339.725769042969,339.725769042969,339.725769042969,0,"2018-05-01","WINS"
339.725769042969,339.725769042969,330.074462890625,332.004730224609,3217183,"2018-05-02","WINS"
337.795501708984,345.516540527344,332.004730224609,335.865234375,4069814,"2018-05-03","WINS"
335.865234375,341.656036376953,308.841613769531,318.492919921875,3276449,"2018-05-04","WINS"
328.144195556641,328.144195556641,318.492919921875,318.492919921875,3353537,"2018-05-07","WINS"
318.492919921875,328.144195556641,318.492919921875,320.423156738281,2868525,"2018-05-08","WINS"
324.28369140625,324.28369140625,312.702117919922,320.423156738281,2345487,"2018-05-09","WINS"
320.423156738281,320.423156738281,320.423156738281,320.423156738281,0,"2018-05-10","WINS"
322.353424072266,337.795501708984,320.423156738281,328.144195556641,6001678,"2018-05-11","WINS"
310.771881103516,330.074462890625,310.771881103516,316.562652587891,4301285,"2018-05-14","WINS"
316.562652587891,316.562652587891,304.981079101562,306.911346435547,3036585,"2018-05-15","WINS"
304.981079101562,310.771881103516,301.120574951172,303.050811767578,2715385,"2018-05-16","WINS"
303.050811767578,312.702117919922,303.050811767578,312.702117919922,4101209,"2018-05-17","WINS"
312.702117919922,312.702117919922,303.050811767578,303.050811767578,1714173,"2018-05-18","WINS"
303.050811767578,303.050811767578,303.050811767578,303.050811767578,1853739,"2018-05-21","WINS"
304.981079101562,306.911346435547,301.120574951172,303.050811767578,2186959,"2018-05-22","WINS"
304.981079101562,306.911346435547,303.050811767578,303.050811767578,2979702,"2018-05-23","WINS"
303.050811767578,310.771881103516,303.050811767578,303.050811767578,1403541,"2018-05-24","WINS"
303.050811767578,318.492919921875,303.050811767578,306.911346435547,2625863,"2018-05-25","WINS"
316.562652587891,316.562652587891,304.981079101562,304.981079101562,3185891,"2018-05-28","WINS"
304.981079101562,304.981079101562,304.981079101562,304.981079101562,0,"2018-05-29","WINS"
306.911346435547,308.841613769531,301.120574951172,303.050811767578,4502294,"2018-05-30","WINS"
312.702117919922,318.492919921875,297.260040283203,297.260040283203,2878990,"2018-05-31","WINS"
297.260040283203,297.260040283203,297.260040283203,297.260040283203,0,"2018-06-01","WINS"
299.190307617188,303.050811767578,293.399536132812,293.399536132812,4300042,"2018-06-04","WINS"
297.260040283203,301.120574951172,295.329772949219,297.260040283203,4763399,"2018-06-05","WINS"
297.260040283203,297.260040283203,297.260040283203,297.260040283203,3232725,"2018-06-06","WINS"
299.190307617188,301.120574951172,293.399536132812,293.399536132812,3374260,"2018-06-07","WINS"
291.469268798828,295.329772949219,291.469268798828,293.399536132812,1315470,"2018-06-08","WINS"
293.399536132812,293.399536132812,293.399536132812,293.399536132812,0,"2018-06-11","WINS"
293.399536132812,293.399536132812,293.399536132812,293.399536132812,0,"2018-06-12","WINS"
293.399536132812,293.399536132812,293.399536132812,293.399536132812,0,"2018-06-13","WINS"
293.399536132812,293.399536132812,293.399536132812,293.399536132812,0,"2018-06-14","WINS"
293.399536132812,293.399536132812,293.399536132812,293.399536132812,0,"2018-06-15","WINS"
293.399536132812,293.399536132812,293.399536132812,293.399536132812,0,"2018-06-18","WINS"
293.399536132812,293.399536132812,293.399536132812,293.399536132812,0,"2018-06-19","WINS"
295.329772949219,295.329772949219,289.539001464844,289.539001464844,2245396,"2018-06-20","WINS"
289.539001464844,291.469268798828,279.8876953125,279.8876953125,1613046,"2018-06-21","WINS"
281.817962646484,306.911346435547,281.817962646484,287.608734130859,758654,"2018-06-22","WINS"
293.399536132812,301.120574951172,287.608734130859,291.469268798828,1318475,"2018-06-25","WINS"
291.469268798828,291.469268798828,277.957458496094,281.817962646484,2273372,"2018-06-26","WINS"
281.817962646484,281.817962646484,277.957458496094,279.8876953125,2510335,"2018-06-27","WINS"
279.8876953125,279.8876953125,277.957458496094,279.8876953125,549045,"2018-06-28","WINS"
297.260040283203,297.260040283203,297.260040283203,297.260040283203,1036,"2018-06-29","WINS"
297.260040283203,299.190307617188,297.260040283203,297.260040283203,29529,"2018-07-02","WINS"
299.190307617188,299.190307617188,289.539001464844,289.539001464844,32534,"2018-07-03","WINS"
279.8876953125,281.817962646484,279.8876953125,281.817962646484,42584,"2018-07-04","WINS"
293.399536132812,293.399536132812,281.817962646484,283.748229980469,17303,"2018-07-05","WINS"
281.817962646484,283.748229980469,281.817962646484,283.748229980469,14816,"2018-07-06","WINS"
285.678497314453,285.678497314453,283.748229980469,283.748229980469,307730,"2018-07-09","WINS"
285.678497314453,285.678497314453,283.748229980469,283.748229980469,18857,"2018-07-10","WINS"
285.678497314453,285.678497314453,285.678497314453,285.678497314453,15541,"2018-07-11","WINS"
289.539001464844,289.539001464844,283.748229980469,283.748229980469,2643374,"2018-07-12","WINS"
285.678497314453,289.539001464844,285.678497314453,289.539001464844,2082620,"2018-07-13","WINS"
289.539001464844,289.539001464844,281.817962646484,281.817962646484,23416,"2018-07-16","WINS"
279.8876953125,279.8876953125,260.585113525391,270.236419677734,982458,"2018-07-17","WINS"
272.166656494141,277.957458496094,272.166656494141,276.027191162109,13469,"2018-07-18","WINS"
276.027191162109,276.027191162109,274.096923828125,274.096923828125,209090,"2018-07-19","WINS"
279.8876953125,279.8876953125,279.8876953125,279.8876953125,362749,"2018-07-20","WINS"
272.166656494141,272.166656494141,260.585113525391,260.585113525391,774092,"2018-07-23","WINS"
256.724578857422,268.30615234375,256.724578857422,268.30615234375,862163,"2018-07-24","WINS"
258.654846191406,277.957458496094,258.654846191406,270.236419677734,318195,"2018-07-25","WINS"
277.957458496094,277.957458496094,277.957458496094,277.957458496094,3937,"2018-07-26","WINS"
277.957458496094,279.8876953125,277.957458496094,279.8876953125,109829,"2018-07-27","WINS"
279.8876953125,281.817962646484,270.236419677734,274.096923828125,25385,"2018-07-30","WINS"
279.8876953125,279.8876953125,274.096923828125,274.096923828125,43103,"2018-07-31","WINS"
276.027191162109,277.957458496094,274.096923828125,274.096923828125,1163884,"2018-08-01","WINS"
276.027191162109,289.539001464844,276.027191162109,289.539001464844,267114,"2018-08-02","WINS"
289.539001464844,295.329772949219,281.817962646484,283.748229980469,79781,"2018-08-03","WINS"
283.748229980469,283.748229980469,277.957458496094,277.957458496094,740314,"2018-08-06","WINS"
277.957458496094,289.539001464844,277.957458496094,289.539001464844,10361,"2018-08-07","WINS"
289.539001464844,291.469268798828,270.236419677734,270.236419677734,855325,"2018-08-08","WINS"
270.236419677734,276.027191162109,270.236419677734,274.096923828125,14194,"2018-08-09","WINS"
285.678497314453,285.678497314453,272.166656494141,272.166656494141,3937,"2018-08-10","WINS"
276.027191162109,276.027191162109,260.585113525391,268.30615234375,26214,"2018-08-13","WINS"
268.30615234375,268.30615234375,268.30615234375,268.30615234375,304829,"2018-08-14","WINS"
268.30615234375,268.30615234375,268.30615234375,268.30615234375,5802,"2018-08-15","WINS"
268.30615234375,279.8876953125,266.375885009766,266.375885009766,50252,"2018-08-16","WINS"
266.375885009766,266.375885009766,266.375885009766,266.375885009766,0,"2018-08-17","WINS"
277.957458496094,277.957458496094,268.30615234375,268.30615234375,12122,"2018-08-20","WINS"
268.30615234375,270.236419677734,264.445617675781,266.375885009766,620227,"2018-08-21","WINS"
266.375885009766,266.375885009766,266.375885009766,266.375885009766,0,"2018-08-22","WINS"
268.30615234375,277.957458496094,268.30615234375,277.957458496094,1346,"2018-08-23","WINS"
272.166656494141,279.8876953125,272.166656494141,277.957458496094,519308,"2018-08-24","WINS"
277.957458496094,277.957458496094,274.096923828125,274.096923828125,46625,"2018-08-27","WINS"
274.096923828125,274.096923828125,272.166656494141,272.166656494141,58748,"2018-08-28","WINS"
272.166656494141,272.166656494141,270.236419677734,270.236419677734,654626,"2018-08-29","WINS"
268.30615234375,268.30615234375,268.30615234375,268.30615234375,25903,"2018-08-30","WINS"
272.166656494141,274.096923828125,266.375885009766,266.375885009766,522934,"2018-08-31","WINS"
266.375885009766,266.375885009766,262.515380859375,262.515380859375,28804,"2018-09-03","WINS"
262.515380859375,262.515380859375,262.515380859375,262.515380859375,8807,"2018-09-04","WINS"
256.724578857422,256.724578857422,254.794326782227,256.724578857422,99157,"2018-09-05","WINS"
256.724578857422,258.654846191406,256.724578857422,256.724578857422,570078,"2018-09-06","WINS"
260.585113525391,260.585113525391,252.864059448242,254.794326782227,150238,"2018-09-07","WINS"
254.794326782227,266.375885009766,254.794326782227,266.375885009766,75948,"2018-09-10","WINS"
266.375885009766,266.375885009766,266.375885009766,266.375885009766,0,"2018-09-11","WINS"
260.585113525391,260.585113525391,260.585113525391,260.585113525391,1036,"2018-09-12","WINS"
245.143020629883,254.794326782227,245.143020629883,247.073287963867,804036,"2018-09-13","WINS"
256.724578857422,256.724578857422,254.794326782227,254.794326782227,191891,"2018-09-14","WINS"
254.794326782227,272.166656494141,250.933807373047,260.585113525391,465222,"2018-09-17","WINS"
264.445617675781,264.445617675781,264.445617675781,264.445617675781,207225,"2018-09-18","WINS"
264.445617675781,266.375885009766,264.445617675781,264.445617675781,148166,"2018-09-19","WINS"
279.8876953125,279.8876953125,264.445617675781,266.375885009766,743837,"2018-09-20","WINS"
264.445617675781,272.166656494141,264.445617675781,270.236419677734,697522,"2018-09-21","WINS"
274.096923828125,274.096923828125,254.794326782227,262.515380859375,3108,"2018-09-24","WINS"
262.515380859375,262.515380859375,262.515380859375,262.515380859375,0,"2018-09-25","WINS"
262.515380859375,262.515380859375,262.515380859375,262.515380859375,208987,"2018-09-26","WINS"
262.515380859375,262.515380859375,262.515380859375,262.515380859375,0,"2018-09-27","WINS"
262.515380859375,262.515380859375,262.515380859375,262.515380859375,0,"2018-09-28","WINS"
272.166656494141,276.027191162109,270.236419677734,276.027191162109,337778,"2018-10-01","WINS"
276.027191162109,276.027191162109,274.096923828125,276.027191162109,27042,"2018-10-02","WINS"
276.027191162109,276.027191162109,276.027191162109,276.027191162109,0,"2018-10-03","WINS"
260.585113525391,262.515380859375,250.933807373047,258.654846191406,235201,"2018-10-04","WINS"
258.654846191406,258.654846191406,258.654846191406,258.654846191406,932,"2018-10-05","WINS"
258.654846191406,262.515380859375,258.654846191406,260.585113525391,3626,"2018-10-08","WINS"
260.585113525391,260.585113525391,260.585113525391,260.585113525391,1450,"2018-10-09","WINS"
260.585113525391,260.585113525391,260.585113525391,260.585113525391,20826,"2018-10-10","WINS"
260.585113525391,260.585113525391,250.933807373047,260.585113525391,279962,"2018-10-11","WINS"
252.864059448242,252.864059448242,249.003540039062,249.003540039062,2085936,"2018-10-12","WINS"
249.003540039062,249.003540039062,247.073287963867,249.003540039062,26421,"2018-10-15","WINS"
245.143020629883,249.003540039062,241.282501220703,249.003540039062,2590,"2018-10-16","WINS"
245.143020629883,245.143020629883,221.979904174805,245.143020629883,134696,"2018-10-17","WINS"
245.143020629883,245.143020629883,243.212768554688,243.212768554688,414,"2018-10-18","WINS"
247.073287963867,250.933807373047,247.073287963867,249.003540039062,2381337,"2018-10-19","WINS"
250.933807373047,256.724578857422,249.003540039062,250.933807373047,2479044,"2018-10-22","WINS"
252.864059448242,260.585113525391,252.864059448242,260.585113525391,234994,"2018-10-23","WINS"
258.654846191406,260.585113525391,252.864059448242,256.724578857422,510190,"2018-10-24","WINS"
254.794326782227,254.794326782227,254.794326782227,254.794326782227,207,"2018-10-25","WINS"
260.585113525391,260.585113525391,260.585113525391,260.585113525391,577435,"2018-10-26","WINS"
262.515380859375,262.515380859375,254.794326782227,254.794326782227,3108,"2018-10-29","WINS"
254.794326782227,254.794326782227,254.794326782227,254.794326782227,0,"2018-10-30","WINS"
252.864059448242,270.236419677734,252.864059448242,260.585113525391,1786805,"2018-10-31","WINS"
260.585113525391,260.585113525391,260.585113525391,260.585113525391,518,"2018-11-01","WINS"
260.585113525391,270.236419677734,260.585113525391,270.236419677734,314569,"2018-11-02","WINS"
270.236419677734,270.236419677734,264.445617675781,264.445617675781,828,"2018-11-05","WINS"
252.864059448242,262.515380859375,250.933807373047,262.515380859375,2175,"2018-11-06","WINS"
250.933807373047,270.236419677734,249.003540039062,260.585113525391,328453,"2018-11-07","WINS"
260.585113525391,268.30615234375,250.933807373047,250.933807373047,3948690,"2018-11-08","WINS"
250.933807373047,260.585113525391,245.143020629883,260.585113525391,282241,"2018-11-09","WINS"
270.236419677734,270.236419677734,256.724578857422,256.724578857422,414,"2018-11-12","WINS"
250.933807373047,250.933807373047,250.933807373047,250.933807373047,31083,"2018-11-13","WINS"
250.933807373047,250.933807373047,243.212768554688,243.212768554688,21240,"2018-11-14","WINS"
243.212768554688,243.212768554688,243.212768554688,243.212768554688,0,"2018-11-15","WINS"
243.212768554688,262.515380859375,243.212768554688,260.585113525391,828,"2018-11-16","WINS"
256.724578857422,256.724578857422,256.724578857422,256.724578857422,310,"2018-11-19","WINS"
256.724578857422,256.724578857422,256.724578857422,256.724578857422,0,"2018-11-20","WINS"
256.724578857422,256.724578857422,250.933807373047,250.933807373047,10464,"2018-11-21","WINS"
231.631210327148,247.073287963867,225.840423583984,225.840423583984,6113,"2018-11-22","WINS"
250.933807373047,250.933807373047,249.003540039062,249.003540039062,5595,"2018-11-23","WINS"
250.933807373047,250.933807373047,249.003540039062,249.003540039062,1554,"2018-11-26","WINS"
249.003540039062,250.933807373047,249.003540039062,250.933807373047,45614579,"2018-11-27","WINS"
250.933807373047,250.933807373047,231.631210327148,243.212768554688,92215,"2018-11-28","WINS"
241.282501220703,241.282501220703,223.910171508789,225.840423583984,89728,"2018-11-29","WINS"
225.840423583984,229.700942993164,221.979904174805,221.979904174805,788909,"2018-11-30","WINS"
223.910171508789,223.910171508789,220.049652099609,221.979904174805,671722,"2018-12-03","WINS"
220.049652099609,221.979904174805,216.189117431641,218.119384765625,45916714,"2018-12-04","WINS"
220.049652099609,220.049652099609,218.119384765625,218.119384765625,21447,"2018-12-05","WINS"
218.119384765625,218.119384765625,218.119384765625,218.119384765625,0,"2018-12-06","WINS"
216.189117431641,216.189117431641,214.258865356445,214.258865356445,607275,"2018-12-07","WINS"
212.328598022461,212.328598022461,196.886520385742,206.537826538086,864753,"2018-12-10","WINS"
202.677307128906,214.258865356445,202.677307128906,212.328598022461,571011,"2018-12-11","WINS"
212.328598022461,214.258865356445,208.468078613281,214.258865356445,17925,"2018-12-12","WINS"
214.258865356445,214.258865356445,214.258865356445,214.258865356445,10464,"2018-12-13","WINS"
214.258865356445,214.258865356445,212.328598022461,212.328598022461,207,"2018-12-14","WINS"
214.258865356445,220.049652099609,214.258865356445,214.258865356445,15541,"2018-12-17","WINS"
214.258865356445,214.258865356445,196.886520385742,210.398345947266,2901,"2018-12-18","WINS"
204.607559204102,214.258865356445,202.677307128906,214.258865356445,75844,"2018-12-19","WINS"
214.258865356445,214.258865356445,204.607559204102,204.607559204102,310,"2018-12-20","WINS"
208.468078613281,220.049652099609,208.468078613281,218.119384765625,310,"2018-12-21","WINS"
218.119384765625,218.119384765625,218.119384765625,218.119384765625,0,"2018-12-24","WINS"
218.119384765625,218.119384765625,218.119384765625,218.119384765625,0,"2018-12-25","WINS"
208.468078613281,208.468078613281,208.468078613281,208.468078613281,103,"2018-12-26","WINS"
208.468078613281,208.468078613281,208.468078613281,208.468078613281,0,"2018-12-27","WINS"
210.398345947266,214.258865356445,210.398345947266,212.328598022461,518893,"2018-12-28","WINS"
212.328598022461,212.328598022461,212.328598022461,212.328598022461,0,"2018-12-31","WINS"
212.328598022461,212.328598022461,212.328598022461,212.328598022461,0,"2019-01-01","WINS"
221.979904174805,221.979904174805,220.049652099609,221.979904174805,3315,"2019-01-02","WINS"
221.979904174805,221.979904174805,202.677307128906,220.049652099609,2797,"2019-01-03","WINS"
220.049652099609,220.049652099609,212.328598022461,220.049652099609,8081,"2019-01-04","WINS"
220.049652099609,225.840423583984,212.328598022461,220.049652099609,82890,"2019-01-07","WINS"
214.258865356445,220.049652099609,214.258865356445,216.189117431641,59681,"2019-01-08","WINS"
214.258865356445,216.189117431641,214.258865356445,214.258865356445,61131,"2019-01-09","WINS"
214.258865356445,218.119384765625,214.258865356445,216.189117431641,2100753,"2019-01-10","WINS"
216.189117431641,218.119384765625,214.258865356445,214.258865356445,927543,"2019-01-11","WINS"
214.258865356445,214.258865356445,214.258865356445,214.258865356445,25177,"2019-01-14","WINS"
214.258865356445,214.258865356445,212.328598022461,212.328598022461,18546,"2019-01-15","WINS"
216.189117431641,218.119384765625,214.258865356445,214.258865356445,559302,"2019-01-16","WINS"
214.258865356445,220.049652099609,214.258865356445,220.049652099609,6113,"2019-01-17","WINS"
220.049652099609,221.979904174805,214.258865356445,214.258865356445,2074642,"2019-01-18","WINS"
214.258865356445,214.258865356445,212.328598022461,212.328598022461,198522,"2019-01-21","WINS"
212.328598022461,214.258865356445,212.328598022461,214.258865356445,333115,"2019-01-22","WINS"
214.258865356445,214.258865356445,206.537826538086,212.328598022461,271673,"2019-01-23","WINS"
212.328598022461,212.328598022461,208.468078613281,208.468078613281,237999,"2019-01-24","WINS"
208.468078613281,208.468078613281,208.468078613281,208.468078613281,0,"2019-01-25","WINS"
210.398345947266,212.328598022461,210.398345947266,210.398345947266,297058,"2019-01-28","WINS"
210.398345947266,210.398345947266,210.398345947266,210.398345947266,10257,"2019-01-29","WINS"
208.468078613281,212.328598022461,208.468078613281,212.328598022461,814708,"2019-01-30","WINS"
212.328598022461,212.328598022461,206.537826538086,206.537826538086,445535,"2019-01-31","WINS"
206.537826538086,210.398345947266,206.537826538086,210.398345947266,34917,"2019-02-01","WINS"
210.398345947266,225.840423583984,210.398345947266,216.189117431641,10050,"2019-02-04","WINS"
216.189117431641,216.189117431641,216.189117431641,216.189117431641,0,"2019-02-05","WINS"
220.049652099609,229.700942993164,218.119384765625,229.700942993164,8599,"2019-02-06","WINS"
221.979904174805,225.840423583984,194.956268310547,220.049652099609,435381,"2019-02-07","WINS"
218.119384765625,221.979904174805,216.189117431641,218.119384765625,289287,"2019-02-08","WINS"
221.979904174805,223.910171508789,218.119384765625,218.119384765625,211681,"2019-02-11","WINS"
223.910171508789,223.910171508789,216.189117431641,218.119384765625,51081,"2019-02-12","WINS"
218.119384765625,218.119384765625,216.189117431641,218.119384765625,70767,"2019-02-13","WINS"
227.770690917969,229.700942993164,218.119384765625,218.119384765625,178732,"2019-02-14","WINS"
221.979904174805,221.979904174805,216.189117431641,218.119384765625,120191,"2019-02-15","WINS"
218.119384765625,223.910171508789,218.119384765625,221.979904174805,582926,"2019-02-18","WINS"
221.979904174805,225.840423583984,208.468078613281,218.119384765625,407406,"2019-02-19","WINS"
216.189117431641,218.119384765625,214.258865356445,218.119384765625,576088,"2019-02-20","WINS"
216.189117431641,220.049652099609,216.189117431641,220.049652099609,4869,"2019-02-21","WINS"
227.770690917969,229.700942993164,221.979904174805,227.770690917969,502730,"2019-02-22","WINS"
229.700942993164,231.631210327148,221.979904174805,229.700942993164,11086,"2019-02-25","WINS"
231.631210327148,231.631210327148,225.840423583984,227.770690917969,64758,"2019-02-26","WINS"
227.770690917969,235.491729736328,227.770690917969,235.491729736328,24141,"2019-02-27","WINS"
235.491729736328,237.421981811523,229.700942993164,229.700942993164,16060,"2019-02-28","WINS"
229.700942993164,229.700942993164,229.700942993164,229.700942993164,310,"2019-03-01","WINS"
229.700942993164,229.700942993164,229.700942993164,229.700942993164,0,"2019-03-04","WINS"
223.910171508789,225.840423583984,218.119384765625,220.049652099609,278304,"2019-03-05","WINS"
220.049652099609,220.049652099609,218.119384765625,220.049652099609,9221,"2019-03-06","WINS"
220.049652099609,220.049652099609,220.049652099609,220.049652099609,0,"2019-03-07","WINS"
221.979904174805,221.979904174805,218.119384765625,218.119384765625,7356,"2019-03-08","WINS"
218.119384765625,218.119384765625,218.119384765625,218.119384765625,0,"2019-03-11","WINS"
223.910171508789,223.910171508789,223.910171508789,223.910171508789,3212,"2019-03-12","WINS"
223.910171508789,225.840423583984,223.910171508789,223.910171508789,725,"2019-03-13","WINS"
218.119384765625,223.910171508789,218.119384765625,223.910171508789,1036,"2019-03-14","WINS"
223.910171508789,223.910171508789,220.049652099609,220.049652099609,6424,"2019-03-15","WINS"
220.049652099609,220.049652099609,220.049652099609,220.049652099609,33052,"2019-03-18","WINS"
220.049652099609,220.049652099609,220.049652099609,220.049652099609,0,"2019-03-19","WINS"
220.049652099609,220.049652099609,220.049652099609,220.049652099609,3419,"2019-03-20","WINS"
220.049652099609,220.049652099609,220.049652099609,220.049652099609,0,"2019-03-21","WINS"
220.049652099609,220.049652099609,220.049652099609,220.049652099609,0,"2019-03-22","WINS"
220.049652099609,225.840423583984,220.049652099609,225.840423583984,125682,"2019-03-25","WINS"
225.840423583984,225.840423583984,220.049652099609,220.049652099609,6734,"2019-03-26","WINS"
220.049652099609,220.049652099609,220.049652099609,220.049652099609,0,"2019-03-27","WINS"
221.979904174805,221.979904174805,221.979904174805,221.979904174805,932,"2019-03-28","WINS"
223.910171508789,223.910171508789,221.979904174805,221.979904174805,205464,"2019-03-29","WINS"
221.979904174805,221.979904174805,212.328598022461,220.049652099609,120605,"2019-04-01","WINS"
221.979904174805,221.979904174805,216.189117431641,221.979904174805,19272,"2019-04-02","WINS"
221.979904174805,221.979904174805,221.979904174805,221.979904174805,0,"2019-04-03","WINS"
218.119384765625,221.979904174805,212.328598022461,212.328598022461,9117,"2019-04-04","WINS"
212.328598022461,220.049652099609,212.328598022461,220.049652099609,932,"2019-04-05","WINS"
220.049652099609,220.049652099609,212.328598022461,212.328598022461,36471,"2019-04-08","WINS"
220.049652099609,220.049652099609,208.468078613281,218.119384765625,46729,"2019-04-09","WINS"
218.119384765625,218.119384765625,214.258865356445,214.258865356445,31187,"2019-04-10","WINS"
214.258865356445,214.258865356445,210.398345947266,210.398345947266,11190,"2019-04-11","WINS"
208.468078613281,220.049652099609,208.468078613281,220.049652099609,29115,"2019-04-12","WINS"
208.468078613281,208.468078613281,208.468078613281,208.468078613281,2072,"2019-04-15","WINS"
220.049652099609,220.049652099609,212.328598022461,212.328598022461,2072,"2019-04-16","WINS"
212.328598022461,212.328598022461,212.328598022461,212.328598022461,0,"2019-04-17","WINS"
212.328598022461,218.119384765625,210.398345947266,218.119384765625,11915,"2019-04-18","WINS"
218.119384765625,218.119384765625,218.119384765625,218.119384765625,0,"2019-04-19","WINS"
212.328598022461,216.189117431641,210.398345947266,216.189117431641,122884,"2019-04-22","WINS"
212.328598022461,216.189117431641,212.328598022461,212.328598022461,2072,"2019-04-23","WINS"
214.258865356445,216.189117431641,214.258865356445,216.189117431641,121538,"2019-04-24","WINS"
216.189117431641,216.189117431641,216.189117431641,216.189117431641,2590,"2019-04-25","WINS"
216.189117431641,216.189117431641,216.189117431641,216.189117431641,621,"2019-04-26","WINS"
210.398345947266,210.398345947266,210.398345947266,210.398345947266,104338,"2019-04-29","WINS"
210.398345947266,210.398345947266,210.398345947266,210.398345947266,30565,"2019-04-30","WINS"
210.398345947266,210.398345947266,210.398345947266,210.398345947266,0,"2019-05-01","WINS"
210.398345947266,210.398345947266,206.537826538086,206.537826538086,78953,"2019-05-02","WINS"
206.537826538086,206.537826538086,202.677307128906,202.677307128906,72425,"2019-05-03","WINS"
202.677307128906,202.677307128906,183.374710083008,187.235229492188,197797,"2019-05-06","WINS"
187.235229492188,187.235229492188,183.374710083008,185.304962158203,448747,"2019-05-07","WINS"
189.165481567383,196.886520385742,188.200347900391,194.956268310547,200387,"2019-05-08","WINS"
184.339828491211,194.956268310547,184.339828491211,194.956268310547,414,"2019-05-09","WINS"
193.026000976562,193.026000976562,192.06086730957,193.026000976562,114181,"2019-05-10","WINS"
193.026000976562,216.189117431641,193.026000976562,212.328598022461,1136219,"2019-05-13","WINS"
212.328598022461,212.328598022461,188.200347900391,188.200347900391,30151,"2019-05-14","WINS"
193.026000976562,200.747039794922,193.026000976562,198.816787719727,119362,"2019-05-15","WINS"
193.026000976562,193.026000976562,193.026000976562,193.026000976562,9843,"2019-05-16","WINS"
194.956268310547,194.956268310547,194.956268310547,194.956268310547,310838,"2019-05-17","WINS"
194.956268310547,194.956268310547,194.956268310547,194.956268310547,62582,"2019-05-20","WINS"
194.956268310547,196.886520385742,194.956268310547,194.956268310547,41445,"2019-05-21","WINS"
196.886520385742,196.886520385742,196.886520385742,196.886520385742,41445,"2019-05-22","WINS"
196.886520385742,198.816787719727,196.886520385742,198.816787719727,53982,"2019-05-23","WINS"
198.816787719727,198.816787719727,194.956268310547,194.956268310547,10568,"2019-05-24","WINS"
194.956268310547,194.956268310547,187.235229492188,187.235229492188,10568,"2019-05-27","WINS"
187.235229492188,187.235229492188,185.304962158203,185.304962158203,38854,"2019-05-28","WINS"
185.304962158203,185.304962158203,185.304962158203,185.304962158203,2590,"2019-05-29","WINS"
185.304962158203,185.304962158203,185.304962158203,185.304962158203,0,"2019-05-30","WINS"
186.270095825195,186.270095825195,186.270095825195,186.270095825195,103,"2019-05-31","WINS"
186.270095825195,186.270095825195,186.270095825195,186.270095825195,0,"2019-06-03","WINS"
186.270095825195,186.270095825195,186.270095825195,186.270095825195,0,"2019-06-04","WINS"
186.270095825195,186.270095825195,186.270095825195,186.270095825195,0,"2019-06-05","WINS"
186.270095825195,186.270095825195,186.270095825195,186.270095825195,0,"2019-06-06","WINS"
186.270095825195,186.270095825195,186.270095825195,186.270095825195,0,"2019-06-07","WINS"
186.270095825195,187.235229492188,186.270095825195,187.235229492188,5595,"2019-06-10","WINS"
186.270095825195,186.270095825195,186.270095825195,186.270095825195,1243,"2019-06-11","WINS"
187.235229492188,187.235229492188,187.235229492188,187.235229492188,828,"2019-06-12","WINS"
193.026000976562,193.026000976562,193.026000976562,193.026000976562,1968,"2019-06-13","WINS"
198.816787719727,198.816787719727,183.374710083008,183.374710083008,1244702,"2019-06-14","WINS"
183.374710083008,183.374710083008,182.409576416016,183.374710083008,132002,"2019-06-17","WINS"
181.444442749023,181.444442749023,179.514190673828,180.479309082031,18857,"2019-06-18","WINS"
183.374710083008,200.747039794922,183.374710083008,200.747039794922,20826,"2019-06-19","WINS"
200.747039794922,200.747039794922,200.747039794922,200.747039794922,2072,"2019-06-20","WINS"
200.747039794922,200.747039794922,200.747039794922,200.747039794922,0,"2019-06-21","WINS"
200.747039794922,200.747039794922,200.747039794922,200.747039794922,0,"2019-06-24","WINS"
200.747039794922,200.747039794922,200.747039794922,200.747039794922,3730,"2019-06-25","WINS"
198.816787719727,200.747039794922,198.816787719727,198.816787719727,4144,"2019-06-26","WINS"
191.095748901367,192.06086730957,183.374710083008,183.374710083008,43724,"2019-06-27","WINS"
186.270095825195,188.200347900391,181.444442749023,181.444442749023,127029,"2019-06-28","WINS"
193.026000976562,198.816787719727,193.026000976562,196.886520385742,32430,"2019-07-01","WINS"
198.816787719727,200.747039794922,198.816787719727,200.747039794922,15541,"2019-07-02","WINS"
191.095748901367,191.095748901367,181.444442749023,185.304962158203,1126894,"2019-07-03","WINS"
185.304962158203,194.956268310547,178.549057006836,178.549057006836,984530,"2019-07-04","WINS"
179.514190673828,193.026000976562,179.514190673828,184.339828491211,233854,"2019-07-05","WINS"
182.409576416016,182.409576416016,178.549057006836,178.549057006836,617844,"2019-07-08","WINS"
179.514190673828,186.270095825195,179.514190673828,183.374710083008,44657,"2019-07-09","WINS"
179.514190673828,179.514190673828,177.583923339844,177.583923339844,457865,"2019-07-10","WINS"
177.583923339844,181.444442749023,176.618789672852,177.583923339844,77295,"2019-07-11","WINS"
178.549057006836,178.549057006836,159.246459960938,159.246459960938,14313615,"2019-07-12","WINS"
159.246459960938,169.862884521484,159.246459960938,162.141845703125,3239045,"2019-07-15","WINS"
162.141845703125,168.897750854492,154.420806884766,156.351058959961,1976624,"2019-07-16","WINS"
156.351058959961,166.967498779297,156.351058959961,165.037231445312,5491,"2019-07-17","WINS"
165.037231445312,167.9326171875,165.037231445312,165.037231445312,21965,"2019-07-18","WINS"
166.967498779297,166.967498779297,164.07209777832,164.07209777832,420979,"2019-07-19","WINS"
170.828018188477,173.723403930664,165.037231445312,165.037231445312,424087,"2019-07-22","WINS"
159.246459960938,165.037231445312,159.246459960938,160.211578369141,2877436,"2019-07-23","WINS"
160.211578369141,161.176712036133,159.246459960938,159.246459960938,2256690,"2019-07-24","WINS"
154.420806884766,168.897750854492,154.420806884766,156.351058959961,6862702,"2019-07-25","WINS"
157.316192626953,159.246459960938,155.385940551758,155.385940551758,641571,"2019-07-26","WINS"
157.316192626953,166.002365112305,157.316192626953,161.176712036133,45599555,"2019-07-29","WINS"
162.141845703125,162.141845703125,158.281326293945,160.211578369141,762073,"2019-07-30","WINS"
161.176712036133,161.176712036133,159.246459960938,159.246459960938,298819,"2019-07-31","WINS"
160.211578369141,161.176712036133,158.281326293945,159.246459960938,1343653,"2019-08-01","WINS"
159.246459960938,159.246459960938,152.490539550781,153.455673217773,931998,"2019-08-02","WINS"
152.490539550781,154.420806884766,151.525405883789,153.455673217773,247013,"2019-08-05","WINS"
149.595153808594,149.595153808594,149.595153808594,149.595153808594,863199,"2019-08-06","WINS"
149.595153808594,150.560287475586,145.734634399414,145.734634399414,11877156,"2019-08-07","WINS"
145.734634399414,152.490539550781,144.769500732422,150.560287475586,2112772,"2019-08-08","WINS"
150.560287475586,152.490539550781,150.560287475586,150.560287475586,44449,"2019-08-09","WINS"
150.560287475586,150.560287475586,147.664886474609,147.664886474609,201009,"2019-08-12","WINS"
149.595153808594,152.490539550781,149.595153808594,149.595153808594,36138654,"2019-08-13","WINS"
149.595153808594,152.490539550781,149.595153808594,152.490539550781,3315,"2019-08-14","WINS"
150.560287475586,150.560287475586,150.560287475586,150.560287475586,621,"2019-08-15","WINS"
150.560287475586,150.560287475586,150.560287475586,150.560287475586,9117,"2019-08-16","WINS"
154.420806884766,154.420806884766,144.769500732422,150.560287475586,252297,"2019-08-19","WINS"
150.560287475586,152.490539550781,146.699768066406,148.630020141602,1399293,"2019-08-20","WINS"
151.525405883789,151.525405883789,147.664886474609,147.664886474609,188161,"2019-08-21","WINS"
148.630020141602,149.595153808594,148.630020141602,149.595153808594,374250,"2019-08-22","WINS"
149.595153808594,152.490539550781,149.595153808594,149.595153808594,137287,"2019-08-23","WINS"
148.630020141602,157.316192626953,145.734634399414,157.316192626953,53360,"2019-08-26","WINS"
156.351058959961,156.351058959961,154.420806884766,154.420806884766,14816,"2019-08-27","WINS"
154.420806884766,154.420806884766,154.420806884766,154.420806884766,0,"2019-08-28","WINS"
154.420806884766,154.420806884766,154.420806884766,154.420806884766,32430,"2019-08-29","WINS"
154.420806884766,154.420806884766,154.420806884766,154.420806884766,57194,"2019-08-30","WINS"
154.420806884766,154.420806884766,153.455673217773,153.455673217773,414,"2019-09-02","WINS"
152.490539550781,152.490539550781,146.699768066406,146.699768066406,54914,"2019-09-03","WINS"
150.560287475586,151.525405883789,146.699768066406,150.560287475586,246288,"2019-09-04","WINS"
149.595153808594,149.595153808594,147.664886474609,147.664886474609,121019,"2019-09-05","WINS"
152.490539550781,152.490539550781,148.630020141602,148.630020141602,24038,"2019-09-06","WINS"
149.595153808594,153.455673217773,148.630020141602,153.455673217773,47143,"2019-09-09","WINS"
153.455673217773,153.455673217773,153.455673217773,153.455673217773,8185,"2019-09-10","WINS"
154.420806884766,154.420806884766,152.490539550781,153.455673217773,337053,"2019-09-11","WINS"
149.595153808594,149.595153808594,149.595153808594,149.595153808594,6216,"2019-09-12","WINS"
152.490539550781,152.490539550781,149.595153808594,149.595153808594,4558,"2019-09-13","WINS"
155.385940551758,155.385940551758,148.630020141602,148.630020141602,253230,"2019-09-16","WINS"
150.560287475586,150.560287475586,149.595153808594,149.595153808594,26421,"2019-09-17","WINS"
156.351058959961,156.351058959961,148.630020141602,149.595153808594,72529,"2019-09-18","WINS"
149.595153808594,149.595153808594,149.595153808594,149.595153808594,0,"2019-09-19","WINS"
149.595153808594,152.490539550781,149.595153808594,152.490539550781,621,"2019-09-20","WINS"
150.560287475586,150.560287475586,148.630020141602,148.630020141602,49423,"2019-09-23","WINS"
148.630020141602,148.630020141602,144.769500732422,144.769500732422,684570,"2019-09-24","WINS"
143.80436706543,144.769500732422,142.839248657227,142.839248657227,541585,"2019-09-25","WINS"
142.839248657227,148.630020141602,141.874114990234,141.874114990234,1011884,"2019-09-26","WINS"
142.839248657227,144.769500732422,140.908981323242,140.908981323242,734305,"2019-09-27","WINS"
140.908981323242,140.908981323242,133.187942504883,133.187942504883,93044,"2019-09-30","WINS"
144.769500732422,144.769500732422,137.048461914062,144.769500732422,414659,"2019-10-01","WINS"
145.734634399414,145.734634399414,144.769500732422,144.769500732422,1243,"2019-10-02","WINS"
144.769500732422,144.769500732422,135.118209838867,136.08332824707,33363,"2019-10-03","WINS"
137.048461914062,137.048461914062,135.118209838867,136.08332824707,226394,"2019-10-04","WINS"
139.94384765625,139.94384765625,138.978729248047,138.978729248047,243076,"2019-10-07","WINS"
138.978729248047,138.978729248047,130.292556762695,130.292556762695,10050,"2019-10-08","WINS"
131.257690429688,132.222808837891,131.257690429688,132.222808837891,1554,"2019-10-09","WINS"
135.118209838867,135.118209838867,135.118209838867,135.118209838867,345031,"2019-10-10","WINS"
135.118209838867,135.118209838867,135.118209838867,135.118209838867,12537,"2019-10-11","WINS"
135.118209838867,135.118209838867,135.118209838867,135.118209838867,193756,"2019-10-14","WINS"
130.292556762695,131.257690429688,128.362289428711,128.362289428711,112212,"2019-10-15","WINS"
129.327423095703,129.327423095703,129.327423095703,129.327423095703,103,"2019-10-16","WINS"
129.327423095703,142.839248657227,129.327423095703,133.187942504883,295815,"2019-10-17","WINS"
142.839248657227,142.839248657227,131.257690429688,135.118209838867,810667,"2019-10-18","WINS"
132.222808837891,132.222808837891,125.466903686523,125.466903686523,40719,"2019-10-21","WINS"
126.432029724121,135.118209838867,126.432029724121,126.432029724121,449162,"2019-10-22","WINS"
127.397163391113,132.222808837891,126.432029724121,127.397163391113,1058406,"2019-10-23","WINS"
126.432029724121,126.432029724121,125.466903686523,125.466903686523,1452135,"2019-10-24","WINS"
126.432029724121,135.118209838867,123.536643981934,124.501770019531,104131,"2019-10-25","WINS"
124.501770019531,124.501770019531,123.536643981934,124.501770019531,551946,"2019-10-28","WINS"
124.501770019531,124.501770019531,124.501770019531,124.501770019531,367826,"2019-10-29","WINS"
134.153076171875,134.153076171875,122.571510314941,124.501770019531,364096,"2019-10-30","WINS"
132.222808837891,135.118209838867,120.641250610352,124.501770019531,144125,"2019-10-31","WINS"
132.222808837891,132.222808837891,120.641250610352,132.222808837891,3004,"2019-11-01","WINS"
121.606384277344,130.292556762695,121.606384277344,130.292556762695,79263,"2019-11-04","WINS"
120.641250610352,130.292556762695,120.641250610352,128.362289428711,53567,"2019-11-05","WINS"
128.362289428711,128.362289428711,128.362289428711,128.362289428711,31083,"2019-11-06","WINS"
129.327423095703,130.292556762695,128.362289428711,128.362289428711,452374,"2019-11-07","WINS"
125.466903686523,125.466903686523,119.676124572754,125.466903686523,151896,"2019-11-08","WINS"
121.606384277344,124.501770019531,121.606384277344,122.571510314941,382228,"2019-11-11","WINS"
122.571510314941,122.571510314941,118.710990905762,122.571510314941,193652,"2019-11-12","WINS"
130.292556762695,130.292556762695,122.571510314941,122.571510314941,90350,"2019-11-13","WINS"
122.571510314941,122.571510314941,122.571510314941,122.571510314941,606239,"2019-11-14","WINS"
121.606384277344,122.571510314941,120.641250610352,122.571510314941,541895,"2019-11-15","WINS"
121.606384277344,122.571510314941,121.606384277344,122.571510314941,30047,"2019-11-18","WINS"
122.571510314941,122.571510314941,120.641250610352,120.641250610352,450302,"2019-11-19","WINS"
120.641250610352,120.641250610352,119.676124572754,120.641250610352,414659,"2019-11-20","WINS"
122.571510314941,122.571510314941,121.606384277344,122.571510314941,48801,"2019-11-21","WINS"
118.710990905762,122.571510314941,118.710990905762,122.571510314941,42584,"2019-11-22","WINS"
125.466903686523,127.397163391113,118.710990905762,122.571510314941,4034275,"2019-11-25","WINS"
122.571510314941,124.501770019531,122.571510314941,122.571510314941,236652,"2019-11-26","WINS"
120.641250610352,122.571510314941,120.641250610352,122.571510314941,57090,"2019-11-27","WINS"
122.571510314941,122.571510314941,119.676124572754,119.676124572754,3142788,"2019-11-28","WINS"
122.571510314941,122.571510314941,120.641250610352,122.571510314941,6967040,"2019-11-29","WINS"
122.571510314941,122.571510314941,120.641250610352,122.571510314941,5189145,"2019-12-02","WINS"
122.571510314941,122.571510314941,122.571510314941,122.571510314941,2072259,"2019-12-03","WINS"
122.571510314941,122.571510314941,122.571510314941,122.571510314941,18207909,"2019-12-04","WINS"
122.571510314941,122.571510314941,122.571510314941,122.571510314941,3255001,"2019-12-05","WINS"
121.606384277344,121.606384277344,114.850471496582,115.815605163574,643747,"2019-12-06","WINS"
115.815605163574,122.571510314941,115.815605163574,121.606384277344,6838,"2019-12-09","WINS"
121.606384277344,121.606384277344,119.676124572754,121.606384277344,4365940,"2019-12-10","WINS"
121.606384277344,121.606384277344,119.676124572754,120.641250610352,1815195,"2019-12-11","WINS"
120.641250610352,121.606384277344,120.641250610352,121.606384277344,7606747,"2019-12-12","WINS"
121.606384277344,121.606384277344,120.641250610352,120.641250610352,48076,"2019-12-13","WINS"
121.606384277344,121.606384277344,117.745864868164,121.606384277344,372074,"2019-12-16","WINS"
117.745864868164,120.641250610352,116.780731201172,120.641250610352,465843,"2019-12-17","WINS"
120.641250610352,120.641250610352,114.850471496582,114.850471496582,518064,"2019-12-18","WINS"
119.676124572754,120.641250610352,119.676124572754,120.641250610352,443049,"2019-12-19","WINS"
120.641250610352,120.641250610352,115.815605163574,115.815605163574,323272,"2019-12-20","WINS"
117.745864868164,120.641250610352,114.850471496582,119.676124572754,443152,"2019-12-23","WINS"
114.850471496582,120.641250610352,114.850471496582,117.745864868164,284935,"2019-12-26","WINS"
117.745864868164,121.606384277344,117.745864868164,120.641250610352,1166164,"2019-12-27","WINS"
120.641250610352,120.641250610352,115.815605163574,115.815605163574,2466092,"2019-12-30","WINS"
115.815605163574,119.676124572754,112.920211791992,119.676124572754,987535,"2020-01-02","WINS"
119.676124572754,120.641250610352,119.676124572754,120.641250610352,4455,"2020-01-03","WINS"
120.641250610352,120.641250610352,118.710990905762,118.710990905762,1690342,"2020-01-06","WINS"
118.710990905762,120.641250610352,118.710990905762,120.641250610352,103405,"2020-01-07","WINS"
114.850471496582,114.850471496582,114.850471496582,114.850471496582,5180,"2020-01-08","WINS"
116.780731201172,116.780731201172,116.780731201172,116.780731201172,20722,"2020-01-09","WINS"
116.780731201172,116.780731201172,116.780731201172,116.780731201172,19686,"2020-01-10","WINS"
116.780731201172,116.780731201172,115.815605163574,115.815605163574,186606,"2020-01-13","WINS"
114.850471496582,119.676124572754,114.850471496582,115.815605163574,11086,"2020-01-14","WINS"
114.850471496582,115.815605163574,113.885345458984,115.815605163574,2693,"2020-01-15","WINS"
115.815605163574,115.815605163574,115.815605163574,115.815605163574,61753,"2020-01-16","WINS"
115.815605163574,115.815605163574,115.815605163574,115.815605163574,477655,"2020-01-17","WINS"
114.850471496582,114.850471496582,114.850471496582,114.850471496582,932,"2020-01-20","WINS"
114.850471496582,114.850471496582,114.850471496582,114.850471496582,0,"2020-01-21","WINS"
114.850471496582,119.676124572754,114.850471496582,119.676124572754,159045,"2020-01-22","WINS"
118.710990905762,118.710990905762,115.815605163574,115.815605163574,218623,"2020-01-23","WINS"
112.920211791992,112.920211791992,112.920211791992,112.920211791992,1036,"2020-01-24","WINS"
112.920211791992,115.815605163574,109.059692382812,109.059692382812,660947,"2020-01-27","WINS"
115.815605163574,115.815605163574,98.4432601928711,98.4432601928711,3026638,"2020-01-28","WINS"
103.268913269043,107.129432678223,97.4781341552734,97.4781341552734,1552226,"2020-01-29","WINS"
98.4432601928711,98.4432601928711,94.5827407836914,96.5130004882812,48848133,"2020-01-30","WINS"
96.5130004882812,96.5130004882812,86.861701965332,87.8268356323242,7551417,"2020-01-31","WINS"
87.8268356323242,88.7919616699219,82.0360488891602,84.9314422607422,611627,"2020-02-03","WINS"
91.6873550415039,96.5130004882812,86.861701965332,93.6176147460938,22726989,"2020-02-04","WINS"
93.6176147460938,93.6176147460938,86.861701965332,88.7919616699219,9532,"2020-02-05","WINS"
87.8268356323242,94.5827407836914,85.8965682983398,92.6524810791016,3866111,"2020-02-06","WINS"
91.6873550415039,91.6873550415039,86.861701965332,87.8268356323242,98950,"2020-02-07","WINS"
96.5130004882812,96.5130004882812,93.6176147460938,94.5827407836914,27768,"2020-02-10","WINS"
93.6176147460938,93.6176147460938,91.6873550415039,91.6873550415039,772227,"2020-02-11","WINS"
93.6176147460938,93.6176147460938,92.6524810791016,92.6524810791016,154901,"2020-02-12","WINS"
93.6176147460938,93.6176147460938,92.6524810791016,92.6524810791016,463460,"2020-02-13","WINS"
95.5478744506836,96.5130004882812,94.5827407836914,96.5130004882812,10613388,"2020-02-14","WINS"
96.5130004882812,96.5130004882812,89.7570953369141,89.7570953369141,21655,"2020-02-17","WINS"
89.7570953369141,96.5130004882812,89.7570953369141,94.5827407836914,522002,"2020-02-18","WINS"
94.5827407836914,94.5827407836914,94.5827407836914,94.5827407836914,0,"2020-02-19","WINS"
96.5130004882812,96.5130004882812,96.5130004882812,96.5130004882812,518,"2020-02-20","WINS"
96.5130004882812,96.5130004882812,92.6524810791016,95.5478744506836,1202014,"2020-02-21","WINS"
93.6176147460938,96.5130004882812,93.6176147460938,95.5478744506836,528011,"2020-02-24","WINS"
96.5130004882812,96.5130004882812,96.5130004882812,96.5130004882812,10361,"2020-02-25","WINS"
94.5827407836914,96.5130004882812,94.5827407836914,96.5130004882812,932,"2020-02-26","WINS"
94.5827407836914,94.5827407836914,86.861701965332,89.7570953369141,832737,"2020-02-27","WINS"
85.8965682983398,86.861701965332,83.0011825561523,83.0011825561523,1861718,"2020-02-28","WINS"
83.0011825561523,86.861701965332,83.0011825561523,86.861701965332,34606,"2020-03-02","WINS"
90.7222213745117,95.5478744506836,87.8268356323242,93.6176147460938,323997,"2020-03-03","WINS"
90.7222213745117,93.6176147460938,90.7222213745117,91.6873550415039,1736864,"2020-03-04","WINS"
91.6873550415039,91.6873550415039,88.7919616699219,91.6873550415039,290945,"2020-03-05","WINS"
87.8268356323242,87.8268356323242,87.8268356323242,87.8268356323242,4455,"2020-03-06","WINS"
87.8268356323242,87.8268356323242,83.0011825561523,86.861701965332,4603835,"2020-03-09","WINS"
86.861701965332,86.861701965332,82.0360488891602,82.0360488891602,4535865,"2020-03-10","WINS"
86.861701965332,86.861701965332,79.1406631469727,79.1406631469727,4822459,"2020-03-11","WINS"
78.1755294799805,83.96630859375,77.2104034423828,77.2104034423828,4123900,"2020-03-12","WINS"
77.2104034423828,77.2104034423828,72.3847503662109,77.2104034423828,270533,"2020-03-13","WINS"
72.3847503662109,83.0011825561523,72.3847503662109,82.0360488891602,9843,"2020-03-16","WINS"
77.2104034423828,83.96630859375,77.2104034423828,83.96630859375,1447473,"2020-03-17","WINS"
78.1755294799805,78.1755294799805,78.1755294799805,78.1755294799805,6235532,"2020-03-18","WINS"
73.3498840332031,82.0360488891602,73.3498840332031,73.3498840332031,6143213,"2020-03-19","WINS"
73.3498840332031,73.3498840332031,68.5242309570312,68.5242309570312,7871374,"2020-03-20","WINS"
68.5242309570312,72.3847503662109,68.5242309570312,68.5242309570312,62582,"2020-03-23","WINS"
72.3847503662109,72.3847503662109,72.3847503662109,72.3847503662109,3730,"2020-03-24","WINS"
77.2104034423828,95.5478744506836,77.2104034423828,95.5478744506836,319853,"2020-03-26","WINS"
95.5478744506836,95.5478744506836,91.6873550415039,95.5478744506836,9636,"2020-03-27","WINS"
89.7570953369141,90.7222213745117,89.7570953369141,89.7570953369141,16267,"2020-03-30","WINS"
89.7570953369141,89.7570953369141,83.96630859375,83.96630859375,18132,"2020-03-31","WINS"
79.1406631469727,83.96630859375,78.1755294799805,78.1755294799805,11501,"2020-04-01","WINS"
73.3498840332031,74.3150100708008,73.3498840332031,74.3150100708008,127962,"2020-04-02","WINS"
74.3150100708008,84.9314422607422,69.4893646240234,84.9314422607422,538787,"2020-04-03","WINS"
86.861701965332,88.7919616699219,86.861701965332,88.7919616699219,49837,"2020-04-06","WINS"
88.7919616699219,88.7919616699219,88.7919616699219,88.7919616699219,1139,"2020-04-07","WINS"
88.7919616699219,88.7919616699219,83.0011825561523,86.861701965332,5387,"2020-04-08","WINS"
82.0360488891602,83.96630859375,81.0709228515625,82.0360488891602,598157,"2020-04-09","WINS"
82.0360488891602,87.8268356323242,82.0360488891602,85.8965682983398,3419,"2020-04-13","WINS"
85.8965682983398,86.861701965332,81.0709228515625,85.8965682983398,58541,"2020-04-14","WINS"
85.8965682983398,85.8965682983398,85.8965682983398,85.8965682983398,53153,"2020-04-15","WINS"
85.8965682983398,85.8965682983398,80.1057891845703,80.1057891845703,110036,"2020-04-16","WINS"
80.1057891845703,80.1057891845703,80.1057891845703,80.1057891845703,78435,"2020-04-17","WINS"
80.1057891845703,80.1057891845703,75.280143737793,75.280143737793,399531,"2020-04-20","WINS"
70.4544906616211,73.3498840332031,70.4544906616211,70.4544906616211,238931,"2020-04-21","WINS"
76.2452697753906,76.2452697753906,70.4544906616211,70.4544906616211,282345,"2020-04-22","WINS"
77.2104034423828,77.2104034423828,77.2104034423828,77.2104034423828,1139,"2020-04-23","WINS"
77.2104034423828,79.1406631469727,77.2104034423828,77.2104034423828,21240,"2020-04-24","WINS"
72.3847503662109,77.2104034423828,72.3847503662109,72.3847503662109,113248,"2020-04-27","WINS"
69.4893646240234,69.4893646240234,67.5590972900391,67.5590972900391,1207505,"2020-04-28","WINS"
67.5590972900391,71.4196243286133,66.5939712524414,70.4544906616211,672655,"2020-04-29","WINS"
68.5242309570312,69.4893646240234,65.6288375854492,69.4893646240234,1101095,"2020-04-30","WINS"
69.4893646240234,69.4893646240234,65.6288375854492,68.5242309570312,109311,"2020-05-04","WINS"
68.5242309570312,70.4544906616211,65.6288375854492,68.5242309570312,53671,"2020-05-05","WINS"
67.5590972900391,72.3847503662109,64.6637115478516,72.3847503662109,477448,"2020-05-06","WINS"
67.5590972900391,71.4196243286133,67.5590972900391,71.4196243286133,1223462,"2020-05-08","WINS"
67.5590972900391,71.4196243286133,67.5590972900391,70.4544906616211,1057059,"2020-05-11","WINS"
76.2452697753906,76.2452697753906,65.6288375854492,65.6288375854492,446157,"2020-05-12","WINS"
66.5939712524414,66.5939712524414,65.6288375854492,65.6288375854492,138530,"2020-05-13","WINS"
65.6288375854492,65.6288375854492,65.6288375854492,65.6288375854492,0,"2020-05-14","WINS"
65.6288375854492,65.6288375854492,65.6288375854492,65.6288375854492,2072,"2020-05-15","WINS"
65.6288375854492,65.6288375854492,62.7334518432617,62.7334518432617,25592,"2020-05-18","WINS"
66.5939712524414,68.5242309570312,58.872932434082,59.838062286377,3119579,"2020-05-19","WINS"
67.5590972900391,67.5590972900391,61.7683219909668,61.7683219909668,6734,"2020-05-20","WINS"
60.8031921386719,62.7334518432617,57.9078025817871,61.7683219909668,135111,"2020-05-26","WINS"
66.5939712524414,66.5939712524414,59.838062286377,61.7683219909668,141535,"2020-05-27","WINS"
60.8031921386719,60.8031921386719,59.838062286377,60.8031921386719,43103,"2020-05-28","WINS"
60.8031921386719,70.4544906616211,60.8031921386719,70.4544906616211,510190,"2020-05-29","WINS"
65.6288375854492,70.4544906616211,65.6288375854492,70.4544906616211,51702,"2020-06-02","WINS"
80.1057891845703,80.1057891845703,67.5590972900391,73.3498840332031,319335,"2020-06-03","WINS"
78.1755294799805,78.1755294799805,69.4893646240234,77.2104034423828,319127,"2020-06-04","WINS"
77.2104034423828,95.5478744506836,75.280143737793,79.1406631469727,183394,"2020-06-05","WINS"
79.1406631469727,87.8268356323242,79.1406631469727,84.9314422607422,165469,"2020-06-08","WINS"
91.6873550415039,91.6873550415039,80.1057891845703,85.8965682983398,47143,"2020-06-09","WINS"
95.5478744506836,95.5478744506836,80.1057891845703,85.8965682983398,148062,"2020-06-10","WINS"
95.5478744506836,95.5478744506836,80.1057891845703,83.0011825561523,105063,"2020-06-11","WINS"
83.96630859375,83.96630859375,77.2104034423828,80.1057891845703,108379,"2020-06-12","WINS"
78.1755294799805,78.1755294799805,75.280143737793,78.1755294799805,6009,"2020-06-15","WINS"
87.8268356323242,87.8268356323242,73.3498840332031,85.8965682983398,378601,"2020-06-16","WINS"
85.8965682983398,85.8965682983398,85.8965682983398,85.8965682983398,1139,"2020-06-17","WINS"
85.8965682983398,88.7919616699219,85.8965682983398,87.8268356323242,28182,"2020-06-18","WINS"
87.8268356323242,89.7570953369141,84.9314422607422,89.7570953369141,254266,"2020-06-19","WINS"
88.7919616699219,92.6524810791016,86.861701965332,88.7919616699219,134386,"2020-06-22","WINS"
86.861701965332,96.5130004882812,83.96630859375,86.861701965332,174587,"2020-06-23","WINS"
88.7919616699219,91.6873550415039,84.9314422607422,88.7919616699219,1607037,"2020-06-24","WINS"
88.7919616699219,88.7919616699219,88.7919616699219,88.7919616699219,2232963,"2020-06-25","WINS"
88.7919616699219,88.7919616699219,83.96630859375,88.7919616699219,552775,"2020-06-26","WINS"
83.0011825561523,88.7919616699219,83.0011825561523,88.7919616699219,295296,"2020-06-29","WINS"
88.7919616699219,88.7919616699219,87.8268356323242,87.8268356323242,64343,"2020-06-30","WINS"
87.8268356323242,87.8268356323242,83.96630859375,87.8268356323242,41652,"2020-07-01","WINS"
87.8268356323242,87.8268356323242,82.0360488891602,87.8268356323242,37715,"2020-07-02","WINS"
87.8268356323242,87.8268356323242,87.8268356323242,87.8268356323242,26110,"2020-07-03","WINS"
82.0360488891602,89.7570953369141,82.0360488891602,88.7919616699219,1719146,"2020-07-06","WINS"
88.7919616699219,88.7919616699219,88.7919616699219,88.7919616699219,1037684,"2020-07-07","WINS"
86.861701965332,87.8268356323242,86.861701965332,87.8268356323242,488327,"2020-07-08","WINS"
87.8268356323242,87.8268356323242,87.8268356323242,87.8268356323242,1707645,"2020-07-09","WINS"
87.8268356323242,89.7570953369141,87.8268356323242,89.7570953369141,518168,"2020-07-10","WINS"
89.7570953369141,89.7570953369141,86.861701965332,88.7919616699219,122781,"2020-07-13","WINS"
88.7919616699219,88.7919616699219,86.861701965332,87.8268356323242,814087,"2020-07-14","WINS"
87.8268356323242,88.7919616699219,87.8268356323242,88.7919616699219,46729,"2020-07-15","WINS"
88.7919616699219,89.7570953369141,85.8965682983398,88.7919616699219,529669,"2020-07-16","WINS"
88.7919616699219,88.7919616699219,85.8965682983398,88.7919616699219,57816,"2020-07-17","WINS"
88.7919616699219,88.7919616699219,88.7919616699219,88.7919616699219,0,"2020-07-20","WINS"
90.7222213745117,90.7222213745117,88.7919616699219,89.7570953369141,73979,"2020-07-21","WINS"
89.7570953369141,89.7570953369141,89.7570953369141,89.7570953369141,31187,"2020-07-22","WINS"
88.7919616699219,89.7570953369141,88.7919616699219,88.7919616699219,94287,"2020-07-23","WINS"
88.7919616699219,88.7919616699219,85.8965682983398,88.7919616699219,469263,"2020-07-24","WINS"
88.7919616699219,88.7919616699219,85.8965682983398,87.8268356323242,84133,"2020-07-27","WINS"
88.7919616699219,88.7919616699219,88.7919616699219,88.7919616699219,10672,"2020-07-28","WINS"
87.8268356323242,96.5130004882812,87.8268356323242,96.5130004882812,888481,"2020-07-29","WINS"
96.5130004882812,98.4432601928711,93.6176147460938,95.5478744506836,62893,"2020-07-30","WINS"
91.6873550415039,91.6873550415039,89.7570953369141,91.6873550415039,1014992,"2020-08-03","WINS"
91.6873550415039,94.5827407836914,91.6873550415039,94.5827407836914,51806,"2020-08-04","WINS"
89.7570953369141,95.5478744506836,88.7919616699219,93.6176147460938,899360,"2020-08-05","WINS"
92.6524810791016,92.6524810791016,92.6524810791016,92.6524810791016,6009,"2020-08-06","WINS"
88.7919616699219,91.6873550415039,88.7919616699219,91.6873550415039,114181,"2020-08-07","WINS"
86.861701965332,92.6524810791016,86.861701965332,92.6524810791016,114492,"2020-08-10","WINS"
92.6524810791016,92.6524810791016,86.861701965332,92.6524810791016,15334,"2020-08-11","WINS"
92.6524810791016,92.6524810791016,92.6524810791016,92.6524810791016,1036,"2020-08-12","WINS"
92.6524810791016,92.6524810791016,90.7222213745117,92.6524810791016,416938,"2020-08-13","WINS"
92.6524810791016,95.5478744506836,86.861701965332,93.6176147460938,125164,"2020-08-14","WINS"
101.338653564453,101.338653564453,93.6176147460938,93.6176147460938,21551,"2020-08-18","WINS"
95.5478744506836,95.5478744506836,90.7222213745117,93.6176147460938,662190,"2020-08-19","WINS"
94.5827407836914,94.5827407836914,94.5827407836914,94.5827407836914,32016,"2020-08-24","WINS"
94.5827407836914,101.338653564453,94.5827407836914,95.5478744506836,269808,"2020-08-25","WINS"
95.5478744506836,101.338653564453,95.5478744506836,96.5130004882812,280480,"2020-08-26","WINS"
99.4083938598633,101.338653564453,95.5478744506836,97.4781341552734,1953830,"2020-08-27","WINS"
98.4432601928711,101.338653564453,94.5827407836914,96.5130004882812,240485,"2020-08-28","WINS"
96.5130004882812,100.373519897461,96.5130004882812,96.5130004882812,133349,"2020-08-31","WINS"
92.6524810791016,95.5478744506836,92.6524810791016,95.5478744506836,104752,"2020-09-01","WINS"
93.6176147460938,98.4432601928711,93.6176147460938,96.5130004882812,78745,"2020-09-02","WINS"
96.5130004882812,96.5130004882812,93.6176147460938,94.5827407836914,19168,"2020-09-03","WINS"
94.5827407836914,96.5130004882812,92.6524810791016,96.5130004882812,566452,"2020-09-04","WINS"
96.5130004882812,96.5130004882812,91.6873550415039,96.5130004882812,116668,"2020-09-07","WINS"
96.5130004882812,96.5130004882812,96.5130004882812,96.5130004882812,5180,"2020-09-08","WINS"
96.5130004882812,96.5130004882812,93.6176147460938,95.5478744506836,300684,"2020-09-09","WINS"
94.5827407836914,94.5827407836914,94.5827407836914,94.5827407836914,141431,"2020-09-10","WINS"
94.5827407836914,96.5130004882812,94.5827407836914,96.5130004882812,600851,"2020-09-11","WINS"
96.5130004882812,96.5130004882812,91.6873550415039,96.5130004882812,2486,"2020-09-14","WINS"
99.4083938598633,99.4083938598633,95.5478744506836,95.5478744506836,52220,"2020-09-15","WINS"
95.5478744506836,95.5478744506836,89.7570953369141,94.5827407836914,553189,"2020-09-16","WINS"
96.5130004882812,96.5130004882812,90.7222213745117,95.5478744506836,1554,"2020-09-17","WINS"
96.5130004882812,96.5130004882812,94.5827407836914,95.5478744506836,518,"2020-09-18","WINS"
96.5130004882812,96.5130004882812,95.5478744506836,95.5478744506836,15852,"2020-09-21","WINS"
95.5478744506836,95.5478744506836,95.5478744506836,95.5478744506836,6527,"2020-09-22","WINS"
95.5478744506836,96.5130004882812,91.6873550415039,95.5478744506836,339228,"2020-09-23","WINS"
92.6524810791016,94.5827407836914,91.6873550415039,91.6873550415039,88692,"2020-09-24","WINS"
91.6873550415039,94.5827407836914,90.7222213745117,92.6524810791016,9325,"2020-09-25","WINS"
92.6524810791016,92.6524810791016,92.6524810791016,92.6524810791016,828,"2020-09-28","WINS"
92.6524810791016,92.6524810791016,87.8268356323242,92.6524810791016,8703,"2020-09-29","WINS"
92.6524810791016,92.6524810791016,86.861701965332,91.6873550415039,319335,"2020-09-30","WINS"
91.6873550415039,93.6176147460938,91.6873550415039,91.6873550415039,192823,"2020-10-01","WINS"
91.6873550415039,91.6873550415039,91.6873550415039,91.6873550415039,42584,"2020-10-02","WINS"
88.7919616699219,91.6873550415039,87.8268356323242,91.6873550415039,82993,"2020-10-05","WINS"
90.7222213745117,92.6524810791016,88.7919616699219,91.6873550415039,37197,"2020-10-06","WINS"
91.6873550415039,91.6873550415039,91.6873550415039,91.6873550415039,35435,"2020-10-07","WINS"
91.6873550415039,91.6873550415039,87.8268356323242,89.7570953369141,32845,"2020-10-08","WINS"
87.8268356323242,92.6524810791016,86.861701965332,92.6524810791016,92422,"2020-10-09","WINS"
90.7222213745117,92.6524810791016,90.7222213745117,92.6524810791016,92733,"2020-10-12","WINS"
92.6524810791016,92.6524810791016,91.6873550415039,91.6873550415039,91801,"2020-10-13","WINS"
92.6524810791016,92.6524810791016,92.6524810791016,92.6524810791016,8807,"2020-10-14","WINS"
91.6873550415039,92.6524810791016,89.7570953369141,89.7570953369141,161947,"2020-10-15","WINS"
90.7222213745117,92.6524810791016,90.7222213745117,92.6524810791016,3419,"2020-10-16","WINS"
92.6524810791016,92.6524810791016,91.6873550415039,91.6873550415039,113145,"2020-10-19","WINS"
91.6873550415039,92.6524810791016,91.6873550415039,92.6524810791016,93458,"2020-10-20","WINS"
91.6873550415039,92.6524810791016,91.6873550415039,92.6524810791016,70042,"2020-10-21","WINS"
92.6524810791016,93.6176147460938,91.6873550415039,93.6176147460938,35953,"2020-10-22","WINS"
93.6176147460938,93.6176147460938,92.6524810791016,92.6524810791016,43621,"2020-10-23","WINS"
91.6873550415039,94.5827407836914,91.6873550415039,94.5827407836914,5387,"2020-10-26","WINS"
94.5827407836914,95.5478744506836,92.6524810791016,95.5478744506836,59059,"2020-10-27","WINS"
95.5478744506836,96.5130004882812,94.5827407836914,94.5827407836914,812636,"2020-11-02","WINS"
94.5827407836914,94.5827407836914,93.6176147460938,94.5827407836914,17303,"2020-11-03","WINS"
94.5827407836914,95.5478744506836,92.6524810791016,94.5827407836914,1650969,"2020-11-04","WINS"
94.5827407836914,94.5827407836914,92.6524810791016,94.5827407836914,61753,"2020-11-05","WINS"
95.5478744506836,95.5478744506836,94.5827407836914,94.5827407836914,12122,"2020-11-06","WINS"
91.6873550415039,95.5478744506836,91.6873550415039,95.5478744506836,126925,"2020-11-09","WINS"
94.5827407836914,94.5827407836914,92.6524810791016,93.6176147460938,1389139,"2020-11-10","WINS"
94.5827407836914,94.5827407836914,93.6176147460938,94.5827407836914,339954,"2020-11-11","WINS"
92.6524810791016,94.5827407836914,92.6524810791016,93.6176147460938,363059,"2020-11-12","WINS"
94.5827407836914,94.5827407836914,92.6524810791016,94.5827407836914,965051,"2020-11-13","WINS"
94.5827407836914,94.5827407836914,91.6873550415039,91.6873550415039,91179,"2020-11-16","WINS"
94.5827407836914,94.5827407836914,92.6524810791016,92.6524810791016,412690,"2020-11-17","WINS"
94.5827407836914,94.5827407836914,92.6524810791016,93.6176147460938,1534508,"2020-11-18","WINS"
94.5827407836914,94.5827407836914,92.6524810791016,93.6176147460938,1377016,"2020-11-19","WINS"
94.5827407836914,94.5827407836914,92.6524810791016,94.5827407836914,29633,"2020-11-20","WINS"
94.5827407836914,94.5827407836914,89.7570953369141,93.6176147460938,100193,"2020-11-23","WINS"
94.5827407836914,94.5827407836914,92.6524810791016,93.6176147460938,29529,"2020-11-24","WINS"
94.5827407836914,96.5130004882812,93.6176147460938,95.5478744506836,475790,"2020-11-25","WINS"
95.5478744506836,97.4781341552734,92.6524810791016,96.5130004882812,8268523,"2020-11-26","WINS"
96.5130004882812,96.5130004882812,95.5478744506836,95.5478744506836,1982219,"2020-11-27","WINS"
95.5478744506836,96.5130004882812,92.6524810791016,94.5827407836914,1078818,"2020-11-30","WINS"
94.5827407836914,94.5827407836914,93.6176147460938,94.5827407836914,776475,"2020-12-01","WINS"
94.5827407836914,94.5827407836914,93.6176147460938,94.5827407836914,517132,"2020-12-02","WINS"
94.5827407836914,96.5130004882812,93.6176147460938,94.5827407836914,646855,"2020-12-03","WINS"
94.5827407836914,95.5478744506836,93.6176147460938,94.5827407836914,561996,"2020-12-04","WINS"
93.6176147460938,98.4432601928711,92.6524810791016,96.5130004882812,6031933,"2020-12-07","WINS"
96.5130004882812,98.4432601928711,95.5478744506836,96.5130004882812,2332328,"2020-12-08","WINS"
96.5130004882812,97.4781341552734,92.6524810791016,95.5478744506836,2800555,"2020-12-10","WINS"
95.5478744506836,95.5478744506836,92.6524810791016,93.6176147460938,4617823,"2020-12-11","WINS"
94.5827407836914,98.4432601928711,92.6524810791016,94.5827407836914,1668272,"2020-12-14","WINS"
94.5827407836914,95.5478744506836,93.6176147460938,94.5827407836914,1918290,"2020-12-15","WINS"
94.5827407836914,95.5478744506836,92.6524810791016,94.5827407836914,15671463,"2020-12-16","WINS"
95.5478744506836,96.5130004882812,93.6176147460938,93.6176147460938,4459709,"2020-12-17","WINS"
94.5827407836914,95.5478744506836,93.6176147460938,94.5827407836914,2293991,"2020-12-18","WINS"
94.5827407836914,96.5130004882812,93.6176147460938,94.5827407836914,25713633,"2020-12-21","WINS"
94.5827407836914,94.5827407836914,92.6524810791016,93.6176147460938,1130314,"2020-12-22","WINS"
94.5827407836914,101.338653564453,91.6873550415039,101.338653564453,12076093,"2020-12-23","WINS"
102.303779602051,136.08332824707,102.303779602051,113.885345458984,108961173,"2020-12-28","WINS"
113.885345458984,114.850471496582,106.16429901123,106.16429901123,23807880,"2020-12-29","WINS"
106.16429901123,106.16429901123,99.4083938598633,103.268913269043,9059090,"2020-12-30","WINS"
104.234039306641,111.955085754395,101.338653564453,108.09455871582,6124459,"2021-01-04","WINS"
108.09455871582,114.850471496582,107.129432678223,110.02481842041,13348564,"2021-01-05","WINS"
111.955085754395,117.745864868164,109.059692382812,111.955085754395,20688093,"2021-01-06","WINS"
115.815605163574,115.815605163574,110.02481842041,113.885345458984,10934278,"2021-01-07","WINS"
113.885345458984,113.885345458984,106.16429901123,109.059692382812,9326929,"2021-01-08","WINS"
110.02481842041,110.989952087402,108.09455871582,108.09455871582,3896055,"2021-01-11","WINS"
106.16429901123,109.059692382812,103.268913269043,105.199172973633,4190005,"2021-01-12","WINS"
105.199172973633,107.129432678223,103.268913269043,106.16429901123,4170318,"2021-01-13","WINS"
107.129432678223,108.09455871582,103.268913269043,104.234039306641,1377638,"2021-01-14","WINS"
105.199172973633,106.16429901123,103.268913269043,103.268913269043,2707510,"2021-01-15","WINS"
103.268913269043,106.16429901123,98.4432601928711,102.303779602051,3423994,"2021-01-18","WINS"
101.338653564453,107.129432678223,100.373519897461,102.303779602051,3244018,"2021-01-19","WINS"
101.338653564453,107.129432678223,101.338653564453,107.129432678223,2101996,"2021-01-20","WINS"
107.129432678223,108.09455871582,102.303779602051,102.303779602051,1908758,"2021-01-21","WINS"
103.268913269043,104.234039306641,100.373519897461,100.373519897461,1080683,"2021-01-22","WINS"
100.373519897461,100.373519897461,95.5478744506836,98.4432601928711,2253271,"2021-01-25","WINS"
97.4781341552734,101.338653564453,96.5130004882812,96.5130004882812,1855397,"2021-01-26","WINS"
95.5478744506836,95.5478744506836,91.6873550415039,94.5827407836914,2821692,"2021-01-27","WINS"
94.5827407836914,98.4432601928711,93.6176147460938,94.5827407836914,752748,"2021-01-28","WINS"
94.5827407836914,96.5130004882812,90.7222213745117,96.5130004882812,2038689,"2021-01-29","WINS"
96.5130004882812,98.4432601928711,91.6873550415039,96.5130004882812,825795,"2021-02-01","WINS"
96.5130004882812,101.338653564453,94.5827407836914,95.5478744506836,398081,"2021-02-02","WINS"
97.4781341552734,100.373519897461,93.6176147460938,96.5130004882812,656699,"2021-02-03","WINS"
96.5130004882812,99.4083938598633,96.5130004882812,96.5130004882812,713997,"2021-02-04","WINS"
96.5130004882812,98.4432601928711,94.5827407836914,96.5130004882812,1305316,"2021-02-05","WINS"
97.4781341552734,102.303779602051,95.5478744506836,95.5478744506836,542621,"2021-02-08","WINS"
96.5130004882812,97.4781341552734,94.5827407836914,95.5478744506836,1990405,"2021-02-09","WINS"
95.5478744506836,98.4432601928711,94.5827407836914,96.5130004882812,2705956,"2021-02-10","WINS"
96.5130004882812,99.4083938598633,96.5130004882812,98.4432601928711,6049651,"2021-02-11","WINS"
99.4083938598633,113.885345458984,99.4083938598633,102.303779602051,11706505,"2021-02-15","WINS"
103.268913269043,103.268913269043,100.373519897461,101.338653564453,5731870,"2021-02-16","WINS"
101.338653564453,102.303779602051,98.4432601928711,99.4083938598633,3065908,"2021-02-17","WINS"
100.373519897461,101.338653564453,98.4432601928711,98.4432601928711,3055650,"2021-02-18","WINS"
98.4432601928711,98.4432601928711,96.5130004882812,97.4781341552734,2042833,"2021-02-19","WINS"
99.4083938598633,103.268913269043,99.4083938598633,100.373519897461,20984840,"2021-02-22","WINS"
100.373519897461,105.199172973633,98.4432601928711,100.373519897461,3906313,"2021-02-23","WINS"
100.373519897461,102.303779602051,98.4432601928711,98.4432601928711,3214281,"2021-02-24","WINS"
98.4432601928711,99.4083938598633,97.4781341552734,97.4781341552734,14350294,"2021-02-25","WINS"
97.4781341552734,100.373519897461,96.5130004882812,97.4781341552734,4249686,"2021-02-26","WINS"
97.4781341552734,98.4432601928711,96.5130004882812,97.4781341552734,5912571,"2021-03-01","WINS"
98.4432601928711,98.4432601928711,95.5478744506836,96.5130004882812,4070436,"2021-03-02","WINS"
96.5130004882812,97.4781341552734,95.5478744506836,96.5130004882812,3123309,"2021-03-03","WINS"
96.5130004882812,96.5130004882812,95.5478744506836,96.5130004882812,677628,"2021-03-04","WINS"
96.5130004882812,96.5130004882812,95.5478744506836,96.5130004882812,3766124,"2021-03-05","WINS"
96.5130004882812,102.303779602051,96.5130004882812,99.4083938598633,6547097,"2021-03-08","WINS"
100.373519897461,100.373519897461,96.5130004882812,97.4781341552734,1578543,"2021-03-09","WINS"
97.4781341552734,98.4432601928711,93.6176147460938,95.5478744506836,4468620,"2021-03-10","WINS"
95.5478744506836,96.5130004882812,93.6176147460938,94.5827407836914,3882896,"2021-03-12","WINS"
94.5827407836914,96.5130004882812,92.6524810791016,93.6176147460938,8027830,"2021-03-15","WINS"
95.5478744506836,97.4781341552734,93.6176147460938,94.5827407836914,9739309,"2021-03-16","WINS"
94.5827407836914,96.5130004882812,93.6176147460938,94.5827407836914,7504999,"2021-03-17","WINS"
95.5478744506836,98.4432601928711,94.5827407836914,95.5478744506836,6426180,"2021-03-18","WINS"
95.5478744506836,96.5130004882812,92.6524810791016,95.5478744506836,5671049,"2021-03-19","WINS"
95.5478744506836,96.5130004882812,93.6176147460938,94.5827407836914,4767647,"2021-03-22","WINS"
94.5827407836914,100.373519897461,94.5827407836914,97.4781341552734,12968615,"2021-03-23","WINS"
98.4432601928711,98.4432601928711,93.6176147460938,94.5827407836914,6482649,"2021-03-24","WINS"
94.5827407836914,95.5478744506836,93.6176147460938,94.5827407836914,1174142,"2021-03-25","WINS"
95.5478744506836,95.5478744506836,93.6176147460938,94.5827407836914,3211277,"2021-03-26","WINS"
94.5827407836914,96.5130004882812,93.6176147460938,94.5827407836914,4313304,"2021-03-29","WINS"
94.5827407836914,95.5478744506836,92.6524810791016,92.6524810791016,1624444,"2021-03-30","WINS"
92.6524810791016,93.6176147460938,90.7222213745117,90.7222213745117,4619273,"2021-03-31","WINS"
90.7222213745117,92.6524810791016,89.7570953369141,89.7570953369141,3901857,"2021-04-01","WINS"
89.7570953369141,90.7222213745117,87.8268356323242,89.7570953369141,11133733,"2021-04-05","WINS"
90.7222213745117,91.6873550415039,89.7570953369141,90.7222213745117,3334991,"2021-04-06","WINS"
92.6524810791016,93.6176147460938,90.7222213745117,91.6873550415039,3104141,"2021-04-07","WINS"
92.6524810791016,92.6524810791016,91.6873550415039,92.6524810791016,3201226,"2021-04-08","WINS"
92.6524810791016,94.5827407836914,91.6873550415039,92.6524810791016,3284842,"2021-04-09","WINS"
92.6524810791016,93.6176147460938,90.7222213745117,91.6873550415039,2270574,"2021-04-12","WINS"
91.6873550415039,92.6524810791016,90.7222213745117,90.7222213745117,506978,"2021-04-13","WINS"
90.7222213745117,92.6524810791016,89.7570953369141,89.7570953369141,1924196,"2021-04-14","WINS"
90.7222213745117,90.7222213745117,88.7919616699219,89.7570953369141,1788152,"2021-04-15","WINS"
89.7570953369141,91.6873550415039,88.7919616699219,89.7570953369141,3793064,"2021-04-16","WINS"
90.7222213745117,96.5130004882812,90.7222213745117,93.6176147460938,4018733,"2021-04-19","WINS"
93.6176147460938,93.6176147460938,91.6873550415039,91.6873550415039,583859,"2021-04-20","WINS"
92.6524810791016,92.6524810791016,89.7570953369141,90.7222213745117,1823381,"2021-04-21","WINS"
92.6524810791016,93.6176147460938,90.7222213745117,93.6176147460938,1553883,"2021-04-22","WINS"
92.6524810791016,94.5827407836914,91.6873550415039,92.6524810791016,1262731,"2021-04-23","WINS"
93.6176147460938,106.16429901123,93.6176147460938,96.5130004882812,16090163,"2021-04-26","WINS"
98.4432601928711,98.4432601928711,91.6873550415039,92.6524810791016,3521908,"2021-04-27","WINS"
93.6176147460938,95.5478744506836,92.6524810791016,94.5827407836914,2219908,"2021-04-28","WINS"
96.5130004882812,97.4781341552734,93.6176147460938,96.5130004882812,3595266,"2021-04-29","WINS"
96.5130004882812,97.4781341552734,94.5827407836914,96.5130004882812,7845264,"2021-04-30","WINS"
96.5130004882812,97.4781341552734,93.6176147460938,93.6176147460938,3464610,"2021-05-03","WINS"
93.6176147460938,95.5478744506836,91.6873550415039,92.6524810791016,2831846,"2021-05-04","WINS"
92.6524810791016,94.5827407836914,91.6873550415039,92.6524810791016,1933314,"2021-05-05","WINS"
92.6524810791016,95.5478744506836,92.6524810791016,92.6524810791016,2630733,"2021-05-06","WINS"
95.5478744506836,95.5478744506836,91.6873550415039,91.6873550415039,1915182,"2021-05-07","WINS"
91.6873550415039,98.4432601928711,90.7222213745117,91.6873550415039,18811247,"2021-05-10","WINS"
92.6524810791016,94.5827407836914,91.6873550415039,91.6873550415039,3848911,"2021-05-11","WINS"
91.6873550415039,95.5478744506836,91.6873550415039,92.6524810791016,3108907,"2021-05-17","WINS"
93.6176147460938,107.129432678223,92.6524810791016,94.5827407836914,103944647,"2021-05-18","WINS"
95.5478744506836,103.268913269043,92.6524810791016,100.373519897461,80383884,"2021-05-19","WINS"
102.303779602051,135.118209838867,96.5130004882812,127.397163391113,226559110,"2021-05-20","WINS"
125.466903686523,147.664886474609,118.710990905762,125.466903686523,271032807,"2021-05-21","WINS"
125.466903686523,127.397163391113,116.780731201172,116.780731201172,66216466,"2021-05-24","WINS"
110.989952087402,125.466903686523,109.059692382812,120.641250610352,117965245,"2021-05-25","WINS"
122.571510314941,138.978729248047,122.571510314941,135.118209838867,197677302,"2021-05-27","WINS"
137.048461914062,139.94384765625,126.432029724121,126.432029724121,97919241,"2021-05-28","WINS"
120.641250610352,121.606384277344,117.745864868164,117.745864868164,104748994,"2021-05-31","WINS"
117.745864868164,122.571510314941,111.955085754395,116.780731201172,53755244,"2021-06-02","WINS"
117.745864868164,120.641250610352,114.850471496582,114.850471496582,18477510,"2021-06-03","WINS"
116.780731201172,133.187942504883,115.815605163574,124.501770019531,194661647,"2021-06-04","WINS"
126.432029724121,128.362289428711,118.710990905762,118.710990905762,47951466,"2021-06-07","WINS"
119.676124572754,123.536643981934,115.815605163574,116.780731201172,48475437,"2021-06-08","WINS"
116.780731201172,122.571510314941,115.815605163574,119.676124572754,28185321,"2021-06-09","WINS"
120.641250610352,121.606384277344,118.710990905762,119.676124572754,16666666,"2021-06-10","WINS"
121.606384277344,128.362289428711,118.710990905762,124.501770019531,51552639,"2021-06-11","WINS"
126.432029724121,130.292556762695,122.571510314941,127.397163391113,61767014,"2021-06-14","WINS"
130.292556762695,137.048461914062,126.432029724121,131.257690429688,126664384,"2021-06-15","WINS"
131.257690429688,133.187942504883,129.327423095703,130.292556762695,43999149,"2021-06-16","WINS"
126.432029724121,132.222808837891,126.432029724121,130.292556762695,29285898,"2021-06-17","WINS"
142.839248657227,142.839248657227,121.606384277344,122.571510314941,45977950,"2021-06-18","WINS"
123.536643981934,123.536643981934,115.815605163574,122.571510314941,15265197,"2021-06-21","WINS"
122.571510314941,127.397163391113,120.641250610352,122.571510314941,10383471,"2021-06-22","WINS"
123.536643981934,124.501770019531,120.641250610352,121.606384277344,5581838,"2021-06-23","WINS"
121.606384277344,122.571510314941,117.745864868164,119.676124572754,7120802,"2021-06-24","WINS"
121.606384277344,122.571510314941,116.780731201172,117.745864868164,9713924,"2021-06-25","WINS"
117.745864868164,119.676124572754,115.815605163574,115.815605163574,8406121,"2021-06-28","WINS"
114.850471496582,117.745864868164,110.989952087402,113.885345458984,13564286,"2021-06-29","WINS"
111.955085754395,111.955085754395,106.16429901123,106.16429901123,20559716,"2021-06-30","WINS"
104.234039306641,113.885345458984,100.373519897461,113.885345458984,21063690,"2021-07-01","WINS"
115.815605163574,117.745864868164,108.09455871582,108.09455871582,10008806,"2021-07-02","WINS"
106.16429901123,110.989952087402,106.16429901123,108.09455871582,5727103,"2021-07-05","WINS"
108.09455871582,116.780731201172,108.09455871582,114.850471496582,21367172,"2021-07-06","WINS"
114.850471496582,114.850471496582,109.059692382812,109.059692382812,4357443,"2021-07-07","WINS"
109.059692382812,113.885345458984,109.059692382812,110.02481842041,1610249,"2021-07-08","WINS"
110.02481842041,112.920211791992,109.059692382812,110.02481842041,3821557,"2021-07-09","WINS"
109.059692382812,111.955085754395,109.059692382812,110.02481842041,4088671,"2021-07-12","WINS"
110.02481842041,110.02481842041,105.199172973633,106.16429901123,5391190,"2021-07-13","WINS"
106.16429901123,132.222808837891,102.303779602051,117.745864868164,106656820,"2021-07-14","WINS"
118.710990905762,123.536643981934,115.815605163574,116.780731201172,23381512,"2021-07-15","WINS"
118.710990905762,120.641250610352,111.955085754395,113.885345458984,8881393,"2021-07-16","WINS"
113.885345458984,114.850471496582,109.059692382812,111.955085754395,4158610,"2021-07-19","WINS"
111.955085754395,116.780731201172,108.09455871582,112.920211791992,14681130,"2021-07-21","WINS"
113.885345458984,115.815605163574,111.955085754395,112.920211791992,5137235,"2021-07-22","WINS"
112.920211791992,125.466903686523,112.920211791992,121.606384277344,33762808,"2021-07-23","WINS"
121.606384277344,128.362289428711,115.815605163574,127.397163391113,36427423,"2021-07-26","WINS"
127.397163391113,131.257690429688,123.536643981934,130.292556762695,29114315,"2021-07-27","WINS"
131.257690429688,133.187942504883,125.466903686523,126.432029724121,10971578,"2021-07-28","WINS"
126.432029724121,127.397163391113,117.745864868164,121.606384277344,15732906,"2021-07-29","WINS"
121.606384277344,124.501770019531,120.641250610352,124.501770019531,8567343,"2021-07-30","WINS"
125.466903686523,126.432029724121,120.641250610352,121.606384277344,6079180,"2021-08-02","WINS"
122.571510314941,125.466903686523,120.641250610352,120.641250610352,7586646,"2021-08-03","WINS"
120.641250610352,122.571510314941,115.815605163574,116.780731201172,6371783,"2021-08-04","WINS"
117.745864868164,119.676124572754,112.920211791992,113.885345458984,7014391,"2021-08-05","WINS"
113.885345458984,121.606384277344,111.955085754395,114.850471496582,26135235,"2021-08-06","WINS"
120.641250610352,121.606384277344,114.850471496582,115.815605163574,10941945,"2021-08-09","WINS"
115.815605163574,122.571510314941,112.920211791992,122.571510314941,11926993,"2021-08-10","WINS"
123.536643981934,137.048461914062,118.710990905762,121.606384277344,105623592,"2021-08-12","WINS"
121.606384277344,131.257690429688,117.745864868164,125.466903686523,55663898,"2021-08-13","WINS"
126.432029724121,135.118209838867,123.536643981934,132.222808837891,60443565,"2021-08-16","WINS"
134.153076171875,173.723403930664,132.222808837891,135.118209838867,433782692,"2021-08-18","WINS"
133.187942504883,149.595153808594,126.432029724121,126.432029724121,102460184,"2021-08-19","WINS"
126.432029724121,141.874114990234,119.676124572754,127.397163391113,70717414,"2021-08-20","WINS"
128.362289428711,131.257690429688,123.536643981934,126.432029724121,18457305,"2021-08-23","WINS"
126.432029724121,149.595153808594,124.501770019531,147.664886474609,222920740,"2021-08-24","WINS"
150.560287475586,150.560287475586,138.013595581055,138.013595581055,75626804,"2021-08-25","WINS"
138.013595581055,139.94384765625,130.292556762695,133.187942504883,34729828,"2021-08-26","WINS"
135.118209838867,151.525405883789,132.222808837891,141.874114990234,239817220,"2021-08-27","WINS"
142.839248657227,142.839248657227,132.222808837891,132.222808837891,71318162,"2021-08-30","WINS"
132.222808837891,137.048461914062,127.397163391113,130.292556762695,40547593,"2021-08-31","WINS"
138.978729248047,138.978729248047,129.327423095703,130.292556762695,20994787,"2021-09-01","WINS"
130.292556762695,138.978729248047,130.292556762695,137.048461914062,75126146,"2021-09-02","WINS"
139.94384765625,139.94384765625,133.187942504883,133.187942504883,23929314,"2021-09-03","WINS"
134.153076171875,139.94384765625,134.153076171875,139.94384765625,29803445,"2021-09-06","WINS"
144.769500732422,144.769500732422,134.153076171875,136.08332824707,33199878,"2021-09-07","WINS"
127.397163391113,139.94384765625,127.397163391113,130.292556762695,60002588,"2021-09-08","WINS"
122.571510314941,133.187942504883,122.571510314941,129.327423095703,18472122,"2021-09-09","WINS"
134.153076171875,134.153076171875,126.432029724121,126.432029724121,6935231,"2021-09-10","WINS"
127.397163391113,129.327423095703,122.571510314941,124.501770019531,26095758,"2021-09-13","WINS"
125.466903686523,131.257690429688,124.501770019531,130.292556762695,22990373,"2021-09-14","WINS"
131.257690429688,131.257690429688,126.432029724121,128.362289428711,9275745,"2021-09-15","WINS"
128.362289428711,132.222808837891,128.362289428711,130.292556762695,15523296,"2021-09-16","WINS"
130.292556762695,131.257690429688,127.397163391113,127.397163391113,5871022,"2021-09-17","WINS"
118.710990905762,128.362289428711,118.710990905762,124.501770019531,12806771,"2021-09-20","WINS"
124.501770019531,135.118209838867,121.606384277344,131.257690429688,58957548,"2021-09-21","WINS"
130.292556762695,133.187942504883,128.362289428711,129.327423095703,14285329,"2021-09-22","WINS"
129.327423095703,130.292556762695,125.466903686523,128.362289428711,10135214,"2021-09-23","WINS"
128.362289428711,129.327423095703,124.501770019531,124.501770019531,9369307,"2021-09-24","WINS"
125.466903686523,136.08332824707,124.501770019531,131.257690429688,92551674,"2021-09-27","WINS"
132.222808837891,136.08332824707,125.466903686523,127.397163391113,40351247,"2021-09-28","WINS"
127.397163391113,129.327423095703,125.466903686523,126.432029724121,6906426,"2021-09-29","WINS"
126.432029724121,130.292556762695,125.466903686523,127.397163391113,7710049,"2021-09-30","WINS"
127.397163391113,128.362289428711,124.501770019531,124.501770019531,12734035,"2021-10-01","WINS"
126.432029724121,131.257690429688,124.501770019531,130.292556762695,17710048,"2021-10-04","WINS"
131.257690429688,136.08332824707,127.397163391113,135.118209838867,26517774,"2021-10-05","WINS"
138.978729248047,138.978729248047,129.327423095703,130.292556762695,24695739,"2021-10-06","WINS"
130.292556762695,134.153076171875,127.397163391113,128.362289428711,12350771,"2021-10-07","WINS"
129.327423095703,136.08332824707,128.362289428711,133.187942504883,32833296,"2021-10-08","WINS"
134.153076171875,144.769500732422,133.187942504883,138.013595581055,100685915,"2021-10-11","WINS"
138.013595581055,145.734634399414,135.118209838867,136.08332824707,68013841,"2021-10-12","WINS"
138.013595581055,142.839248657227,136.08332824707,141.874114990234,25056623,"2021-10-13","WINS"
142.839248657227,180.479309082031,139.94384765625,164.07209777832,380566028,"2021-10-14","WINS"
165.037231445312,165.037231445312,153.455673217773,153.455673217773,73060000,"2021-10-15","WINS"
151.525405883789,155.385940551758,145.734634399414,146.699768066406,58708980,"2021-10-18","WINS"
147.664886474609,153.455673217773,145.734634399414,145.734634399414,46430013,"2021-10-19","WINS"
145.734634399414,159.246459960938,145.734634399414,145.734634399414,126470006,"2021-10-21","WINS"
150.560287475586,150.560287475586,139.94384765625,140.908981323242,26460476,"2021-10-22","WINS"
140.908981323242,150.560287475586,138.013595581055,149.595153808594,60905575,"2021-10-25","WINS"
147.664886474609,150.560287475586,141.874114990234,142.839248657227,26254493,"2021-10-26","WINS"
142.839248657227,154.420806884766,142.839248657227,148.630020141602,83132840,"2021-10-27","WINS"
149.595153808594,156.351058959961,146.699768066406,147.664886474609,37839357,"2021-10-28","WINS"
147.664886474609,155.385940551758,146.699768066406,146.699768066406,27233532,"2021-10-29","WINS"
147.664886474609,150.560287475586,146.699768066406,146.699768066406,13839067,"2021-11-01","WINS"
149.595153808594,156.351058959961,146.699768066406,152.490539550781,53536931,"2021-11-02","WINS"
153.455673217773,161.176712036133,149.595153808594,152.490539550781,78543095,"2021-11-03","WINS"
153.455673217773,169.862884521484,150.560287475586,164.07209777832,180900392,"2021-11-04","WINS"
165.037231445312,165.037231445312,153.455673217773,153.455673217773,80055016,"2021-11-05","WINS"
154.420806884766,160.211578369141,152.490539550781,158.281326293945,30858950,"2021-11-08","WINS"
159.246459960938,166.002365112305,155.385940551758,157.316192626953,67916133,"2021-11-09","WINS"
157.316192626953,161.176712036133,156.351058959961,159.246459960938,20441701,"2021-11-10","WINS"
159.246459960938,175.653671264648,159.246459960938,164.07209777832,136576105,"2021-11-11","WINS"
166.002365112305,166.002365112305,160.211578369141,162.141845703125,21999833,"2021-11-12","WINS"
164.07209777832,166.002365112305,158.281326293945,161.176712036133,15385802,"2021-11-15","WINS"
161.176712036133,170.828018188477,160.211578369141,167.9326171875,65464547,"2021-11-16","WINS"
167.9326171875,168.897750854492,165.037231445312,165.037231445312,11116118,"2021-11-17","WINS"
165.037231445312,174.688537597656,159.246459960938,160.211578369141,63898333,"2021-11-18","WINS"
162.141845703125,169.862884521484,160.211578369141,168.897750854492,39500480,"2021-11-19","WINS"
170.828018188477,170.828018188477,163.106979370117,165.037231445312,10246598,"2021-11-22","WINS"
166.967498779297,166.967498779297,161.176712036133,162.141845703125,8459896,"2021-11-23","WINS"
163.106979370117,166.002365112305,158.281326293945,161.176712036133,21470889,"2021-11-24","WINS"
162.141845703125,163.106979370117,158.281326293945,158.281326293945,19730191,"2021-11-25","WINS"
158.281326293945,158.281326293945,147.664886474609,148.630020141602,26243614,"2021-11-26","WINS"
150.560287475586,158.281326293945,142.839248657227,156.351058959961,29152237,"2021-11-29","WINS"
156.351058959961,161.176712036133,149.595153808594,150.560287475586,30091282,"2021-11-30","WINS"
150.560287475586,153.455673217773,148.630020141602,148.630020141602,10191372,"2021-12-01","WINS"
148.630020141602,157.316192626953,148.630020141602,155.385940551758,11972894,"2021-12-02","WINS"
155.385940551758,157.316192626953,150.560287475586,150.560287475586,8328618,"2021-12-03","WINS"
150.560287475586,155.385940551758,149.595153808594,152.490539550781,5278874,"2021-12-06","WINS"
155.385940551758,156.351058959961,150.560287475586,154.420806884766,10089935,"2021-12-07","WINS"
154.420806884766,155.385940551758,151.525405883789,152.490539550781,4879757,"2021-12-08","WINS"
152.490539550781,160.211578369141,151.525405883789,158.281326293945,21636566,"2021-12-09","WINS"
158.281326293945,168.897750854492,158.281326293945,166.967498779297,38758922,"2021-12-10","WINS"
168.897750854492,188.200347900391,168.897750854492,181.444442749023,81563828,"2021-12-13","WINS"
182.409576416016,225.840423583984,180.479309082031,210.398345947266,196017422,"2021-12-14","WINS"
212.328598022461,214.258865356445,196.886520385742,196.886520385742,47343776,"2021-12-15","WINS"
193.026000976562,204.607559204102,185.304962158203,194.956268310547,37511940,"2021-12-16","WINS"
196.886520385742,221.979904174805,193.026000976562,204.607559204102,112396565,"2021-12-17","WINS"
206.537826538086,210.398345947266,196.886520385742,196.886520385742,24559385,"2021-12-20","WINS"
196.886520385742,212.328598022461,194.956268310547,210.398345947266,67994983,"2021-12-21","WINS"
212.328598022461,225.840423583984,198.816787719727,210.398345947266,50453616,"2021-12-22","WINS"
212.328598022461,218.119384765625,202.677307128906,204.607559204102,49604508,"2021-12-23","WINS"
204.607559204102,214.258865356445,204.607559204102,210.398345947266,17839357,"2021-12-24","WINS"
212.328598022461,218.119384765625,196.886520385742,196.886520385742,42010919,"2021-12-27","WINS"
196.886520385742,198.816787719727,189.165481567383,194.956268310547,15805227,"2021-12-28","WINS"
196.886520385742,204.607559204102,194.956268310547,196.886520385742,18437722,"2021-12-29","WINS"
196.886520385742,198.816787719727,183.374710083008,185.304962158203,19041372,"2021-12-30","WINS"
185.304962158203,194.956268310547,185.304962158203,193.026000976562,13286810,"2022-01-03","WINS"
194.956268310547,198.816787719727,189.165481567383,193.026000976562,8506315,"2022-01-04","WINS"
193.026000976562,194.956268310547,185.304962158203,188.200347900391,11300031,"2022-01-05","WINS"
188.200347900391,191.095748901367,184.339828491211,191.095748901367,8690746,"2022-01-06","WINS"
191.095748901367,194.956268310547,185.304962158203,189.165481567383,10286489,"2022-01-07","WINS"
189.165481567383,190.130615234375,180.479309082031,184.339828491211,9717239,"2022-01-10","WINS"
185.304962158203,189.165481567383,173.723403930664,176.618789672852,23927967,"2022-01-11","WINS"
176.618789672852,184.339828491211,175.653671264648,176.618789672852,16252628,"2022-01-12","WINS"
178.549057006836,182.409576416016,177.583923339844,179.514190673828,3466268,"2022-01-13","WINS"
179.514190673828,182.409576416016,177.583923339844,180.479309082031,3120201,"2022-01-14","WINS"
182.409576416016,183.374710083008,179.514190673828,181.444442749023,3752344,"2022-01-17","WINS"
181.444442749023,182.409576416016,177.583923339844,179.514190673828,6996673,"2022-01-18","WINS"
179.514190673828,192.06086730957,176.618789672852,192.06086730957,35674364,"2022-01-19","WINS"
193.026000976562,202.677307128906,193.026000976562,196.886520385742,33633395,"2022-01-20","WINS"
200.747039794922,210.398345947266,194.956268310547,210.398345947266,29159594,"2022-01-21","WINS"
212.328598022461,225.840423583984,196.886520385742,196.886520385742,31823484,"2022-01-24","WINS"
196.886520385742,196.886520385742,183.374710083008,192.06086730957,13364209,"2022-01-25","WINS"
190.130615234375,198.816787719727,186.270095825195,189.165481567383,11188647,"2022-01-26","WINS"
189.165481567383,196.886520385742,186.270095825195,191.095748901367,7821640,"2022-01-27","WINS"
193.026000976562,194.956268310547,189.165481567383,189.165481567383,4088879,"2022-01-28","WINS"
190.130615234375,198.816787719727,188.200347900391,193.026000976562,8032700,"2022-01-31","WINS"
194.956268310547,231.631210327148,193.026000976562,200.747039794922,68716647,"2022-02-02","WINS"
202.677307128906,204.607559204102,194.956268310547,194.956268310547,15347880,"2022-02-03","WINS"
194.956268310547,208.468078613281,189.165481567383,191.095748901367,51726294,"2022-02-04","WINS"
191.095748901367,196.886520385742,190.130615234375,192.06086730957,9974303,"2022-02-07","WINS"
193.026000976562,194.956268310547,191.095748901367,192.06086730957,9271289,"2022-02-08","WINS"
192.06086730957,198.816787719727,188.200347900391,189.165481567383,24200987,"2022-02-09","WINS"
189.165481567383,191.095748901367,186.270095825195,186.270095825195,13647902,"2022-02-10","WINS"
188.200347900391,193.026000976562,186.270095825195,189.165481567383,15902831,"2022-02-11","WINS"
190.130615234375,191.095748901367,187.235229492188,188.200347900391,5306435,"2022-02-14","WINS"
190.130615234375,200.747039794922,188.200347900391,196.886520385742,30846517,"2022-02-15","WINS"
198.816787719727,198.816787719727,190.130615234375,190.130615234375,15022846,"2022-02-16","WINS"
190.130615234375,194.956268310547,189.165481567383,193.026000976562,8168640,"2022-02-17","WINS"
193.026000976562,198.816787719727,191.095748901367,192.06086730957,14298902,"2022-02-18","WINS"
193.026000976562,196.886520385742,185.304962158203,185.304962158203,25477292,"2022-02-21","WINS"
185.304962158203,186.270095825195,174.688537597656,176.618789672852,31790846,"2022-02-22","WINS"
179.514190673828,186.270095825195,176.618789672852,179.514190673828,26616931,"2022-02-23","WINS"
176.618789672852,182.409576416016,166.967498779297,171.79313659668,17995606,"2022-02-24","WINS"
168.897750854492,184.339828491211,168.897750854492,173.723403930664,22760560,"2022-02-25","WINS"
174.688537597656,176.618789672852,164.07209777832,166.002365112305,17702692,"2022-03-01","WINS"
166.002365112305,173.723403930664,160.211578369141,165.037231445312,13882689,"2022-03-02","WINS"
157.316192626953,170.828018188477,157.316192626953,166.967498779297,15134748,"2022-03-04","WINS"
166.967498779297,169.862884521484,162.141845703125,163.106979370117,9688331,"2022-03-07","WINS"
163.106979370117,166.002365112305,158.281326293945,159.246459960938,7759679,"2022-03-08","WINS"
158.281326293945,165.037231445312,153.455673217773,159.246459960938,6831721,"2022-03-09","WINS"
151.525405883789,163.106979370117,151.525405883789,163.106979370117,4708588,"2022-03-10","WINS"
163.106979370117,169.862884521484,160.211578369141,162.141845703125,14091469,"2022-03-11","WINS"
153.455673217773,166.002365112305,153.455673217773,156.351058959961,6484411,"2022-03-14","WINS"
155.385940551758,159.246459960938,148.630020141602,150.560287475586,9329520,"2022-03-15","WINS"
147.664886474609,163.106979370117,147.664886474609,153.455673217773,16957611,"2022-03-16","WINS"
150.560287475586,156.351058959961,150.560287475586,154.420806884766,5851128,"2022-03-17","WINS"
154.420806884766,162.141845703125,154.420806884766,158.281326293945,10253126,"2022-03-18","WINS"
159.246459960938,171.79313659668,159.246459960938,168.897750854492,31662987,"2022-03-21","WINS"
168.897750854492,182.409576416016,168.897750854492,179.514190673828,34025467,"2022-03-22","WINS"
179.514190673828,181.444442749023,169.862884521484,170.828018188477,18007521,"2022-03-23","WINS"
170.828018188477,172.758270263672,166.967498779297,170.828018188477,8393687,"2022-03-24","WINS"
171.79313659668,172.758270263672,166.967498779297,166.967498779297,5022846,"2022-03-25","WINS"
166.967498779297,172.758270263672,165.037231445312,168.897750854492,5270896,"2022-03-28","WINS"
169.862884521484,171.79313659668,166.002365112305,167.9326171875,5859521,"2022-03-29","WINS"
167.9326171875,170.828018188477,164.07209777832,164.07209777832,3479116,"2022-03-30","WINS"
164.07209777832,166.002365112305,160.211578369141,160.211578369141,7129505,"2022-03-31","WINS"
160.211578369141,164.07209777832,156.351058959961,159.246459960938,4933532,"2022-04-01","WINS"
159.246459960938,167.9326171875,159.246459960938,166.967498779297,12609803,"2022-04-04","WINS"
166.967498779297,167.9326171875,164.07209777832,166.002365112305,3910561,"2022-04-05","WINS"
166.002365112305,166.967498779297,155.385940551758,157.316192626953,11150311,"2022-04-06","WINS"
156.351058959961,159.246459960938,154.420806884766,157.316192626953,3789852,"2022-04-07","WINS"
149.595153808594,161.176712036133,149.595153808594,157.316192626953,4362210,"2022-04-08","WINS"
158.281326293945,167.9326171875,158.281326293945,160.211578369141,12098266,"2022-04-11","WINS"
156.351058959961,164.07209777832,153.455673217773,163.106979370117,6777739,"2022-04-12","WINS"
164.07209777832,165.037231445312,157.316192626953,158.281326293945,6510625,"2022-04-13","WINS"
158.281326293945,158.281326293945,152.490539550781,152.490539550781,7528415,"2022-04-14","WINS"
152.490539550781,159.246459960938,151.525405883789,155.385940551758,6561913,"2022-04-18","WINS"
155.385940551758,159.246459960938,155.385940551758,155.385940551758,4116025,"2022-04-19","WINS"
155.385940551758,158.281326293945,154.420806884766,157.316192626953,3750893,"2022-04-20","WINS"
157.316192626953,162.141845703125,157.316192626953,161.176712036133,6850372,"2022-04-21","WINS"
162.141845703125,166.967498779297,159.246459960938,160.211578369141,9963838,"2022-04-22","WINS"
160.211578369141,160.211578369141,154.420806884766,156.351058959961,3806637,"2022-04-25","WINS"
158.281326293945,160.211578369141,150.560287475586,151.525405883789,2474692,"2022-04-26","WINS"
151.525405883789,161.176712036133,151.525405883789,155.385940551758,5615512,"2022-04-27","WINS"
156.351058959961,157.316192626953,152.490539550781,154.420806884766,3764881,"2022-04-28","WINS"
154.420806884766,155.385940551758,143.80436706543,144.769500732422,10593702,"2022-05-09","WINS"
143.80436706543,143.80436706543,135.118209838867,139.94384765625,8737993,"2022-05-10","WINS"
138.013595581055,150.560287475586,137.048461914062,142.839248657227,7345538,"2022-05-11","WINS"
142.839248657227,144.769500732422,139.94384765625,139.94384765625,3913565,"2022-05-12","WINS"
131.257690429688,148.630020141602,131.257690429688,145.734634399414,19527420,"2022-05-13","WINS"
146.699768066406,151.525405883789,146.699768066406,149.595153808594,13036170,"2022-05-17","WINS"
151.525405883789,155.385940551758,147.664886474609,150.560287475586,17195921,"2022-05-18","WINS"
149.595153808594,166.002365112305,147.664886474609,157.316192626953,26751006,"2022-05-19","WINS"
157.316192626953,169.862884521484,157.316192626953,168.897750854492,39940110,"2022-05-20","WINS"
172.758270263672,194.956268310547,169.862884521484,188.200347900391,109309105,"2022-05-23","WINS"
191.095748901367,191.095748901367,180.479309082031,187.235229492188,37130437,"2022-05-24","WINS"
188.200347900391,191.095748901367,184.339828491211,185.304962158203,32243013,"2022-05-25","WINS"
185.304962158203,188.200347900391,176.618789672852,184.339828491211,18519784,"2022-05-27","WINS"
187.235229492188,204.607559204102,187.235229492188,189.165481567383,123399435,"2022-05-30","WINS"
189.165481567383,191.095748901367,176.618789672852,178.549057006836,39539439,"2022-05-31","WINS"
178.549057006836,185.304962158203,169.862884521484,178.549057006836,26833482,"2022-06-02","WINS"
179.514190673828,183.374710083008,175.653671264648,179.514190673828,9649891,"2022-06-03","WINS"
179.514190673828,198.816787719727,178.549057006836,196.886520385742,88922629,"2022-06-06","WINS"
198.816787719727,198.816787719727,183.374710083008,183.374710083008,44292995,"2022-06-07","WINS"
183.374710083008,184.339828491211,173.723403930664,178.549057006836,15153087,"2022-06-08","WINS"
178.549057006836,188.200347900391,175.653671264648,175.653671264648,18833213,"2022-06-09","WINS"
175.653671264648,187.235229492188,174.688537597656,184.339828491211,14007749,"2022-06-10","WINS"
184.339828491211,187.235229492188,175.653671264648,185.304962158203,18986560,"2022-06-13","WINS"
186.270095825195,194.956268310547,181.444442749023,183.374710083008,44846910,"2022-06-14","WINS"
187.235229492188,189.165481567383,177.583923339844,185.304962158203,13139265,"2022-06-15","WINS"
185.304962158203,191.095748901367,180.479309082031,181.444442749023,16612476,"2022-06-16","WINS"
182.409576416016,189.165481567383,174.688537597656,174.688537597656,20234164,"2022-06-17","WINS"
173.723403930664,176.618789672852,163.106979370117,173.723403930664,18198273,"2022-06-20","WINS"
174.688537597656,179.514190673828,171.79313659668,176.618789672852,5207588,"2022-06-21","WINS"
177.583923339844,180.479309082031,169.862884521484,170.828018188477,7370302,"2022-06-22","WINS"
170.828018188477,172.758270263672,162.141845703125,169.862884521484,5303016,"2022-06-23","WINS"
169.862884521484,172.758270263672,166.002365112305,166.002365112305,5413778,"2022-06-24","WINS"
166.002365112305,176.618789672852,166.002365112305,169.862884521484,9711955,"2022-06-27","WINS"
171.79313659668,179.514190673828,169.862884521484,174.688537597656,6785925,"2022-06-28","WINS"
174.688537597656,189.165481567383,173.723403930664,181.444442749023,22511785,"2022-06-29","WINS"
181.444442749023,182.409576416016,168.897750854492,170.828018188477,7341187,"2022-06-30","WINS"
169.862884521484,174.688537597656,167.9326171875,167.9326171875,5344461,"2022-07-01","WINS"
166.967498779297,169.862884521484,164.07209777832,168.897750854492,3709862,"2022-07-04","WINS"
168.897750854492,171.79313659668,166.967498779297,169.862884521484,2657051,"2022-07-05","WINS"
171.79313659668,174.688537597656,165.037231445312,166.002365112305,4832923,"2022-07-06","WINS"
167.9326171875,169.862884521484,162.141845703125,166.967498779297,3709759,"2022-07-07","WINS"
166.967498779297,170.828018188477,166.002365112305,166.967498779297,2410141,"2022-07-08","WINS"
166.967498779297,173.723403930664,165.037231445312,170.828018188477,2446302,"2022-07-11","WINS"
170.828018188477,171.79313659668,167.9326171875,169.862884521484,1416700,"2022-07-12","WINS"
169.862884521484,179.514190673828,169.862884521484,179.514190673828,11811465,"2022-07-13","WINS"
178.549057006836,180.479309082031,170.828018188477,172.758270263672,6992840,"2022-07-14","WINS"
174.688537597656,175.653671264648,171.79313659668,172.758270263672,3639198,"2022-07-15","WINS"
173.723403930664,176.618789672852,166.002365112305,166.002365112305,5686798,"2022-07-18","WINS"
166.967498779297,172.758270263672,165.037231445312,168.897750854492,2100338,"2022-07-19","WINS"
170.828018188477,174.688537597656,169.862884521484,170.828018188477,3252722,"2022-07-20","WINS"
170.828018188477,173.723403930664,170.828018188477,172.758270263672,1601856,"2022-07-21","WINS"
172.758270263672,176.618789672852,171.79313659668,173.723403930664,3849843,"2022-07-22","WINS"
175.653671264648,175.653671264648,168.897750854492,169.862884521484,3676499,"2022-07-25","WINS"
169.862884521484,172.758270263672,168.897750854492,169.862884521484,2142094,"2022-07-26","WINS"
169.862884521484,173.723403930664,169.862884521484,171.79313659668,1636152,"2022-07-27","WINS"
172.758270263672,176.618789672852,171.79313659668,176.618789672852,5009169,"2022-07-28","WINS"
176.618789672852,182.409576416016,172.758270263672,172.758270263672,6302156,"2022-07-29","WINS"
172.758270263672,184.339828491211,172.758270263672,177.583923339844,9595805,"2022-08-01","WINS"
177.583923339844,183.374710083008,175.653671264648,177.583923339844,8144602,"2022-08-02","WINS"
177.583923339844,178.549057006836,176.618789672852,177.583923339844,1777791,"2022-08-03","WINS"
178.549057006836,181.444442749023,176.618789672852,177.583923339844,3020629,"2022-08-04","WINS"
177.583923339844,179.514190673828,175.653671264648,177.583923339844,2234517,"2022-08-05","WINS"
177.583923339844,178.549057006836,172.758270263672,173.723403930664,3977391,"2022-08-08","WINS"
172.758270263672,175.653671264648,170.828018188477,170.828018188477,2044905,"2022-08-09","WINS"
169.862884521484,173.723403930664,168.897750854492,172.758270263672,4070539,"2022-08-10","WINS"
172.758270263672,173.723403930664,169.862884521484,172.758270263672,2342171,"2022-08-11","WINS"
172.758270263672,172.758270263672,166.967498779297,167.9326171875,5291825,"2022-08-12","WINS"
168.897750854492,168.897750854492,166.967498779297,167.9326171875,2122719,"2022-08-15","WINS"
167.9326171875,169.862884521484,166.967498779297,166.967498779297,1515132,"2022-08-16","WINS"
166.967498779297,169.862884521484,166.002365112305,167.9326171875,1008775,"2022-08-18","WINS"
167.9326171875,169.862884521484,166.967498779297,167.9326171875,2364551,"2022-08-19","WINS"
168.897750854492,168.897750854492,166.002365112305,166.967498779297,3048190,"2022-08-22","WINS"
166.967498779297,172.758270263672,166.002365112305,172.758270263672,3706547,"2022-08-23","WINS"
173.723403930664,173.723403930664,169.862884521484,170.828018188477,2710930,"2022-08-24","WINS"
170.828018188477,173.723403930664,170.828018188477,172.758270263672,677628,"2022-08-25","WINS"
173.723403930664,194.956268310547,171.79313659668,184.339828491211,31126997,"2022-08-26","WINS"
185.304962158203,194.956268310547,182.409576416016,191.095748901367,26293659,"2022-08-29","WINS"
193.026000976562,198.816787719727,185.304962158203,192.06086730957,30973546,"2022-08-30","WINS"
193.026000976562,193.026000976562,179.514190673828,182.409576416016,13035031,"2022-08-31","WINS"
183.374710083008,188.200347900391,180.479309082031,186.270095825195,3552267,"2022-09-01","WINS"
187.235229492188,193.026000976562,186.270095825195,189.165481567383,8050003,"2022-09-02","WINS"
190.130615234375,191.095748901367,185.304962158203,188.200347900391,5885010,"2022-09-05","WINS"
189.165481567383,193.026000976562,188.200347900391,192.06086730957,8213090,"2022-09-06","WINS"
192.06086730957,193.026000976562,188.200347900391,192.06086730957,8771771,"2022-09-07","WINS"
193.026000976562,208.468078613281,191.095748901367,206.537826538086,37243790,"2022-09-08","WINS"
208.468078613281,208.468078613281,200.747039794922,204.607559204102,13937396,"2022-09-09","WINS"
204.607559204102,216.189117431641,202.677307128906,208.468078613281,37006309,"2022-09-12","WINS"
208.468078613281,214.258865356445,204.607559204102,212.328598022461,13209101,"2022-09-13","WINS"
212.328598022461,212.328598022461,202.677307128906,210.398345947266,7685907,"2022-09-14","WINS"
210.398345947266,220.049652099609,210.398345947266,214.258865356445,14913120,"2022-09-15","WINS"
214.258865356445,216.189117431641,206.537826538086,212.328598022461,9482556,"2022-09-16","WINS"
212.328598022461,252.864059448242,212.328598022461,243.212768554688,95717776,"2022-09-19","WINS"
245.143020629883,264.445617675781,231.631210327148,250.933807373047,55958988,"2022-09-20","WINS"
252.864059448242,260.585113525391,241.282501220703,249.003540039062,16378829,"2022-09-21","WINS"
250.933807373047,272.166656494141,245.143020629883,268.30615234375,38285929,"2022-09-22","WINS"
270.236419677734,324.28369140625,268.30615234375,310.771881103516,84759563,"2022-09-23","WINS"
308.841613769531,314.632385253906,289.539001464844,289.539001464844,24717913,"2022-09-26","WINS"
276.027191162109,289.539001464844,270.236419677734,285.678497314453,31303139,"2022-09-27","WINS"
287.608734130859,293.399536132812,270.236419677734,274.096923828125,40282966,"2022-09-28","WINS"
276.027191162109,283.748229980469,256.724578857422,256.724578857422,38835285,"2022-09-29","WINS"
245.143020629883,256.724578857422,239.352249145508,247.073287963867,23305253,"2022-09-30","WINS"
247.073287963867,277.957458496094,233.561462402344,277.957458496094,40239655,"2022-10-03","WINS"
277.957458496094,299.190307617188,272.166656494141,281.817962646484,41856743,"2022-10-04","WINS"
281.817962646484,297.260040283203,272.166656494141,274.096923828125,37433298,"2022-10-05","WINS"
274.096923828125,279.8876953125,266.375885009766,270.236419677734,9477272,"2022-10-06","WINS"
270.236419677734,277.957458496094,264.445617675781,270.236419677734,4821940,"2022-10-07","WINS"
272.166656494141,297.260040283203,270.236419677734,297.260040283203,37465107,"2022-10-10","WINS"
299.190307617188,301.120574951172,279.8876953125,279.8876953125,40960698,"2022-10-11","WINS"
279.8876953125,285.678497314453,264.445617675781,276.027191162109,19809662,"2022-10-12","WINS"
277.957458496094,287.608734130859,270.236419677734,277.957458496094,24206064,"2022-10-13","WINS"
277.957458496094,295.329772949219,276.027191162109,283.748229980469,39647300,"2022-10-14","WINS"
285.678497314453,312.702117919922,279.8876953125,303.050811767578,73238007,"2022-10-17","WINS"
304.981079101562,306.911346435547,291.469268798828,291.469268798828,19537263,"2022-10-18","WINS"
295.329772949219,306.911346435547,279.8876953125,306.911346435547,26177094,"2022-10-19","WINS"
304.981079101562,341.656036376953,285.678497314453,287.608734130859,143801556,"2022-10-20","WINS"
279.8876953125,295.329772949219,274.096923828125,281.817962646484,33344833,"2022-10-21","WINS"
283.748229980469,295.329772949219,277.957458496094,287.608734130859,21430169,"2022-10-24","WINS"
287.608734130859,293.399536132812,281.817962646484,283.748229980469,15502988,"2022-10-25","WINS"
283.748229980469,295.329772949219,283.748229980469,291.469268798828,22797342,"2022-10-26","WINS"
293.399536132812,303.050811767578,283.748229980469,285.678497314453,42503288,"2022-10-27","WINS"
287.608734130859,289.539001464844,266.375885009766,266.375885009766,39754332,"2022-10-28","WINS"
249.003540039062,293.399536132812,249.003540039062,281.817962646484,53564907,"2022-10-31","WINS"
281.817962646484,295.329772949219,277.957458496094,293.399536132812,17345331,"2022-11-01","WINS"
297.260040283203,332.004730224609,295.329772949219,316.562652587891,99408678,"2022-11-02","WINS"
322.353424072266,376.400695800781,318.492919921875,345.516540527344,137161208,"2022-11-03","WINS"
343.586273193359,362.888885498047,330.074462890625,353.237579345703,50960076,"2022-11-04","WINS"
357.098114013672,428.517730712891,355.167846679688,405.354614257812,75517907,"2022-11-07","WINS"
409.215118408203,409.215118408203,382.191497802734,391.842803955078,44981089,"2022-11-08","WINS"
391.842803955078,403.424346923828,378.330963134766,384.121734619141,14556898,"2022-11-09","WINS"
384.121734619141,384.121734619141,359.028381347656,359.028381347656,26318940,"2022-11-10","WINS"
366.749420166016,391.842803955078,359.028381347656,382.191497802734,36003957,"2022-11-11","WINS"
382.191497802734,405.354614257812,380.26123046875,393.773040771484,29426605,"2022-11-14","WINS"
395.703308105469,395.703308105469,366.749420166016,370.609924316406,32164992,"2022-11-15","WINS"
368.679656982422,382.191497802734,362.888885498047,368.679656982422,14133639,"2022-11-16","WINS"
370.609924316406,372.540191650391,359.028381347656,364.819152832031,8073005,"2022-11-17","WINS"
364.819152832031,382.191497802734,339.725769042969,339.725769042969,47808998,"2022-11-18","WINS"
339.725769042969,351.307342529297,320.423156738281,337.795501708984,19873177,"2022-11-21","WINS"
337.795501708984,347.446807861328,330.074462890625,343.586273193359,14182234,"2022-11-22","WINS"
349.377075195312,366.749420166016,345.516540527344,355.167846679688,47100596,"2022-11-23","WINS"
355.167846679688,357.098114013672,332.004730224609,332.004730224609,32036512,"2022-11-24","WINS"
332.004730224609,335.865234375,308.841613769531,328.144195556641,23756177,"2022-11-25","WINS"
330.074462890625,330.074462890625,306.911346435547,306.911346435547,33497248,"2022-11-28","WINS"
289.539001464844,318.492919921875,289.539001464844,314.632385253906,33495279,"2022-11-29","WINS"
314.632385253906,335.865234375,312.702117919922,332.004730224609,26473738,"2022-11-30","WINS"
333.934997558594,337.795501708984,320.423156738281,326.213958740234,16215120,"2022-12-01","WINS"
328.144195556641,332.004730224609,316.562652587891,316.562652587891,8052386,"2022-12-02","WINS"
316.562652587891,347.446807861328,310.771881103516,339.725769042969,28736024,"2022-12-05","WINS"
341.656036376953,343.586273193359,316.562652587891,328.144195556641,19326825,"2022-12-06","WINS"
326.213958740234,326.213958740234,308.841613769531,314.632385253906,7455575,"2022-12-07","WINS"
312.702117919922,324.28369140625,293.399536132812,318.492919921875,16171085,"2022-12-08","WINS"
320.423156738281,322.353424072266,308.841613769531,320.423156738281,7965558,"2022-12-09","WINS"
320.423156738281,328.144195556641,299.190307617188,301.120574951172,23395396,"2022-12-12","WINS"
287.608734130859,322.353424072266,287.608734130859,320.423156738281,12309740,"2022-12-13","WINS"
304.981079101562,330.074462890625,304.981079101562,320.423156738281,7097903,"2022-12-14","WINS"
304.981079101562,328.144195556641,304.981079101562,308.841613769531,5100245,"2022-12-15","WINS"
304.981079101562,320.423156738281,301.120574951172,314.632385253906,7370923,"2022-12-16","WINS"
314.632385253906,314.632385253906,304.981079101562,304.981079101562,3723850,"2022-12-19","WINS"
304.981079101562,304.981079101562,289.539001464844,295.329772949219,7518779,"2022-12-20","WINS"
295.329772949219,314.632385253906,295.329772949219,310.771881103516,8430573,"2022-12-21","WINS"
297.260040283203,324.28369140625,297.260040283203,322.353424072266,7556391,"2022-12-22","WINS"
320.423156738281,324.28369140625,312.702117919922,312.702117919922,3240288,"2022-12-23","WINS"
312.702117919922,314.632385253906,303.050811767578,308.841613769531,4235802,"2022-12-26","WINS"
308.841613769531,316.562652587891,306.911346435547,306.911346435547,1799343,"2022-12-27","WINS"
304.981079101562,310.771881103516,304.981079101562,304.981079101562,2359163,"2022-12-28","WINS"
299.190307617188,314.632385253906,299.190307617188,308.841613769531,2925201,"2022-12-29","WINS"
304.981079101562,322.353424072266,304.981079101562,314.632385253906,4827018,"2022-12-30","WINS"
299.190307617188,314.632385253906,299.190307617188,308.841613769531,2269227,"2023-01-02","WINS"
306.911346435547,312.702117919922,301.120574951172,301.120574951172,3414876,"2023-01-03","WINS"
287.608734130859,306.911346435547,287.608734130859,291.469268798828,5223544,"2023-01-04","WINS"
289.539001464844,295.329772949219,272.166656494141,272.166656494141,13561385,"2023-01-05","WINS"
254.794326782227,281.817962646484,254.794326782227,272.166656494141,4962543,"2023-01-06","WINS"
256.724578857422,276.027191162109,256.724578857422,260.585113525391,4255281,"2023-01-09","WINS"
247.073287963867,262.515380859375,245.143020629883,260.585113525391,7146601,"2023-01-10","WINS"
243.212768554688,266.375885009766,243.212768554688,262.515380859375,3538590,"2023-01-11","WINS"
247.073287963867,276.027191162109,247.073287963867,274.096923828125,2595608,"2023-01-12","WINS"
258.654846191406,276.027191162109,258.654846191406,272.166656494141,4285847,"2023-01-13","WINS"
256.724578857422,279.8876953125,256.724578857422,277.957458496094,2677566,"2023-01-16","WINS"
270.236419677734,283.748229980469,270.236419677734,279.8876953125,9042615,"2023-01-17","WINS"
281.817962646484,306.911346435547,279.8876953125,295.329772949219,10047350,"2023-01-18","WINS"
297.260040283203,299.190307617188,281.817962646484,289.539001464844,5028545,"2023-01-19","WINS"
289.539001464844,295.329772949219,287.608734130859,291.469268798828,2427134,"2023-01-20","WINS"
293.399536132812,299.190307617188,287.608734130859,297.260040283203,3016484,"2023-01-24","WINS"
301.120574951172,303.050811767578,293.399536132812,295.329772949219,4834374,"2023-01-25","WINS"
295.329772949219,314.632385253906,295.329772949219,310.771881103516,15057660,"2023-01-26","WINS"
314.632385253906,314.632385253906,299.190307617188,303.050811767578,4819868,"2023-01-27","WINS"
303.050811767578,308.841613769531,295.329772949219,295.329772949219,4031581,"2023-01-30","WINS"
295.329772949219,299.190307617188,289.539001464844,289.539001464844,2492721,"2023-01-31","WINS"
289.539001464844,295.329772949219,281.817962646484,293.399536132812,4214976,"2023-02-01","WINS"
295.329772949219,304.981079101562,291.469268798828,295.329772949219,5465895,"2023-02-02","WINS"
297.260040283203,297.260040283203,287.608734130859,289.539001464844,3736076,"2023-02-03","WINS"
289.539001464844,289.539001464844,274.096923828125,281.817962646484,3470620,"2023-02-06","WINS"
281.817962646484,285.678497314453,264.445617675781,277.957458496094,4636991,"2023-02-07","WINS"
277.957458496094,285.678497314453,274.096923828125,283.748229980469,2349735,"2023-02-08","WINS"
285.678497314453,287.608734130859,274.096923828125,276.027191162109,2245396,"2023-02-09","WINS"
276.027191162109,276.027191162109,266.375885009766,272.166656494141,3620962,"2023-02-10","WINS"
272.166656494141,279.8876953125,266.375885009766,272.166656494141,2163542,"2023-02-13","WINS"
272.166656494141,276.027191162109,268.30615234375,268.30615234375,2467232,"2023-02-14","WINS"
266.375885009766,270.236419677734,262.515380859375,266.375885009766,1476692,"2023-02-15","WINS"
270.236419677734,272.166656494141,260.585113525391,272.166656494141,2128003,"2023-02-16","WINS"
274.096923828125,276.027191162109,266.375885009766,270.236419677734,955000,"2023-02-17","WINS"
270.236419677734,270.236419677734,258.654846191406,260.585113525391,2828427,"2023-02-20","WINS"
252.864059448242,268.30615234375,252.864059448242,262.515380859375,1591184,"2023-02-21","WINS"
262.515380859375,262.515380859375,252.864059448242,256.724578857422,2163646,"2023-02-22","WINS"
254.794326782227,260.585113525391,249.003540039062,258.654846191406,5260016,"2023-02-23","WINS"
252.864059448242,266.375885009766,252.864059448242,264.445617675781,2505672,"2023-02-24","WINS"
254.794326782227,270.236419677734,254.794326782227,264.445617675781,1392351,"2023-02-27","WINS"
264.445617675781,266.375885009766,256.724578857422,262.515380859375,2175043,"2023-02-28","WINS"
262.515380859375,266.375885009766,258.654846191406,264.445617675781,791395,"2023-03-01","WINS"
264.445617675781,264.445617675781,256.724578857422,260.585113525391,2964367,"2023-03-02","WINS"
260.585113525391,262.515380859375,256.724578857422,256.724578857422,859987,"2023-03-03","WINS"
256.724578857422,277.957458496094,254.794326782227,270.236419677734,4381171,"2023-03-06","WINS"
270.236419677734,285.678497314453,264.445617675781,285.678497314453,7469252,"2023-03-07","WINS"
287.608734130859,303.050811767578,285.678497314453,295.329772949219,8329965,"2023-03-08","WINS"
297.260040283203,297.260040283203,281.817962646484,281.817962646484,7194160,"2023-03-09","WINS"
281.817962646484,283.748229980469,277.957458496094,281.817962646484,2450032,"2023-03-10","WINS"
274.096923828125,283.748229980469,264.445617675781,283.748229980469,2803145,"2023-03-13","WINS"
287.608734130859,287.608734130859,274.096923828125,276.027191162109,3950555,"2023-03-14","WINS"
283.748229980469,283.748229980469,274.096923828125,274.096923828125,1675939,"2023-03-15","WINS"
274.096923828125,276.027191162109,256.724578857422,256.724578857422,15280635,"2023-03-16","WINS"
239.352249145508,262.515380859375,239.352249145508,250.933807373047,8213815,"2023-03-17","WINS"
239.352249145508,250.933807373047,235.491729736328,237.421981811523,6319563,"2023-03-20","WINS"
225.840423583984,256.724578857422,225.840423583984,237.421981811523,5283744,"2023-03-21","WINS"
223.910171508789,252.864059448242,223.910171508789,247.073287963867,2025737,"2023-03-24","WINS"
233.561462402344,258.654846191406,233.561462402344,258.654846191406,3226197,"2023-03-27","WINS"
243.212768554688,274.096923828125,243.212768554688,266.375885009766,9473645,"2023-03-28","WINS"
266.375885009766,299.190307617188,266.375885009766,291.469268798828,16350957,"2023-03-29","WINS"
291.469268798828,293.399536132812,281.817962646484,283.748229980469,4091365,"2023-03-30","WINS"
285.678497314453,324.28369140625,283.748229980469,310.771881103516,38994642,"2023-03-31","WINS"
308.841613769531,360.958618164062,308.841613769531,318.492919921875,17671919,"2023-04-03","WINS"
322.353424072266,335.865234375,306.911346435547,335.865234375,9177312,"2023-04-04","WINS"
337.795501708984,339.725769042969,320.423156738281,322.353424072266,8048656,"2023-04-05","WINS"
330.074462890625,359.028381347656,322.353424072266,332.004730224609,16083117,"2023-04-06","WINS"
335.865234375,335.865234375,320.423156738281,332.004730224609,6129951,"2023-04-10","WINS"
330.074462890625,345.516540527344,324.28369140625,337.795501708984,7831069,"2023-04-11","WINS"
337.795501708984,345.516540527344,330.074462890625,337.795501708984,5553966,"2023-04-12","WINS"
337.795501708984,339.725769042969,330.074462890625,339.725769042969,3325562,"2023-04-13","WINS"
339.725769042969,341.656036376953,332.004730224609,332.004730224609,3622517,"2023-04-14","WINS"
332.004730224609,337.795501708984,308.841613769531,324.28369140625,6471977,"2023-04-17","WINS"
324.28369140625,330.074462890625,316.562652587891,326.213958740234,3680747,"2023-04-18","WINS"
324.28369140625,345.516540527344,320.423156738281,330.074462890625,13015655,"2023-04-26","WINS"
332.004730224609,351.307342529297,326.213958740234,339.725769042969,10563136,"2023-04-27","WINS"
351.307342529297,351.307342529297,316.562652587891,318.492919921875,26767377,"2023-04-28","WINS"
320.423156738281,320.423156738281,297.260040283203,297.260040283203,13192419,"2023-05-02","WINS"
291.469268798828,310.771881103516,289.539001464844,303.050811767578,6677131,"2023-05-03","WINS"
303.050811767578,308.841613769531,285.678497314453,297.260040283203,10596810,"2023-05-04","WINS"
299.190307617188,301.120574951172,285.678497314453,289.539001464844,9071109,"2023-05-05","WINS"
287.608734130859,304.981079101562,287.608734130859,304.981079101562,5148839,"2023-05-08","WINS"
287.608734130859,308.841613769531,287.608734130859,301.120574951172,3282252,"2023-05-09","WINS"
285.678497314453,304.981079101562,285.678497314453,303.050811767578,2479665,"2023-05-10","WINS"
303.050811767578,304.981079101562,283.748229980469,299.190307617188,12144374,"2023-05-11","WINS"
297.260040283203,299.190307617188,293.399536132812,293.399536132812,1474205,"2023-05-12","WINS"
293.399536132812,303.050811767578,291.469268798828,293.399536132812,5161169,"2023-05-15","WINS"
293.399536132812,295.329772949219,285.678497314453,289.539001464844,3983504,"2023-05-16","WINS"
289.539001464844,299.190307617188,287.608734130859,295.329772949219,3625625,"2023-05-17","WINS"
301.120574951172,301.120574951172,293.399536132812,295.329772949219,896977,"2023-05-19","WINS"
295.329772949219,295.329772949219,289.539001464844,293.399536132812,2944266,"2023-05-22","WINS"
291.469268798828,295.329772949219,287.608734130859,289.539001464844,6330442,"2023-05-23","WINS"
289.539001464844,293.399536132812,287.608734130859,289.539001464844,2924372,"2023-05-24","WINS"
289.539001464844,293.399536132812,285.678497314453,289.539001464844,2622340,"2023-05-25","WINS"
293.399536132812,293.399536132812,287.608734130859,289.539001464844,532777,"2023-05-26","WINS"
289.539001464844,293.399536132812,287.608734130859,289.539001464844,2210064,"2023-05-29","WINS"
291.469268798828,291.469268798828,287.608734130859,289.539001464844,2152248,"2023-05-30","WINS"
270.236419677734,289.539001464844,270.236419677734,285.678497314453,4667868,"2023-05-31","WINS"
268.30615234375,285.678497314453,268.30615234375,281.817962646484,1770227,"2023-06-05","WINS"
264.445617675781,281.817962646484,264.445617675781,281.817962646484,3063628,"2023-06-06","WINS"
262.515380859375,285.678497314453,262.515380859375,279.8876953125,4917057,"2023-06-07","WINS"
262.515380859375,279.8876953125,262.515380859375,276.027191162109,2359267,"2023-06-08","WINS"
258.654846191406,281.817962646484,258.654846191406,279.8876953125,1025975,"2023-06-09","WINS"
262.515380859375,289.539001464844,262.515380859375,281.817962646484,4840487,"2023-06-12","WINS"
281.817962646484,287.608734130859,277.957458496094,281.817962646484,2866245,"2023-06-13","WINS"
283.748229980469,283.748229980469,274.096923828125,276.027191162109,6840736,"2023-06-14","WINS"
276.027191162109,281.817962646484,276.027191162109,279.8876953125,2013303,"2023-06-15","WINS"
279.8876953125,281.817962646484,274.096923828125,277.957458496094,2761596,"2023-06-16","WINS"
276.027191162109,276.027191162109,264.445617675781,270.236419677734,8768870,"2023-06-19","WINS"
270.236419677734,272.166656494141,262.515380859375,270.236419677734,8139006,"2023-06-20","WINS"
270.236419677734,276.027191162109,262.515380859375,272.166656494141,2007708,"2023-06-21","WINS"
272.166656494141,274.096923828125,266.375885009766,268.30615234375,8856630,"2023-06-22","WINS"
274.096923828125,274.096923828125,262.515380859375,266.375885009766,9806554,"2023-06-23","WINS"
266.375885009766,270.236419677734,264.445617675781,266.375885009766,882264,"2023-06-26","WINS"
266.375885009766,274.096923828125,260.585113525391,272.166656494141,4433495,"2023-06-27","WINS"
272.166656494141,306.911346435547,272.166656494141,293.399536132812,15233387,"2023-07-03","WINS"
295.329772949219,312.702117919922,291.469268798828,312.702117919922,15600695,"2023-07-04","WINS"
314.632385253906,322.353424072266,304.981079101562,314.632385253906,7005066,"2023-07-05","WINS"
312.702117919922,318.492919921875,306.911346435547,316.562652587891,4420647,"2023-07-06","WINS"
316.562652587891,339.725769042969,314.632385253906,326.213958740234,16438303,"2023-07-07","WINS"
328.144195556641,347.446807861328,326.213958740234,335.865234375,10768808,"2023-07-10","WINS"
337.795501708984,341.656036376953,322.353424072266,330.074462890625,8168847,"2023-07-11","WINS"
324.28369140625,335.865234375,324.28369140625,332.004730224609,10700112,"2023-07-12","WINS"
318.492919921875,357.098114013672,318.492919921875,355.167846679688,17949809,"2023-07-13","WINS"
337.795501708984,370.609924316406,330.074462890625,366.749420166016,17155926,"2023-07-14","WINS"
351.307342529297,374.470458984375,351.307342529297,360.958618164062,6864878,"2023-07-17","WINS"
366.749420166016,368.679656982422,357.098114013672,360.958618164062,6008309,"2023-07-18","WINS"
360.958618164062,378.330963134766,353.237579345703,362.888885498047,14688798,"2023-07-20","WINS"
362.888885498047,374.470458984375,353.237579345703,364.819152832031,19513743,"2023-07-21","WINS"
366.749420166016,372.540191650391,355.167846679688,357.098114013672,7411851,"2023-07-24","WINS"
357.098114013672,364.819152832031,349.377075195312,353.237579345703,8429330,"2023-07-25","WINS"
353.237579345703,357.098114013672,345.516540527344,349.377075195312,6892335,"2023-07-26","WINS"
349.377075195312,355.167846679688,347.446807861328,349.377075195312,4452560,"2023-07-27","WINS"
347.446807861328,370.609924316406,345.516540527344,366.749420166016,12237522,"2023-07-28","WINS"
368.679656982422,415.005920410156,362.888885498047,413.075653076172,63849842,"2023-07-31","WINS"
415.005920410156,469.053192138672,395.703308105469,413.075653076172,81669514,"2023-08-01","WINS"
418.866424560547,469.053192138672,413.075653076172,469.053192138672,39884470,"2023-08-02","WINS"
470.983459472656,487.390655517578,447.820343017578,459.401885986328,22684301,"2023-08-03","WINS"
459.401885986328,480.634765625,449.750579833984,463.262420654297,16269828,"2023-08-04","WINS"
467.122924804688,487.390655517578,459.401885986328,482.565002441406,30861644,"2023-08-07","WINS"
487.390655517578,497.041961669922,467.122924804688,478.704498291016,12097126,"2023-08-08","WINS"
480.634765625,487.390655517578,472.913696289062,480.634765625,10904955,"2023-08-09","WINS"
482.565002441406,511.518920898438,482.565002441406,511.518920898438,23402131,"2023-08-10","WINS"
482.565002441406,521.170227050781,482.565002441406,492.21630859375,10391345,"2023-08-11","WINS"
492.21630859375,506.693267822266,482.565002441406,487.390655517578,7078942,"2023-08-14","WINS"
487.390655517578,497.041961669922,482.565002441406,492.21630859375,3885486,"2023-08-15","WINS"
492.21630859375,497.041961669922,455.541381835938,474.843963623047,14913845,"2023-08-16","WINS"
472.913696289062,492.21630859375,445.890075683594,449.750579833984,14299005,"2023-08-18","WINS"
449.750579833984,474.843963623047,436.23876953125,463.262420654297,15398857,"2023-08-21","WINS"
463.262420654297,467.122924804688,455.541381835938,463.262420654297,2179602,"2023-08-22","WINS"
463.262420654297,472.913696289062,451.680847167969,455.541381835938,4025986,"2023-08-23","WINS"
443.959808349609,467.122924804688,438.169036865234,443.959808349609,7409571,"2023-08-24","WINS"
451.680847167969,535.647155761719,440.099304199219,506.693267822266,57348231,"2023-08-25","WINS"
511.518920898438,516.344543457031,474.843963623047,474.843963623047,15953808,"2023-08-28","WINS"
476.774230957031,492.21630859375,467.122924804688,487.390655517578,9794327,"2023-08-29","WINS"
492.21630859375,559.775390625,492.21630859375,540.472839355469,35376994,"2023-08-30","WINS"
550.124084472656,550.124084472656,511.518920898438,521.170227050781,15776009,"2023-08-31","WINS"
525.995849609375,540.472839355469,482.565002441406,530.821533203125,15626184,"2023-09-01","WINS"
530.821533203125,545.298461914062,501.867614746094,516.344543457031,7910540,"2023-09-04","WINS"
506.693267822266,516.344543457031,482.565002441406,501.867614746094,6539015,"2023-09-05","WINS"
506.693267822266,535.647155761719,501.867614746094,530.821533203125,13613813,"2023-09-06","WINS"
525.995849609375,530.821533203125,501.867614746094,511.518920898438,10616289,"2023-09-07","WINS"
516.344543457031,530.821533203125,506.693267822266,521.170227050781,3948483,"2023-09-08","WINS"
521.170227050781,588.729309082031,511.518920898438,564.60107421875,28615211,"2023-09-11","WINS"
574.252380371094,574.252380371094,525.995849609375,535.647155761719,21269672,"2023-09-12","WINS"
535.647155761719,545.298461914062,516.344543457031,525.995849609375,17101529,"2023-09-13","WINS"
525.995849609375,574.252380371094,516.344543457031,554.949768066406,15792069,"2023-09-14","WINS"
559.775390625,612.857543945312,559.775390625,574.252380371094,34189072,"2023-09-15","WINS"
579.078002929688,636.98583984375,574.252380371094,622.508850097656,39558607,"2023-09-18","WINS"
622.508850097656,636.98583984375,583.903686523438,603.206237792969,28175167,"2023-09-19","WINS"
612.857543945312,622.508850097656,583.903686523438,588.729309082031,16680861,"2023-09-20","WINS"
588.729309082031,608.031921386719,569.426696777344,588.729309082031,25394609,"2023-09-21","WINS"
588.729309082031,617.683227539062,583.903686523438,603.206237792969,12485467,"2023-09-22","WINS"
608.031921386719,612.857543945312,579.078002929688,593.554992675781,21271848,"2023-09-25","WINS"
603.206237792969,617.683227539062,593.554992675781,608.031921386719,18310382,"2023-09-26","WINS"
608.031921386719,636.98583984375,535.647155761719,603.206237792969,45113299,"2023-09-27","WINS"
608.031921386719,656.288391113281,598.380615234375,612.857543945312,22656014,"2023-09-29","WINS"
617.683227539062,617.683227539062,574.252380371094,588.729309082031,18166153,"2023-10-02","WINS"
598.380615234375,608.031921386719,579.078002929688,588.729309082031,4568192,"2023-10-03","WINS"
588.729309082031,588.729309082031,530.821533203125,554.949768066406,25268823,"2023-10-04","WINS"
554.949768066406,574.252380371094,506.693267822266,511.518920898438,28623397,"2023-10-05","WINS"
506.693267822266,540.472839355469,482.565002441406,535.647155761719,46558182,"2023-10-06","WINS"
535.647155761719,564.60107421875,525.995849609375,525.995849609375,28415445,"2023-10-09","WINS"
530.821533203125,554.949768066406,516.344543457031,530.821533203125,19359878,"2023-10-10","WINS"
530.821533203125,540.472839355469,516.344543457031,525.995849609375,15346947,"2023-10-11","WINS"
525.995849609375,525.995849609375,506.693267822266,516.344543457031,12746883,"2023-10-12","WINS"
516.344543457031,535.647155761719,492.21630859375,535.647155761719,16841979,"2023-10-13","WINS"
540.472839355469,550.124084472656,521.170227050781,521.170227050781,18021820,"2023-10-16","WINS"
525.995849609375,545.298461914062,521.170227050781,530.821533203125,6867779,"2023-10-17","WINS"
530.821533203125,569.426696777344,530.821533203125,559.775390625,17542195,"2023-10-18","WINS"
564.60107421875,564.60107421875,530.821533203125,530.821533203125,23855438,"2023-10-19","WINS"
535.647155761719,569.426696777344,530.821533203125,564.60107421875,24484991,"2023-10-20","WINS"
564.60107421875,574.252380371094,530.821533203125,540.472839355469,12919709,"2023-10-23","WINS"
545.298461914062,588.729309082031,530.821533203125,569.426696777344,29195651,"2023-10-24","WINS"
564.60107421875,574.252380371094,535.647155761719,545.298461914062,10894283,"2023-10-25","WINS"
550.124084472656,583.903686523438,530.821533203125,530.821533203125,19212022,"2023-10-26","WINS"
525.995849609375,550.124084472656,506.693267822266,530.821533203125,14694496,"2023-10-27","WINS"
540.472839355469,550.124084472656,422.726959228516,436.23876953125,130118530,"2023-10-30","WINS"
434.308502197266,434.308502197266,386.052001953125,415.005920410156,36982685,"2023-10-31","WINS"
415.005920410156,420.796691894531,401.494079589844,403.424346923828,19244142,"2023-11-01","WINS"
407.284881591797,426.587463378906,391.842803955078,393.773040771484,17727455,"2023-11-02","WINS"
391.842803955078,411.145385742188,387.982269287109,397.633575439453,6791934,"2023-11-03","WINS"
399.563842773438,411.145385742188,389.912536621094,395.703308105469,16823950,"2023-11-06","WINS"
399.563842773438,405.354614257812,391.842803955078,403.424346923828,3602001,"2023-11-07","WINS"
405.354614257812,405.354614257812,382.191497802734,389.912536621094,19484006,"2023-11-08","WINS"
389.912536621094,409.215118408203,389.912536621094,405.354614257812,5879104,"2023-11-09","WINS"
413.075653076172,413.075653076172,389.912536621094,393.773040771484,9266627,"2023-11-10","WINS"
395.703308105469,401.494079589844,387.982269287109,395.703308105469,4255177,"2023-11-13","WINS"
397.633575439453,399.563842773438,393.773040771484,397.633575439453,2777449,"2023-11-14","WINS"
397.633575439453,405.354614257812,395.703308105469,401.494079589844,9271807,"2023-11-15","WINS"
403.424346923828,403.424346923828,389.912536621094,391.842803955078,3950348,"2023-11-16","WINS"
389.912536621094,397.633575439453,366.749420166016,387.982269287109,11861303,"2023-11-17","WINS"
389.912536621094,393.773040771484,372.540191650391,378.330963134766,11501766,"2023-11-20","WINS"
378.330963134766,386.052001953125,366.749420166016,376.400695800781,8668158,"2023-11-21","WINS"
376.400695800781,376.400695800781,366.749420166016,370.609924316406,3238630,"2023-11-22","WINS"
370.609924316406,376.400695800781,357.098114013672,366.749420166016,8884709,"2023-11-23","WINS"
364.819152832031,386.052001953125,364.819152832031,384.121734619141,4755421,"2023-11-24","WINS"
387.982269287109,393.773040771484,376.400695800781,387.982269287109,5205516,"2023-11-27","WINS"
389.912536621094,393.773040771484,382.191497802734,389.912536621094,3765192,"2023-11-28","WINS"
391.842803955078,403.424346923828,389.912536621094,403.424346923828,8882533,"2023-11-29","WINS"
403.424346923828,405.354614257812,391.842803955078,395.703308105469,2880544,"2023-11-30","WINS"
395.703308105469,397.633575439453,376.400695800781,395.703308105469,4357340,"2023-12-01","WINS"
393.773040771484,393.773040771484,376.400695800781,378.330963134766,2980531,"2023-12-04","WINS"
370.609924316406,386.052001953125,366.749420166016,376.400695800781,4487374,"2023-12-05","WINS"
376.400695800781,380.26123046875,349.377075195312,349.377075195312,15555520,"2023-12-06","WINS"
349.377075195312,349.377075195312,304.981079101562,326.213958740234,36665733,"2023-12-07","WINS"
326.213958740234,347.446807861328,316.562652587891,345.516540527344,10268046,"2023-12-08","WINS"
345.516540527344,366.749420166016,333.934997558594,360.958618164062,14604042,"2023-12-11","WINS"
366.749420166016,372.540191650391,339.725769042969,349.377075195312,6093168,"2023-12-12","WINS"
345.516540527344,357.098114013672,337.795501708984,355.167846679688,5179716,"2023-12-13","WINS"
355.167846679688,368.679656982422,353.237579345703,366.749420166016,5796110,"2023-12-14","WINS"
366.749420166016,391.842803955078,366.749420166016,386.052001953125,13518178,"2023-12-15","WINS"
389.912536621094,395.703308105469,366.749420166016,372.540191650391,5794245,"2023-12-18","WINS"
372.540191650391,393.773040771484,366.749420166016,386.052001953125,4050231,"2023-12-19","WINS"
386.052001953125,395.703308105469,380.26123046875,389.912536621094,5127495,"2023-12-20","WINS"
389.912536621094,428.517730712891,378.330963134766,378.330963134766,32484949,"2023-12-21","WINS"
380.26123046875,395.703308105469,380.26123046875,380.26123046875,7597939,"2023-12-22","WINS"
399.563842773438,407.284881591797,386.052001953125,397.633575439453,6645529,"2023-12-27","WINS"
395.703308105469,405.354614257812,391.842803955078,395.703308105469,3040937,"2023-12-28","WINS"
395.703308105469,397.633575439453,380.26123046875,386.052001953125,6818252,"2023-12-29","WINS"
389.912536621094,401.494079589844,389.912536621094,393.773040771484,2438324,"2024-01-02","WINS"
393.773040771484,393.773040771484,382.191497802734,389.912536621094,1701221,"2024-01-03","WINS"
399.563842773438,405.354614257812,393.773040771484,405.354614257812,4922860,"2024-01-04","WINS"
407.284881591797,407.284881591797,395.703308105469,395.703308105469,4974148,"2024-01-05","WINS"
395.703308105469,403.424346923828,382.191497802734,386.052001953125,4683203,"2024-01-08","WINS"
386.052001953125,386.052001953125,370.609924316406,370.609924316406,5615927,"2024-01-09","WINS"
372.540191650391,387.982269287109,370.609924316406,382.191497802734,2181985,"2024-01-10","WINS"
382.191497802734,387.982269287109,376.400695800781,380.26123046875,3884036,"2024-01-11","WINS"
384.121734619141,386.052001953125,380.26123046875,380.26123046875,1494513,"2024-01-12","WINS"
380.26123046875,397.633575439453,376.400695800781,395.703308105469,5665247,"2024-01-15","WINS"
395.703308105469,403.424346923828,391.842803955078,403.424346923828,4237356,"2024-01-16","WINS"
407.284881591797,422.726959228516,401.494079589844,407.284881591797,23270646,"2024-01-17","WINS"
407.284881591797,413.075653076172,387.982269287109,389.912536621094,7779780,"2024-01-18","WINS"
389.912536621094,399.563842773438,386.052001953125,386.052001953125,5055070,"2024-01-19","WINS"
387.982269287109,387.982269287109,376.400695800781,378.330963134766,3206407,"2024-01-22","WINS"
378.330963134766,382.191497802734,370.609924316406,372.540191650391,3109218,"2024-01-23","WINS"
372.540191650391,374.470458984375,357.098114013672,364.819152832031,3474661,"2024-01-24","WINS"
364.819152832031,376.400695800781,347.446807861328,353.237579345703,10828178,"2024-01-25","WINS"
357.098114013672,370.609924316406,353.237579345703,360.958618164062,3445753,"2024-01-26","WINS"
362.888885498047,382.191497802734,362.888885498047,368.679656982422,4153948,"2024-01-29","WINS"
370.609924316406,372.540191650391,359.028381347656,368.679656982422,1808253,"2024-01-30","WINS"
368.679656982422,368.679656982422,360.958618164062,364.819152832031,2154113,"2024-01-31","WINS"
364.819152832031,364.819152832031,353.237579345703,357.098114013672,2367867,"2024-02-01","WINS"
360.958618164062,370.609924316406,351.307342529297,370.609924316406,3923616,"2024-02-02","WINS"
370.609924316406,384.121734619141,370.609924316406,382.191497802734,6244754,"2024-02-05","WINS"
384.121734619141,384.121734619141,366.749420166016,370.609924316406,2921575,"2024-02-06","WINS"
372.540191650391,376.400695800781,368.679656982422,374.470458984375,1729404,"2024-02-07","WINS"
374.470458984375,378.330963134766,370.609924316406,372.540191650391,1438148,"2024-02-12","WINS"
372.540191650391,374.470458984375,357.098114013672,364.819152832031,1408929,"2024-02-13","WINS"
364.819152832031,374.470458984375,357.098114013672,364.819152832031,2071845,"2024-02-15","WINS"
364.819152832031,372.540191650391,357.098114013672,360.958618164062,1393801,"2024-02-16","WINS"
360.958618164062,364.819152832031,357.098114013672,359.028381347656,1407375,"2024-02-19","WINS"
355.167846679688,364.819152832031,349.377075195312,355.167846679688,3132738,"2024-02-20","WINS"
337.795501708984,368.679656982422,337.795501708984,357.098114013672,4369255,"2024-02-21","WINS"
339.725769042969,360.958618164062,339.725769042969,357.098114013672,2302798,"2024-02-22","WINS"
347.446807861328,364.819152832031,347.446807861328,359.028381347656,999865,"2024-02-23","WINS"
366.749420166016,368.679656982422,360.958618164062,364.819152832031,985877,"2024-02-26","WINS"
364.819152832031,376.400695800781,364.819152832031,374.470458984375,2749163,"2024-02-27","WINS"
355.167846679688,376.400695800781,355.167846679688,364.819152832031,1806595,"2024-02-28","WINS"
349.377075195312,372.540191650391,349.377075195312,360.958618164062,1554298,"2024-02-29","WINS"
343.586273193359,366.749420166016,343.586273193359,362.888885498047,1761731,"2024-03-01","WINS"
345.516540527344,401.494079589844,345.516540527344,391.842803955078,15385802,"2024-03-04","WINS"
374.470458984375,399.563842773438,374.470458984375,391.842803955078,3656916,"2024-03-05","WINS"
386.052001953125,393.773040771484,386.052001953125,389.912536621094,930755,"2024-03-06","WINS"
389.912536621094,401.494079589844,387.982269287109,387.982269287109,4233212,"2024-03-07","WINS"
387.982269287109,397.633575439453,380.26123046875,384.121734619141,4385730,"2024-03-08","WINS"
386.052001953125,411.145385742188,386.052001953125,407.284881591797,10064654,"2024-03-13","WINS"
409.215118408203,411.145385742188,397.633575439453,409.215118408203,6054313,"2024-03-14","WINS"
415.005920410156,436.23876953125,407.284881591797,424.657196044922,17312693,"2024-03-15","WINS"
426.587463378906,445.890075683594,424.657196044922,445.890075683594,13879580,"2024-03-18","WINS"
451.680847167969,457.471618652344,432.378234863281,440.099304199219,12793094,"2024-03-19","WINS"
440.099304199219,449.750579833984,430.447998046875,445.890075683594,12961776,"2024-03-20","WINS"
445.890075683594,470.983459472656,445.890075683594,469.053192138672,14117994,"2024-03-21","WINS"
469.053192138672,470.983459472656,453.611114501953,461.332153320312,3695771,"2024-03-22","WINS"
470.983459472656,470.983459472656,457.471618652344,463.262420654297,4793240,"2024-03-25","WINS"
467.122924804688,467.122924804688,459.401885986328,463.262420654297,2518520,"2024-03-26","WINS"
463.262420654297,469.053192138672,370.609924316406,443.959808349609,6474257,"2024-03-27","WINS"
442.029541015625,492.21630859375,430.447998046875,487.390655517578,35062529,"2024-03-28","WINS"
482.565002441406,506.693267822266,449.750579833984,463.262420654297,10019997,"2024-04-01","WINS"
467.122924804688,472.913696289062,436.23876953125,453.611114501953,12486607,"2024-04-02","WINS"
447.820343017578,521.170227050781,443.959808349609,516.344543457031,37013043,"2024-04-03","WINS"
516.344543457031,516.344543457031,474.843963623047,487.390655517578,10260793,"2024-04-04","WINS"
492.21630859375,492.21630859375,465.192657470703,474.843963623047,7874793,"2024-04-05","WINS"
476.774230957031,482.565002441406,465.192657470703,482.565002441406,6680550,"2024-04-16","WINS"
480.634765625,492.21630859375,472.913696289062,482.565002441406,9125920,"2024-04-17","WINS"
482.565002441406,482.565002441406,467.122924804688,476.774230957031,7347818,"2024-04-18","WINS"
472.913696289062,501.867614746094,472.913696289062,487.390655517578,18296187,"2024-04-19","WINS"
487.390655517578,492.21630859375,474.843963623047,478.704498291016,2528882,"2024-04-22","WINS"
476.774230957031,478.704498291016,447.820343017578,467.122924804688,16033487,"2024-04-23","WINS"
463.262420654297,487.390655517578,453.611114501953,472.913696289062,7956751,"2024-04-24","WINS"
482.565002441406,482.565002441406,455.541381835938,463.262420654297,5048646,"2024-04-25","WINS"
463.262420654297,463.262420654297,440.099304199219,457.471618652344,5419891,"2024-04-26","WINS"
463.262420654297,482.565002441406,443.959808349609,445.890075683594,9390030,"2024-04-29","WINS"
445.890075683594,516.344543457031,445.890075683594,511.518920898438,29081366,"2024-04-30","WINS"
516.344543457031,521.170227050781,472.913696289062,521.170227050781,13606664,"2024-05-02","WINS"
525.995849609375,535.647155761719,516.344543457031,521.170227050781,12060033,"2024-05-03","WINS"
521.170227050781,521.170227050781,492.21630859375,501.867614746094,4555241,"2024-05-06","WINS"
501.867614746094,530.821533203125,497.041961669922,501.867614746094,5411187,"2024-05-07","WINS"
501.867614746094,511.518920898438,492.21630859375,501.867614746094,3263083,"2024-05-08","WINS"
501.867614746094,501.867614746094,470.983459472656,476.774230957031,3356335,"2024-05-13","WINS"
478.704498291016,487.390655517578,465.192657470703,487.390655517578,9103747,"2024-05-14","WINS"
487.390655517578,487.390655517578,478.704498291016,482.565002441406,2002424,"2024-05-15","WINS"
482.565002441406,492.21630859375,470.983459472656,470.983459472656,2524323,"2024-05-16","WINS"
472.913696289062,474.843963623047,457.471618652344,463.262420654297,3397469,"2024-05-17","WINS"
463.262420654297,492.21630859375,461.332153320312,467.122924804688,7330514,"2024-05-20","WINS"
467.122924804688,469.053192138672,461.332153320312,463.262420654297,2086869,"2024-05-21","WINS"
463.262420654297,482.565002441406,459.401885986328,480.634765625,4440956,"2024-05-22","WINS"
487.390655517578,516.344543457031,478.704498291016,497.041961669922,11701324,"2024-05-27","WINS"
501.867614746094,506.693267822266,480.634765625,487.390655517578,6610197,"2024-05-28","WINS"
487.390655517578,501.867614746094,482.565002441406,497.041961669922,5032068,"2024-05-29","WINS"
501.867614746094,501.867614746094,482.565002441406,492.21630859375,3651217,"2024-05-30","WINS"
492.21630859375,497.041961669922,487.390655517578,492.21630859375,5983028,"2024-05-31","WINS"
492.21630859375,492.21630859375,459.401885986328,469.053192138672,9235854,"2024-06-03","WINS"
463.262420654297,480.634765625,447.820343017578,480.634765625,9667816,"2024-06-04","WINS"
482.565002441406,482.565002441406,443.959808349609,443.959808349609,9540268,"2024-06-05","WINS"
447.820343017578,472.913696289062,447.820343017578,472.913696289062,4737599,"2024-06-06","WINS"
472.913696289062,474.843963623047,461.332153320312,463.262420654297,877291,"2024-06-07","WINS"
461.332153320312,463.262420654297,453.611114501953,453.611114501953,1909276,"2024-06-10","WINS"
459.401885986328,497.041961669922,455.541381835938,497.041961669922,12866556,"2024-06-11","WINS"
497.041961669922,497.041961669922,472.913696289062,472.913696289062,3045807,"2024-06-12","WINS"
472.913696289062,476.774230957031,467.122924804688,469.053192138672,1660190,"2024-06-13","WINS"
472.913696289062,478.704498291016,467.122924804688,467.122924804688,2578823,"2024-06-14","WINS"
467.122924804688,469.053192138672,455.541381835938,455.541381835938,4762777,"2024-06-19","WINS"
457.471618652344,472.913696289062,449.750579833984,465.192657470703,4584978,"2024-06-20","WINS"
465.192657470703,469.053192138672,459.401885986328,463.262420654297,1727850,"2024-06-21","WINS"
461.332153320312,470.983459472656,457.471618652344,467.122924804688,1883062,"2024-06-24","WINS"
467.122924804688,469.053192138672,453.611114501953,455.541381835938,4749722,"2024-06-25","WINS"
455.541381835938,457.471618652344,447.820343017578,453.611114501953,3914602,"2024-06-26","WINS"
453.611114501953,457.471618652344,447.820343017578,453.611114501953,3073057,"2024-06-27","WINS"
453.611114501953,461.332153320312,451.680847167969,455.541381835938,3446685,"2024-06-28","WINS"
455.541381835938,467.122924804688,451.680847167969,453.611114501953,5988933,"2024-07-01","WINS"
453.611114501953,461.332153320312,453.611114501953,457.471618652344,3420678,"2024-07-02","WINS"
457.471618652344,465.192657470703,453.611114501953,453.611114501953,5700060,"2024-07-03","WINS"
457.471618652344,459.401885986328,451.680847167969,453.611114501953,3500253,"2024-07-04","WINS"
453.611114501953,455.541381835938,449.750579833984,451.680847167969,1624755,"2024-07-05","WINS"
451.680847167969,453.611114501953,445.890075683594,447.820343017578,2187788,"2024-07-08","WINS"
449.750579833984,472.913696289062,445.890075683594,472.913696289062,7110751,"2024-07-09","WINS"
482.565002441406,482.565002441406,470.983459472656,470.983459472656,1486639,"2024-07-10","WINS"
470.983459472656,476.774230957031,467.122924804688,470.983459472656,1304591,"2024-07-11","WINS"
472.913696289062,476.774230957031,467.122924804688,470.983459472656,1608798,"2024-07-12","WINS"
472.913696289062,482.565002441406,453.611114501953,455.541381835938,5522468,"2024-07-15","WINS"
457.471618652344,470.983459472656,455.541381835938,470.983459472656,3379130,"2024-07-16","WINS"
470.983459472656,487.390655517578,463.262420654297,487.390655517578,9323303,"2024-07-17","WINS"
492.21630859375,516.344543457031,487.390655517578,506.693267822266,9833493,"2024-07-18","WINS"
506.693267822266,511.518920898438,497.041961669922,506.693267822266,2266533,"2024-07-19","WINS"
506.693267822266,516.344543457031,487.390655517578,506.693267822266,3224228,"2024-07-22","WINS"
506.693267822266,530.821533203125,487.390655517578,516.344543457031,7584470,"2024-07-23","WINS"
516.344543457031,574.252380371094,516.344543457031,550.124084472656,25697781,"2024-07-24","WINS"
554.949768066406,564.60107421875,516.344543457031,540.472839355469,7433817,"2024-07-25","WINS"
540.472839355469,545.298461914062,521.170227050781,530.821533203125,1569425,"2024-07-26","WINS"
569.426696777344,579.078002929688,506.693267822266,506.693267822266,34312993,"2024-07-29","WINS"
511.518920898438,530.821533203125,506.693267822266,511.518920898438,10105270,"2024-07-30","WINS"
516.344543457031,521.170227050781,501.867614746094,521.170227050781,11861303,"2024-07-31","WINS"
525.995849609375,540.472839355469,521.170227050781,525.995849609375,3274481,"2024-08-01","WINS"
530.821533203125,530.821533203125,516.344543457031,525.995849609375,3645933,"2024-08-02","WINS"
525.995849609375,525.995849609375,461.332153320312,469.053192138672,25753628,"2024-08-05","WINS"
469.053192138672,487.390655517578,469.053192138672,482.565002441406,11518033,"2024-08-06","WINS"
482.565002441406,482.565002441406,474.843963623047,474.843963623047,3763327,"2024-08-07","WINS"
476.774230957031,478.704498291016,465.192657470703,478.704498291016,4662791,"2024-08-08","WINS"
478.704498291016,482.565002441406,474.843963623047,474.843963623047,1487986,"2024-08-09","WINS"
474.843963623047,487.390655517578,474.843963623047,487.390655517578,9104783,"2024-08-12","WINS"
487.390655517578,497.041961669922,478.704498291016,492.21630859375,10251261,"2024-08-13","WINS"
492.21630859375,497.041961669922,476.774230957031,480.634765625,7954575,"2024-08-14","WINS"
480.634765625,487.390655517578,470.983459472656,487.390655517578,8439381,"2024-08-15","WINS"
492.21630859375,492.21630859375,476.774230957031,476.774230957031,4097893,"2024-08-16","WINS"
476.774230957031,478.704498291016,472.913696289062,474.843963623047,1508605,"2024-08-19","WINS"
474.843963623047,487.390655517578,472.913696289062,482.565002441406,9008837,"2024-08-20","WINS"
482.565002441406,492.21630859375,478.704498291016,480.634765625,2911213,"2024-08-21","WINS"
480.634765625,480.634765625,465.192657470703,467.122924804688,10134489,"2024-08-22","WINS"
469.053192138672,480.634765625,467.122924804688,476.774230957031,2920953,"2024-08-23","WINS"
478.704498291016,482.565002441406,476.774230957031,478.704498291016,2935148,"2024-08-26","WINS"
478.704498291016,487.390655517578,476.774230957031,487.390655517578,5125527,"2024-08-27","WINS"
492.21630859375,492.21630859375,472.913696289062,474.843963623047,6969423,"2024-08-28","WINS"
474.843963623047,476.774230957031,451.680847167969,453.611114501953,17168463,"2024-08-29","WINS"
453.611114501953,467.122924804688,453.611114501953,463.262420654297,4468724,"2024-08-30","WINS"
463.262420654297,474.843963623047,463.262420654297,474.843963623047,5690217,"2024-09-02","WINS"
474.843963623047,476.774230957031,467.122924804688,467.122924804688,2197527,"2024-09-03","WINS"
463.262420654297,469.053192138672,461.332153320312,465.192657470703,4148974,"2024-09-04","WINS"
467.122924804688,469.053192138672,461.332153320312,465.192657470703,1487053,"2024-09-05","WINS"
467.122924804688,472.913696289062,465.192657470703,472.913696289062,6021261,"2024-09-06","WINS"
472.913696289062,472.913696289062,457.471618652344,461.332153320312,4413498,"2024-09-09","WINS"
461.332153320312,465.192657470703,455.541381835938,463.262420654297,3249095,"2024-09-10","WINS"
463.262420654297,465.192657470703,459.401885986328,463.262420654297,3628112,"2024-09-11","WINS"
461.332153320312,469.053192138672,459.401885986328,461.332153320312,3196667,"2024-09-12","WINS"
463.262420654297,463.262420654297,453.611114501953,453.611114501953,5177229,"2024-09-13","WINS"
455.541381835938,459.401885986328,453.611114501953,457.471618652344,5118584,"2024-09-17","WINS"
457.471618652344,459.401885986328,447.820343017578,449.750579833984,7785686,"2024-09-18","WINS"
449.750579833984,457.471618652344,438.169036865234,445.890075683594,11370592,"2024-09-19","WINS"
445.890075683594,447.820343017578,430.447998046875,438.169036865234,11865862,"2024-09-20","WINS"
438.169036865234,443.959808349609,432.378234863281,438.169036865234,7477438,"2024-09-23","WINS"
438.169036865234,442.029541015625,418.866424560547,440.099304199219,14460953,"2024-09-24","WINS"
440.099304199219,451.680847167969,438.169036865234,443.959808349609,5396474,"2024-09-25","WINS"
449.750579833984,449.750579833984,438.169036865234,443.959808349609,2773823,"2024-09-26","WINS"
443.959808349609,445.890075683594,438.169036865234,438.169036865234,6841979,"2024-09-27","WINS"
443.959808349609,449.750579833984,436.23876953125,445.890075683594,10298923,"2024-09-30","WINS"
445.890075683594,447.820343017578,436.23876953125,438.169036865234,3207236,"2024-10-01","WINS"
438.169036865234,478.704498291016,438.169036865234,465.192657470703,39886853,"2024-10-02","WINS"
469.053192138672,474.843963623047,463.262420654297,463.262420654297,9934619,"2024-10-03","WINS"
470.983459472656,478.704498291016,463.262420654297,470.983459472656,9027073,"2024-10-04","WINS"
478.704498291016,487.390655517578,472.913696289062,480.634765625,8342917,"2024-10-07","WINS"
480.634765625,487.390655517578,461.332153320312,480.634765625,10070042,"2024-10-08","WINS"
469.053192138672,492.21630859375,467.122924804688,470.983459472656,12674665,"2024-10-09","WINS"
470.983459472656,492.21630859375,469.053192138672,492.21630859375,10888999,"2024-10-10","WINS"
497.041961669922,497.041961669922,478.704498291016,480.634765625,5626910,"2024-10-11","WINS"
480.634765625,492.21630859375,472.913696289062,482.565002441406,6156165,"2024-10-14","WINS"
482.565002441406,487.390655517578,467.122924804688,467.122924804688,6408048,"2024-10-15","WINS"
467.122924804688,470.983459472656,459.401885986328,461.332153320312,7216436,"2024-10-16","WINS"
463.262420654297,480.634765625,461.332153320312,467.122924804688,5454498,"2024-10-17","WINS"
469.053192138672,480.634765625,463.262420654297,480.634765625,11998279,"2024-10-18","WINS"
480.634765625,487.390655517578,476.774230957031,487.390655517578,9504936,"2024-10-21","WINS"
487.390655517578,492.21630859375,480.634765625,492.21630859375,7256846,"2024-10-22","WINS"
492.21630859375,545.298461914062,487.390655517578,540.472839355469,49563788,"2024-10-23","WINS"
540.472839355469,545.298461914062,511.518920898438,535.647155761719,15613129,"2024-10-24","WINS"
530.821533203125,540.472839355469,506.693267822266,530.821533203125,11059338,"2024-10-25","WINS"
535.647155761719,564.60107421875,521.170227050781,540.472839355469,58417621,"2024-10-28","WINS"
545.298461914062,554.949768066406,525.995849609375,525.995849609375,9542652,"2024-10-29","WINS"
530.821533203125,530.821533203125,511.518920898438,525.995849609375,10726223,"2024-10-30","WINS"
521.170227050781,521.170227050781,497.041961669922,521.170227050781,13066425,"2024-10-31","WINS"
521.170227050781,521.170227050781,501.867614746094,511.518920898438,5853926,"2024-11-01","WINS"
501.867614746094,506.693267822266,482.565002441406,497.041961669922,9507941,"2024-11-04","WINS"
492.21630859375,506.693267822266,482.565002441406,482.565002441406,5708039,"2024-11-05","WINS"
482.565002441406,492.21630859375,465.192657470703,482.565002441406,8307378,"2024-11-06","WINS"
482.565002441406,492.21630859375,465.192657470703,482.565002441406,9828520,"2024-11-07","WINS"
487.390655517578,492.21630859375,472.913696289062,472.913696289062,4904727,"2024-11-08","WINS"
474.843963623047,482.565002441406,463.262420654297,482.565002441406,6715157,"2024-11-11","WINS"
482.565002441406,482.565002441406,463.262420654297,476.774230957031,7608404,"2024-11-12","WINS"
476.774230957031,476.774230957031,467.122924804688,474.843963623047,4309263,"2024-11-13","WINS"
474.843963623047,474.843963623047,455.541381835938,455.541381835938,6755359,"2024-11-14","WINS"
455.541381835938,457.471618652344,436.23876953125,443.959808349609,10522934,"2024-11-15","WINS"
443.959808349609,447.820343017578,436.23876953125,438.169036865234,5851128,"2024-11-18","WINS"
438.169036865234,449.750579833984,428.517730712891,442.029541015625,4289266,"2024-11-19","WINS"
442.029541015625,447.820343017578,436.23876953125,443.959808349609,9035984,"2024-11-20","WINS"
443.959808349609,443.959808349609,436.23876953125,442.029541015625,4596168,"2024-11-21","WINS"
442.029541015625,451.680847167969,440.099304199219,440.099304199219,9438313,"2024-11-22","WINS"
442.029541015625,461.332153320312,436.23876953125,461.332153320312,5246339,"2024-11-25","WINS"
455.541381835938,461.332153320312,442.029541015625,449.750579833984,5367152,"2024-11-26","WINS"
449.750579833984,455.541381835938,447.820343017578,455.541381835938,3419850,"2024-11-28","WINS"
453.611114501953,455.541381835938,443.959808349609,451.680847167969,1243148,"2024-11-29","WINS"
451.680847167969,457.471618652344,440.099304199219,442.029541015625,4613471,"2024-12-02","WINS"
443.959808349609,461.332153320312,443.959808349609,461.332153320312,2329323,"2024-12-03","WINS"
461.332153320312,461.332153320312,447.820343017578,451.680847167969,5881901,"2024-12-04","WINS"
451.680847167969,451.680847167969,442.029541015625,445.890075683594,5392123,"2024-12-05","WINS"
445.890075683594,449.750579833984,440.099304199219,443.959808349609,1459803,"2024-12-06","WINS"
445.890075683594,449.750579833984,440.099304199219,445.890075683594,5251520,"2024-12-09","WINS"
451.680847167969,455.541381835938,447.820343017578,451.680847167969,2110700,"2024-12-10","WINS"
451.680847167969,453.611114501953,442.029541015625,447.820343017578,4412358,"2024-12-11","WINS"
451.680847167969,451.680847167969,430.447998046875,434.308502197266,9514365,"2024-12-12","WINS"
436.23876953125,440.099304199219,432.378234863281,436.23876953125,4052407,"2024-12-13","WINS"
440.099304199219,440.099304199219,430.447998046875,436.23876953125,3757317,"2024-12-16","WINS"
436.23876953125,436.23876953125,409.215118408203,411.145385742188,11974863,"2024-12-17","WINS"
416.936157226562,420.796691894531,405.354614257812,413.075653076172,3638369,"2024-12-18","WINS"
413.075653076172,415.005920410156,403.424346923828,405.354614257812,3941541,"2024-12-19","WINS"
405.354614257812,415.005920410156,405.354614257812,409.215118408203,1107830,"2024-12-20","WINS"
411.145385742188,434.308502197266,411.145385742188,434.308502197266,2653424,"2024-12-23","WINS"
434.308502197266,434.308502197266,422.726959228516,430.447998046875,438800,"2024-12-24","WINS"
424.657196044922,432.378234863281,424.657196044922,428.517730712891,302653,"2024-12-27","WINS"
430.447998046875,430.447998046875,420.796691894531,424.657196044922,510501,"2024-12-30","WINS"
424.657196044922,426.587463378906,415.005920410156,424.657196044922,965051,"2025-01-02","WINS"
424.657196044922,428.517730712891,420.796691894531,420.796691894531,1829805,"2025-01-03","WINS"
420.796691894531,424.657196044922,407.284881591797,411.145385742188,2390144,"2025-01-06","WINS"
413.075653076172,422.726959228516,403.424346923828,407.284881591797,2451586,"2025-01-07","WINS"
407.284881591797,407.284881591797,391.842803955078,393.773040771484,8941903,"2025-01-08","WINS"
393.773040771484,393.773040771484,386.052001953125,389.912536621094,1762767,"2025-01-09","WINS"
389.912536621094,391.842803955078,380.26123046875,386.052001953125,5627739,"2025-01-10","WINS"
393.773040771484,416.936157226562,393.773040771484,409.215118408203,8936516,"2025-01-13","WINS"
409.215118408203,416.936157226562,395.703308105469,401.494079589844,2569705,"2025-01-14","WINS"
401.494079589844,403.424346923828,395.703308105469,399.563842773438,4136333,"2025-01-15","WINS"
401.494079589844,415.005920410156,395.703308105469,415.005920410156,8234745,"2025-01-16","WINS"
415.005920410156,415.005920410156,407.284881591797,407.284881591797,883404,"2025-01-17","WINS"
407.284881591797,415.005920410156,403.424346923828,411.145385742188,4288437,"2025-01-20","WINS"
411.145385742188,432.378234863281,411.145385742188,430.447998046875,4337653,"2025-01-21","WINS"
432.378234863281,436.23876953125,416.936157226562,424.657196044922,4835514,"2025-01-22","WINS"
426.587463378906,451.680847167969,418.866424560547,440.099304199219,8421455,"2025-01-23","WINS"
440.099304199219,442.029541015625,413.075653076172,418.866424560547,4538248,"2025-01-24","WINS"
420.796691894531,424.657196044922,395.703308105469,424.657196044922,5169148,"2025-01-30","WINS"
420.796691894531,424.657196044922,411.145385742188,418.866424560547,1154041,"2025-01-31","WINS"
418.866424560547,418.866424560547,403.424346923828,407.284881591797,972096,"2025-02-03","WINS"
407.284881591797,411.145385742188,401.494079589844,409.215118408203,1134458,"2025-02-04","WINS"
409.215118408203,409.215118408203,386.052001953125,386.052001953125,13222156,"2025-02-05","WINS"
397.633575439453,397.633575439453,387.982269287109,397.633575439453,2181156,"2025-02-06","WINS"
395.703308105469,397.633575439453,386.052001953125,391.842803955078,2269435,"2025-02-07","WINS"
391.842803955078,395.703308105469,384.121734619141,395.703308105469,3332918,"2025-02-10","WINS"
395.703308105469,405.354614257812,384.121734619141,387.982269287109,4285640,"2025-02-11","WINS"
387.982269287109,397.633575439453,387.982269287109,393.773040771484,654315,"2025-02-12","WINS"
395.703308105469,397.633575439453,393.773040771484,395.703308105469,115632,"2025-02-13","WINS"
403.424346923828,403.424346923828,395.703308105469,397.633575439453,1022556,"2025-02-14","WINS"
397.633575439453,403.424346923828,393.773040771484,397.633575439453,472578,"2025-02-17","WINS"
397.633575439453,403.424346923828,393.773040771484,395.703308105469,1183674,"2025-02-18","WINS"
397.633575439453,401.494079589844,387.982269287109,395.703308105469,5026369,"2025-02-19","WINS"
395.703308105469,397.633575439453,386.052001953125,393.773040771484,4473386,"2025-02-20","WINS"
393.773040771484,399.563842773438,386.052001953125,387.982269287109,3668624,"2025-02-21","WINS"
389.912536621094,389.912536621094,380.26123046875,387.982269287109,2057339,"2025-02-24","WINS"
387.982269287109,387.982269287109,370.609924316406,370.609924316406,7976334,"2025-02-25","WINS"
370.609924316406,372.540191650391,357.098114013672,366.749420166016,8448602,"2025-02-26","WINS"
368.679656982422,370.609924316406,357.098114013672,362.888885498047,2600789,"2025-02-27","WINS"
362.888885498047,368.679656982422,349.377075195312,368.679656982422,2459254,"2025-02-28","WINS"
370.609924316406,370.609924316406,357.098114013672,370.609924316406,6845295,"2025-03-03","WINS"
370.609924316406,370.609924316406,339.725769042969,341.656036376953,7053142,"2025-03-04","WINS"
341.656036376953,368.679656982422,335.865234375,364.819152832031,7367504,"2025-03-05","WINS"
364.819152832031,364.819152832031,351.307342529297,353.237579345703,7166081,"2025-03-06","WINS"
353.237579345703,366.749420166016,353.237579345703,366.749420166016,3453938,"2025-03-07","WINS"
364.819152832031,370.609924316406,359.028381347656,366.749420166016,728710,"2025-03-10","WINS"
362.888885498047,362.888885498047,351.307342529297,355.167846679688,4349258,"2025-03-11","WINS"
355.167846679688,357.098114013672,351.307342529297,353.237579345703,2574575,"2025-03-12","WINS"
353.237579345703,357.098114013672,347.446807861328,347.446807861328,2288914,"2025-03-13","WINS"
349.377075195312,353.237579345703,345.516540527344,347.446807861328,1754996,"2025-03-14","WINS"
357.098114013672,362.888885498047,347.446807861328,353.237579345703,1363236,"2025-03-17","WINS"
353.237579345703,359.028381347656,341.656036376953,355.167846679688,3576720,"2025-03-18","WINS"
353.237579345703,364.819152832031,353.237579345703,362.888885498047,971371,"2025-03-19","WINS"
364.819152832031,366.749420166016,355.167846679688,355.167846679688,471646,"2025-03-20","WINS"
359.028381347656,359.028381347656,339.725769042969,347.446807861328,856050,"2025-03-21","WINS"
349.377075195312,351.307342529297,330.074462890625,343.586273193359,3234486,"2025-03-24","WINS"
351.307342529297,351.307342529297,337.795501708984,337.795501708984,3996870,"2025-03-25","WINS"
337.795501708984,355.167846679688,337.795501708984,347.446807861328,2514479,"2025-03-26","WINS"
345.516540527344,357.098114013672,345.516540527344,351.307342529297,3310434,"2025-03-27","WINS"
328.144195556641,341.656036376953,314.632385253906,326.213958740234,9825826,"2025-04-08","WINS"
328.144195556641,345.516540527344,328.144195556641,335.865234375,5897858,"2025-04-09","WINS"
339.725769042969,357.098114013672,339.725769042969,347.446807861328,3962056,"2025-04-10","WINS"
349.377075195312,353.237579345703,337.795501708984,339.725769042969,2582864,"2025-04-11","WINS"
341.656036376953,349.377075195312,339.725769042969,347.446807861328,1371214,"2025-04-14","WINS"
349.377075195312,353.237579345703,347.446807861328,347.446807861328,667578,"2025-04-15","WINS"
347.446807861328,351.307342529297,341.656036376953,343.586273193359,917700,"2025-04-16","WINS"
345.516540527344,345.516540527344,337.795501708984,343.586273193359,1067317,"2025-04-17","WINS"
343.586273193359,347.446807861328,337.795501708984,339.725769042969,863303,"2025-04-21","WINS"
341.656036376953,347.446807861328,337.795501708984,345.516540527344,993441,"2025-04-22","WINS"
345.516540527344,359.028381347656,345.516540527344,357.098114013672,2851429,"2025-04-23","WINS"
360.958618164062,366.749420166016,357.098114013672,360.958618164062,1890004,"2025-04-24","WINS"
364.819152832031,386.052001953125,362.888885498047,380.26123046875,3914187,"2025-04-25","WINS"
380.26123046875,382.191497802734,366.749420166016,368.679656982422,3745505,"2025-04-28","WINS"
368.679656982422,372.540191650391,362.888885498047,368.679656982422,1829287,"2025-04-29","WINS"
368.679656982422,370.609924316406,359.028381347656,368.679656982422,1942536,"2025-04-30","WINS"
366.749420166016,368.679656982422,362.888885498047,364.819152832031,350833,"2025-05-02","WINS"
362.888885498047,364.819152832031,351.307342529297,355.167846679688,1481043,"2025-05-05","WINS"
357.098114013672,357.098114013672,345.516540527344,345.516540527344,3065079,"2025-05-06","WINS"
347.446807861328,360.958618164062,347.446807861328,351.307342529297,2066975,"2025-05-07","WINS"
353.237579345703,353.237579345703,343.586273193359,343.586273193359,1565488,"2025-05-08","WINS"
345.516540527344,351.307342529297,335.865234375,337.795501708984,6196574,"2025-05-09","WINS"
339.725769042969,345.516540527344,333.934997558594,335.865234375,12471998,"2025-05-14","WINS"
335.865234375,341.656036376953,335.865234375,337.795501708984,16316661,"2025-05-15","WINS"
339.725769042969,347.446807861328,337.795501708984,345.516540527344,7879974,"2025-05-16","WINS"
345.516540527344,351.307342529297,345.516540527344,349.377075195312,3186099,"2025-05-19","WINS"
347.446807861328,351.307342529297,345.516540527344,347.446807861328,2621512,"2025-05-20","WINS"
347.446807861328,347.446807861328,341.656036376953,343.586273193359,832530,"2025-05-21","WINS"
345.516540527344,347.446807861328,343.586273193359,343.586273193359,908582,"2025-05-22","WINS"
347.446807861328,359.028381347656,345.516540527344,359.028381347656,2916705,"2025-05-23","WINS"
359.028381347656,364.819152832031,347.446807861328,349.377075195312,5806885,"2025-05-26","WINS"
351.307342529297,353.237579345703,347.446807861328,349.377075195312,908064,"2025-05-27","WINS"
351.307342529297,351.307342529297,339.725769042969,341.656036376953,4056759,"2025-05-28","WINS"
341.656036376953,360.958618164062,337.795501708984,355.167846679688,7884533,"2025-06-02","WINS"
357.098114013672,364.819152832031,345.516540527344,347.446807861328,4493280,"2025-06-03","WINS"
353.237579345703,353.237579345703,345.516540527344,345.516540527344,2992550,"2025-06-04","WINS"
349.377075195312,351.307342529297,343.586273193359,347.446807861328,1494617,"2025-06-05","WINS"
347.446807861328,353.237579345703,345.516540527344,347.446807861328,2648140,"2025-06-10","WINS"
351.307342529297,351.307342529297,345.516540527344,349.377075195312,1833949,"2025-06-11","WINS"
353.237579345703,364.819152832031,353.237579345703,364.819152832031,10005594,"2025-06-12","WINS"
374.470458984375,401.494079589844,366.749420166016,391.842803955078,26352822,"2025-06-13","WINS"
402.333343505859,424.027770996094,394.444458007812,396.416656494141,20351661,"2025-06-16","WINS"
398.388885498047,408.25,398.388885498047,404.305541992188,4913847,"2025-06-17","WINS"
412.194458007812,416.138885498047,398.388885498047,404.305541992188,4020236,"2025-06-18","WINS"
406.277770996094,410.222229003906,378.666656494141,394.444458007812,5414501,"2025-06-19","WINS"
400.361114501953,402.333343505859,384.583343505859,398.388885498047,2375290,"2025-06-20","WINS"
410.222229003906,418.111114501953,402.333343505859,406.277770996094,7269261,"2025-06-23","WINS"
384.583343505859,386.555541992188,372.75,382.611114501953,4915470,"2025-06-24","WINS"
382.611114501953,382.611114501953,368.805541992188,368.805541992188,2392326,"2025-06-25","WINS"
368.805541992188,374.722229003906,364.861114501953,368.805541992188,1361002,"2025-06-26","WINS"
366.833343505859,366.833343505859,351.055541992188,353.027770996094,5791436,"2025-06-30","WINS"
353.027770996094,360.916656494141,347.111114501953,360.916656494141,4350523,"2025-07-01","WINS"
358.944458007812,360.916656494141,347.111114501953,351.055541992188,3473543,"2025-07-02","WINS"
351.055541992188,366.833343505859,351.055541992188,364.861114501953,2902816,"2025-07-03","WINS"
362.888885498047,374.722229003906,358.944458007812,372.75,2143876,"2025-07-04","WINS"
374.722229003906,378.666656494141,355,355,3289183,"2025-07-07","WINS"
356.972229003906,376.694458007812,356.972229003906,364.861114501953,3751301,"2025-07-08","WINS"
364.861114501953,374.722229003906,362.888885498047,370.777770996094,795447,"2025-07-09","WINS"
372.75,374.722229003906,368.805541992188,370.777770996094,2143571,"2025-07-10","WINS"
370.777770996094,394.444458007812,368.805541992188,394.444458007812,6562850,"2025-07-11","WINS"
396.416656494141,398.388885498047,376.694458007812,384.583343505859,5873273,"2025-07-14","WINS"
384.583343505859,394.444458007812,378.666656494141,382.611114501953,5317757,"2025-07-15","WINS"
384.583343505859,388.527770996094,380.638885498047,380.638885498047,2058591,"2025-07-16","WINS"
382.611114501953,388.527770996094,380.638885498047,380.638885498047,1890354,"2025-07-17","WINS"
382.611114501953,386.555541992188,378.666656494141,380.638885498047,2202185,"2025-07-18","WINS"
384.583343505859,386.555541992188,370.777770996094,376.694458007812,2910828,"2025-07-21","WINS"
374.722229003906,380.638885498047,364.861114501953,366.833343505859,3912845,"2025-07-22","WINS"
366.833343505859,374.722229003906,366.833343505859,370.777770996094,718377,"2025-07-23","WINS"
372.75,374.722229003906,368.805541992188,374.722229003906,385656,"2025-07-24","WINS"
376.694458007812,376.694458007812,366.833343505859,368.805541992188,3121656,"2025-07-25","WINS"
368.805541992188,368.805541992188,364.861114501953,366.833343505859,2417171,"2025-07-28","WINS"
366.833343505859,386.555541992188,362.888885498047,380.638885498047,8622050,"2025-07-29","WINS"
380.638885498047,380.638885498047,368.805541992188,374.722229003906,4068304,"2025-07-30","WINS"
374.722229003906,374.722229003906,362.888885498047,366.833343505859,3172766,"2025-07-31","WINS"
364.861114501953,370.777770996094,362.888885498047,364.861114501953,1410895,"2025-08-01","WINS"
366.833343505859,374.722229003906,364.861114501953,372.75,2773622,"2025-08-04","WINS"
374.722229003906,378.666656494141,368.805541992188,372.75,1805070,"2025-08-05","WINS"
376.694458007812,382.611114501953,372.75,378.666656494141,3832123,"2025-08-06","WINS"
378.666656494141,396.416656494141,378.666656494141,386.555541992188,6801667,"2025-08-07","WINS"
390.5,394.444458007812,386.555541992188,388.527770996094,3295470,"2025-08-08","WINS"
388.527770996094,396.416656494141,388.527770996094,394.444458007812,2683470,"2025-08-11","WINS"
394.444458007812,406.277770996094,394.444458007812,400.361114501953,5875402,"2025-08-12","WINS"
400.361114501953,406.277770996094,384.583343505859,388.527770996094,5699560,"2025-08-13","WINS"
388.527770996094,400.361114501953,388.527770996094,396.416656494141,2990230,"2025-08-14","WINS"
400.361114501953,404.305541992188,394.444458007812,398.388885498047,6173746,"2025-08-15","WINS"
398.388885498047,404.305541992188,398.388885498047,402.333343505859,2698884,"2025-08-19","WINS"
402.333343505859,406.277770996094,398.388885498047,404.305541992188,3924507,"2025-08-20","WINS"
404.305541992188,412.194458007812,398.388885498047,398.388885498047,4669757,"2025-08-21","WINS"
398.388885498047,406.277770996094,398.388885498047,400.361114501953,2073802,"2025-08-22","WINS"
404.305541992188,408.25,402.333343505859,408.25,3973994,"2025-08-25","WINS"
412.194458007812,416.138885498047,402.333343505859,408.25,6665678,"2025-08-26","WINS"
412.194458007812,412.194458007812,400.361114501953,410.222229003906,3179256,"2025-08-27","WINS"
412.194458007812,414.166656494141,406.277770996094,406.277770996094,11812563,"2025-08-28","WINS"
408.25,408.25,388.527770996094,398.388885498047,3485814,"2025-08-29","WINS"
390.5,396.416656494141,388.527770996094,394.444458007812,5360045,"2025-09-01","WINS"
398.388885498047,410.222229003906,398.388885498047,408.25,1357960,"2025-09-02","WINS"
408.25,408.25,398.388885498047,404.305541992188,3045295,"2025-09-03","WINS"
402.333343505859,402.333343505859,396.416656494141,396.416656494141,2133735,"2025-09-04","WINS"
396.416656494141,402.333343505859,396.416656494141,396.416656494141,2869352,"2025-09-08","WINS"
394.444458007812,400.361114501953,394.444458007812,396.416656494141,1988011,"2025-09-09","WINS"
396.416656494141,402.333343505859,396.416656494141,398.388885498047,2470512,"2025-09-10","WINS"
400.361114501953,404.305541992188,398.388885498047,400.361114501953,1978478,"2025-09-11","WINS"
402.333343505859,404.305541992188,400.361114501953,402.333343505859,1215988,"2025-09-12","WINS"
402.333343505859,410.222229003906,402.333343505859,410.222229003906,2674850,"2025-09-15","WINS"
412.194458007812,412.194458007812,408.25,410.222229003906,2098445,"2025-09-16","WINS"
412.194458007812,491.083343505859,410.222229003906,463.472229003906,21435312,"2025-09-17","WINS"
463.472229003906,463.472229003906,396.416656494141,435.861114501953,6469352,"2025-09-18","WINS"
441.777770996094,465.444458007812,404.305541992188,459.527770996094,6805014,"2025-09-19","WINS"
461.5,463.472229003906,437.833343505859,443.75,2539470,"2025-09-22","WINS"
445.722229003906,459.527770996094,431.916656494141,455.583343505859,2685599,"2025-09-23","WINS"
463.472229003906,479.25,459.527770996094,465.444458007812,10266084,"2025-09-24","WINS"
471.361114501953,471.361114501953,451.638885498047,453.611114501953,3816709,"2025-09-25","WINS"
457.555541992188,461.5,427.972229003906,441.777770996094,3745521,"2025-09-26","WINS"
441.777770996094,441.777770996094,424.027770996094,427.972229003906,4358839,"2025-09-29","WINS"
420.083343505859,431.916656494141,410.222229003906,414.166656494141,3321329,"2025-09-30","WINS"
416.138885498047,426,404.305541992188,418.111114501953,5420585,"2025-10-01","WINS"
418.111114501953,422.055541992188,414.166656494141,416.138885498047,784090,"2025-10-02","WINS"
418.111114501953,431.916656494141,418.111114501953,420.083343505859,1746557,"2025-10-03","WINS"
422.055541992188,424.027770996094,406.277770996094,406.277770996094,3826039,"2025-10-06","WINS"
406.277770996094,424.027770996094,404.305541992188,406.277770996094,2894907,"2025-10-07","WINS"
410.222229003906,414.166656494141,404.305541992188,404.305541992188,1320236,"2025-10-08","WINS"
406.277770996094,408.25,402.333343505859,406.277770996094,1260912,"2025-10-09","WINS"
406.277770996094,431.916656494141,406.277770996094,431.916656494141,4807064,"2025-10-10","WINS"
429.944458007812,443.75,414.166656494141,443.75,6161881,"2025-10-13","WINS"
453.611114501953,459.527770996094,424.027770996094,427.972229003906,6705633,"2025-10-14","WINS"
426,435.861114501953,404.305541992188,435.861114501953,4804833,"2025-10-15","WINS"
435.861114501953,435.861114501953,422.055541992188,426,644856,"2025-10-16","WINS"
429.944458007812,429.944458007812,406.277770996094,408.25,1954343,"2025-10-17","WINS"
410.222229003906,416.138885498047,408.25,410.222229003906,620721,"2025-10-20","WINS"
414.166656494141,422.055541992188,414.166656494141,422.055541992188,652157,"2025-10-21","WINS"
422.055541992188,424.027770996094,414.166656494141,418.111114501953,821509,"2025-10-22","WINS"
414.166656494141,445.722229003906,412.194458007812,445.722229003906,4668642,"2025-10-23","WINS"
455.583343505859,457.555541992188,427.972229003906,427.972229003906,2858095,"2025-10-24","WINS"
439.805541992188,443.75,424.027770996094,427.972229003906,2046929,"2025-10-27","WINS"
427.972229003906,433.888885498047,427.972229003906,433.888885498047,260518,"2025-10-28","WINS"
433.888885498047,437.833343505859,422.055541992188,433.888885498047,480067,"2025-10-29","WINS"
433.888885498047,433.888885498047,412.194458007812,416.138885498047,4603436,"2025-10-30","WINS"
416.138885498047,426,416.138885498047,424.027770996094,2367684,"2025-10-31","WINS"
426,439.805541992188,426,439.805541992188,7794152,"2025-11-03","WINS"
441.777770996094,447.694458007812,427.972229003906,429.944458007812,4276394,"2025-11-04","WINS"
439.805541992188,439.805541992188,429.944458007812,433.888885498047,1949678,"2025-11-05","WINS"
435.861114501953,437.833343505859,429.944458007812,437.833343505859,1730535,"2025-11-06","WINS"
437.833343505859,447.694458007812,418.111114501953,427.972229003906,4576461,"2025-11-07","WINS"
424.027770996094,431.916656494141,424.027770996094,427.972229003906,2560056,"2025-11-10","WINS"
429.944458007812,429.944458007812,422.055541992188,422.055541992188,3320011,"2025-11-11","WINS"
424.027770996094,433.888885498047,418.111114501953,422.055541992188,3055436,"2025-11-12","WINS"
424.027770996094,431.916656494141,420.083343505859,429.944458007812,2161419,"2025-11-13","WINS"
433.888885498047,443.75,429.944458007812,441.777770996094,4680709,"2025-11-14","WINS"
451.638885498047,457.555541992188,447.694458007812,449.666656494141,10489487,"2025-11-17","WINS"
451.638885498047,455.583343505859,441.777770996094,443.75,3650805,"2025-11-18","WINS"
451.638885498047,463.472229003906,445.722229003906,453.611114501953,6823571,"2025-11-19","WINS"
455.583343505859,463.472229003906,447.694458007812,453.611114501953,3876743,"2025-11-20","WINS"
451.638885498047,451.638885498047,437.833343505859,441.777770996094,3023391,"2025-11-21","WINS"
443.75,447.694458007812,433.888885498047,437.833343505859,2855459,"2025-11-24","WINS"
437.833343505859,441.777770996094,429.944458007812,437.833343505859,2387357,"2025-11-25","WINS"
426,435.861114501953,426,435.861114501953,1765216,"2025-11-26","WINS"
437.833343505859,437.833343505859,426,429.944458007812,2576281,"2025-11-27","WINS"
441.777770996094,441.777770996094,426,429.944458007812,1563819,"2025-11-28","WINS"
429.944458007812,435.861114501953,427.972229003906,429.944458007812,2634185,"2025-12-01","WINS"
429.944458007812,455.583343505859,429.944458007812,451.638885498047,4918715,"2025-12-02","WINS"
451.638885498047,453.611114501953,433.888885498047,441.777770996094,3597769,"2025-12-03","WINS"
441.777770996094,451.638885498047,439.805541992188,451.638885498047,2558129,"2025-12-04","WINS"
453.611114501953,477.277770996094,451.638885498047,453.611114501953,12949554,"2025-12-05","WINS"
467.416656494141,467.416656494141,447.694458007812,449.666656494141,3876642,"2025-12-08","WINS"
451.638885498047,453.611114501953,439.805541992188,441.777770996094,2618974,"2025-12-09","WINS"
441.777770996094,449.666656494141,441.777770996094,443.75,2359571,"2025-12-10","WINS"
459.527770996094,459.527770996094,439.805541992188,439.805541992188,3388461,"2025-12-11","WINS"
449.666656494141,449.666656494141,439.805541992188,439.805541992188,1823222,"2025-12-12","WINS"
435.861114501953,451.638885498047,433.888885498047,449.666656494141,2960923,"2025-12-15","WINS"
449.666656494141,473.333343505859,449.666656494141,469.388885498047,10530861,"2025-12-16","WINS"
469.388885498047,483.194458007812,455.583343505859,471.361114501953,7330816,"2025-12-17","WINS"
473.333343505859,512.777770996094,467.416656494141,507.847229003906,23589532,"2025-12-18","WINS"
502.916656494141,517.708312988281,479.25,483.194458007812,7206895,"2025-12-19","WINS"
489.111114501953,502.916656494141,473.333343505859,483.194458007812,6243515,"2025-12-22","WINS"
483.194458007812,483.194458007812,457.555541992188,483.194458007812,8413960,"2025-12-23","WINS"
479.25,483.194458007812,465.444458007812,469.388885498047,6262174,"2025-12-24","WINS"
469.388885498047,507.847229003906,469.388885498047,489.111114501953,9221374,"2025-12-29","WINS"
489.111114501953,532.5,483.194458007812,527.569458007812,8726704,"2025-12-30","WINS"
527.569458007812,576.875,507.847229003906,537.430541992188,25219876,"2026-01-02","WINS"
557.152770996094,571.944458007812,502.916656494141,507.847229003906,26901836,"2026-01-05","WINS"
517.708312988281,527.569458007812,493.055541992188,507.847229003906,15467323,"2026-01-06","WINS"
512.777770996094,517.708312988281,489.111114501953,493.055541992188,7156191,"2026-01-07","WINS"
493.055541992188,517.708312988281,475.305541992188,502.916656494141,11005656,"2026-01-08","WINS"
512.777770996094,527.569458007812,502.916656494141,517.708312988281,12113036,"2026-01-09","WINS"
502.916656494141,507.847229003906,491.083343505859,493.055541992188,12435616,"2026-01-12","WINS"
493.055541992188,507.847229003906,489.111114501953,493.055541992188,5871042,"2026-01-13","WINS"
497.986114501953,507.847229003906,491.083343505859,502.916656494141,6673487,"2026-01-14","WINS"
497.986114501953,502.916656494141,485.166656494141,493.055541992188,7724383,"2026-01-15","WINS"
493.055541992188,512.777770996094,485.166656494141,512.777770996094,8291154,"2026-01-19","WINS"
512.777770996094,517.708312988281,497.986114501953,507.847229003906,2902411,"2026-01-20","WINS"
507.847229003906,512.777770996094,487.138885498047,493.055541992188,4400721,"2026-01-21","WINS"
493.055541992188,502.916656494141,487.138885498047,493.055541992188,3301656,"2026-01-22","WINS"
497.986114501953,522.638916015625,477.277770996094,507.847229003906,14190388,"2026-01-23","WINS"
512.777770996094,532.5,502.916656494141,512.777770996094,13252056,"2026-01-26","WINS"
517.708312988281,527.569458007812,479.25,493.055541992188,10948969,"2026-01-27","WINS"
491.083343505859,527.569458007812,467.416656494141,517.708312988281,25688180,"2026-01-28","WINS"
522.638916015625,532.5,441.777770996094,532.5,21641881,"2026-01-29","WINS"
532.5,552.222229003906,517.708312988281,537.430541992188,10318512,"2026-01-30","WINS"
547.291687011719,552.222229003906,489.111114501953,497.986114501953,11101791,"2026-02-02","WINS"
491.083343505859,517.708312988281,491.083343505859,507.847229003906,7457780,"2026-02-03","WINS"
512.777770996094,527.569458007812,502.916656494141,507.847229003906,2839233,"2026-02-04","WINS"
517.708312988281,522.638916015625,507.847229003906,507.847229003906,1546478,"2026-02-05","WINS"
507.847229003906,507.847229003906,497.986114501953,502.916656494141,3055335,"2026-02-06","WINS"
507.847229003906,532.5,497.986114501953,532.5,3424867,"2026-02-09","WINS"
527.569458007812,542.361083984375,527.569458007812,527.569458007812,2799785,"2026-02-10","WINS"
537.430541992188,542.361083984375,522.638916015625,532.5,3347594,"2026-02-11","WINS"
537.430541992188,542.361083984375,527.569458007812,532.5,2106050,"2026-02-12","WINS"
542.361083984375,542.361083984375,517.708312988281,527.569458007812,1104743,"2026-02-13","WINS"
532.5,562.083312988281,527.569458007812,542.361083984375,7094028,"2026-02-18","WINS"
547.291687011719,552.222229003906,522.638916015625,552.222229003906,10527211,"2026-02-19","WINS"
562.083312988281,562.083312988281,537.430541992188,547.291687011719,7067256,"2026-02-20","WINS"
547.291687011719,591.666687011719,532.5,571.944458007812,15155391,"2026-02-23","WINS"
571.944458007812,571.944458007812,522.638916015625,532.5,5245453,"2026-02-24","WINS"
547.291687011719,562.083312988281,522.638916015625,562.083312988281,7603707,"2026-02-25","WINS"
562.083312988281,567.013916015625,522.638916015625,532.5,3949859,"2026-02-26","WINS"
537.430541992188,542.361083984375,512.777770996094,542.361083984375,4552935,"2026-02-27","WINS"
571.944458007812,591.666687011719,537.430541992188,547.291687011719,16167650,"2026-03-02","WINS"
567.013916015625,571.944458007812,542.361083984375,562.083312988281,4656777,"2026-03-03","WINS"
567.013916015625,567.013916015625,512.777770996094,517.708312988281,4854828,"2026-03-04","WINS"
522.638916015625,542.361083984375,522.638916015625,532.5,1049881,"2026-03-05","WINS"
532.5,547.291687011719,517.708312988281,537.430541992188,2847042,"2026-03-06","WINS"
552.222229003906,567.013916015625,502.916656494141,502.916656494141,4992540,"2026-03-09","WINS"
493.055541992188,522.638916015625,493.055541992188,522.638916015625,3867819,"2026-03-10","WINS"
527.569458007812,532.5,497.986114501953,497.986114501953,1240022,"2026-03-11","WINS"
497.986114501953,512.777770996094,497.986114501953,497.986114501953,1334028,"2026-03-12","WINS"
493.055541992188,502.916656494141,479.25,481.222229003906,5875808,"2026-03-13","WINS"
473.333343505859,473.333343505859,439.805541992188,473.333343505859,4208045,"2026-03-16","WINS"
473.333343505859,502.916656494141,473.333343505859,493.055541992188,3835064,"2026-03-17","WINS"
502.916656494141,517.708312988281,475.305541992188,502.916656494141,1545667,"2026-03-25","WINS"
502.916656494141,512.777770996094,483.194458007812,502.916656494141,705397,"2026-03-26","WINS"
497.986114501953,502.916656494141,491.083343505859,502.916656494141,333329,"2026-03-27","WINS"
502.916656494141,512.777770996094,493.055541992188,507.847229003906,736326,"2026-03-30","WINS"
512.777770996094,512.777770996094,502.916656494141,512.777770996094,630963,"2026-03-31","WINS"
527.569458007812,537.430541992188,517.708312988281,537.430541992188,4170523,"2026-04-01","WINS"
542.361083984375,542.361083984375,497.986114501953,497.986114501953,1623650,"2026-04-02","WINS"
493.055541992188,532.5,493.055541992188,522.638916015625,2263740,"2026-04-06","WINS"
522.638916015625,522.638916015625,502.916656494141,502.916656494141,1320033,"2026-04-07","WINS"
512.777770996094,522.638916015625,493.055541992188,493.055541992188,2567459,"2026-04-08","WINS"
493.055541992188,502.916656494141,483.194458007812,483.194458007812,2991650,"2026-04-09","WINS"
483.194458007812,497.986114501953,481.222229003906,487.138885498047,2374985,"2026-04-10","WINS"
489.111114501953,497.986114501953,487.138885498047,493.055541992188,1413633,"2026-04-13","WINS"
497.986114501953,507.847229003906,493.055541992188,502.916656494141,1897859,"2026-04-14","WINS"
502.916656494141,507.847229003906,497.986114501953,502.916656494141,762287,"2026-04-15","WINS"
507.847229003906,512.777770996094,502.916656494141,502.916656494141,1670907,"2026-04-16","WINS"
507.847229003906,507.847229003906,497.986114501953,502.916656494141,960236,"2026-04-17","WINS"
502.916656494141,507.847229003906,493.055541992188,497.986114501953,1638963,"2026-04-20","WINS"
497.986114501953,507.847229003906,497.986114501953,507.847229003906,1500338,"2026-04-21","WINS"
507.847229003906,512.777770996094,497.986114501953,512.777770996094,977374,"2026-04-22","WINS"
512.777770996094,517.708312988281,502.916656494141,502.916656494141,2728597,"2026-04-23","WINS"
502.916656494141,507.847229003906,493.055541992188,502.916656494141,3034647,"2026-04-24","WINS"
502.916656494141,507.847229003906,497.986114501953,502.916656494141,1028991,"2026-04-27","WINS"
502.916656494141,517.708312988281,502.916656494141,512.777770996094,811673,"2026-04-28","WINS"
517.708312988281,552.222229003906,512.777770996094,537.430541992188,10294681,"2026-04-29","WINS"
547.291687011719,571.944458007812,547.291687011719,562.083312988281,6059256,"2026-04-30","WINS"
562.083312988281,562.083312988281,562.083312988281,562.083312988281,0,"2026-05-01","WINS"
562.083312988281,571.944458007812,537.430541992188,552.222229003906,4578388,"2026-05-04","WINS"
552.222229003906,557.152770996094,537.430541992188,557.152770996094,2963459,"2026-05-05","WINS"
557.152770996094,562.083312988281,547.291687011719,557.152770996094,978692,"2026-05-06","WINS"
542.361083984375,571.944458007812,542.361083984375,571.944458007812,2953014,"2026-05-07","WINS"
571.944458007812,571.944458007812,552.222229003906,567.013916015625,2691785,"2026-05-08","WINS"
567.013916015625,567.013916015625,547.291687011719,562.083312988281,3156439,"2026-05-11","WINS"
562.083312988281,562.083312988281,552.222229003906,557.152770996094,2909307,"2026-05-12","WINS"
552.222229003906,557.152770996094,547.291687011719,552.222229003906,3785070,"2026-05-13","WINS"
552.222229003906,552.222229003906,552.222229003906,552.222229003906,0,"2026-05-14","WINS"
552.222229003906,552.222229003906,552.222229003906,552.222229003906,0,"2026-05-15","WINS"
547.291687011719,552.222229003906,517.708312988281,527.569458007812,2590783,"2026-05-18","WINS"
522.638916015625,532.5,497.986114501953,512.777770996094,1589374,"2026-05-19","WINS"
493.055541992188,517.708312988281,489.111114501953,502.916656494141,1007594,"2026-05-20","WINS"
502.916656494141,507.847229003906,497.986114501953,497.986114501953,1268112,"2026-05-21","WINS"
497.986114501953,502.916656494141,491.083343505859,497.986114501953,781757,"2026-05-22","WINS"
502.916656494141,527.569458007812,497.986114501953,522.638916015625,1292045,"2026-05-25","WINS"
525,530,498,500,1745600,"2026-05-26","WINS"
500,500,500,500,0,"2026-05-27","WINS"
500,500,500,500,0,"2026-05-28","WINS"
510,515,500,510,967600,"2026-05-29","WINS"
NA,NA,NA,NA,NA,"2026-06-01","WINS"
510,525,505,525,685200,"2026-06-02","WINS"
530,535,480,490,1605300,"2026-06-03","WINS"
490,490,450,474,3919800,"2026-06-04","WINS"
476,490,462,486,1416900,"2026-06-05","WINS"
486,486,460,470,1436800,"2026-06-08","WINS"
470,478,450,478,1036400,"2026-06-09","WINS"
480,496,474,488,1181000,"2026-06-10","WINS"
488,494,480,484,820400,"2026-06-11","WINS"
488,500,488,496,527500,"2026-06-12","WINS"
500,515,498,505,1353500,"2026-06-15","WINS"
NA,NA,NA,NA,NA,"2026-06-16","WINS"
505,515,500,505,1212300,"2026-06-17","WINS"
505,510,496,500,628600,"2026-06-18","WINS"
500,505,498,500,1267500,"2026-06-19","WINS"
505,525,505,520,1482400,"2026-06-22","WINS"
525,530,515,520,3595500,"2026-06-23","WINS"
520,535,515,515,3143000,"2026-06-24","WINS"
520,530,500,530,586100,"2026-06-25","WINS"
530,530,510,525,670500,"2026-06-26","WINS"
525,525,515,525,500900,"2026-06-29","WINS"
525,530,520,525,849000,"2026-06-30","WINS"
525,530,520,525,1527600,"2026-07-01","WINS"
540,540,520,525,1895400,"2026-07-02","WINS"
525,530,520,525,1389700,"2026-07-03","WINS"
525,530,520,530,1021500,"2026-07-06","WINS"
530,535,525,535,1468200,"2026-07-07","WINS"
535,540,530,540,462400,"2026-07-08","WINS"
540,540,525,530,1571300,"2026-07-09","WINS"
535,550,525,545,5188200,"2026-07-10","WINS"
545,550,525,535,1775700,"2026-07-13","WINS"
535,540,525,530,1522300,"2026-07-14","WINS"
530,540,525,535,1614300,"2026-07-15","WINS"
535,545,530,535,823900,"2026-07-16","WINS"
535,540,505,530,2148400,"2026-07-17","WINS"
530,535,510,510,2126300,"2026-07-20","WINS"
510,515,505,510,1636500,"2026-07-21","WINS"
520,520,505,510,1325200,"2026-07-22","WINS"
510,515,505,505,1209300,"2026-07-23","WINS"
505,515,494,510,3642100,"2026-07-24","WINS"
515,525,510,520,1444300,"2026-07-27","WINS"
525,525,515,520,604800,"2026-07-28","WINS"
520,530,510,530,997400,"2026-07-29","WINS"
530,535,505,510,2721500,"2026-07-30","WINS"
515,515,498,510,3152800,"2026-07-31","WINS"
510,520,500,505,2218100,"2026-08-03","WINS"
510,515,500,510,1972600,"2026-08-04","WINS"
510,530,510,520,1806000,"2026-08-05","WINS"
520,520,498,500,6839900,"2026-08-06","WINS"
505,510,498,500,5614600,"2026-08-07","WINS"
505,505,498,500,6039000,"2026-08-10","WINS"
510,515,498,515,12982500,"2026-08-11","WINS"
515,520,500,515,11521300,"2026-08-12","WINS"
515,530,505,515,6466300,"2026-08-13","WINS"
515,520,510,515,5189100,"2026-08-14","WINS"
NA,NA,NA,NA,NA,"2026-08-17","WINS"
515,530,515,525,1621600,"2026-08-18","WINS"
525,525,515,515,2764700,"2026-08-19","WINS"
515,525,515,520,1891000,"2026-08-20","WINS"
520,530,515,520,4760700,"2026-08-21","WINS"
520,520,515,515,2585000,"2026-08-24","WINS"
NA,NA,NA,NA,NA,"2026-08-25","WINS"
520,520,505,515,6039800,"2026-08-26","WINS"
510,525,510,515,5094500,"2026-08-27","WINS"
515,535,515,530,3313300,"2026-08-28","WINS"
530,550,530,550,2602300,"2026-08-31","WINS"
550,575,550,560,4875200,"2026-09-01","WINS"
560,560,540,550,1247700,"2026-09-02","WINS"
550,570,550,555,1929700,"2026-09-03","WINS"
555,570,555,570,1541700,"2026-09-04","WINS"
570,580,565,575,3581700,"2026-09-07","WINS"
575,585,560,570,2231500,"2026-09-08","WINS"
570,575,560,570,898800,"2026-09-09","WINS"
575,580,550,550,672300,"2026-09-10","WINS"
550,650,550,620,7759900,"2026-09-11","WINS"
620,620,560,565,2801700,"2026-09-14","WINS"
575,580,570,570,1587700,"2026-09-15","WINS"
580,660,575,620,10574600,"2026-09-16","WINS"
625,645,605,610,5424900,"2026-09-17","WINS"
615,615,585,610,2001200,"2026-09-18","WINS"
615,615,580,585,2594000,"2026-09-21","WINS"
585,600,570,580,1708500,"2026-09-22","WINS"
585,585,560,570,4975500,"2026-09-23","WINS"
575,585,565,570,1793900,"2026-09-24","WINS"
570,585,560,565,382200,"2026-09-25","WINS"
565,565,545,555,2733400,"2026-09-28","WINS"
555,555,540,545,2398900,"2026-09-29","WINS"
545,575,545,NA,1570800,"2026-09-30","WINS"
